tree
version=v4
num_class=1
num_tree_per_iteration=1
label_index=0
max_feature_idx=29
objective=regression
feature_names=expected rank_p1 rank_p3 rank_p5 rank_p10 rank_p21 rank_p63 reversal_5d mom_1m vol_21d px_to_ma50 volume_trend max_ret_21d attention_5d overnight_ret_21 intraday_ret_21 clv_21 q_kmid q_klen q_ma5 q_rsv5 q_imxd5 q_cntd5 q_sumd5 mkt_ret_5 mkt_ret_21 mkt_ret_63 mkt_above_200 mkt_breadth_50 mkt_vol_21
feature_infos=[-0.0026381961028520843:0.17885306477546692] [0.00072306579898770787:1] [0.00072306579898770787:1] [0.00075301204819277112:1] [0.00077459333849728897:1] [0.00075815011372251705:1] [0.00096246390760346492:1] [-0.35740077495574951:0.55467742681503296] [-0.71718788146972656:1.4712637662887573] [0.00031046356889419258:2.8060331344604492] [-0.75628793239593506:1.1406729221343994] [0.061102870851755142:9.4867839813232422] [1.0000099791795947e-05:0.31942787766456604] [0.048833314329385757:470.22610473632812] [-1.0333772897720337:0.99908912181854248] [-0.96187257766723633:0.65826612710952759] [-0.69528418779373169:0.61504775285720825] [-0.15681678056716919:0.19918431341648102] [0:0.33073493838310242] [0.80739706754684448:1.2502490282058716] [0:1] [-0.80000001192092896:0.80000001192092896] [-1:1] [-1:1] [-0.19727975130081177:0.16694772243499756] [-0.42445701360702515:0.32461881637573242] [-0.38691931962966919:0.56092298030853271] [-0.39770102500915527:0.55662065744400024] [0.0094501720741391182:0.95542633533477783] [0.0032061613164842129:0.042900197207927704]
tree_sizes=1593 1589 1585 1597 1581 1593 1600 1599 1582 1596 1590 1599 1598 1615 1581 1607 1608 1614 1604 1606 1594 1597 1614 1598 1599 1616 1588 1604 1593 1612 1602 1595 1619 1625 1610 1614 1610 1616 1595 1609 1602 1612 1605 1597 1611 1608 1605 1623 1605 1609 1604 1605 1601 1609 1613 1597 1605 1621 1600 1616 1594 1600 1611 1600 1601 1604 1626 1617 1608 1612 1606 1620 1604 1609 1599 1583 1598 1617 1612 1587 1587 1593 1626 1597 1597 1616 1612 1608 1613 1599 1618 1612 1610 1604 1622 1600 1618 1604 1609 1606 1606 1609 1606 1595 1607 1625 1596 1609 1617 1605 1593 1603 1608 1603 1610 1625 1603 1601 1602 1598 1606 1593 1604 1621 1604 1586 1595 1616 1587 1588 1611 1605 1606 1607 1605 1603 1620 1587 1593 1613 1610 1596 1593 1607 1602 1599 1595 1615 1591 1593 1587 1596 1607 1604 1610 1598 1593 1598 1584 1613 1604 1607 1619 1582 1616 1598 1592 1589 1610 1576 1585 1601 1591 1620 1591 1582 1597 1596 1595 1596 1595 1596 1605 1600 1594 1579 1579 1624 1582 1595 1588 1620 1602 1610 1608 1590 1568 1598 1610 1606 1586 1607 1610 1585 1579 1603 1602 1581 1608 1596 1607 1601 1602 1586 1612 1603 1626 1592 1589 1593 1606 1582 1602 1597 1606 1582 1596 1590 1621 1597 1610 1601 1596 1597 1585 1589 1605 1588 1587 1596 1590 1590 1582 1613 1612 1576 1577 1609 1597 1592

Tree=0
num_leaves=15
num_cat=0
split_feature=27 19 0 26 27 20 11 8 28 28 26 25 25 0
split_gain=0.628413 0.445082 0.771874 0.489165 0.418424 0.368451 0.31448 0.236519 0.23218 0.231377 0.191826 0.203769 0.147844 0.311867
threshold=-0.010801102500408886 1.0927325487136843 0.048334546810439645 -0.23805382847785947 -0.15193328261375424 0.99999970197677623 2.6590853929519658 0.90458652377128612 0.078905433416366591 0.47426506876945501 -0.10667955875396727 -0.14529123902320859 -0.096464544534683214 0.047083373601938365
decision_type=2 2 2 2 2 2 10 10 2 2 2 2 2 2
left_child=1 6 3 -3 -5 7 8 -2 -1 10 11 -10 13 -8
right_child=5 2 -4 4 -6 -7 12 -9 9 -11 -12 -13 -14 -15
leaf_value=-0.00094171134142749914 -0.00053205861695034397 -0.00027169385349982891 -0.00090540816628875481 0.0033058269191090484 0.0007996051322688853 -0.00099014220362848675 0.0015605607729545119 0.00043311679928678996 -0.0013499853943984173 -0.00055138031610581619 -0.0001908712079302634 -0.00039853378616973545 -0.00014129023392442868 -0.00023148743697836257
leaf_weight=1270 94133 213 407 216 221 2837 265 403 367 9913 10118 11323 3174 370
leaf_count=1270 94133 213 407 216 221 2837 265 403 367 9913 10118 11323 3174 370
internal_value=-0.000487623 -0.000349343 0.000458006 0.00130836 0.00206731 -0.000541388 -0.000372658 -0.000527896 -0.000412427 -0.000391168 -0.000318345 -0.000428759 -2.87653e-05 0.000526558
internal_weight=135230 37857 1057 650 437 97373 36800 94536 32991 31721 21808 11690 3809 635
internal_count=135230 37857 1057 650 437 97373 36800 94536 32991 31721 21808 11690 3809 635
is_linear=0
shrinkage=1


Tree=1
num_leaves=15
num_cat=0
split_feature=27 11 25 0 19 0 26 29 28 26 28 26 19 27
split_gain=0.568288 0.363656 0.307756 0.283256 0.24885 0.409245 0.220678 0.215593 0.225517 0.273485 0.194382 0.160913 0.133606 0.120285
threshold=-0.0030296470504254098 3.0997835397720341 -0.096464544534683214 0.047083373601938365 1.1052924990653994 0.048334546810439645 -0.1952797472476959 0.022327372804284099 0.46961323916912084 -0.060143947601318352 0.078905433416366591 -0.16660475730895993 0.90548121929168712 -0.03001467045396566
decision_type=2 10 2 2 2 2 2 2 2 2 2 2 2 2
left_child=1 4 3 -3 7 6 -6 8 9 10 -1 -10 -2 -11
right_child=12 2 -4 -5 5 -7 -8 -9 11 13 -12 -13 -14 -15
leaf_value=-0.00051156367472110422 0.00036192894734983239 0.0022334382434530805 0.00035381690823908476 0.00042340458188178597 0.00069235172453123873 -0.00060371733753096415 0.0024980005945644951 -0.00032153508067436277 -0.00096245720998934525 0.00033604386437463682 0.00013192865552699606 -2.5568597145639959e-05 -6.0046647981362409e-05 0.0008260475366793224
leaf_weight=779 1211 295 2442 262 236 204 204 2045 297 3224 17961 10213 94847 1069
leaf_count=779 1211 295 2442 262 236 204 204 2045 297 3224 17961 10213 94847 1069
internal_value=-2.31681e-06 0.000125955 0.000548892 0.00139338 9.08772e-05 0.000867122 0.00154818 7.67105e-05 0.000101034 0.000171084 0.00010505 -5.2489e-05 -5.47083e-05 0.000458879
internal_weight=135289 39231 2999 557 36232 644 440 35588 33543 23033 18740 10510 96058 4293
internal_count=135289 39231 2999 557 36232 644 440 35588 33543 23033 18740 10510 96058 4293
is_linear=0
shrinkage=0.04


Tree=2
num_leaves=15
num_cat=0
split_feature=27 19 20 11 0 10 2 25 29 26 26 9 27 27
split_gain=0.551586 0.508718 0.382348 0.381081 0.243804 0.216751 0.183551 0.179861 0.172758 0.165982 0.174934 0.148473 0.146886 0.125829
threshold=-0.066020566970109926 1.1052924990653994 0.99999970197677623 2.7413550615310673 0.046839326724147277 0.67289051413536083 0.69454075133394233 -0.096464544534683214 0.017976230010390285 -0.23805382847785947 -0.28179165720939631 0.48735176026821142 -0.15588997304439542 -0.17453986406326291
decision_type=2 2 2 10 2 8 2 2 2 2 2 8 2 2
left_child=1 3 5 8 -3 6 -2 12 9 10 -1 -7 -5 -10
right_child=2 4 -4 7 -6 11 -8 -9 13 -11 -12 -13 -14 -15
leaf_value=0.0002176465788921676 0.00011655376420488396 0.0018752147785652828 -0.00048551125175751847 0.00065666248180115444 0.00024169772104478055 0.0015133712894698501 -5.0695756067505622e-05 0.00042290559582231472 9.4955761733785641e-05 0.00015411313954092029 -0.0010261728342177332 0.00025227214919735049 0.0020444042926948997 -0.00035210822550930791
leaf_weight=329 11837 398 2990 294 232 226 92582 2304 1804 19076 393 430 213 2271
leaf_count=329 11837 398 2990 294 232 226 92582 2304 1804 19076 393 430 213 2271
internal_value=7.27371e-07 0.000161309 -3.9866e-05 0.000134655 0.00128031 -2.71623e-05 -3.17316e-05 0.000574755 8.27241e-05 0.000131541 -0.000461792 0.000694897 0.00125395 -0.000154319
internal_weight=135379 27314 108065 26684 630 105075 104419 2811 23873 19798 722 656 507 4075
internal_count=135379 27314 108065 26684 630 105075 104419 2811 23873 19798 722 656 507 4075
is_linear=0
shrinkage=0.04


Tree=3
num_leaves=15
num_cat=0
split_feature=27 24 25 26 28 28 26 24 20 10 26 20 25 29
split_gain=0.496709 0.39237 0.777381 1.05317 0.3965 0.287055 0.267011 0.28643 0.266696 0.174273 0.159357 0.151201 0.149082 0.146696
threshold=-0.0030296470504254098 -0.081678479909896837 -0.15497949719429013 -0.28179165720939631 0.095078479498624816 0.46726512908935552 -0.085851043462753282 -0.060695081949234002 0.99999970197677623 0.67289051413536083 -0.16660475730895993 1.0000000180025095e-35 -0.12661129236221311 0.018185480497777465
decision_type=2 2 2 2 2 2 2 2 2 8 2 2 2 2
left_child=1 2 3 -1 -3 6 11 -8 9 12 -7 -6 -2 -4
right_child=8 4 13 -5 5 10 7 -9 -10 -11 -12 -13 -14 -15
leaf_value=1.7428488936275246e-05 -0.0011153193912864438 -0.00050606853406112001 0.00047727946952402008 0.0036841066395409999 0.00099201598730869591 -0.00089552078500646588 0.0015333023526684637 0.0003321833500319746 -0.00043130087301354391 0.00061583580922696421 -9.3342717682361628e-06 8.5008806934200594e-05 -3.8032223901002486e-05 -0.00069948407923345487
leaf_weight=229 201 1652 375 272 295 329 325 8856 2806 647 11626 15043 92251 301
leaf_count=229 201 1652 375 272 295 329 325 8856 2806 647 11626 15043 92251 301
internal_value=1.64658e-06 0.000121399 0.000839171 0.00202485 9.91334e-05 0.00012661 0.000204954 0.000375513 -4.74332e-05 -3.58409e-05 -3.40862e-05 0.000102771 -4.04345e-05 -4.79823e-05
internal_weight=135208 39303 1177 501 38126 36474 24519 9181 95905 93099 11955 15338 92452 676
internal_count=135208 39303 1177 501 38126 36474 24519 9181 95905 93099 11955 15338 92452 676
is_linear=0
shrinkage=0.04


Tree=4
num_leaves=15
num_cat=0
split_feature=27 24 27 27 25 27 28 0 11 19 19 8 24 2
split_gain=0.465769 0.380229 0.870132 0.664944 0.626849 0.407919 0.29568 0.276649 0.241335 0.180228 0.136283 0.133429 0.130353 0.109474
threshold=-0.0030296470504254098 -0.074610620737075792 -0.14241890609264371 -0.2854777574539184 -0.15497949719429013 -0.21585970371961591 0.47894103825092321 0.047083373601938365 3.0324807167053227 1.0731617212295534 0.90548121929168712 -0.22462338954210279 -0.04998731613159179 0.64726761402243127
decision_type=2 2 2 2 2 2 2 2 10 2 2 8 2 2
left_child=1 2 3 -1 -5 11 7 8 9 -7 -2 -3 -9 -12
right_child=10 5 -4 4 -6 6 -8 12 -10 -11 13 -13 -14 -15
leaf_value=-5.4369050715314714e-05 0.00038293673890160018 -0.00092007254558848213 -0.0002284244789657728 0.0039806728415799223 0.001186269512343468 0.00029975004055339267 -4.5644482912870708e-05 -0.00021660500455583103 0.0012501411981342668 0.0013039988644709336 9.3629047374327017e-05 -0.00020617701525611006 0.00015177841251009535 -6.4540867518593625e-05
leaf_weight=242 1163 725 754 237 287 5956 11584 1696 510 296 7610 992 15978 86960
leaf_count=242 1163 725 754 237 287 5956 11584 1696 510 296 7610 992 15978 86960
internal_value=1.07226e-06 0.000117093 0.000736335 0.0016813 0.00247583 9.20561e-05 0.000120794 0.000199688 0.000417192 0.0003483 -4.65076e-05 -0.000509414 0.000116377 -5.18087e-05
internal_weight=134990 39257 1520 766 524 37737 36020 24436 6762 6252 95733 1717 17674 94570
internal_count=134990 39257 1520 766 524 37737 36020 24436 6762 6252 95733 1717 17674 94570
is_linear=0
shrinkage=0.04


Tree=5
num_leaves=15
num_cat=0
split_feature=2 20 20 11 8 18 25 26 25 0 28 28 28 0
split_gain=0.417396 0.350966 0.330225 0.182442 0.168289 0.158201 0.14503 0.230937 0.397535 0.113202 0.141105 0.116781 0.100541 0.101675
threshold=0.85944304668744231 1.0000000180025095e-35 0.99999970197677623 3.9583840370178227 0.90458652377128612 0.014891244005411865 -0.056854695081710808 -0.23805382847785947 -0.17631152272224423 0.14626467307095739 0.078905433416366591 0.23880422115325931 0.41851076483726507 0.049863061115060177
decision_type=2 2 2 8 10 2 2 2 2 2 2 2 2 2
left_child=1 5 4 12 6 -1 7 -2 -9 10 -10 -11 13 -3
right_child=2 3 -4 -5 -6 -7 -8 8 9 11 -12 -13 -14 -15
leaf_value=0.0016519083835541488 -0.00052586191605026621 0.000260963045772487 -0.00048787009624519422 0.00044732104373841863 0.0009794240670619916 0.00034462072109443803 -5.4514284111936987e-05 0.0015836426611578963 -0.00049452797824244151 -0.00037333732510032281 0.00021242851319434912 0.00017458535771196784 1.4978997721682663e-05 4.6256917532760489e-05
leaf_weight=329 889 7158 2618 2228 257 272 83697 293 474 1410 8022 1107 19474 6961
leaf_count=329 889 7158 2618 2228 257 272 83697 293 474 1410 8022 1107 19474 6961
internal_value=-2.37235e-06 0.000113359 -4.5054e-05 9.71961e-05 -3.2972e-05 0.00106798 -3.57362e-05 9.31112e-05 0.000141992 0.000102936 0.000172719 -0.000132487 7.39115e-05 0.000155162
internal_weight=135189 36422 98767 35821 96149 601 95892 12195 11306 11013 8496 2517 33593 14119
internal_count=135189 36422 98767 35821 96149 601 95892 12195 11306 11013 8496 2517 33593 14119
is_linear=0
shrinkage=0.04


Tree=6
num_leaves=15
num_cat=0
split_feature=27 24 27 26 29 27 28 26 0 29 29 26 24 2
split_gain=0.440155 0.415896 0.865709 0.476752 0.608829 0.376005 0.237666 0.219419 0.189208 0.26167 0.158882 0.156545 0.124603 0.111929
threshold=-0.010801102500408886 -0.074610620737075792 -0.14241890609264371 -0.28179165720939631 0.015674749389290813 -0.22344592213630673 0.47426506876945501 -0.085851043462753282 0.10063229839282263 0.019338224083185199 0.016609401442110542 -0.16660475730895993 0.010773539543151857 0.80188682714847992
decision_type=2 2 2 2 2 2 2 2 2 2 2 2 2 2
left_child=1 2 3 -1 -5 -3 7 8 -7 10 -10 -8 -9 -2
right_child=13 5 -4 4 -6 6 11 12 9 -11 -12 -13 -14 -15
leaf_value=0.00023586579252513176 5.5612457625899979e-05 -0.0006021643434092975 -0.00020565502343510781 0.0012554559724626021 0.0040640345571616122 0.00017844628813412481 -0.00089147557932431744 0.00042996836921458602 -0.00024472165319540764 -0.00097587873460110467 0.00029349193811514443 -1.3548660710178198e-05 5.1697913471093251e-05 -6.3664018894650878e-05
leaf_weight=244 14845 1215 747 319 204 11405 330 6540 2064 516 1519 10860 1772 82664
leaf_count=244 14845 1215 747 319 204 11405 330 6540 2064 516 1519 10860 1772 82664
internal_value=-6.12616e-07 0.000115377 0.000763811 0.00170321 0.00237907 8.81718e-05 0.000112215 0.000183645 9.46929e-05 -0.000138275 -1.64569e-05 -3.98259e-05 0.000349406 -4.55032e-05
internal_weight=135244 37735 1514 767 523 36221 35006 23816 15504 4099 3583 11190 8312 97509
internal_count=135244 37735 1514 767 523 36221 35006 23816 15504 4099 3583 11190 8312 97509
is_linear=0
shrinkage=0.04


Tree=7
num_leaves=15
num_cat=0
split_feature=27 24 28 26 25 24 28 20 20 8 24 25 7 25
split_gain=0.412247 0.608617 0.333216 0.305471 0.82105 0.28566 0.29114 0.26546 0.207226 0.192545 0.156995 0.165852 0.145761 0.142071
threshold=-0.066020566970109926 -0.081678479909896837 0.095078479498624816 -0.28179165720939631 -0.15497949719429013 -0.060695081949234002 0.17732824385166171 0.99999970197677623 1.0000000180025095e-35 0.79370558261871349 -0.056852579116821282 -0.056854695081710808 0.27607434988021856 -0.12661129236221311
decision_type=2 2 2 2 2 2 2 2 2 10 2 2 2 2
left_child=1 3 -3 -1 -5 6 -4 9 -7 10 13 -12 -10 -2
right_child=7 2 5 4 -6 8 -8 -9 12 -11 11 -13 -14 -15
leaf_value=9.3888785259657174e-06 -0.0012024294631619876 -0.00045102602719828018 0.00033963515356609465 0.0032907399119936273 0.00031145129436570241 0.0010416023285117705 0.0017814872960759274 -0.00040568956603865967 8.7683501099069107e-05 0.00063167130870377304 0.00016099423930153166 -3.5768433147782026e-05 0.0011246048416155624 -0.00023488226656469735
leaf_weight=246 267 1615 732 270 323 373 320 3007 23167 705 7387 94213 214 2312
leaf_count=246 267 1615 732 270 323 373 320 3007 23167 705 7387 94213 214 2312
internal_value=-3.31317e-07 0.000138636 0.000104838 0.00119605 0.00168413 0.000141111 0.000784574 -3.5448e-05 0.000112455 -2.48144e-05 -2.92871e-05 -2.14553e-05 9.74126e-05 -0.000337184
internal_weight=135151 27260 26421 839 593 24806 1052 107891 23754 104884 104179 101600 23381 2579
internal_count=135151 27260 26421 839 593 24806 1052 107891 23754 104884 104179 101600 23381 2579
is_linear=0
shrinkage=0.04


Tree=8
num_leaves=15
num_cat=0
split_feature=27 19 11 20 0 8 26 29 28 0 16 9 28 25
split_gain=0.344787 0.341392 0.29698 0.259598 0.242105 0.179467 0.161755 0.160304 0.157474 0.15173 0.120527 0.111054 0.101616 0.125774
threshold=-0.066020566970109926 1.1052924990653994 2.7413550615310673 0.99999970197677623 0.047001329397577278 0.90458652377128612 -0.1952797472476959 0.017976230010390285 0.19857834279537204 0.047083373601938365 0.4485116600990296 0.48182801902294164 0.12310887500643732 -0.056854695081710808
decision_type=2 2 10 2 2 10 2 2 2 2 8 10 2 2
left_child=1 2 7 5 6 12 -3 -1 9 -4 -5 -7 -2 -14
right_child=3 4 8 10 -6 11 -8 -9 -10 -11 -12 -13 13 -15
leaf_value=0.0001062610489734463 -0.00064345985890299146 0.00078481182200915145 0.0017877486878793559 -0.00021586167810144961 -7.1091846291900817e-05 0.001460874508458959 0.0023386119933773396 -0.00016890515364450376 0.00033153217436608082 0.00051979453884373934 -0.00075485262112046005 0.00016998828527631991 0.00012287647507567445 -3.623731902934721e-05
leaf_weight=19608 419 225 258 1919 216 202 214 4090 2144 369 1015 223 8668 95185
leaf_count=19608 419 225 258 1919 216 202 214 4090 2144 369 1015 223 8668 95185
internal_value=-4.02437e-07 0.000127038 0.000104611 -3.25231e-05 0.00102568 -2.21141e-05 0.00156005 5.87449e-05 0.000496053 0.00105155 -0.000403289 0.000793392 -2.54759e-05 -2.29517e-05
internal_weight=134755 27124 26469 107631 655 104697 439 23698 2771 627 2934 425 104272 103853
internal_count=134755 27124 26469 107631 655 104697 439 23698 2771 627 2934 425 104272 103853
is_linear=0
shrinkage=0.04


Tree=9
num_leaves=15
num_cat=0
split_feature=2 20 20 8 25 29 25 19 11 16 28 0 28 27
split_gain=0.346348 0.302383 0.279079 0.197324 0.158112 0.308525 0.510922 0.395252 0.140619 0.116707 0.107914 0.121071 0.141448 0.106297
threshold=0.81162980506467497 1.0000000180025095e-35 0.99999970197677623 0.90458652377128612 -0.056854695081710808 0.028186978772282604 -0.17631152272224423 1.0927325487136843 4.2008788585662851 -0.39518998563289637 0.078905433416366591 0.14499476142512027 0.16628108173608783 0.049003100022673614
decision_type=2 2 2 10 2 2 2 2 8 10 2 2 2 2
left_child=1 -1 3 4 5 6 7 -2 -3 -4 -8 13 -13 -12
right_child=2 8 9 -5 -6 -7 10 -9 -10 -11 11 12 -14 -15
leaf_value=0.0010679731897015753 0.00025253867781826887 8.3892818255565656e-05 -0.00081170148158089383 0.00098650014043725554 -4.3679810109235262e-05 -0.0008299284370471416 -0.00042005859265099415 0.0026599972931061139 0.00046734174809693224 -0.00025220313392725286 0.000256763181436091 -0.00083147436845430051 3.3260986996851102e-06 -9.1964150000616043e-05
leaf_weight=526 215 28020 862 305 88404 539 613 219 1614 1937 7464 372 2343 1718
leaf_count=526 215 28020 862 305 88404 539 613 219 1614 1937 7464 372 2343 1718
internal_value=2.36315e-06 0.000121824 -3.19576e-05 -2.11542e-05 -2.42189e-05 0.000103349 0.000142517 0.00148382 0.000104852 -0.00042565 9.54101e-05 0.000122135 -0.000112374 0.0001915
internal_weight=135151 30160 104991 102192 101887 13483 12944 434 29634 2799 12510 11897 2715 9182
internal_count=135151 30160 104991 102192 101887 13483 12944 434 29634 2799 12510 11897 2715 9182
is_linear=0
shrinkage=0.04


Tree=10
num_leaves=15
num_cat=0
split_feature=27 24 27 26 0 28 28 26 24 29 0 27 26 24
split_gain=0.303265 0.270725 0.573421 0.39646 0.499612 0.299682 0.202096 0.266344 0.214955 0.281063 0.177774 0.1791 0.139448 0.13938
threshold=-0.0030296470504254098 -0.081678479909896837 -0.075220238417386995 -0.28179165720939631 0.047976571721587827 0.065695356577634825 0.47426506876945501 -0.096571862697601304 -0.060695081949234002 0.014417685102671387 0.050382755603909035 -0.21585970371961591 -0.16660475730895993 -0.022224307060241696
decision_type=2 2 2 2 2 2 2 2 2 2 2 2 2 2
left_child=1 2 3 -1 -5 -3 7 10 9 -9 11 -7 -8 -12
right_child=-2 5 -4 4 -6 6 12 8 -10 -11 13 -13 -14 -15
leaf_value=4.9603116521347874e-05 -4.0290197773326689e-05 -0.00076539068754828438 -0.0004288837552227194 0.0031908882859242615 0.00061661199416953054 -0.00031330066655934767 -0.00087286901473453333 0.0019593643481110711 0.00025875349129048564 0.00019662718621487395 -0.00030685954042085383 0.00023906838459681264 -2.6227427764359041e-05 6.0365604828610842e-05
leaf_weight=242 95991 665 453 264 224 1079 315 276 10307 301 3134 7051 11422 3492
leaf_count=242 95991 665 453 264 224 1079 315 276 10307 301 3134 7051 11422 3492
internal_value=-1.99689e-06 9.17073e-05 0.000686344 0.00137661 0.00202749 7.3128e-05 8.8147e-05 0.000151068 0.000301131 0.0010494 4.03167e-05 0.000165611 -4.93118e-05 -0.000113427
internal_weight=135216 39225 1183 730 488 38042 37377 25640 10884 577 14756 8130 11737 6626
internal_count=135216 39225 1183 730 488 38042 37377 25640 10884 577 14756 8130 11737 6626
is_linear=0
shrinkage=0.04


Tree=11
num_leaves=15
num_cat=0
split_feature=24 3 20 20 27 27 14 26 24 29 0 24 26 0
split_gain=0.318622 0.266689 0.310604 0.233552 0.176433 0.165208 0.111155 0.11032 0.258364 0.433015 0.228069 0.188523 0.144073 0.113748
threshold=-0.11047667264938353 0.68659196605086037 1.0000000180025095e-35 0.99999970197677623 -0.22344592213630673 -0.019190150313079354 0.56344410777091991 -0.11437126994132994 -0.060695081949234002 0.018185480497777465 0.058297200793751149 -0.04998731613159179 -0.092152208089828477 0.050382755603909035
decision_type=2 2 2 2 2 2 8 2 2 2 2 2 2 2
left_child=-1 2 -2 4 -3 7 -7 11 9 10 -9 13 -12 -6
right_child=1 3 -4 -5 5 6 -8 8 -10 -11 12 -13 -14 -15
leaf_value=0.00096393444394136723 0.0011703844010763458 -0.00055251899927082917 0.00011450137079329573 -0.0003746609978624497 -2.8397732094428624e-05 -4.1266310982228373e-05 0.00074048663848733586 0.0023309560432487387 9.930804986749649e-05 -0.00059089690055177913 3.9999879678994742e-05 3.8686876493150088e-05 0.0014221193718967488 -0.00078206263889513204
leaf_weight=541 453 970 16795 2988 543 86973 287 224 15449 268 225 8639 256 778
leaf_count=541 453 970 16795 2988 543 86973 287 224 15449 268 225 8639 256 778
internal_value=-3.9213e-07 -4.29653e-06 0.000142564 -2.58412e-05 -1.67314e-05 -1.2134e-05 -3.86528e-05 7.55693e-05 0.000139256 0.000769782 0.00128755 -2.94539e-05 0.000782661 -0.000473542
internal_weight=135389 134848 17248 117600 114612 113642 87260 26382 16422 973 705 9960 481 1321
internal_count=135389 134848 17248 117600 114612 113642 87260 26382 16422 973 705 9960 481 1321
is_linear=0
shrinkage=0.04


Tree=12
num_leaves=15
num_cat=0
split_feature=2 18 20 8 16 27 11 28 0 28 22 19 10 11
split_gain=0.296105 0.264895 0.25489 0.156844 0.120493 0.116513 0.196344 0.135835 0.188567 0.109605 0.107802 0.089355 0.0820444 0.0805969
threshold=0.69454075133394233 1.0000000180025095e-35 0.99999970197677623 0.90458652377128612 -0.39518998563289637 -0.066020566970109926 2.7413550615310673 0.19857834279537204 0.048209218633075215 0.11525028198957445 -1.0000000180025095e-35 1.1052924990653994 -0.050013290718197816 4.381463050842286
decision_type=2 2 2 10 10 2 10 2 2 2 2 2 10 8
left_child=1 10 3 5 -4 6 11 8 -8 -7 -1 -2 13 -3
right_child=2 12 4 -5 -6 9 7 -9 -10 -11 -12 -13 -14 -15
leaf_value=0.0017447685555516477 1.0915020220823491e-05 0.00023449452218183246 -0.00076438166610715041 0.0008159536478245476 -0.00021810508473696128 -0.00096254830847021554 0.0019218779033297118 0.00023988299758588127 0.00039527582495011668 -3.6595227594225412e-05 0.00046600836811833867 0.00058996510220963726 7.791387408318006e-05 0.00096852843595989944
leaf_weight=213 16095 3454 944 355 2044 200 206 1420 344 92278 214 433 16733 253
leaf_count=213 16095 3454 944 355 2044 200 206 1420 344 92278 214 433 16733 253
internal_value=-2.11567e-06 0.000136428 -2.74094e-05 -1.76157e-05 -0.000391679 -2.03188e-05 7.13094e-05 0.000448254 0.000979221 -3.86497e-05 0.0011167 2.62588e-05 0.000115682 0.000285829
internal_weight=135186 20867 114319 111331 2988 110976 18498 1970 550 92478 427 16528 20440 3707
internal_count=135186 20867 114319 111331 2988 110976 18498 1970 550 92478 427 16528 20440 3707
is_linear=0
shrinkage=0.04


Tree=13
num_leaves=15
num_cat=0
split_feature=2 10 24 20 14 28 25 26 24 11 20 28 26 24
split_gain=0.253078 0.24656 0.238986 0.2277 0.16508 0.159486 0.146141 0.172308 0.137241 0.132235 0.0952983 0.0878924 0.0870276 0.0857812
threshold=0.69454075133394233 -0.39474277198314661 -0.11047667264938353 0.99999970197677623 0.56344410777091991 0.065695356577634825 -0.056854695081710808 -0.23805382847785947 -0.046456187963485711 2.9804919958114628 1.0000000180025095e-35 0.55641907453536998 -0.28179165720939631 -0.060695081949234002
decision_type=2 10 2 2 8 2 2 2 2 10 2 2 2 2
left_child=1 -1 12 4 5 -4 7 -7 -8 -9 -3 -12 -2 -11
right_child=2 10 3 -5 -6 6 8 9 -10 13 11 -13 -14 -15
leaf_value=0.0014671763783927424 0.00026660740821955536 0.00078096538895779685 -0.00063779727642246278 -0.00037010192992093188 0.00088727335832067267 -0.00066776445514925926 -0.00034993674437836772 9.0905290091631148e-05 -2.6547265998358768e-05 0.0011215807689119435 0.00016624713671572374 -7.036812878024279e-06 0.0013638890613409266 0.0003323693759342225
leaf_weight=213 213 333 659 2998 317 444 2143 12640 93429 294 12948 7335 256 867
leaf_count=213 213 333 659 2998 317 444 2143 12640 93429 294 12948 7335 256 867
internal_value=6.8998e-07 0.000128903 -2.26872e-05 -2.64196e-05 -1.71034e-05 -1.97385e-05 -1.60007e-05 0.000103498 -3.38165e-05 0.000128544 0.000114724 0.000103596 0.000873619 0.000536174
internal_weight=135089 20829 114260 113791 110793 110476 109817 14245 95572 13801 20616 20283 469 1161
internal_count=135089 20829 114260 113791 110793 110476 109817 14245 95572 13801 20616 20283 469 1161
is_linear=0
shrinkage=0.04


Tree=14
num_leaves=15
num_cat=0
split_feature=27 28 0 19 29 25 27 29 6 27 20 0 9 25
split_gain=0.287462 0.168844 0.235049 0.355401 0.371799 0.346225 0.240153 0.196258 0.157708 0.258251 0.155832 0.12406 0.121652 0.116872
threshold=-0.010801102500408886 0.47426506876945501 0.047083373601938365 1.0731617212295534 0.02652646973729134 -0.13669258356094358 -0.21585970371961591 0.018185480497777465 0.98352746431288685 -0.20399794727563855 0.99999970197677623 0.10063229839282263 1.057488799095154 -0.13041472434997556
decision_type=2 2 2 2 2 2 2 2 2 2 2 2 10 2
left_child=1 2 3 6 5 -5 -1 12 -8 -10 -2 -9 13 -4
right_child=10 -3 7 4 -6 -7 8 11 9 -11 -12 -13 -14 -15
leaf_value=-0.00025712700595288712 -2.4927359387713661e-05 -3.4384284422181148e-05 -0.00030362553380133638 0.0028955007730008561 -0.00026025220810682798 0.00091683735658861887 0.00026247600519177733 8.4199914996521786e-05 -1.3962428362805813e-05 0.0014625579391433384 -0.00032558819245038248 -0.00040948138077624664 0.00084194571396461939 0.00014482231148874608
leaf_weight=1303 94677 11157 994 210 240 437 5457 1383 317 466 2836 1971 372 13493
leaf_count=1303 94677 11157 994 210 240 437 5457 1383 317 466 2836 1971 372 13493
internal_value=2.61144e-06 9.6245e-05 0.000150943 0.000325513 0.00108073 0.00157634 0.000236048 7.00756e-05 0.000339153 0.000868488 -3.36878e-05 -0.000206093 0.000132461 0.000113959
internal_weight=135313 37800 26643 8430 887 647 7543 18213 6240 783 97513 3354 14859 14487
internal_count=135313 37800 26643 8430 887 647 7543 18213 6240 783 97513 3354 14859 14487
is_linear=0
shrinkage=0.04


Tree=15
num_leaves=15
num_cat=0
split_feature=2 10 24 28 19 27 24 28 26 11 24 18 19 16
split_gain=0.234398 0.224568 0.190157 0.163713 0.12062 0.112461 0.221574 0.131594 0.104948 0.0983253 0.116276 0.0885015 0.0791389 0.104747
threshold=0.69454075133394233 -0.39474277198314661 -0.11047667264938353 0.065695356577634825 0.90548121929168712 -0.080943975597619996 -0.081678479909896837 0.12310887500643732 -0.28179165720939631 2.7413550615310673 -0.046456187963485711 0.006369946990162135 0.91202977299690258 -0.35670208930969233
decision_type=2 10 2 2 2 2 2 2 2 10 2 2 2 10
left_child=1 -1 8 -4 -5 6 -6 -7 -2 -8 -11 -3 13 -9
right_child=2 11 3 4 5 7 9 12 -10 10 -12 -13 -14 -15
leaf_value=0.0014430862824012323 6.2456245931637725e-05 0.00068320727616834386 -0.00063491858139111596 0.00047203993656700098 0.0012498265782721325 -0.00077114386754298034 2.3240103123780753e-05 -0.00079011135210975251 0.0012568299856260032 0.0011613761516551288 0.00020926064767395888 0.00010052728392700473 -3.1675177032123503e-05 -4.9458008670434975e-05
leaf_weight=200 200 421 691 788 249 386 13354 509 283 239 1315 20328 95817 755
leaf_count=200 200 421 691 788 249 386 13354 509 283 239 1315 20328 95817 755
internal_value=2.54695e-06 0.000125556 -1.99465e-05 -2.33153e-05 -1.9561e-05 -2.30214e-05 7.83221e-05 -3.87845e-05 0.000767972 5.83427e-05 0.000358948 0.000112512 -3.5833e-05 -0.00034965
internal_weight=135535 20949 114586 114103 113412 112624 15157 97467 483 14908 1554 20749 97081 1264
internal_count=135535 20949 114586 114103 113412 112624 15157 97467 483 14908 1554 20749 97081 1264
is_linear=0
shrinkage=0.04


Tree=16
num_leaves=15
num_cat=0
split_feature=20 24 19 20 14 0 27 25 0 6 24 5 25 24
split_gain=0.20786 0.210554 0.206974 0.226146 0.181133 0.163021 0.132766 0.189187 0.215408 0.284267 0.141839 0.126511 0.11505 0.16324
threshold=1.0000000180025095e-35 -0.11047667264938353 0.90548121929168712 0.99999970197677623 0.56344410777091991 0.046735102996293659 -0.21585970371961591 -0.056854695081710808 0.047083373601938365 0.98292382111564602 -0.046456187963485711 0.61399088145896663 -0.14529123902320859 -0.06638655066490172
decision_type=2 2 2 2 8 2 2 2 2 2 2 2 2 2
left_child=11 5 -3 4 6 -2 -4 8 9 -8 -9 -1 13 -10
right_child=1 2 3 -5 -6 -7 7 10 12 -11 -12 -13 -14 -15
leaf_value=0.0012735323461091667 0.0014082771862564834 0.00044651390958114239 -0.0003575768474128747 -0.00034675061576101558 0.00084808916843912539 -5.7961663864018251e-05 0.00026452794615768076 -0.00032515186059778155 -0.001175846202781291 0.0014370146350377467 -1.6943879981190702e-05 0.00029914418757785613 6.7860464207023045e-05 5.8419486778736232e-06
leaf_weight=257 293 1573 1717 3190 391 204 3906 2439 289 357 106343 1175 12971 514
leaf_count=257 293 1573 1717 3190 391 204 3906 2439 289 357 106343 1175 12971 514
internal_value=-6.85168e-07 -5.80944e-06 -8.87942e-06 -1.43181e-05 -6.07967e-06 0.000811858 -8.7109e-06 -3.9737e-06 0.000115988 0.000364285 -2.38688e-05 0.00047784 3.9037e-05 -0.000424093
internal_weight=135619 134187 133690 132117 128927 497 128536 126819 18037 4263 108782 1432 13774 803
internal_count=135619 134187 133690 132117 128927 497 128536 126819 18037 4263 108782 1432 13774 803
is_linear=0
shrinkage=0.04


Tree=17
num_leaves=15
num_cat=0
split_feature=2 24 28 20 20 25 26 13 9 24 11 17 16 19
split_gain=0.212526 0.190923 0.177606 0.16357 0.159026 0.113924 0.151876 0.10107 0.100295 0.0970236 0.0934314 0.0811766 0.0787935 0.0767246
threshold=0.81162980506467497 -0.11047667264938353 0.065695356577634825 0.99999970197677623 1.0000000180025095e-35 -0.056854695081710808 -0.23805382847785947 27.414090156555179 0.82716241478919994 -0.046456187963485711 3.7136386632919316 -1.0000000180025095e-35 -0.35670208930969233 0.90930697321891796
decision_type=2 2 2 2 2 2 2 8 10 2 10 2 10 2
left_child=4 8 -3 5 11 6 -4 -6 -2 -7 -8 -1 -5 -14
right_child=1 2 3 12 7 9 10 -9 -10 -11 -12 -13 13 -15
leaf_value=0.00016751303639776606 0.0013479596439780032 -0.00069795355673933569 -0.00063640257327841193 -0.0006481183766895701 6.5195877561416684e-05 -0.00031235948962326203 9.5411779568426141e-05 0.00044982083809566429 0.00014628288945502343 -2.8897908767962556e-05 0.00061973609289760136 0.0011683925652138845 0.00035833124984877517 -0.00030771797817671058
leaf_weight=218 237 631 435 866 28461 1971 11513 1132 208 86931 566 322 335 1493
leaf_count=218 237 631 435 866 28461 1971 11513 1132 208 86931 566 322 335 1493
internal_value=-1.18329e-06 -2.80144e-05 -3.15451e-05 -2.74728e-05 9.24657e-05 -1.92927e-05 9.3682e-05 7.99822e-05 0.000794143 -3.51996e-05 0.000120227 0.000769578 -0.000334805 -0.000185013
internal_weight=135319 105186 104741 104110 30133 101416 12514 29593 445 88902 12079 540 2694 1828
internal_count=135319 105186 104741 104110 30133 101416 12514 29593 445 88902 12079 540 2694 1828
is_linear=0
shrinkage=0.04


Tree=18
num_leaves=15
num_cat=0
split_feature=27 11 24 24 29 10 20 28 28 10 27 24 29 29
split_gain=0.196493 0.209316 0.18534 0.143992 0.209336 0.128635 0.12007 0.115854 0.113375 0.111145 0.109386 0.0969314 0.0877429 0.0958532
threshold=-0.019190150313079354 2.7413550615310673 -0.070907771587371812 -0.11047667264938353 0.021057607606053356 -0.39474277198314661 0.99999970197677623 0.078905433416366591 0.47426506876945501 0.61136490106582653 -0.2854777574539184 -0.046456187963485711 0.020194899290800098 0.019338224083185199
decision_type=2 10 2 2 2 10 2 2 2 8 2 2 2 2
left_child=1 3 -3 10 5 -5 9 -7 12 11 -1 -2 13 -9
right_child=6 2 -4 4 -6 7 -8 8 -10 -11 -12 -13 -14 -15
leaf_value=0.00010277070914543121 -0.00021871133517291735 0.001329133040690964 0.00028159517835450254 0.0010456522317539533 -0.00037113431477027692 -0.00042464661862658143 -0.00028449402111460262 0.00012664955538858395 -4.8720651664551369e-05 0.00041065621471775981 0.0013696821014164016 -1.6448907348486001e-05 0.00068942141929909638 -0.00034609465672454039
leaf_weight=209 3950 289 3434 207 1876 774 2834 19168 8977 942 225 91464 422 707
leaf_count=209 3950 289 3434 207 1876 774 2834 19168 8977 942 225 91464 422 707
internal_value=1.02756e-06 8.06649e-05 0.000364584 4.81548e-05 3.83178e-05 6.37636e-05 -2.81098e-05 5.68265e-05 6.96269e-05 -2.05548e-05 0.000767699 -2.48333e-05 0.000121969 0.00010975
internal_weight=135478 36288 3723 32565 32131 30255 99190 30048 29274 96356 434 95414 20297 19875
internal_count=135478 36288 3723 32565 32131 30255 99190 30048 29274 96356 434 95414 20297 19875
is_linear=0
shrinkage=0.04


Tree=19
num_leaves=15
num_cat=0
split_feature=25 29 25 19 7 20 25 28 25 26 29 29 7 14
split_gain=0.202494 0.206084 0.558745 0.22952 0.178254 0.163732 0.150895 0.168061 0.142809 0.145622 0.130721 0.108161 0.0998145 0.0996166
threshold=-0.056854695081710808 0.028186978772282604 -0.17631152272224423 1.0927325487136843 0.32652848958969122 0.99999970197677623 -0.11200097203254698 0.21868674457073214 -0.10977506637573241 -0.096571862697601304 0.017976230010390285 0.017028574831783775 -0.087318882346153245 0.56344410777091991
decision_type=2 2 2 2 2 2 2 2 2 2 2 2 2 8
left_child=1 2 3 -1 5 11 7 12 9 -8 -10 13 -4 -2
right_child=4 -3 6 -5 -6 -7 8 -9 10 -11 -12 -13 -14 -15
leaf_value=0.000655513102815454 -7.7755435099709408e-06 -0.00060899264485355764 -0.00045023626108017952 0.0022620014012505931 0.00074468197147965569 -0.00031535167516256421 0.00018657133677813098 0.00096879691772091268 0.00019296646442287422 0.0014540937019779383 -0.00010590485654491343 -0.0001740816860423742 -2.9987547629039351e-05 0.00061694832421589369
leaf_weight=339 104042 606 1319 248 481 2980 317 216 12059 265 2902 6447 2855 405
leaf_count=339 104042 606 1319 248 481 2980 317 216 12059 265 2902 6447 2855 405
internal_value=1.26966e-06 0.000115029 0.000136554 0.00134761 -1.97504e-05 -2.30119e-05 0.000100561 -0.000106433 0.000159041 0.000771178 0.000134978 -1.51421e-05 -0.000163168 -5.32372e-06
internal_weight=135481 21126 20520 587 114355 113874 19933 4390 15543 582 14961 110894 4174 104447
internal_count=135481 21126 20520 587 114355 113874 19933 4390 15543 582 14961 110894 4174 104447
is_linear=0
shrinkage=0.04


Tree=20
num_leaves=15
num_cat=0
split_feature=28 0 19 26 11 28 26 26 24 29 7 25 29 28
split_gain=0.179851 0.284512 0.266252 0.253039 0.196671 0.163838 0.149803 0.128231 0.127314 0.164277 0.122129 0.120061 0.126439 0.125972
threshold=0.44779232144355779 0.050472641487470445 1.0927325487136843 -0.23805382847785947 2.7861005067825322 0.10165932774543764 -0.11437126994132994 -0.16660475730895993 -0.047728687524795525 0.019338224083185199 0.32652848958969122 -0.11200097203254698 0.037610260769724853 0.41851076483726507
decision_type=2 2 2 2 8 2 2 2 2 2 2 2 2 2
left_child=1 2 4 -4 11 -5 8 -2 -3 -10 -9 12 -1 -13
right_child=7 6 3 5 -6 -7 -8 10 9 -11 -12 13 -14 -15
leaf_value=-2.909138073374519e-05 -0.00081403376309418618 -0.00060702163464590344 -0.00028356297347489575 0.00221266426388699 0.00053791070139986685 0.00081773833657511536 3.0590421375269364e-05 -3.2110855681054789e-05 -1.5925298691238278e-05 -0.00083126541914999106 0.00063826352962851099 0.00020120549841529976 -0.0008501542754735488 -0.00025600350737946492
leaf_weight=2144 329 1019 213 208 1931 396 24868 87351 3548 440 432 10949 344 1053
leaf_count=2144 329 1019 213 208 1931 396 24868 87351 3548 440 432 10949 344 1053
internal_value=1.97788e-06 6.50603e-05 0.00019444 0.000897073 0.000159219 0.00131233 -9.61213e-06 -3.17537e-05 -0.000209115 -0.000106811 -2.87756e-05 0.000108584 -0.000144092 0.000161002
internal_weight=135225 47113 17238 817 16421 604 29875 88112 5007 3988 87783 14490 2488 12002
internal_count=135225 47113 17238 817 16421 604 29875 88112 5007 3988 87783 14490 2488 12002
is_linear=0
shrinkage=0.04


Tree=21
num_leaves=15
num_cat=0
split_feature=27 24 27 25 28 24 25 24 25 27 9 25 29 24
split_gain=0.189293 0.360113 0.183545 0.510325 0.17602 0.187198 0.222661 0.145457 0.16033 0.131592 0.154255 0.107047 0.103735 0.136968
threshold=-0.066020566970109926 -0.081678479909896837 -0.2854777574539184 -0.15497949719429013 0.095078479498624816 -0.060695081949234002 -0.11200097203254698 -0.056852579116821282 -0.12128806114196776 -0.22344592213630673 0.87787395715713512 -0.056854695081710808 0.017121853306889537 -0.031754255294799798
decision_type=2 2 2 2 2 2 2 2 2 2 8 2 2 2
left_child=1 2 -1 -4 -3 6 -6 8 -2 -7 -11 12 -9 -14
right_child=7 4 3 -5 5 9 -8 11 -10 10 -12 -13 13 -15
leaf_value=-2.742562542396893e-05 -0.0011460429571640714 -0.00033569647546768917 0.0025731586039258463 0.00022373291693622292 -2.836294391232658e-05 -0.00062546943030324152 0.0011423179635474377 0.00025598660281173172 -0.00020331660731643677 4.9195490069709496e-05 0.00042427958153254348 -3.2205095184528032e-05 0.00050995428187021387 -0.00016416160081267475
leaf_weight=241 326 1651 264 331 474 426 570 4208 2287 21421 1906 97947 582 2698
leaf_count=241 326 1651 264 331 474 426 570 4208 2287 21421 1906 97947 582 2698
internal_value=-4.60026e-06 8.95315e-05 0.000904408 0.00127892 6.36078e-05 9.0256e-05 0.0006132 -2.83732e-05 -0.000322896 6.71472e-05 7.99272e-05 -2.10591e-05 0.000124661 -4.3953e-05
internal_weight=135332 27284 836 595 26448 24797 1044 108048 2613 23753 23327 105435 7488 3280
internal_count=135332 27284 836 595 26448 24797 1044 108048 2613 23753 23327 105435 7488 3280
is_linear=0
shrinkage=0.04


Tree=22
num_leaves=15
num_cat=0
split_feature=2 14 20 10 24 28 25 0 11 24 27 24 26 25
split_gain=0.192873 0.154549 0.144833 0.130658 0.125265 0.105481 0.103723 0.123949 0.140016 0.11434 0.101873 0.0999139 0.145588 0.15335
threshold=0.67631037764454771 -0.27564936876296992 0.99999970197677623 0.56871187686920177 -0.11047667264938353 0.065695356577634825 -0.056854695081710808 0.050472641487470445 2.9804919958114628 -0.046456187963485711 -0.22344592213630673 -0.018601953983306881 -0.032915353775024407 -0.10116025805473326
decision_type=2 10 2 8 2 2 2 2 10 2 2 2 2 2
left_child=1 -1 3 4 -2 -6 7 8 10 -8 -7 -9 13 -13
right_child=2 -3 -4 -5 5 6 9 11 -10 -11 -12 12 -14 -15
leaf_value=0.001018289230935907 0.00062772470344029361 0.00010183741893430255 -0.00029362071266685633 0.00040762920400952586 -0.00051511041528157502 -0.00055520093105885756 -0.00031685839895188059 -0.0001092037886056116 0.00077409962791945774 -2.453080462068841e-05 0.00021089928091761305 0.0010514452901842445 -0.00012997647021072492 0.00020380456633362008
leaf_weight=294 476 19562 2994 1170 677 293 2186 5636 681 93569 4123 421 1621 1741
leaf_count=294 476 19562 2994 1170 677 293 2186 5636 681 93569 4123 421 1621 1741
internal_value=5.09697e-07 0.00011566 -1.92752e-05 -1.19674e-05 -1.63914e-05 -1.9183e-05 -1.61151e-05 8.35048e-05 0.000242292 -3.12206e-05 0.000159498 -2.50444e-06 0.000156393 0.000370908
internal_weight=135444 19856 115588 112594 111424 110948 110271 14516 5097 95755 4416 9419 3783 2162
internal_count=135444 19856 115588 112594 111424 110948 110271 14516 5097 95755 4416 9419 3783 2162
is_linear=0
shrinkage=0.04


Tree=23
num_leaves=15
num_cat=0
split_feature=28 0 19 29 26 11 28 24 26 28 7 26 29 20
split_gain=0.134361 0.242949 0.182454 0.174182 0.161457 0.156244 0.150102 0.124548 0.119968 0.106324 0.0981054 0.0968233 0.0950265 0.0933693
threshold=0.44779232144355779 0.050382755603909035 1.0927325487136843 0.018185480497777465 -0.23805382847785947 2.7861005067825322 0.10165932774543764 -0.01197502017021179 -0.16660475730895993 0.15380910784006122 0.32652848958969122 0.017124772071838382 0.0062246909365057954 0.99999970197677623
decision_type=2 2 2 2 2 8 2 2 2 2 2 2 2 2
left_child=1 2 5 -3 -4 -1 -6 11 -2 -9 12 -5 -10 -14
right_child=8 3 4 7 6 -7 -8 9 10 -11 -12 -13 13 -15
leaf_value=0.0001021846035643938 -0.00079380275226366881 2.3102466656867669e-05 -0.00021521087241552133 -0.0007401536249642826 0.0019712536257945421 0.0004958070408430643 0.0006271407073734338 0.00068075490557207316 8.1597832501038875e-05 -0.00018414926944598304 0.00058884518851298328 9.6540548337384851e-05 -3.7236602721516712e-05 -0.0003018959604115747
leaf_weight=14268 322 26545 200 1090 201 1815 397 249 10857 2173 408 276 74274 2191
leaf_count=14268 322 26545 200 1090 201 1815 397 249 10857 2173 408 276 74274 2191
internal_value=1.32025e-07 5.45709e-05 0.000176177 -1.31233e-05 0.000764721 0.000146746 0.00109152 -0.000266677 -2.90599e-05 -9.40113e-05 -2.62079e-05 -0.000571364 -2.91152e-05 -4.48393e-05
internal_weight=135266 47214 16881 30333 798 16083 598 3788 88052 2422 87730 1366 87322 76465
internal_count=135266 47214 16881 30333 798 16083 598 3788 88052 2422 87730 1366 87322 76465
is_linear=0
shrinkage=0.04


Tree=24
num_leaves=15
num_cat=0
split_feature=2 18 1 20 11 25 29 0 25 26 27 7 16 25
split_gain=0.168347 0.178777 0.110072 0.108858 0.101042 0.0977059 0.264224 0.195388 0.099289 0.148273 0.0857396 0.0757114 0.0753975 0.0687704
threshold=0.80670142960504998 1.0000000180025095e-35 0.43114312565488394 0.99999970197677623 4.2008788585662851 -0.17631152272224423 0.028186978772282604 0.046920397619785933 -0.14529123902320859 -0.12116619944572447 -0.066020566970109926 0.15327924489974978 -0.35670208930969233 -0.056854695081710808
decision_type=2 2 2 2 8 2 2 2 2 2 2 2 10 2
left_child=1 2 -1 5 -3 6 7 -2 9 -7 -11 13 -5 -10
right_child=3 4 -4 12 -6 8 -8 -9 11 10 -12 -13 -14 -15
leaf_value=0.0015068220753600384 0.0018779190312525468 5.6440538873759642e-05 0.00033492034800185986 -0.00057004189372371382 0.00038531948982897449 -0.0010018414727615027 -0.00025114641600858017 0.0001830509182623619 7.1682687169556591e-05 0.00060696440658983329 -0.00051713279516404974 0.00019678888244633688 -0.00012454567591627236 -3.1559349592344101e-05
leaf_weight=212 234 27458 323 885 1576 399 479 202 11712 221 204 2660 1930 86779
leaf_count=212 234 27458 323 885 1576 399 479 202 11712 221 204 2660 1930 86779
internal_value=3.42055e-06 8.77815e-05 0.000808952 -2.01809e-05 7.43558e-05 -1.34602e-05 0.000396912 0.00110366 -1.71617e-05 -0.000453137 6.76586e-05 -1.35879e-05 -0.000265366 -1.92794e-05
internal_weight=135274 29569 535 105705 29034 102890 915 436 101975 824 425 101151 2815 98491
internal_count=135274 29569 535 105705 29034 102890 915 436 101975 824 425 101151 2815 98491
is_linear=0
shrinkage=0.04


Tree=25
num_leaves=15
num_cat=0
split_feature=19 20 20 14 25 24 26 25 26 26 28 0 24 11
split_gain=0.17387 0.154949 0.141886 0.150537 0.148362 0.449515 0.410092 0.124882 0.139177 0.113063 0.106049 0.1675 0.11116 0.110268
threshold=0.90548121929168712 1.0000000180025095e-35 0.99999970197677623 0.56344410777091991 -0.17631152272224423 -0.081678479909896837 -0.28179165720939631 -0.14529123902320859 -0.12116619944572447 -0.037115335464477532 0.58251953125000011 0.050472641487470445 -0.046456187963485711 3.3300833702087407
decision_type=2 2 2 8 2 2 2 2 2 2 2 2 2 8
left_child=-1 -2 3 4 5 6 -3 8 -6 -10 11 13 -13 -9
right_child=1 2 -4 -5 7 -7 -8 10 9 -11 -12 12 -14 -15
leaf_value=0.00041595010803822621 0.00041554610343526018 8.0741442600046523e-06 -0.00027245595395704612 0.00076560170279345004 -0.00094498820423978341 -0.00032945894148628702 0.0023530363139580004 9.4916227393456723e-05 0.00038680636452625847 -0.00077454434026421866 -4.2413625161004136e-05 -0.00020352757995014041 8.1705593293023259e-06 0.00041290155260651927
leaf_weight=1602 1398 208 3141 404 473 526 275 19517 376 202 59042 4378 41967 1912
leaf_count=1602 1398 208 3141 404 473 526 275 19517 376 202 59042 4378 41967 1912
internal_value=2.35816e-06 -2.60847e-06 -7.03855e-06 -5.79654e-07 -3.01109e-06 0.000478922 0.00135363 -6.83261e-06 -0.000440021 -2.22255e-05 -3.22531e-06 3.09146e-05 -1.18474e-05 0.000123378
internal_weight=135421 133819 132421 129280 128876 1009 483 127867 1051 578 126816 67774 46345 21429
internal_count=135421 133819 132421 129280 128876 1009 483 127867 1051 578 126816 67774 46345 21429
is_linear=0
shrinkage=0.04


Tree=26
num_leaves=15
num_cat=0
split_feature=27 11 25 20 16 25 25 17 26 25 27 0 19 25
split_gain=0.163097 0.13176 0.131892 0.0985102 0.088789 0.0864967 0.0769888 0.0751008 0.0795702 0.157528 0.0861821 0.081916 0.0859941 0.12085
threshold=-0.010801102500408886 2.7413550615310673 -0.13041472434997556 0.99999970197677623 inf -0.12661129236221311 0.073086321353912367 0.10325564071536066 -0.11437126994132994 0.039303660392761237 -0.19215866178274152 0.053652191391819329 1.0731617212295534 -0.12128806114196776
decision_type=2 10 2 2 8 2 2 2 2 2 2 2 2 2
left_child=1 4 -3 5 7 -2 -4 8 11 10 -10 12 13 -1
right_child=3 2 6 -5 -6 -7 -8 -9 9 -11 -12 -13 -14 -15
leaf_value=-0.0003334665924165186 -0.00065095484047749872 0.0011056780548013292 0.00029159774115192764 -0.00025933336081197989 0.00055556755142918397 -1.7347261419987452e-05 -0.00030294929538966331 0.00070000268740199418 0.00082282350254735679 -0.00010879423967823175 0.00013639100452844812 -0.00016469449061646827 0.0005224767397483597 7.7339945200689703e-05
leaf_weight=1396 341 291 3128 2821 534 94268 388 267 294 5039 14317 5296 540 6284
leaf_count=1396 341 291 3128 2821 534 94268 388 267 294 5039 14317 5296 540 6284
internal_value=7.37604e-07 7.12887e-05 0.000294281 -2.66176e-05 4.62563e-05 -1.96653e-05 0.000225651 3.80396e-05 3.26058e-05 8.39816e-05 0.00015048 -4.20894e-05 3.69549e-05 2.49892e-06
internal_weight=135204 37774 3807 97430 33967 94609 3516 33433 33166 19650 14611 13516 8220 7680
internal_count=135204 37774 3807 97430 33967 94609 3516 33433 33166 19650 14611 13516 8220 7680
is_linear=0
shrinkage=0.04


Tree=27
num_leaves=15
num_cat=0
split_feature=2 18 13 20 14 7 16 25 29 25 7 10 25 0
split_gain=0.140331 0.142324 0.0969168 0.085763 0.0949694 0.076224 0.063426 0.0629208 0.248626 0.128044 0.122762 0.0958965 0.0623259 0.0710888
threshold=0.81162980506467497 1.0000000180025095e-35 27.414090156555179 0.99999970197677623 0.56344410777091991 -0.049706134945154183 -0.35670208930969233 -0.17631152272224423 0.028186978772282604 -0.14529123902320859 -0.18152107298374173 -0.16356209665536878 -0.056854695081710808 0.050472641487470445
decision_type=2 2 8 2 8 2 10 2 2 2 2 10 2 2
left_child=1 5 -3 4 7 -1 -5 8 10 11 -2 -9 13 -11
right_child=3 2 -4 6 -6 -7 -8 9 -10 12 -12 -13 -14 -15
leaf_value=0.0013242096340526704 0.0016512390079709092 5.1091020749677166e-05 0.0004248798934326283 -0.00051612393353798883 0.0007418376442818146 0.00034155222870496633 -0.00010782968269162513 -0.0010519478416811865 -0.00031774642800345905 0.00021648824469620409 0.00029054693549338944 -0.00015748773435824803 -2.6804516048588847e-05 4.7343154609186906e-06
leaf_weight=202 222 28491 1150 892 260 337 1906 321 469 3689 204 471 88779 8097
leaf_count=202 222 28491 1150 892 260 337 1906 321 469 3689 204 471 88779 8097
internal_value=1.40527e-06 7.74407e-05 6.56623e-05 -2.03878e-05 -1.44182e-05 0.000718607 -0.000238682 -1.63774e-05 0.000316604 -1.93331e-05 0.00101057 -0.00052434 -1.53301e-05 7.10767e-05
internal_weight=135490 30180 29641 105310 102512 539 2798 102252 895 101357 426 792 100565 11786
internal_count=135490 30180 29641 105310 102512 539 2798 102252 895 101357 426 792 100565 11786
is_linear=0
shrinkage=0.04


Tree=28
num_leaves=15
num_cat=0
split_feature=27 24 27 0 10 27 29 24 25 12 26 0 27 24
split_gain=0.127885 0.221959 0.196086 0.188396 0.197073 0.157683 0.18989 0.126376 0.118787 0.115185 0.0976041 0.0864814 0.0808729 0.218316
threshold=-0.066020566970109926 -0.070907771587371812 -0.21585970371961591 0.10063229839282263 -0.48787334561347956 -0.15193328261375424 0.015674749389290813 -0.056852579116821282 -0.12661129236221311 0.18367921561002734 0.082205116748809828 0.050472641487470445 -0.18797349184751508 0.03792917728424073
decision_type=2 2 2 2 10 2 2 2 2 8 2 2 2 2
left_child=1 3 -3 4 -1 6 -6 8 -2 12 11 -10 13 -4
right_child=7 2 9 -5 5 -7 -8 -9 10 -11 -12 -13 -14 -15
leaf_value=-0.00039239456296739418 -0.0010691873019053934 -0.00037422492146099641 0.00014528792616633543 -0.00037885410539146604 0.00079937198020451228 0.00027317979987452016 0.0021633760120724063 -1.034199050875665e-05 0.00044298040782487922 0.00038089776423119352 -0.00082394275129458647 -0.000218214331656773 2.8100460557855744e-05 0.0014084621230865538
leaf_weight=200 275 1615 2147 286 453 355 260 105495 386 1877 336 1659 19641 239
leaf_count=200 275 1615 2147 286 453 355 260 105495 386 1877 336 1659 19641 239
internal_value=2.25348e-06 7.99932e-05 5.16765e-05 0.000543338 0.000752012 0.00096715 0.00130837 -1.72096e-05 -0.000289455 8.05235e-05 -0.000197346 -9.26358e-05 5.48469e-05 0.000274498
internal_weight=135224 27073 25519 1554 1268 1068 713 108151 2656 23904 2381 2045 22027 2386
internal_count=135224 27073 25519 1554 1268 1068 713 108151 2656 23904 2381 2045 22027 2386
is_linear=0
shrinkage=0.04


Tree=29
num_leaves=15
num_cat=0
split_feature=19 20 18 20 14 25 27 14 25 10 27 25 27 25
split_gain=0.154201 0.113636 0.144741 0.109988 0.145658 0.10664 0.246446 0.184883 0.088688 0.0935596 0.082849 0.0815548 0.0712095 0.0862366
threshold=0.90548121929168712 1.0000000180025095e-35 0.006369946990162135 0.99999970197677623 0.56344410777091991 -0.17631152272224423 -0.2854777574539184 -0.034309182316064828 -0.14529123902320859 -0.19296585768461225 -0.18797349184751508 -0.056854695081710808 0.11021339520812036 -0.11200097203254698
decision_type=2 2 2 2 8 2 2 10 2 10 2 2 2 2
left_child=-1 2 -2 4 5 6 -3 -8 9 -7 -11 12 13 -10
right_child=1 3 -4 -5 -6 8 7 -9 11 10 -12 -13 -14 -15
leaf_value=0.00039052437377021595 0.00086352476639750021 -0.00025398800548901682 3.236260856434889e-05 -0.00024036203563812265 0.00077565046649245536 -0.0010105413884020857 0.0018486074412660273 0.00031893764805143623 -9.654478810984937e-05 0.00027503679401007805 -0.00054252635434697146 -1.7749900732284219e-05 -0.00027753675142269847 0.00013538999469495851
leaf_weight=1598 540 465 872 3175 379 268 228 282 3143 378 407 108457 870 13867
leaf_count=1598 540 465 872 3175 379 268 228 282 3143 378 407 108457 870 13867
internal_value=5.44795e-07 -4.14366e-06 0.000352155 -7.97051e-06 -2.23032e-06 -4.55714e-06 0.000411108 0.0010141 -7.75452e-06 -0.000372457 -0.000149597 -4.70016e-06 7.44402e-05 9.25188e-05
internal_weight=134929 133331 1412 131919 128744 128365 975 510 127390 1053 785 126337 17880 17010
internal_count=134929 133331 1412 131919 128744 128365 975 510 127390 1053 785 126337 17880 17010
is_linear=0
shrinkage=0.04


Tree=30
num_leaves=15
num_cat=0
split_feature=2 18 9 1 24 28 25 0 24 28 26 11 25 26
split_gain=0.126742 0.127226 0.0923615 0.0885188 0.0687124 0.10467 0.0731713 0.0989291 0.107662 0.166828 0.107788 0.0945307 0.0886496 0.0808639
threshold=0.76785043468927772 1.0000000180025095e-35 1.057488799095154 0.43114312565488394 -0.11047667264938353 0.065695356577634825 -0.056854695081710808 0.050382755603909035 -0.019065618515014645 0.15380910784006122 -0.13327884674072263 2.7861005067825322 -0.091509938240051256 -0.089022725820541368
decision_type=2 2 8 2 2 2 2 2 2 2 2 10 2 2
left_child=1 3 -3 -1 -2 -6 7 11 10 -10 -9 -7 13 -12
right_child=4 2 -4 -5 5 6 -8 8 9 -11 12 -13 -14 -15
leaf_value=0.001326348324698672 0.00046415476203805477 5.3969371050652183e-05 0.00050600586342810876 0.00022442349183565414 -0.00052440938334082847 0.00014719808460514805 -3.0363019365526432e-05 -0.00049092941257712001 0.00083890105238920861 5.4686605246619056e-05 -2.5743380559925224e-06 0.0006661484009276358 0.00011447527581280882 -0.00054449656226192289
leaf_weight=211 464 24850 740 259 652 3618 94751 1008 497 3212 959 661 2621 810
leaf_count=211 464 24850 740 259 652 3618 94751 1008 497 3212 959 661 2621 810
internal_value=-6.46009e-08 7.91913e-05 6.71375e-05 0.000727872 -1.89722e-05 -2.1054e-05 -1.7995e-05 6.9529e-05 -5.03629e-06 0.000160758 -0.000118998 0.000228047 -3.31364e-05 -0.000251548
internal_weight=135313 26060 25590 470 109253 108789 108137 13386 9107 3709 5398 4279 4390 1769
internal_count=135313 26060 25590 470 109253 108789 108137 13386 9107 3709 5398 4279 4390 1769
is_linear=0
shrinkage=0.04


Tree=31
num_leaves=15
num_cat=0
split_feature=5 18 24 20 29 9 27 29 29 24 27 28 29 29
split_gain=0.118173 0.136905 0.0937616 0.0934736 0.0793882 0.129229 0.10717 0.279295 0.0950819 0.179859 0.237305 0.0969448 0.163207 0.0986991
threshold=0.5146169503375293 0.010877790860831739 0.015576839447021486 0.99999970197677623 0.017121853306889537 1.057488799095154 -0.23155380040407178 0.028186978772282604 0.016386529430747036 -0.018601953983306881 -0.10120283439755438 0.10165932774543764 0.015099263750016691 0.014702384360134603
decision_type=2 2 2 2 2 8 2 2 2 2 2 2 2 2
left_child=1 -1 4 -4 5 8 7 -6 11 -10 -11 12 -2 -13
right_child=2 -3 3 -5 6 -7 -8 -9 9 10 -12 13 -14 -15
leaf_value=0.0011585114886713496 1.2694281080663826e-05 0.00013218937589684116 -3.9815389394042392e-05 -0.00033027804060668477 0.0015607539862822653 0.00052460429948584673 -0.00014298559656593127 -0.00037525220927918319 -9.3585972382092956e-05 0.0018344081201898069 0.00035627432455372706 2.7173480313802158e-05 0.0012240945943809939 -0.00015164021515605791
leaf_weight=210 474 6465 47201 1837 207 839 7071 269 1121 204 1056 62593 280 5357
leaf_count=210 474 6465 47201 1837 207 839 7071 269 1121 204 1056 62593 280 5357
internal_value=1.28995e-06 0.000165321 -7.23624e-06 -5.07289e-05 1.96026e-05 3.25549e-05 -0.000103775 0.000474139 2.67109e-05 0.000274946 0.000601896 1.80887e-05 0.000467652 1.30662e-05
internal_weight=135184 6675 128509 49038 79471 71924 7547 476 71085 2381 1260 68704 754 67950
internal_count=135184 6675 128509 49038 79471 71924 7547 476 71085 2381 1260 68704 754 67950
is_linear=0
shrinkage=0.04


Tree=32
num_leaves=15
num_cat=0
split_feature=19 2 18 29 25 25 29 0 0 11 24 24 24 24
split_gain=0.123988 0.10612 0.119893 0.0772358 0.10734 0.0936423 0.107613 0.131932 0.154465 0.103294 0.0768272 0.0706279 0.0665479 0.112876
threshold=0.90548121929168712 0.63756072859079216 1.0000000180025095e-35 0.0062246909365057954 0.053370654582977302 -0.056854695081710808 0.037610260769724853 0.047083373601938365 0.045349395143023115 3.0997835397720341 -0.046456187963485711 -0.039460241794586175 -0.047728687524795525 -0.051826059818267815
decision_type=2 2 2 2 2 2 2 2 2 10 2 2 2 2
left_child=-1 2 -2 4 -3 6 7 8 -5 -10 -7 -12 13 -9
right_child=1 3 -4 5 -6 10 -8 12 9 -11 11 -13 -14 -15
leaf_value=0.00034979560869196155 0.00080607878037931141 0.0002278203178180635 7.2209430083316548e-05 0.00011390924369995824 -2.568062577883897e-05 -0.000276959480207452 -0.00065290514770412797 -6.1139367129515955e-05 0.00050992576316511134 0.00152802323563615 0.00021671283235706758 -4.4501502828521672e-05 7.4984453970992497e-05 -0.00088503993376541667
leaf_weight=1588 359 4654 16742 2034 6266 2230 328 3365 767 200 1684 85478 9327 284
leaf_count=1588 359 4654 16742 2034 6266 2230 328 3365 767 200 1684 85478 9327 284
internal_value=-1.01329e-06 -5.19232e-06 8.78466e-05 -1.8839e-05 8.24139e-05 -2.93032e-05 5.88406e-05 7.36521e-05 0.000312431 0.000727271 -4.53829e-05 -3.94426e-05 1.83298e-05 -0.000126386
internal_weight=135306 133718 17101 116617 10920 105697 16305 15977 3001 967 89392 87162 12976 3649
internal_count=135306 133718 17101 116617 10920 105697 16305 15977 3001 967 89392 87162 12976 3649
is_linear=0
shrinkage=0.04


Tree=33
num_leaves=15
num_cat=0
split_feature=19 20 14 6 25 24 26 29 28 26 27 26 24 27
split_gain=0.12025 0.113478 0.140289 0.0998618 0.0873961 0.253131 0.322262 0.0925358 0.0946914 0.106747 0.0925017 0.152637 0.153388 0.129699
threshold=0.90548121929168712 0.99999970197677623 0.56344410777091991 0.044092193554212129 -0.17631152272224423 -0.081678479909896837 -0.28179165720939631 0.017976230010390285 0.46961323916912084 -0.16660475730895993 0.024097943678498272 -0.095444262027740465 -0.060695081949234002 -0.073285780847072587
decision_type=2 2 8 2 2 2 2 2 2 2 2 2 2 2
left_child=-1 2 3 -2 5 6 -5 8 10 -10 11 -6 13 -13
right_child=1 -3 -4 4 7 -7 -8 -9 9 -11 -12 12 -14 -15
leaf_value=0.00034355829575005394 0.00057700972731730151 -0.00024161187565981408 0.00067012571837251863 -7.6566033239942047e-05 -7.9964482478063849e-07 -0.00025679268085146401 0.0018770156001751102 -0.00012862825869098643 -0.00078349927540323939 -2.1150391644406002e-05 -2.1416603678575505e-05 0.0011990258957177277 0.00016544206414553447 4.0905968554893401e-05
leaf_weight=1591 469 3180 493 253 12020 541 284 9374 290 77665 16739 429 11686 241
leaf_count=1591 469 3180 493 253 12020 541 284 9374 290 77665 16739 429 11686 241
internal_value=-1.5923e-06 -5.71332e-06 4.47561e-08 -2.52225e-06 -4.64293e-06 0.000353181 0.000964398 -7.65969e-06 1.86878e-06 -2.40365e-05 5.09827e-05 0.000100693 0.000199387 0.000785837
internal_weight=135255 133664 130484 129991 129522 1078 537 128444 119070 77955 41115 24376 12356 670
internal_count=135255 133664 130484 129991 129522 1078 537 128444 119070 77955 41115 24376 12356 670
is_linear=0
shrinkage=0.04


Tree=34
num_leaves=15
num_cat=0
split_feature=19 20 14 6 9 25 27 24 29 28 27 29 27 24
split_gain=0.127101 0.120427 0.100377 0.0936804 0.090165 0.0851415 0.254658 0.355869 0.090961 0.0912882 0.0931448 0.138472 0.167925 0.14138
threshold=0.90548121929168712 0.99999970197677623 0.56344410777091991 0.044092193554212129 0.48924958705902105 -0.17631152272224423 -0.2854777574539184 -0.081678479909896837 0.017976230010390285 0.46726512908935552 0.024097943678498272 0.016479119658470157 -0.027687845751643177 1.0000000180025095e-35
decision_type=2 2 8 2 10 2 2 2 2 2 2 2 2 2
left_child=-1 2 3 -2 -4 6 -5 -8 9 10 11 -7 13 -13
right_child=1 -3 4 5 -6 8 7 -9 -10 -11 -12 12 -14 -15
leaf_value=0.00035053832402721615 0.00055185278971698552 -0.00024713665044636529 0.0010836943524728459 -0.00027496532946425742 -9.7250181640012438e-06 7.5939865339043672e-05 0.0019103797346637394 -0.00013239135392583389 -0.0001249874510849226 -2.0992969361672767e-05 -2.0908440892329654e-05 -6.0838843476747543e-05 0.0014036710930624568 0.00072004190056014277
leaf_weight=1633 485 3176 255 524 225 22544 287 255 9400 78393 16358 839 246 659
leaf_count=1633 485 3176 255 524 225 22544 287 255 9400 78393 16358 839 246 659
internal_value=3.24761e-07 -3.9674e-06 1.96126e-06 -1.81768e-07 0.000576338 -2.27038e-06 0.000352897 0.000956872 -5.23177e-06 4.22968e-06 5.28726e-05 0.000102558 0.000445444 0.000283939
internal_weight=135279 133646 130470 129990 480 129505 1066 542 128439 119039 40646 24288 1744 1498
internal_count=135279 133646 130470 129990 480 129505 1066 542 128439 119039 40646 24288 1744 1498
is_linear=0
shrinkage=0.04


Tree=35
num_leaves=15
num_cat=0
split_feature=19 4 20 10 19 9 25 29 24 29 7 26 25 25
split_gain=0.113737 0.10008 0.10489 0.121372 0.102256 0.0908466 0.0806273 0.242411 0.269436 0.0863293 0.0757827 0.074357 0.188304 0.137673
threshold=0.90548121929168712 0.037556429445637134 0.99999970197677623 0.56871187686920177 1.0203904509544375 0.39736901223659521 -0.17631152272224423 0.028186978772282604 -0.081678479909896837 0.017121853306889537 -0.13537118583917615 -0.20028045773506162 0.013712525367736818 -0.056854695081710808
decision_type=2 2 2 8 2 10 2 2 2 2 2 2 2 2
left_child=-1 4 3 6 -2 -5 7 8 -3 11 -11 12 -8 -13
right_child=1 2 -4 5 -6 -7 9 -9 -10 10 -12 13 -14 -15
leaf_value=0.00033688875294018902 7.9585109441541134e-05 0.0015373821762224755 -0.0002353044881948161 0.0011099351860176657 0.0012424391183552324 0.00022722647258598521 -0.00036855704088720068 -0.0003361600796088943 -0.00023732522157528862 -0.00057897256797231314 -8.9933526185365076e-05 0.00013191718948309448 0.00089686509919175426 -9.6179281185681037e-06
leaf_weight=1563 295 366 3163 222 201 1072 1820 465 215 526 11339 12323 205 101782
leaf_count=1563 295 366 3163 222 201 1072 1820 465 215 526 11339 12323 205 101782
internal_value=-1.80851e-06 -5.77173e-06 -7.88915e-06 -2.36136e-06 0.000558519 0.000382354 -6.23389e-06 0.000342685 0.000884227 -9.0986e-06 -0.000111848 1.40371e-06 -0.000238559 5.67255e-06
internal_weight=135557 133994 133498 130335 496 1294 129041 1046 581 127995 11865 116130 2025 114105
internal_count=135557 133994 133498 130335 496 1294 129041 1046 581 127995 11865 116130 2025 114105
is_linear=0
shrinkage=0.04


Tree=36
num_leaves=15
num_cat=0
split_feature=19 20 8 6 20 29 25 25 26 0 6 26 24 24
split_gain=0.124797 0.100654 0.137997 0.101878 0.0934922 0.0759789 0.109292 0.0843926 0.116536 0.169687 0.320159 0.21788 0.0973828 0.0860879
threshold=0.90548121929168712 0.99999970197677623 0.90458652377128612 0.044092193554212129 0.18965104222297671 0.0061157760210335263 0.05464595556259156 -0.056854695081710808 -0.21236950159072873 0.047083373601938365 0.98199746324878001 -0.051146686077117913 -0.070907771587371812 -0.046456187963485711
decision_type=2 2 8 2 2 2 2 2 2 2 2 2 2 2
left_child=-1 2 3 4 -2 6 -5 8 -7 10 12 -12 -10 -9
right_child=1 -3 -4 5 -6 7 -8 13 9 -11 11 -13 -14 -15
leaf_value=0.00035340239256023676 0.0011831974176541055 -0.00022596531174237745 0.00070382939400189133 0.00024082770051341595 6.4227959604599999e-05 -0.00024521431266697337 -1.5920028999002964e-05 -0.00025773685791941563 0.00070740468416405952 2.3468675528534152e-05 0.0022594532071823431 0.00048385919240678137 0.00011901211829255803 -2.0806286163968661e-05
leaf_weight=1584 217 3163 442 4820 260 1793 5891 2513 510 14122 205 241 3598 96166
leaf_count=1584 217 3163 442 4820 260 1793 5891 2513 510 14122 205 241 3598 96166
internal_value=9.99498e-07 -3.18109e-06 2.21561e-06 -1.90639e-07 0.00058027 -2.34506e-06 9.96761e-05 -1.15202e-05 6.23852e-05 9.19742e-05 0.000304152 0.001316 0.000192831 -2.68528e-05
internal_weight=135525 133941 130778 130336 477 129859 10711 119148 20469 18676 4554 446 4108 98679
internal_count=135525 133941 130778 130336 477 129859 10711 119148 20469 18676 4554 446 4108 98679
is_linear=0
shrinkage=0.04


Tree=37
num_leaves=15
num_cat=0
split_feature=20 18 7 24 20 11 26 27 24 27 24 29 27 29
split_gain=0.0961699 0.110621 0.096115 0.0824977 0.0922186 0.0818141 0.0803597 0.104808 0.215337 0.181264 0.156976 0.137382 0.194307 0.123547
threshold=1.0000000180025095e-35 1.0000000180025095e-35 0.27607434988021856 0.0070957541465759286 0.99999970197677623 1.0332868099212649 -0.18670591711997983 -0.066020566970109926 -0.070907771587371812 -0.12589230388402936 -0.046456187963485711 0.019338224083185199 -0.21585970371961591 0.015674749389290813
decision_type=2 2 2 2 2 10 2 2 2 2 2 2 2 2
left_child=1 -1 3 6 -5 -6 -2 8 9 13 -9 12 -10 -8
right_child=2 -3 -4 4 5 -7 7 10 11 -11 -12 -13 -14 -15
leaf_value=0.00080806081758435231 -0.00017652779284487054 7.0003420141059408e-05 0.00037434600654909336 -2.8861035050523126e-05 1.4422943545947417e-05 -0.00049602548174870634 0.00070512744454586632 -0.00022261777901236372 -0.00072048812931372914 -5.9228252880928806e-05 2.9748618863072628e-05 -0.00044024587859366291 0.00014880514410646307 0.0019005359199306951
leaf_weight=493 2998 938 1067 64452 822 1286 461 4320 421 337 44712 739 12089 200
leaf_count=493 2998 938 1067 64452 822 1286 461 4320 421 337 44712 739 12089 200
internal_value=6.01784e-07 0.000326203 -2.88989e-06 -5.93397e-06 -3.73881e-05 -0.000297417 2.56549e-05 3.5247e-05 0.000130727 0.000695856 7.49326e-06 8.79115e-05 0.000119275 0.00107838
internal_weight=135335 1431 133904 132837 66560 2108 66277 63279 14247 998 49032 13249 12510 661
internal_count=135335 1431 133904 132837 66560 2108 66277 63279 14247 998 49032 13249 12510 661
is_linear=0
shrinkage=0.04


Tree=38
num_leaves=15
num_cat=0
split_feature=7 20 18 29 25 26 24 0 26 25 27 27 25 9
split_gain=0.10727 0.0994885 0.106565 0.0831806 0.0905198 0.0872279 0.0714692 0.293087 0.130224 0.158125 0.127154 0.113263 0.106322 0.105349
threshold=0.32652848958969122 1.0000000180025095e-35 0.006369946990162135 0.0062246909365057954 0.05464595556259156 1.0000000180025095e-35 -0.070907771587371812 0.047083373601938365 -0.28179165720939631 -0.17631152272224423 -0.12589230388402936 -0.21585970371961591 -0.11200097203254698 1.057488799095154
decision_type=2 2 2 2 2 2 2 2 2 2 2 2 2 8
left_child=1 2 -1 4 -3 6 7 8 -5 -10 -9 -8 -12 -13
right_child=-2 3 -4 5 -6 -7 11 10 9 -11 12 13 -14 -15
leaf_value=0.00076305308031499996 0.00056065713495055691 0.00020794445704534314 5.3362022281527807e-05 -0.00010618891879683918 -1.1469648857633423e-05 -4.3020732913377108e-05 -0.000317437028430423 0.00039469512457401644 0.001805469292940365 0.00057573871145285269 -0.00087554388544543497 1.9411875799311932e-05 6.1729086816385181e-05 0.00046970199799696198
leaf_weight=548 536 5733 875 204 6323 76893 1565 425 265 460 433 39944 346 844
leaf_count=548 536 5733 875 204 6323 76893 1565 425 265 460 433 39944 346 844
internal_value=-1.46659e-06 -3.72149e-06 0.00032838 -7.27531e-06 9.29115e-05 -1.72298e-05 2.7349e-05 0.000252993 0.000784798 0.00103451 -0.000158894 1.59565e-05 -0.000461507 2.87859e-05
internal_weight=135394 134858 1423 133435 12056 121379 44486 2133 929 725 1204 42353 779 40788
internal_count=135394 134858 1423 133435 12056 121379 44486 2133 929 725 1204 42353 779 40788
is_linear=0
shrinkage=0.04


Tree=39
num_leaves=15
num_cat=0
split_feature=7 20 18 29 25 20 14 4 15 25 26 0 6 27
split_gain=0.0917098 0.0738038 0.118634 0.0758305 0.0773502 0.0721618 0.0799493 0.0695696 0.0586926 0.0570871 0.0960341 0.144053 0.245941 0.20102
threshold=0.27607434988021856 1.0000000180025095e-35 0.006369946990162135 0.0062246909365057954 0.05464595556259156 0.99999970197677623 0.56344410777091991 0.83500841750841759 0.2480907812714577 -0.056854695081710808 -0.21236950159072873 0.047083373601938365 0.9751931353240364 -0.075220238417386995
decision_type=2 2 2 2 2 2 8 2 10 2 2 2 2 2
left_child=1 2 7 4 -3 6 9 -1 -2 10 -5 12 -12 -14
right_child=8 3 -4 5 -6 -7 -8 -9 -10 -11 11 -13 13 -15
leaf_value=0.0012772537606004866 0.00018638974646879009 0.00019388812200667489 -1.7811456654868707e-06 -0.00023585473476819875 -9.5098634926473478e-06 -0.00021308773517181916 0.00057498152416779306 0.00033561967540663318 0.00086594850721511253 -2.8977294776996846e-05 0.00016633252737377276 8.4817512012273438e-06 0.002073991013145665 0.00041455165451340477
leaf_weight=228 758 5633 868 1766 6372 2997 362 283 275 97169 3976 13708 200 279
leaf_count=228 758 5633 868 1766 6372 2997 362 283 275 97169 3976 13708 200 279
internal_value=-3.93647e-06 -6.84091e-06 0.000283745 -9.87666e-06 8.59698e-05 -1.94321e-05 -1.44821e-05 0.000764067 0.000370598 -1.63289e-05 4.53337e-05 7.27312e-05 0.000270195 0.0011217
internal_weight=134874 133841 1379 132462 12005 120457 117460 511 1033 117098 19929 18163 4455 479
internal_count=134874 133841 1379 132462 12005 120457 117460 511 1033 117098 19929 18163 4455 479
is_linear=0
shrinkage=0.04


Tree=40
num_leaves=15
num_cat=0
split_feature=6 20 29 25 28 0 24 27 28 8 27 19 29 0
split_gain=0.097445 0.0868312 0.0805001 0.0844825 0.0705277 0.120599 0.140415 0.166507 0.11756 0.101693 0.240178 0.134893 0.0955662 0.0882311
threshold=0.044092193554212129 0.23066720366477969 0.0061157760210335263 0.05464595556259156 0.46961323916912084 0.04889277129866261 -0.070907771587371812 -0.21585970371961591 0.49042631685733801 -0.49906679987907404 -0.15193328261375424 1.058050334453583 0.018185480497777465 0.074338692718554381
decision_type=2 2 2 2 2 2 2 2 2 8 2 2 2 2
left_child=1 -1 3 -2 5 6 9 -8 -6 -4 11 -11 -7 -14
right_child=2 -3 4 -5 8 12 7 -9 -10 10 -12 -13 13 -15
leaf_value=0.0010526652951606216 0.00022239548733034016 1.9343439615608132e-05 -0.00023467810949685661 4.010045150546933e-08 -0.00029204924491139586 1.3674994110300599e-05 -0.00035073201932830298 0.00014133556074134098 -2.6923371518245634e-05 0.00062724134342336142 0.00016396702328561822 0.0020553900221767971 6.4871819141711488e-05 -0.00029427424528805421
leaf_weight=260 4983 256 221 6050 2775 31940 1230 10095 71540 201 569 234 1634 3300
leaf_count=260 4983 256 221 6050 2775 31940 1230 10095 71540 201 569 234 1634 3300
internal_value=-8.73009e-07 0.000545115 -2.98357e-06 0.000100521 -1.22161e-05 2.48126e-05 0.000131889 8.77613e-05 -3.68424e-05 0.000537829 0.000708193 0.00141011 -1.16436e-05 -0.00017539
internal_weight=135288 516 134772 11033 123739 49424 12550 11325 74315 1225 1004 435 36874 4934
internal_count=135288 516 134772 11033 123739 49424 12550 11325 74315 1225 1004 435 36874 4934
is_linear=0
shrinkage=0.04


Tree=41
num_leaves=15
num_cat=0
split_feature=7 1 25 13 18 19 20 26 27 24 24 27 27 3
split_gain=0.0871037 0.074024 0.0782577 0.064463 0.0664115 0.0890893 0.0566082 0.0500242 0.0565778 0.0845675 0.0788196 0.0618693 0.0591222 0.0522253
threshold=0.32652848958969122 0.92908083976152145 0.032494246959686286 13.494646549224855 1.0000000180025095e-35 1.028255879878998 0.99999970197677623 -0.18670591711997983 -0.073285780847072587 -0.055411726236343377 -0.070907771587371812 -0.21585970371961591 -0.13742255419492719 0.46673388633709384
decision_type=2 2 2 8 2 2 2 2 2 2 2 2 2 2
left_child=1 2 3 4 5 -1 -3 -6 10 -10 12 -12 -9 -13
right_child=-2 6 -4 -5 7 -7 -8 8 9 -11 11 13 -14 -15
leaf_value=6.289985198646175e-05 0.00051255093469025625 -2.6133163391849199e-05 -2.6602268335665466e-05 0.00025495516976669881 -0.00013142566680352319 0.0010423508984874934 -0.00024735659857834288 0.00087295094534356303 -0.00025247616997941944 4.1354880013364423e-05 -0.00038466477576242408 0.00033408921263731615 5.662057155986195e-05 8.2387572615917582e-05
leaf_weight=368 523 63915 26800 2566 2495 245 1901 383 1669 24570 390 1598 225 7479
leaf_count=368 523 63915 26800 2566 2495 245 1901 383 1669 24570 390 1598 225 7479
internal_value=-2.05693e-07 -2.21696e-06 2.67974e-05 6.08803e-05 4.82171e-05 0.000459627 -3.25412e-05 4.16604e-05 5.35689e-05 2.26204e-05 0.000134119 0.000105594 0.000573781 0.000126859
internal_weight=135127 134604 68788 41988 39422 613 65816 38809 36314 26239 10075 9467 608 9077
internal_count=135127 134604 68788 41988 39422 613 65816 38809 36314 26239 10075 9467 608 9077
is_linear=0
shrinkage=0.04


Tree=42
num_leaves=15
num_cat=0
split_feature=7 6 20 20 10 14 25 29 24 29 26 27 26 26
split_gain=0.0941313 0.0791626 0.0711373 0.0634373 0.0829456 0.0720463 0.0643739 0.165275 0.243718 0.0671367 0.0793911 0.292893 0.197647 0.0703677
threshold=0.32652848958969122 0.044092193554212129 0.16119361668825152 0.99999970197677623 0.67289051413536083 0.56344410777091991 -0.17631152272224423 0.028186978772282604 -0.081678479909896837 0.021057607606053356 -0.28179165720939631 -0.20399794727563855 -0.23805382847785947 -0.0092303156852722151
decision_type=2 2 2 2 8 8 2 2 2 2 2 2 2 2
left_child=1 2 -1 4 6 -6 7 8 -3 10 11 -8 -12 -11
right_child=-2 3 -4 -5 5 -7 9 -9 -10 13 12 -13 -14 -15
leaf_value=0.0010654106906813168 0.00054172335733069024 0.0014074813474026771 0.00010400516195099603 -0.00017725021954992682 0.00013493099995125354 0.0010222806707105912 -0.00010328533279960908 -0.0002299190698796883 -0.0002732305652472203 -0.00034652815594165989 -0.0008399136394094159 0.0015893858690374395 -9.9055703455579905e-08 2.1184342317056001e-06
leaf_weight=202 504 354 307 3337 411 224 547 495 222 1860 445 228 124409 1840
leaf_count=202 504 354 307 3337 411 224 547 495 222 1860 445 228 124409 1840
internal_value=-1.2146e-06 -3.26337e-06 0.000492198 -5.15841e-06 -7.69243e-07 0.00045349 -2.99862e-06 0.000305114 0.00076293 -5.56186e-06 -6.12666e-07 0.000401684 -3.12581e-06 -0.000173378
internal_weight=135385 134881 509 134372 131035 635 130400 1071 576 129329 125629 775 124854 3700
internal_count=135385 134881 509 134372 131035 635 130400 1071 576 129329 125629 775 124854 3700
is_linear=0
shrinkage=0.04


Tree=43
num_leaves=15
num_cat=0
split_feature=9 13 24 26 10 28 26 27 26 0 19 29 25 27
split_gain=0.0870656 0.103429 0.0715621 0.0976879 0.100948 0.0924471 0.174903 0.145742 0.089106 0.137543 0.103572 0.0936638 0.174324 0.0846732
threshold=1.1619554758071902 13.494646549224855 0.0060170888900756845 -0.18670591711997983 -0.32274973392486567 0.1515188664197922 -0.28179165720939631 -0.19737499207258222 0.095807075500488295 0.047083373601938365 1.0531896948814394 0.012501090299338104 -0.022046595811843869 -0.11892900615930556
decision_type=8 10 2 2 8 2 2 2 2 2 2 2 2 2
left_child=2 -2 3 -1 -5 7 -7 -4 9 10 -6 12 -10 -12
right_child=1 -3 5 4 8 6 -8 -9 11 -11 13 -13 -14 -15
leaf_value=-0.00019613098996725209 0.00016809011268916049 0.0011646179973093559 -0.0001792926634456157 0.00076592154706687371 0.00017439942406217849 0.0008775420109588028 -4.0081017413937281e-05 0.00086702136260092904 0.00078187259799279761 3.5162175595806701e-05 0.0012624092572104928 -0.00020401299048791683 -1.4414250084209104e-05 0.0003641905512586163
leaf_weight=2962 885 201 394 299 6364 329 67337 455 449 36322 251 4195 14143 507
leaf_count=2962 885 201 394 299 6364 329 67337 455 449 36322 251 4195 14143 507
internal_value=1.13693e-06 0.000357022 -1.76039e-06 2.81361e-05 3.87743e-05 -3.03378e-05 -3.55549e-05 0.000383246 3.52193e-05 6.66926e-05 0.00022736 -3.75595e-05 1.03472e-05 0.000667945
internal_weight=135093 1086 134007 65492 62530 68515 67666 849 62231 43444 7122 18787 14592 758
internal_count=135093 1086 134007 65492 62530 68515 67666 849 62231 43444 7122 18787 14592 758
is_linear=0
shrinkage=0.04


Tree=44
num_leaves=15
num_cat=0
split_feature=19 6 29 25 29 0 6 24 26 25 28 26 26 26
split_gain=0.0815994 0.0698371 0.059104 0.0738188 0.0954614 0.104582 0.277471 0.0920675 0.160026 0.0991744 0.0989405 0.084545 0.17953 0.0777271
threshold=0.90548121929168712 0.044092193554212129 0.0062246909365057954 -0.056854695081710808 0.037610260769724853 0.047083373601938365 0.98199746324878001 -0.0034103095531463619 -0.032915353775024407 -0.10414764285087584 0.16404736042022708 -0.23805382847785947 -0.051146686077117913 -0.18670591711997983
decision_type=2 2 2 2 2 2 2 2 2 2 2 2 2 2
left_child=-1 -2 -3 4 5 6 13 10 9 -9 -7 -8 -13 -4
right_child=1 2 3 -5 -6 7 11 8 -10 -11 -12 12 -14 -15
leaf_value=0.00028382231198442374 0.0004625814300605327 8.1110401527677875e-05 -0.00017146653049872484 -2.6306004260185593e-05 -0.0006260642187811158 -0.00020109151143274647 0.00030502385176939961 0.00079060013560658924 -0.00010720521562596579 0.00022329887068180143 4.9198575511340893e-05 0.0019967823668792166 0.00049088793637632074 0.00019793354379352309
leaf_weight=1614 511 11969 1225 100245 318 4277 244 655 2020 1977 6162 242 269 3519
leaf_count=1614 511 11969 1225 100245 318 4277 244 655 2020 1977 6162 242 269 3519
internal_value=1.552e-06 -1.86771e-06 -3.66784e-06 -1.20463e-05 5.63129e-05 6.70013e-05 0.000216256 1.25608e-05 0.000160465 0.000365709 -5.33958e-05 0.000925868 0.00121649 0.000102467
internal_weight=135247 133633 133122 121153 20908 20590 5499 15091 4652 2632 10439 755 511 4744
internal_count=135247 133633 133122 121153 20908 20590 5499 15091 4652 2632 10439 755 511 4744
is_linear=0
shrinkage=0.04


Tree=45
num_leaves=15
num_cat=0
split_feature=19 24 25 4 20 13 25 29 24 25 10 25 27 29
split_gain=0.0661725 0.0636758 0.0786783 0.0670728 0.0605731 0.0599986 0.0576751 0.101616 0.192292 0.100186 0.0889529 0.0819709 0.100818 0.0893253
threshold=0.90548121929168712 0.0070957541465759286 0.14848619699478152 0.037556429445637134 0.99999970197677623 64.320308685302749 -0.17631152272224423 0.028186978772282604 -0.081678479909896837 -0.11200097203254698 -0.07527489215135573 -0.10977506637573241 -0.13742255419492719 0.018817811273038391
decision_type=2 2 2 2 2 10 2 2 2 2 10 2 2 2
left_child=-1 2 3 -2 5 -3 7 8 -5 10 -8 12 -11 -13
right_child=1 4 -4 6 -6 -7 9 -9 -10 11 -12 13 -14 -15
leaf_value=0.00025708605301906945 0.00063836267244378518 -2.469710506474904e-05 -0.00039479816402841934 0.0012048802940910327 -0.00024048807632591444 0.00062251348593473147 -0.00038897685409418039 -0.00032678785372227737 -0.00030083967978314981 4.4849700644698608e-05 -2.4057317363182934e-06 4.0747046604874055e-05 0.0011919832681284346 -0.00022596087288799868
leaf_weight=1596 284 64478 699 361 2099 225 1710 239 213 281 2142 59081 213 2075
leaf_count=1596 284 64478 699 361 2099 225 1710 239 213 281 2142 59081 213 2075
internal_value=1.44773e-06 -1.60424e-06 2.58564e-05 3.03008e-05 -2.92687e-05 -2.23985e-05 2.76488e-05 0.000361451 0.000648365 2.34784e-05 -0.000174296 3.58488e-05 0.000546452 3.168e-05
internal_weight=135696 134100 67298 66599 66802 64703 66315 813 574 65502 3852 61650 494 61156
internal_count=135696 134100 67298 66599 66802 64703 66315 813 574 65502 3852 61650 494 61156
is_linear=0
shrinkage=0.04


Tree=46
num_leaves=15
num_cat=0
split_feature=19 27 28 28 20 18 10 25 18 7 5 9 27 25
split_gain=0.076655 0.059657 0.0982426 0.0850409 0.0530866 0.0796177 0.0572089 0.0834935 0.146569 0.0616089 0.0714764 0.0581224 0.0488715 0.0540489
threshold=0.90548121929168712 0.34675931930541998 0.93665537238121044 0.90425053238868724 1.0000000180025095e-35 0.006369946990162135 -0.48787334561347956 -0.17631152272224423 0.099437270313501372 -0.18152107298374173 0.98226408963533796 1.057488799095154 -0.073285780847072587 0.013712525367736818
decision_type=2 2 2 2 2 2 8 2 2 2 2 8 2 2
left_child=-1 3 -3 4 5 -2 -6 8 -8 10 -9 -11 13 -13
right_child=1 2 -4 -5 6 -7 7 9 -10 11 -12 12 -14 -15
leaf_value=0.00027710427602642667 0.00063299567114063571 -0.00016418285946119833 0.00029504255275779708 0.00062003269192481125 -0.00047180814771042629 8.7419005368298631e-06 -4.718259350470395e-05 3.4590092009464511e-06 0.0011296886423455051 -4.1425878243078548e-06 -0.0010112238067266884 0.0007454692048732462 3.3240457169311353e-05 3.0531264696249832e-05
leaf_weight=1567 524 6698 834 351 408 856 412 237 282 121301 204 453 842 269
leaf_count=1567 524 6698 834 351 408 856 412 237 282 121301 204 453 842 269
internal_value=-5.88951e-07 -3.85454e-06 -0.000113172 2.67724e-06 9.29987e-07 0.000247207 -1.81167e-06 -2.46271e-07 0.000435687 -2.71739e-06 -0.000471993 -1.01388e-06 0.000240883 0.000481142
internal_weight=135238 133671 7532 126139 125788 1380 124408 124000 694 123306 441 122865 1564 722
internal_count=135238 133671 7532 126139 125788 1380 124408 124000 694 123306 441 122865 1564 722
is_linear=0
shrinkage=0.04


Tree=47
num_leaves=15
num_cat=0
split_feature=29 25 25 29 9 25 24 24 26 0 26 25 24 26
split_gain=0.0624743 0.0695232 0.0619268 0.102457 0.101607 0.0936047 0.0876642 0.09292 0.0819788 0.0738992 0.11421 0.177595 0.0798224 0.133069
threshold=0.0061157760210335263 0.05464595556259156 -0.056854695081710808 0.037610260769724853 1.1619554758071902 0.016363739967346195 -0.046456187963485711 -0.039460241794586175 0.095807075500488295 0.047083373601938365 -0.18670591711997983 -0.17631152272224423 -0.0034103095531463619 -0.032915353775024407
decision_type=2 2 2 2 8 2 2 2 2 2 2 2 2 2
left_child=1 -1 3 9 6 -6 -4 8 -8 10 -2 -12 -11 -14
right_child=2 -3 4 -5 5 -7 7 -9 -10 12 11 -13 13 -15
leaf_value=0.00020162747163046926 -0.00010138966153453935 5.4858155507541233e-07 -0.00025758962316073153 -0.00061669864018737267 0.0011127442904800629 9.3006544535652419e-05 0.00038858409537638889 -2.2679314547040061e-05 -0.00024149238142223486 -4.098536607442397e-05 0.0014168003531651468 0.00023774919142774563 0.00034709762753280099 -8.5921331332967782e-05
leaf_weight=5033 1564 6061 2483 352 234 365 1548 98043 416 10429 211 3917 2605 2007
leaf_count=5033 1564 6061 2483 352 234 365 1548 98043 416 10429 211 3917 2605 2007
internal_value=8.97391e-07 9.18215e-05 -7.22936e-06 5.52228e-05 -2.00049e-05 0.000497282 -2.30523e-05 -1.72165e-05 0.000254852 6.67765e-05 0.000189468 0.000299657 2.02984e-05 0.000158772
internal_weight=135268 11094 124174 21085 103089 599 102490 100007 1964 20733 5692 4128 15041 4612
internal_count=135268 11094 124174 21085 103089 599 102490 100007 1964 20733 5692 4128 15041 4612
is_linear=0
shrinkage=0.04


Tree=48
num_leaves=15
num_cat=0
split_feature=9 13 20 5 19 20 14 11 17 16 25 24 26 24
split_gain=0.0842571 0.111713 0.0676606 0.082272 0.0604733 0.0659622 0.0688429 0.0680703 0.0545423 0.051083 0.047441 0.124784 0.131331 0.0625942
threshold=1.1619554758071902 11.334959506988527 1.0000000180025095e-35 0.61399088145896663 0.90548121929168712 0.99999970197677623 0.56344410777091991 0.89847686886787426 -0.024254085496067997 0.25786861777305609 -0.17631152272224423 -0.081678479909896837 -0.23805382847785947 -0.047728687524795525
decision_type=8 10 2 2 2 2 10 10 2 10 2 2 2 2
left_child=2 8 3 -1 -4 6 10 -7 -2 -9 11 12 -6 -12
right_child=1 -3 4 -5 5 7 -8 9 -10 -11 13 -13 -14 -15
leaf_value=0.00094951603569368604 -0.00033608996898719417 0.0011081473512858644 0.00024614478560915819 0.00013457806374993594 4.4919078138076401e-05 8.8160202235449114e-05 0.00056671411015373548 -0.00041278526289678392 0.00035069860214701826 4.8635455108940576e-05 -0.00012114691375508551 -0.00018881591882741799 0.0014090915341623761 7.5216185454248266e-07
leaf_weight=236 266 238 1522 1130 218 995 334 1714 580 493 7137 444 230 119709
leaf_count=236 266 238 1522 1130 218 995 334 1714 580 493 7137 444 230 119709
internal_value=1.60374e-06 0.000352028 -1.24062e-06 0.000278322 -4.1267e-06 -7.03763e-06 -2.55078e-06 -0.000186217 0.000134052 -0.000309836 -4.06137e-06 0.000285814 0.000753098 -6.111e-06
internal_weight=135246 1084 134162 1366 132796 131274 128072 3202 846 2207 127738 892 448 126846
internal_count=135246 1084 134162 1366 132796 131274 128072 3202 846 2207 127738 892 448 126846
is_linear=0
shrinkage=0.04


Tree=49
num_leaves=15
num_cat=0
split_feature=29 9 0 29 29 24 28 29 25 27 26 27 24 29
split_gain=0.0715339 0.100607 0.0719855 0.0762495 0.203915 0.0696129 0.090241 0.0719175 0.21312 0.284558 0.110691 0.0832396 0.150396 0.0984982
threshold=0.017121853306889537 1.1619554758071902 0.073034855182434036 0.01912210509181023 0.019518224522471431 0.016434252262115482 0.26349928975105291 0.016386529430747036 -0.088967621326446519 -0.10120283439755438 -0.20028045773506162 -0.066020566970109926 -0.070907771587371812 0.012372260913252832
decision_type=2 8 2 2 2 2 2 2 2 2 2 2 2 2
left_child=1 5 3 -2 -5 7 -7 10 -9 -10 -1 12 13 -12
right_child=2 -3 -4 4 -6 6 -8 8 9 -11 11 -13 -14 -15
leaf_value=-0.00032127938600859092 -0.00022251921863096933 0.0004955351155532747 -0.00017040026683712707 0.0012053801527762713 3.6158916029466156e-05 0.00027656723353500814 -4.6714510618399743e-05 -0.00061883995489915838 0.0016332696643409155 0.00022179894244171654 -5.4437041530170484e-05 5.3829416789458033e-06 8.234087981006233e-05 0.0009675768498021316
leaf_weight=1487 1508 665 7680 250 3730 1423 42511 385 257 1809 212 58924 14134 514
leaf_count=1487 1508 665 7680 250 3730 1423 42511 385 257 1809 212 58924 14134 514
internal_value=-2.81627e-06 6.72126e-06 -9.13818e-05 1.92525e-05 0.000111023 4.02903e-06 -3.62133e-05 2.67777e-05 0.000239785 0.000400898 1.98262e-05 2.6722e-05 0.000111307 0.000670806
internal_weight=135489 122321 13168 5488 3980 121656 43934 77722 2451 2066 75271 73784 14860 726
internal_count=135489 122321 13168 5488 3980 121656 43934 77722 2451 2066 75271 73784 14860 726
is_linear=0
shrinkage=0.04


Tree=50
num_leaves=15
num_cat=0
split_feature=2 14 11 20 7 15 17 27 29 27 27 28 18 27
split_gain=0.0639515 0.104117 0.0592584 0.0459609 0.0659675 0.0453504 0.0428935 0.04793 0.075466 0.0904882 0.0688806 0.0601869 0.0731685 0.0687979
threshold=0.85944304668744231 -0.36946210265159601 3.9583840370178227 0.99999970197677623 0.26385217905044561 0.11111638695001604 -0.095277357846498476 -0.18797349184751508 0.018185480497777465 -0.12589230388402936 -0.19215866178274152 0.11525028198957445 0.0728275701403618 -0.17453986406326291
decision_type=2 10 8 2 2 10 2 2 2 2 2 2 2 2
left_child=1 -1 -3 4 6 -5 -2 10 11 -10 -8 12 -9 -13
right_child=3 2 -4 5 -6 -7 7 8 9 -11 -12 13 -14 -15
leaf_value=0.00089133997358971861 -0.00044736151296313482 2.8082065947367873e-05 0.0002407762964630836 -0.00027219411751827177 0.00056980935741800449 0.00012071319514170017 9.4245341945526314e-05 9.0708185163843771e-05 -0.0006018250547546682 -9.8650658470760664e-05 0.00083386409431313274 -0.00052375161995879115 0.00095204124974593751 -6.8564378995555143e-06
leaf_weight=227 357 33934 2229 2008 307 610 2545 527 631 5707 214 409 221 85066
leaf_count=227 357 33934 2229 2008 307 610 2545 527 631 5707 214 409 221 85066
internal_value=1.33262e-06 4.66482e-05 4.12235e-05 -1.53931e-05 -1.08781e-05 -0.00018059 -1.2771e-05 -1.112e-05 -1.60205e-05 -0.000149181 0.000153018 -6.22419e-06 0.000349825 -9.36029e-06
internal_weight=134992 36390 36163 98602 95984 2618 95677 95320 92561 6338 2759 86223 748 85475
internal_count=134992 36390 36163 98602 95984 2618 95677 95320 92561 6338 2759 86223 748 85475
is_linear=0
shrinkage=0.04


Tree=51
num_leaves=15
num_cat=0
split_feature=6 28 11 20 24 28 29 3 16 29 25 25 24 25
split_gain=0.0641361 0.0638161 0.0625708 0.0558453 0.0536399 0.0594943 0.0539218 0.0481808 0.049848 0.047977 0.046339 0.0459138 0.096535 0.0464128
threshold=0.044092193554212129 0.93665537238121044 7.05501413345337 0.16466859728097918 0.0236925482749939 0.75086793303489696 0.0061157760210335263 0.99796126378092409 0.28819048404693609 0.013060689438134434 0.0077388882637023934 0.14189743995666507 0.011342644691467287 -0.17631152272224423
decision_type=2 2 8 2 2 2 2 2 8 2 2 2 2 2
left_child=3 2 4 -1 5 6 -2 8 -6 -3 -9 13 -13 -8
right_child=1 9 -4 -5 7 -7 11 10 -10 -11 -12 12 -14 -15
leaf_value=0.00096001371464027644 0.00014176896859225348 0.00070290694738849361 0.00026774659953444343 0.00010264291198232517 -2.412322063825331e-05 -6.9138224874136064e-05 0.00030317155267485811 -0.00056861627017197667 -0.00026170219564079756 9.0446533046841185e-05 -0.0001321766475823937 -7.6640391282551293e-05 0.0010201553638703568 7.8683795381548817e-06
leaf_weight=200 5619 347 1351 302 30836 13216 856 481 1476 493 1982 303 217 77824
leaf_count=200 5619 347 1351 302 30836 13216 856 481 1476 493 1982 303 217 77824
internal_value=1.27533e-06 -4.11074e-07 -2.59353e-06 0.000450324 -5.35352e-06 9.78703e-06 2.2088e-05 -4.80318e-05 -3.50145e-05 0.000346113 -0.000218388 1.35886e-05 0.000386418 1.11002e-05
internal_weight=135503 135001 134161 502 132810 98035 84819 34775 32312 840 2463 79200 520 78680
internal_count=135503 135001 134161 502 132810 98035 84819 34775 32312 840 2463 79200 520 78680
is_linear=0
shrinkage=0.04


Tree=52
num_leaves=15
num_cat=0
split_feature=19 29 0 29 29 24 10 29 26 14 1 9 26 26
split_gain=0.0604161 0.0511999 0.0751596 0.0853463 0.161673 0.077111 0.0735997 0.0581387 0.169684 0.111312 0.0816694 0.0577073 0.0544996 0.214157
threshold=0.90548121929168712 0.017121853306889537 0.073919998997727179 0.01912210509181023 0.019518224522471431 -0.010195016860961912 -0.39474277198314661 0.018817811273038391 -0.089022725820541368 0.07948456704616548 0.96974460525860673 1.1619554758071902 -0.28179165720939631 -0.1821101903915405
decision_type=2 2 2 2 2 2 10 2 2 10 2 10 2 2
left_child=-1 6 3 5 -5 -3 -2 9 10 -4 -9 -8 -6 -14
right_child=1 2 7 4 12 -7 11 8 -10 -11 -12 -13 13 -15
leaf_value=0.00024908491525558172 0.00060967784008045831 -0.0005183741972833002 0.00017623104556549766 0.0010946621356499985 -0.00016936243041119019 3.6873974929250941e-05 3.1353411322211671e-06 -0.00044826595579915856 -0.00014940293238931807 -0.00030565224614397224 -0.0013633217399301463 0.00040206256266152183 0.001328733462862493 5.288769467020402e-05
leaf_weight=1553 318 716 1805 257 1099 898 120004 365 3705 1326 278 578 226 2378
leaf_count=1553 318 716 1805 257 1099 898 120004 365 3705 1326 278 578 226 2378
internal_value=1.43315e-06 -1.44722e-06 -7.66936e-05 3.44764e-05 0.000134374 -0.000210284 6.6796e-06 -0.000159515 -0.000254069 -2.80118e-05 -0.000851356 5.06416e-06 6.63411e-05 0.000165952
internal_weight=135506 133953 13053 5574 3960 1614 120900 7479 4348 3131 643 120582 3703 2604
internal_count=135506 133953 13053 5574 3960 1614 120900 7479 4348 3131 643 120582 3703 2604
is_linear=0
shrinkage=0.04


Tree=53
num_leaves=15
num_cat=0
split_feature=9 13 29 25 24 24 0 6 29 28 24 28 10 25
split_gain=0.0692916 0.0940842 0.0517486 0.0577259 0.0792264 0.0838472 0.0767927 0.137047 0.149288 0.100937 0.064252 0.125758 0.0736215 0.0616686
threshold=1.1619554758071902 11.334959506988527 0.0062246909365057954 -0.056854695081710808 -0.046456187963485711 -0.039460241794586175 0.047083373601938365 0.98369757803592905 0.02652646973729134 0.204688735306263 -0.0034103095531463619 0.1515188664197922 -0.14227762818336484 -0.090294063091278062
decision_type=8 10 2 2 2 2 2 2 2 2 2 2 10 2
left_child=2 -2 -1 6 -5 -6 7 -4 9 -9 12 -12 13 -8
right_child=1 -3 3 4 5 -7 10 8 -10 -11 11 -13 -14 -15
leaf_value=7.6359825286321045e-05 0.00012266708346844575 0.0010307890811411449 9.4431259110505693e-05 -0.00024388697815563905 0.00024384716857614442 -2.2488070177120194e-05 -0.00045101104548449027 0.0016540349019237139 -6.2859478011408724e-05 0.00053049356139677492 0.00064232974461745653 4.1612700061547185e-05 -7.9374663841627894e-06 0.00012047950864335024
leaf_weight=12059 851 228 5022 2527 1924 96721 1172 239 299 284 644 3965 8728 404
leaf_count=12059 851 228 5022 2527 1924 96721 1172 239 299 284 644 3965 8728 404
internal_value=-9.07179e-08 0.000318429 -2.66753e-06 -1.04863e-05 -2.29531e-05 -1.72813e-05 5.02691e-05 0.000173105 0.000650288 0.00105473 2.09094e-06 0.000126154 -5.3437e-05 -0.000304594
internal_weight=135067 1079 133988 121929 101172 98645 20757 5844 822 523 14913 4609 10304 1576
internal_count=135067 1079 133988 121929 101172 98645 20757 5844 822 523 14913 4609 10304 1576
is_linear=0
shrinkage=0.04


Tree=54
num_leaves=15
num_cat=0
split_feature=7 6 20 24 26 26 0 25 24 11 25 15 28 26
split_gain=0.0717988 0.0563956 0.0458746 0.0422121 0.0839905 0.0778729 0.121499 0.137245 0.0939 0.0721943 0.0706039 0.0697446 0.0690487 0.159851
threshold=0.27607434988021856 0.044092193554212129 0.16119361668825152 0.0060170888900756845 -0.18670591711997983 0.095807075500488295 0.047083373601938365 -0.17631152272224423 -0.056852579116821282 3.1732065677642827 -0.091509938240051256 -0.38565069437026972 0.1515188664197922 -0.28179165720939631
decision_type=2 2 2 2 2 2 2 2 2 10 2 8 2 2
left_child=1 2 -1 4 -3 6 7 -6 -7 11 -8 -9 -5 -14
right_child=-2 3 -4 12 5 8 10 9 -10 -11 -12 -13 13 -15
leaf_value=0.0008653882256833143 0.00032869157354469366 -0.00018769506341767168 9.8974756871762223e-05 0.0003081514974840024 0.0012068843907947547 -0.00080719526995380879 -0.00011813101997917416 -0.00056206020957877759 -2.9782252767670873e-05 0.00058422654097639462 4.9101625366345605e-05 0.00016174324513136825 0.00078526072537699434 -3.6393435079865712e-05
leaf_weight=207 1045 3023 308 965 209 247 4621 216 18434 630 31853 6021 376 67071
leaf_count=207 1045 3023 308 965 209 247 4621 216 18434 630 31853 6021 376 67071
internal_value=-7.90233e-07 -3.36838e-06 0.000412387 -4.98561e-06 1.80297e-05 2.80375e-05 5.73416e-05 0.000208969 -4.02744e-05 0.000177741 2.79011e-05 0.000136246 -2.69383e-05 -3.17551e-05
internal_weight=135226 134181 515 133666 65254 62231 43550 7076 18681 6867 36474 6237 68412 67447
internal_count=135226 134181 515 133666 65254 62231 43550 7076 18681 6867 36474 6237 68412 67447
is_linear=0
shrinkage=0.04


Tree=55
num_leaves=15
num_cat=0
split_feature=1 9 7 8 26 29 24 24 29 28 26 24 7 26
split_gain=0.0538874 0.0554605 0.0541925 0.0514607 0.0672675 0.0448967 0.0764414 0.0603151 0.0792447 0.0415685 0.0407937 0.0495841 0.0586934 0.0404592
threshold=0.96333593343733759 1.1619554758071902 -1.0000000180025095e-35 0.0060062119737267503 -0.1821101903915405 0.017121853306889537 -0.03004515171051025 -0.013850778341293333 0.018817811273038391 0.93665537238121044 -0.031639277935028069 -0.11047667264938353 -0.11488771811127661 -0.20028045773506162
decision_type=2 8 2 8 2 2 2 2 2 2 2 2 2 2
left_child=1 3 -3 4 -1 -2 10 8 -8 -5 11 -7 -13 -9
right_child=5 2 -4 9 -6 6 7 13 -10 -11 -12 12 -14 -15
leaf_value=-0.0001243032484218038 -1.7434329593993197e-05 3.5048555474747546e-05 0.00072006895428358556 -2.1185270545428475e-06 9.856179348549505e-05 0.00052115153769652053 -0.00012449312135314857 0.00014458499263980958 -0.00097531605764136959 0.00033660036008148334 0.00059305936533787437 -0.00060177238461060019 0.00021683111151190519 -0.00020906795732059339
leaf_weight=2446 43433 383 353 64014 18730 220 350 622 349 580 263 268 284 2990
leaf_count=2446 43433 383 353 64014 18730 220 350 622 349 580 263 268 284 2990
internal_value=2.71168e-06 2.16684e-05 0.00036624 1.86904e-05 7.27958e-05 -3.09055e-05 -0.000140232 -0.00021431 -0.000553206 9.48702e-07 0.000167865 2.0128e-05 -0.000182441 -0.000148052
internal_weight=135285 86506 736 85770 21176 48779 5346 4311 699 64594 1035 772 552 3612
internal_count=135285 86506 736 85770 21176 48779 5346 4311 699 64594 1035 772 552 3612
is_linear=0
shrinkage=0.04


Tree=56
num_leaves=15
num_cat=0
split_feature=6 3 28 27 28 24 5 17 11 7 2 18 25 7
split_gain=0.0531223 0.0469135 0.042858 0.0623434 0.0851891 0.0395926 0.0395396 0.0536951 0.0472882 0.0463976 0.0459114 0.0480673 0.0362193 0.0347027
threshold=0.044092193554212129 0.23454107381062031 0.93665537238121044 0.34675931930541998 0.90425053238868724 0.040646612644195564 0.99743397837331849 -0.095277357846498476 3.9583840370178227 0.15327924489974978 0.8209797606643302 1.0000000180025095e-35 0.13560229539871219 -0.056866567581892007
decision_type=2 2 2 2 2 2 2 2 8 2 2 2 2 2
left_child=1 -1 3 4 6 -4 7 -2 -9 13 -8 -12 -7 -10
right_child=2 -3 5 -5 -6 12 10 8 9 -11 11 -13 -14 -15
leaf_value=7.4625945592862364e-05 -0.0004366397013961991 0.0008556763128515244 0.00071323104839636161 -0.00012424161463674577 0.00060241056536857374 0.00046559390453603905 0.00029346780308151855 2.5597039813824245e-06 0.000306858060106403 0.00051561783536805534 -0.00039116096097843522 -5.7809094965658399e-05 -0.00015179809905295198 3.1175518806872909e-05
leaf_weight=292 431 209 235 6849 369 256 561 105333 927 450 721 14925 360 3387
leaf_count=292 431 209 235 6849 369 256 561 105333 927 450 721 14925 360 3387
internal_value=-3.39257e-06 0.000405689 -4.92791e-06 -6.73059e-06 -3.93866e-07 0.000277207 -2.17268e-06 6.38365e-06 8.13772e-06 0.000131337 -6.05089e-05 -7.32907e-05 0.000106463 9.07013e-05
internal_weight=135305 501 134804 133953 127104 851 126735 110528 110097 4764 16207 15646 616 4314
internal_count=135305 501 134804 133953 127104 851 126735 110528 110097 4764 16207 15646 616 4314
is_linear=0
shrinkage=0.04


Tree=57
num_leaves=15
num_cat=0
split_feature=7 24 25 20 16 26 24 11 8 0 29 1 25 29
split_gain=0.0516375 0.0467514 0.0751413 0.0575475 0.0558346 0.0601292 0.0739458 0.0507506 0.0499589 0.0552155 0.0880289 0.10009 0.0864492 0.0743858
threshold=0.32652848958969122 0.0070957541465759286 0.14848619699478152 0.99999970197677623 0.40566360950469976 -0.18670591711997983 -0.0049621760845184317 1.0816997885704043 0.0089413779787719267 0.050295851695201191 0.018817811273038391 0.97675169276502471 -0.11200097203254698 0.016544273123145107
decision_type=2 2 2 2 8 2 2 10 8 2 2 2 2 2
left_child=1 2 4 -3 5 6 -1 -5 9 -7 12 -12 -11 -14
right_child=-2 3 -4 7 -6 8 -8 -9 -10 10 11 -13 13 -15
leaf_value=-0.00021300298516767466 0.00039128931859407751 -1.8238433833309917e-05 -0.00038148940732576632 1.6939302561854485e-05 0.00026158417312389579 0.0001754853695887934 0.00057192058672516602 -0.00038022669057013059 4.3164090793750055e-06 -0.0002807185227559986 -7.0396904860343238e-05 -0.00094717125633632957 5.7174627917407575e-05 0.00036561498776232457
leaf_weight=2690 533 64892 725 836 1574 6623 202 1333 42073 1063 724 288 10071 1424
leaf_count=2690 533 64892 725 836 1574 6623 202 1333 42073 1063 724 288 10071 1424
internal_value=1.9211e-07 -1.37202e-06 2.21391e-05 -2.50219e-05 2.65525e-05 2.08553e-05 -0.000157285 -0.00022746 2.91412e-05 8.08508e-05 3.46157e-05 -0.000323344 6.35794e-05 9.55266e-05
internal_weight=135051 134518 67457 67061 66732 65158 2892 2169 62266 20193 13570 1012 12558 11495
internal_count=135051 134518 67457 67061 66732 65158 2892 2169 62266 20193 13570 1012 12558 11495
is_linear=0
shrinkage=0.04


Tree=58
num_leaves=15
num_cat=0
split_feature=9 13 26 26 21 17 26 25 24 29 26 26 26 24
split_gain=0.0548112 0.122212 0.0599877 0.060378 0.0672125 0.0501407 0.0634396 0.0522084 0.148075 0.0465784 0.071658 0.0639386 0.157362 0.102096
threshold=1.057488799095154 27.414090156555179 -0.29945361614227289 1.0000000180025095e-35 -0.3000000044703483 -0.095277357846498476 -0.032915353775024407 -0.17631152272224423 -0.081678479909896837 0.02316367439925671 0.034915924072265632 -0.28179165720939631 -0.23805382847785947 0.0067917704582214364
decision_type=8 10 2 2 2 2 2 2 2 2 2 2 2 2
left_child=5 2 -2 4 -4 6 -1 8 -7 11 -11 13 -13 -9
right_child=1 -3 3 -5 -6 7 -8 9 -10 10 -12 12 -14 -15
leaf_value=-0.00086363209531031208 -0.00045716955937471582 0.00096386213472428144 1.4629401497275954e-05 -0.00012871329944193604 0.00068466808351946092 0.0008592031572106076 8.4966615644266197e-05 3.9696637786964627e-05 -0.00022029330826182737 -0.00034707975296062286 0.00030376672784245988 -0.00076291548222925693 -8.4458516879151959e-07 0.0010660183524456004
leaf_weight=238 277 285 446 627 513 400 209 469 405 1320 336 430 129230 227
leaf_count=238 277 285 446 627 513 400 209 469 405 1320 336 430 129230 227
internal_value=-2.56226e-07 0.000199957 8.08283e-05 0.000175933 0.000374747 -3.49072e-06 -0.00042407 -2.05933e-06 0.000318095 -4.02359e-06 -0.000214507 -1.34155e-06 -3.40121e-06 0.000379647
internal_weight=135412 2148 1863 1586 959 133264 447 132817 805 132012 1656 130356 129660 696
internal_count=135412 2148 1863 1586 959 133264 447 132817 805 132012 1656 130356 129660 696
is_linear=0
shrinkage=0.04


Tree=59
num_leaves=15
num_cat=0
split_feature=13 28 27 28 29 29 28 5 14 27 25 26 27 26
split_gain=0.051569 0.046151 0.0795976 0.0778995 0.0510769 0.0430001 0.055997 0.0584971 0.0629687 0.0520774 0.0431646 0.0821934 0.0932844 0.164765
threshold=64.320308685302749 0.93665537238121044 0.34675931930541998 0.90425053238868724 0.012793232686817648 0.0096040805801749247 0.52310675382614147 0.3151528015748048 -0.007070353487506508 0.32169324159622198 -0.056854695081710808 -0.20028045773506162 -0.096891552209854112 -0.11437126994132994
decision_type=10 2 2 2 2 2 2 2 10 2 2 2 2 2
left_child=1 2 3 5 -3 6 7 8 -1 -8 11 -7 13 -13
right_child=-2 4 -4 -5 -6 10 9 -9 -10 -11 -12 12 -14 -15
leaf_value=0.0010006131886634417 0.00038960437384313548 0.00070915956000690641 -0.0001356564318857257 0.0005819588507618254 6.0925245266442366e-05 -0.00018885632298718113 -4.7473637937047627e-06 7.0726607745478292e-05 0.00020590854809249653 0.00035279632706671312 -3.6728492245625823e-05 5.2388747053315097e-05 -1.5935227673786561e-06 0.00054195800430582365
leaf_weight=212 537 298 6882 367 546 2237 38561 16985 617 658 52584 3399 9650 1622
leaf_count=212 537 298 6882 367 546 2237 38561 16985 617 658 52584 3399 9650 1622
internal_value=2.16668e-07 -1.35104e-06 -3.21669e-06 3.97125e-06 0.000292633 2.2718e-06 2.80106e-05 8.68092e-05 0.000413919 1.29556e-06 -1.88529e-05 3.67348e-05 7.1185e-05 0.000210923
internal_weight=135155 134618 133774 126892 844 126525 57033 17814 829 39219 69492 16908 14671 5021
internal_count=135155 134618 133774 126892 844 126525 57033 17814 829 39219 69492 16908 14671 5021
is_linear=0
shrinkage=0.04


Tree=60
num_leaves=15
num_cat=0
split_feature=20 18 7 4 27 27 24 20 16 28 27 27 25 25
split_gain=0.0499058 0.0693056 0.0490685 0.0469307 0.0440051 0.0507434 0.0418544 0.0638819 0.0587846 0.0576826 0.150135 0.067534 0.0826776 0.077925
threshold=1.0000000180025095e-35 0.019329972565174106 0.27607434988021856 0.82994422207963725 -0.066020566970109926 0.068571712821722045 0.0070957541465759286 0.99999970197677623 0.4485116600990296 0.1515188664197922 -0.23155380040407178 -0.18797349184751508 0.038861274719238288 -0.016963034868240353
decision_type=2 2 2 2 2 2 2 2 8 2 2 2 2 2
left_child=1 3 6 -1 -4 -6 -2 9 -9 10 -8 12 13 -11
right_child=2 -3 4 -5 5 -7 7 8 -10 11 -12 -13 -14 -15
leaf_value=0.00094728006999489594 1.7085146122983911e-05 -1.8508146401161955e-05 0.00078118229881987071 0.00024736789447290077 -0.0003478335337031905 0.00033456252678258717 -0.00039792796661898208 -9.4167152053905038e-05 -0.00054350635426974789 0.00044324399621072167 0.00067303444728856229 -3.0097167843368307e-05 0.00099932670833667342 -0.00047181590539600859
leaf_weight=264 66172 773 209 368 241 596 320 1389 698 385 587 62623 214 236
leaf_count=264 66172 773 209 368 241 596 320 1389 698 385 587 62623 214 236
internal_value=-7.78432e-07 0.000235948 -3.27539e-06 0.000544877 0.000268961 0.000137179 -5.43257e-06 -2.7855e-05 -0.000245389 -2.07831e-05 0.000295077 -2.53205e-05 0.000330964 9.45008e-05
internal_weight=135075 1405 133670 632 1046 837 132624 66452 2087 64365 907 63458 835 621
internal_count=135075 1405 133670 632 1046 837 132624 66452 2087 64365 907 63458 835 621
is_linear=0
shrinkage=0.04


Tree=61
num_leaves=15
num_cat=0
split_feature=20 18 29 28 28 28 3 9 19 20 8 9 13 16
split_gain=0.0542145 0.0881504 0.0473927 0.0558023 0.0997385 0.0487143 0.0471812 0.0411367 0.038255 0.0430773 0.0612725 0.0475239 0.0433689 0.0657091
threshold=1.0000000180025095e-35 0.006369946990162135 0.0061157760210335263 0.5846763849258424 0.5704183578491212 0.83732259273529064 0.84834507388577818 0.79867005348205578 0.90548121929168712 0.99999970197677623 0.79370558261871349 0.52837237715721141 1.6667000055313113 0.25786861777305609
decision_type=2 2 2 2 2 2 2 10 2 2 8 10 10 10
left_child=1 6 3 4 7 -5 -1 -2 -4 10 -10 -12 -11 -14
right_child=2 -3 8 5 -6 -7 -8 -9 9 12 11 -13 13 -15
leaf_value=0.00093657681083049525 0.00011203830331942765 -5.3574582457792161e-06 0.0001878713628570151 -2.0671239893444382e-05 0.0010177604702356711 0.00031850704462165559 0.00018568593818572442 0.00065912163920527653 -1.1213533734167817e-05 2.5896588733689916e-05 0.00081072241854613703 9.6588300412332764e-05 -0.00042518088653385343 0.00014167532017658367
leaf_weight=330 3119 890 1533 6675 222 749 228 232 117751 1162 247 369 1346 429
leaf_count=330 3119 890 1533 6675 222 749 228 232 117751 1162 247 369 1346 429
internal_value=-6.08003e-07 0.000242411 -3.24627e-06 7.62881e-05 0.000206051 1.37395e-05 0.000634135 0.00015084 -1.03694e-05 -1.28824e-05 -9.12407e-06 0.00038716 -0.000164076 -0.000288164
internal_weight=135282 1448 133834 10997 3573 7424 558 3351 122837 121304 118367 616 2937 1775
internal_count=135282 1448 133834 10997 3573 7424 558 3351 122837 121304 118367 616 2937 1775
is_linear=0
shrinkage=0.04


Tree=62
num_leaves=15
num_cat=0
split_feature=28 27 28 24 25 13 9 17 25 24 24 26 27 26
split_gain=0.0495324 0.0631648 0.0682649 0.0484585 0.0455874 0.0440088 0.0924401 0.0485603 0.0452411 0.124435 0.0603228 0.0931515 0.0894594 0.127042
threshold=0.93665537238121044 0.34675931930541998 0.90425053238868724 0.040646612644195564 0.13560229539871219 14.423539161682131 1.1619554758071902 -0.095277357846498476 -0.17631152272224423 -0.081678479909896837 -0.047728687524795525 -0.21236950159072873 -0.080943975597619996 -0.10347020626068114
decision_type=2 2 2 2 2 8 8 2 2 2 2 2 2 2
left_child=1 2 5 -2 -5 7 -7 -1 9 -9 11 -10 13 -13
right_child=3 -3 -4 4 -6 6 -8 8 10 -11 -12 12 -14 -15
leaf_value=-0.00042004314181867897 0.00076532247590648699 -0.00012008299975954806 0.00053879504960886065 0.00049781293336832971 -0.00020485464372108083 7.461289760572412e-05 0.00083577517581378093 0.00077710283473016021 -0.00073228285050204889 -0.00012226916695785939 4.3834132517672756e-06 -8.116051640339623e-05 -0.00018737399600592461 0.00055869068762544414
leaf_weight=438 251 6813 377 259 331 5866 262 429 367 566 112732 1572 4396 720
leaf_count=438 251 6813 377 259 331 5866 262 429 367 566 112732 1572 4396 720
internal_value=4.60699e-07 -1.45784e-06 4.87421e-06 0.000305572 0.000105196 3.27251e-06 0.000107811 -2.01642e-06 -4.83179e-07 0.000267447 -2.71979e-06 -0.000116145 -8.18127e-05 0.000120618
internal_weight=135379 134538 127725 841 590 127348 6128 121220 120782 995 119787 7055 6688 2292
internal_count=135379 134538 127725 841 590 127348 6128 121220 120782 995 119787 7055 6688 2292
is_linear=0
shrinkage=0.04


Tree=63
num_leaves=15
num_cat=0
split_feature=6 28 24 25 27 28 11 9 28 0 15 8 27 24
split_gain=0.0434158 0.0344498 0.0463583 0.0452268 0.0427986 0.0662273 0.0358018 0.0853218 0.0489801 0.0426525 0.0335491 0.0493568 0.0482125 0.0682096
threshold=0.044092193554212129 0.93665537238121044 0.040646612644195564 0.13560229539871219 0.34675931930541998 0.90425053238868724 3.9583840370178227 1.057488799095154 0.19857834279537204 0.047083373601938365 -0.38565069437026972 -0.49906679987907404 -0.18797349184751508 0.063513040542602553
decision_type=2 2 2 2 2 2 8 8 2 2 10 10 2 2
left_child=-1 4 -3 -4 5 6 10 8 9 -8 11 -2 13 -12
right_child=1 2 3 -5 -6 -7 7 -9 -10 -11 12 -13 -14 -15
leaf_value=0.00035469101271767129 -0.00058698469158820297 0.00070421189661411688 0.00046950351405290091 -0.00023047551717341773 -9.9801484686314794e-05 0.00054088570742249131 0.00081987006427711976 0.00048997286394899869 -2.8904023274582685e-06 6.9992858383312838e-05 9.284434252724632e-05 -6.9989557743884372e-05 -5.3453642446647811e-06 0.00076158305884468664
leaf_weight=547 362 250 247 352 6843 360 222 767 4530 263 3600 1525 115279 257
leaf_count=547 362 250 247 352 6843 360 222 767 4530 263 3600 1525 115279 257
internal_value=6.71279e-07 -7.77774e-07 0.00025247 5.96608e-05 -2.39157e-06 2.85397e-06 1.30523e-06 9.85e-05 3.81993e-05 0.000418099 -3.34223e-06 -0.000170458 -6.8823e-07 0.000138332
internal_weight=135404 134857 849 599 134008 127165 126805 5782 5015 485 121023 1887 119136 3857
internal_count=135404 134857 849 599 134008 127165 126805 5782 5015 485 121023 1887 119136 3857
is_linear=0
shrinkage=0.04


Tree=64
num_leaves=15
num_cat=0
split_feature=20 18 1 7 29 10 25 24 28 7 27 27 24 8
split_gain=0.0457515 0.0676612 0.055446 0.041863 0.0380935 0.064578 0.0431958 0.0828258 0.112107 0.0661481 0.0442259 0.0818798 0.182787 0.06327
threshold=1.0000000180025095e-35 0.006369946990162135 0.47969892161829636 0.27607434988021856 0.0096040805801749247 -0.039647696539759629 -0.17631152272224423 -0.081678479909896837 0.034523651003837592 -0.18152107298374173 -0.21585970371961591 -0.18797349184751508 0.03792917728424073 -0.22462338954210279
decision_type=2 2 2 2 2 10 2 2 2 2 2 2 2 8
left_child=1 2 -1 4 5 -2 7 8 -6 -8 13 12 -12 -11
right_child=3 -3 -4 -5 6 -7 9 -9 -10 10 11 -13 -14 -15
leaf_value=0.0010971281506902159 0.00018154300108035634 1.014486196753728e-05 0.00025338602413210932 0.00025085038424116346 5.7302635902869361e-06 8.4773225047872922e-06 -0.00055896852038589732 -9.9842829683135885e-05 0.001220881294194655 -0.00084209637321448815 9.1198558979695366e-05 -2.8950863832906941e-05 0.0012536641490484071 -0.00011040543832877586
leaf_weight=201 3670 873 326 1030 243 56284 368 559 238 242 2058 68134 237 815
leaf_count=201 3670 873 326 1030 243 56284 368 559 238 242 2058 68134 237 815
internal_value=-1.74657e-07 0.000226894 0.00058248 -2.55757e-06 -4.53166e-06 1.90856e-05 -2.39564e-05 0.000231372 0.000613365 -2.76678e-05 -2.48938e-05 -2.1029e-05 0.000213708 -0.000281102
internal_weight=135278 1400 527 133878 132848 59954 72894 1040 481 71854 71486 70429 2295 1057
internal_count=135278 1400 527 133878 132848 59954 72894 1040 481 71854 71486 70429 2295 1057
is_linear=0
shrinkage=0.04


Tree=65
num_leaves=15
num_cat=0
split_feature=29 9 24 28 27 27 24 29 24 25 27 26 26 24
split_gain=0.0425085 0.0557757 0.039038 0.0694387 0.128294 0.110938 0.0806469 0.0733103 0.0641809 0.0639436 0.0896898 0.0801986 0.0595754 0.0892375
threshold=0.0063115472439676532 0.87787395715713512 0.017914831638336185 0.21080951392650607 -0.21585970371961591 -0.087470550090074525 0.03792917728424073 0.017241463996469978 0.024792611598968509 0.16835743188858035 0.24513230472803119 -0.17205300927162168 -0.11918014287948607 -0.11047667264938353
decision_type=2 10 2 2 2 2 2 2 2 2 2 2 2 2
left_child=1 -1 12 4 -4 6 8 -7 -6 11 -11 -5 13 -2
right_child=2 -3 3 9 5 7 -8 -9 -10 10 -12 -13 -14 -15
leaf_value=5.3733955245715423e-05 0.00052629197455624963 0.00053688767646097144 -0.0004138785367339494 -0.00047650498246069151 0.0007173292655667182 0.00041348812583300027 0.0011583773347719907 -0.0005216956784949181 -0.00017291979660711315 0.00057531123228799668 -3.0955683738476296e-05 -5.1503302088727749e-05 2.2881358775927529e-05 -0.0001012365253500283
leaf_weight=12972 371 389 409 719 315 256 327 271 215 614 1056 38104 69091 10214
leaf_count=12972 371 389 409 719 315 256 327 271 215 614 1056 38104 69091 10214
internal_value=2.76477e-07 6.79964e-05 -7.14475e-06 -3.82063e-05 0.000205045 0.000388781 0.000668311 -6.77963e-05 0.00035795 -4.90013e-05 0.000192999 -5.94347e-05 9.34175e-06 -7.90038e-05
internal_weight=135323 13361 121962 42286 1793 1384 857 527 530 40493 1670 38823 79676 10585
internal_count=135323 13361 121962 42286 1793 1384 857 527 530 40493 1670 38823 79676 10585
is_linear=0
shrinkage=0.04


Tree=66
num_leaves=15
num_cat=0
split_feature=13 25 29 10 16 24 24 26 29 24 26 11 29 29
split_gain=0.0427187 0.0379957 0.0596632 0.0920514 0.0657074 0.0570882 0.0830643 0.0809513 0.0537508 0.0514465 0.0526896 0.0636521 0.0635632 0.0747759
threshold=42.854726791381843 -0.056854695081710808 0.028186978772282604 -0.39474277198314661 -0.32592995464801783 -0.046456187963485711 -0.039460241794586175 0.11600118875503541 0.010367095470428469 0.044291853904724128 0.041829884052276618 2.2393723726272587 0.011349804233759643 0.014091147109866144
decision_type=10 2 2 8 8 2 2 2 2 2 2 8 2 2
left_child=1 2 3 -1 -5 -3 7 8 -7 10 11 -6 -13 -14
right_child=-2 5 -4 4 9 6 -8 -9 -10 -11 -12 12 13 -15
leaf_value=0.00071586057716832227 0.00025557626680906685 -0.0001946727121768577 -0.00033865852244500776 -0.00019622803143653361 4.4275361646286545e-05 -5.8853770501255138e-05 -8.3196340790362653e-06 -0.00033525027006593537 0.000494343477352121 0.00040026943576102446 -0.00020652248132704902 1.9305857261551462e-05 0.00087670419693596261 0.00024512327266950669
leaf_weight=334 1059 2558 607 1578 14217 361 108845 306 1248 730 1118 989 427 1002
leaf_count=334 1059 2558 607 1578 14217 361 108845 306 1248 730 1118 989 427 1002
internal_value=3.12087e-06 1.12103e-06 5.05313e-05 6.21946e-05 5.11359e-05 -8.03834e-06 -3.71943e-06 0.000257088 0.000370429 7.23022e-05 5.87073e-05 7.65895e-05 0.000266102 0.000436245
internal_weight=135379 134320 21002 20395 20061 113318 110760 1915 1609 18483 17753 16635 2418 1429
internal_count=135379 134320 21002 20395 20061 113318 110760 1915 1609 18483 17753 16635 2418 1429
is_linear=0
shrinkage=0.04


Tree=67
num_leaves=15
num_cat=0
split_feature=29 28 28 17 20 3 28 27 28 27 28 29 27 24
split_gain=0.0422903 0.0617165 0.0959045 0.0473624 0.0577156 0.0563201 0.0450243 0.0410806 0.0409431 0.0560796 0.0763641 0.0425669 0.038458 0.0901891
threshold=0.0061157760210335263 0.5846763849258424 0.5704183578491212 -0.095277357846498476 1.0000000180025095e-35 0.94382500597657193 0.83732259273529064 -0.10987941548228262 0.93665537238121044 0.34675931930541998 0.90425053238868724 0.012793232686817648 -0.18797349184751508 -0.11047667264938353
decision_type=2 2 2 2 2 2 2 2 2 2 2 2 2 2
left_child=1 2 7 -2 5 -5 -3 -1 9 10 12 -10 13 -6
right_child=3 6 -4 4 8 -7 -8 -9 11 -11 -12 -13 -14 -15
leaf_value=0.00065654234525674776 -0.00039529776210179125 -2.5542618716189685e-05 0.00098946526621949819 0.00046352289709937071 0.00080265065437249306 -6.4608025282134949e-05 0.00029800747125780918 0.00011640401031853058 0.00063142562695420602 -0.00012331953556929769 0.00058272772509898032 4.8076508796544046e-05 -1.0470338010332161e-05 6.2216018215190683e-05
leaf_weight=238 496 6614 231 811 275 533 763 3166 316 6647 349 534 109707 4413
leaf_count=238 496 6614 231 811 275 533 763 3166 316 6647 349 534 109707 4413
internal_value=-4.96965e-07 7.46096e-05 0.000209388 -7.1653e-06 -5.59162e-06 0.000254615 8.10121e-06 0.000155077 -8.46281e-06 -1.04052e-05 -3.85906e-06 0.000267369 -5.67403e-06 0.000106459
internal_weight=135093 11012 3635 124081 123585 1344 7377 3404 122241 121391 114744 850 114395 4688
internal_count=135093 11012 3635 124081 123585 1344 7377 3404 122241 121391 114744 850 114395 4688
is_linear=0
shrinkage=0.04


Tree=68
num_leaves=15
num_cat=0
split_feature=1 13 9 20 18 8 26 24 26 15 25 14 25 25
split_gain=0.0446499 0.0474672 0.0583703 0.0352167 0.0607058 0.0334224 0.0433722 0.057022 0.0342426 0.0331083 0.0537513 0.0443499 0.0385942 0.0608395
threshold=0.92908083976152145 23.191226005554203 1.057488799095154 1.0000000180025095e-35 0.006369946990162135 0.016257185488939289 -0.1821101903915405 0.011078834533691408 -0.20028045773506162 -0.41815017163753504 -0.28400108218193049 -0.14218279719352719 -0.11200097203254698 -0.10699832439422606
decision_type=2 8 8 2 2 10 2 2 2 8 2 10 2 2
left_child=1 3 -3 4 -1 6 7 -5 -9 11 -11 -2 -12 -14
right_child=9 2 -4 5 -6 -7 -8 8 -10 10 12 -13 13 -15
leaf_value=0.00065282946551747966 -0.000696199669516628 0.0001195274485601909 0.00070610907251392695 -0.00024379263647860105 -3.6205164922596945e-05 -5.0545688121892058e-06 8.2643774256547508e-05 0.00049444847339960715 -0.00011617245279827248 0.00059809510834319172 -0.00024077277542706931 -8.4965302113315536e-05 0.00061347403382348788 -2.0664942849610598e-05
leaf_weight=368 262 2437 301 1485 452 48208 15395 322 264 219 1267 664 238 63361
leaf_count=368 262 2437 301 1485 452 48208 15395 322 264 219 1267 664 238 63361
internal_value=-3.27405e-07 2.21141e-05 0.000185182 1.53861e-05 0.000275103 1.21226e-05 5.95213e-05 -0.000112147 0.000220701 -2.38639e-05 -2.04743e-05 -0.000260717 -2.26086e-05 -1.82438e-05
internal_weight=135243 69232 2738 66494 820 65674 17466 2071 586 66011 65085 926 64866 63599
internal_count=135243 69232 2738 66494 820 65674 17466 2071 586 66011 65085 926 64866 63599
is_linear=0
shrinkage=0.04


Tree=69
num_leaves=15
num_cat=0
split_feature=19 20 18 19 0 6 7 18 8 15 1 28 0 24
split_gain=0.0448717 0.0376728 0.0622243 0.0359015 0.0641542 0.0758061 0.0386805 0.0374276 0.0372364 0.0364791 0.0349789 0.0341639 0.0587195 0.0571742
threshold=0.90548121929168712 1.0000000180025095e-35 0.006369946990162135 1.0609188079833987 0.048334546810439645 0.98199746324878001 -0.15947090089321134 0.053999749943614013 0.36255449056625372 -0.38565069437026972 0.4425906306583966 0.72366181015968334 0.050472641487470445 0.021419644355773929
decision_type=2 2 2 2 2 2 2 2 10 10 2 2 2 2
left_child=-1 2 10 7 5 9 -6 8 -3 -5 -2 12 13 -9
right_child=1 3 -4 4 6 -7 -8 11 -10 -11 -12 -13 -14 -15
leaf_value=0.00020802963976903824 0.0009459078656990365 -1.0859751328593911e-05 -9.9730638085332295e-06 -0.00056025669963186793 -0.00057352982827818348 0.00056618993307580546 -0.00017163427081527517 0.00019022170576184943 -0.0001206745948627907 3.1209810137306705e-05 0.00027955641628491429 -4.6625272804975084e-05 1.211489554752403e-05 -5.8076465307407192e-05
leaf_weight=1593 202 88117 870 206 471 382 2011 6905 5229 795 339 7144 19184 1887
leaf_count=1593 202 88117 870 206 471 382 2011 6905 5229 795 339 7144 19184 1887
internal_value=-2.67744e-06 -5.19485e-06 0.000200031 -7.39058e-06 -0.000127428 9.06839e-05 -0.0002489 -3.77434e-06 -1.70174e-05 -9.26902e-05 0.000534744 3.14221e-05 5.13571e-05 0.000136928
internal_weight=135335 133742 1411 132331 3865 1383 2482 128466 93346 1001 541 35120 27976 8792
internal_count=135335 133742 1411 132331 3865 1383 2482 128466 93346 1001 541 35120 27976 8792
is_linear=0
shrinkage=0.04


Tree=70
num_leaves=15
num_cat=0
split_feature=1 9 22 28 27 28 29 29 27 27 27 26 17 25
split_gain=0.0419317 0.0436999 0.0405987 0.0349347 0.0484149 0.0609291 0.0405799 0.0328355 0.0955804 0.187253 0.137947 0.115423 0.074931 0.0567482
threshold=0.11154032679250915 1.057488799095154 -0.50000001490116108 0.93665537238121044 0.34675931930541998 0.90425053238868724 0.012793232686817648 0.017976230010390285 -0.17453986406326291 -0.14241890609264371 -0.19737499207258222 -0.1821101903915405 0.038121823221445091 -0.056854695081710808
decision_type=2 10 2 2 2 2 2 2 2 2 2 2 2 2
left_child=1 2 -1 4 5 7 -5 13 10 -10 12 -11 -9 -2
right_child=3 -3 -4 6 -6 -7 -8 8 9 11 -12 -13 -14 -15
leaf_value=0.000377021885144418 7.7858426305477517e-05 0.00057702265363702456 1.0111782877538172e-05 0.00060456815947999821 -0.00010982148346461118 0.00051178974308636145 3.5013503931885619e-05 -7.6321050467693721e-05 -0.0011838601935052363 -0.0010136090499070411 0.00089352672472596171 -7.1902284462837539e-05 0.00065256323638296213 -6.2453202182272789e-06
leaf_weight=617 14743 329 2153 318 6774 366 528 1585 257 209 345 7817 258 99025
leaf_count=617 14743 329 2153 318 6774 366 528 1585 257 209 345 7817 258 99025
internal_value=-6.52684e-07 0.00014467 9.23708e-05 -4.06399e-06 -5.7185e-06 -5.48861e-08 0.000251396 -1.58328e-06 -6.93485e-05 -0.000131456 0.00016553 -9.70405e-05 2.72044e-05 4.65648e-06
internal_weight=135324 3099 2770 132225 131379 124605 846 124239 10471 8283 2188 8026 1843 113768
internal_count=135324 3099 2770 132225 131379 124605 846 124239 10471 8283 2188 8026 1843 113768
is_linear=0
shrinkage=0.04


Tree=71
num_leaves=15
num_cat=0
split_feature=29 9 17 18 19 18 23 24 25 6 25 28 1 25
split_gain=0.049461 0.0557295 0.0370806 0.0397076 0.0329833 0.0669868 0.0412408 0.0455682 0.0502559 0.0438423 0.0405333 0.0348782 0.0332597 0.031421
threshold=0.0062246909365057954 0.87787395715713512 -0.095277357846498476 0.12002437934279443 1.0100242495536806 0.006369946990162135 -0.70992398262023915 -0.047728687524795525 -0.17631152272224423 0.087218067026731516 -0.020129054784774777 0.48691408336162573 0.4425906306583966 0.05464595556259156
decision_type=2 10 2 2 2 2 2 2 2 2 2 2 2 2
left_child=1 13 -2 4 -4 12 7 8 -7 -9 11 -8 -6 -1
right_child=2 -3 3 -5 5 6 10 9 -10 -11 -12 -13 -14 -15
leaf_value=0.00012995689412309401 -0.00034987276960073008 0.00056687555658396511 -2.5873834723081577e-05 0.00013395745325260725 0.0008259093126658703 0.00038325858798218961 9.5155849220012853e-05 0.00055435695222989063 -0.00024246881100720844 -2.0006830358635327e-05 4.1021742311195203e-06 0.00052216219374948071 0.00021696596948843282 -1.0582123460738098e-06
leaf_weight=5495 505 353 82397 3065 212 219 8391 213 2534 8640 16469 313 440 6265
leaf_count=5495 505 353 82397 3065 212 219 8391 213 2534 8640 16469 313 440 6265
internal_value=-1.93138e-06 7.51831e-05 -9.50383e-06 -8.09099e-06 -1.17298e-05 1.94048e-05 1.22517e-05 -5.01152e-05 -0.000192088 -5.88273e-06 4.10102e-05 0.000110802 0.000419745 6.01894e-05
internal_weight=135511 12113 123398 122893 119828 37431 36779 11606 2753 8853 25173 8704 652 11760
internal_count=135511 12113 123398 122893 119828 37431 36779 11606 2753 8853 25173 8704 652 11760
is_linear=0
shrinkage=0.04


Tree=72
num_leaves=15
num_cat=0
split_feature=7 17 26 8 1 25 26 26 10 26 6 14 24 15
split_gain=0.0342554 0.0360641 0.0385899 0.0359827 0.0515106 0.0424307 0.04025 0.0403537 0.0429613 0.03894 0.0383306 0.037695 0.0497595 0.0357331
threshold=0.27607434988021856 -0.095277357846498476 -0.018172055482864376 0.0060062119737267503 0.96333593343733759 -0.0087436735630035383 -0.1821101903915405 -0.16157069802284238 -0.13303344696760175 -0.28179165720939631 0.99573803088429058 -0.14218279719352719 0.011342644691467287 0.2480907812714577
decision_type=2 2 2 8 2 2 2 2 10 2 2 10 2 10
left_child=1 2 -1 4 6 -6 11 8 -8 -7 -9 -3 -13 -2
right_child=13 3 -4 -5 5 9 7 10 -10 -11 -12 12 -14 -15
leaf_value=-0.00060633302063788422 9.0452594618598982e-05 0.00026737887595295804 9.4836287664456991e-05 -8.6927882868657897e-06 -9.0879185577246043e-05 0.00047304846517144173 0.00080679326788430999 6.7017543826601304e-05 0.00016962735892313784 2.8356320753184925e-05 0.00026909771515133777 -0.0002589366749284298 0.00018002217326837898 0.00062103740384353311
leaf_weight=312 762 430 206 99163 6974 327 250 16135 515 6196 1652 1540 560 273
leaf_count=312 762 430 206 99163 6974 327 250 16135 515 6196 1652 1540 560 273
internal_value=4.03465e-06 2.26315e-06 -0.000329249 3.5594e-06 3.86915e-05 -2.23194e-05 7.77475e-05 9.81568e-05 0.000381738 5.09941e-05 8.58565e-05 -7.18086e-05 -0.000141731 0.000232717
internal_weight=135295 134260 518 133742 34579 13497 21082 18552 765 6523 17787 2530 2100 1035
internal_count=135295 134260 518 133742 34579 13497 21082 18552 765 6523 17787 2530 2100 1035
is_linear=0
shrinkage=0.04


Tree=73
num_leaves=15
num_cat=0
split_feature=29 26 26 25 28 24 28 27 26 25 24 25 26 24
split_gain=0.0382396 0.0435206 0.0662052 0.0425744 0.0491581 0.0366206 0.0648793 0.0956669 0.0995567 0.0624842 0.054566 0.0513242 0.110597 0.0578023
threshold=0.0061157760210335263 0.048081874847412116 0.043428242206573493 -0.031824350357055657 0.38693428039550787 0.016434252262115482 0.21080951392650607 -0.21585970371961591 -0.16660475730895993 0.14848619699478152 0.023439705371856693 0.15654963254928592 -0.17205300927162168 0.036819875240325935
decision_type=2 2 2 2 2 2 2 2 2 2 2 2 2 2
left_child=1 2 3 -1 -5 9 7 -7 -9 -2 -10 12 -8 -13
right_child=5 -3 -4 4 -6 6 11 8 10 -11 -12 13 -14 -15
leaf_value=-0.00037061399193890314 1.2333675090447362e-05 2.3827486746583049e-05 0.00082838790535461157 0.00078096634482720956 0.00013798412381478615 -0.00035010492944588891 -0.00053565672595639051 0.00083622770060985056 0.00054434421742551064 -0.00031523433360118076 -7.6738634190653764e-05 0.00040834957486331495 -4.8545084664024418e-05 -1.1050684983147262e-06
leaf_weight=228 77937 8279 245 205 2072 403 755 448 329 938 699 797 40030 1767
leaf_count=228 77937 8279 245 205 2072 403 755 448 329 938 699 797 40030 1767
internal_value=-1.69114e-06 6.96689e-05 0.000207383 0.000145117 0.000197457 -8.03544e-06 -3.67278e-05 0.000193076 0.000342065 8.41842e-06 0.000123705 -4.671e-05 -5.76269e-05 0.000126718
internal_weight=135132 11029 2750 2505 2277 124103 45228 1879 1476 78875 1028 43349 40785 2564
internal_count=135132 11029 2750 2505 2277 124103 45228 1879 1476 78875 1028 43349 40785 2564
is_linear=0
shrinkage=0.04


Tree=74
num_leaves=15
num_cat=0
split_feature=4 3 11 5 24 27 24 26 26 28 27 10 29 27
split_gain=0.042209 0.0351 0.0360599 0.0522736 0.0368907 0.0487348 0.102021 0.0857908 0.0785301 0.0538957 0.110158 0.0516613 0.0493954 0.0463842
threshold=0.037556429445637134 0.99707851486845678 3.9583840370178227 0.999172527785538 -0.047728687524795525 -0.12940161675214765 -0.070907771587371812 -0.23805382847785947 -0.11437126994132994 0.10994839668273927 -0.073285780847072587 -0.080167751759290681 0.015099263750016691 0.15756081044673922
decision_type=2 2 8 2 2 2 2 2 2 2 2 10 2 2
left_child=-1 2 4 -4 5 6 7 -2 -7 -10 -11 -8 -9 -12
right_child=1 -3 3 -5 -6 8 11 12 9 10 13 -13 -14 -15
leaf_value=0.00035896555789283836 -0.00022209548472811085 -7.017364035780146e-05 0.00013054604649126631 -0.00040796718703674489 4.0528939509489497e-06 -0.00054778029985448411 -0.00045884479520882064 0.00034369098666140173 -0.00056670868288499364 0.00072857988014476613 -3.9785998688394006e-05 5.7220537668082024e-05 0.0010397944241803197 -0.00040257223995697928
leaf_weight=512 281 11436 5358 300 110458 707 559 457 349 265 2978 688 256 691
leaf_count=512 281 11436 5358 300 110458 707 559 457 349 265 2978 688 256 691
internal_value=-1.76763e-06 -3.15121e-06 3.0653e-06 0.000101658 -1.67874e-06 -8.91753e-05 6.56802e-05 0.000367019 -0.000158717 -9.39296e-05 -5.13215e-05 -0.000175028 0.000599125 -0.000108566
internal_weight=135295 134783 123347 5658 117689 7231 2241 994 4990 4283 3934 1247 713 3669
internal_count=135295 134783 123347 5658 117689 7231 2241 994 4990 4283 3934 1247 713 3669
is_linear=0
shrinkage=0.04


Tree=75
num_leaves=15
num_cat=0
split_feature=2 14 20 16 16 7 9 0 27 17 8 7 16 10
split_gain=0.0316329 0.0375127 0.0365453 0.0630886 0.0498951 0.0414059 0.0369919 0.0506555 0.036513 0.0355781 0.047196 0.0702644 0.0349679 0.0311551
threshold=0.2700944081820425 -0.21212162077426908 0.99999970197677623 -0.39518998563289637 inf 0.16399189084768298 0.47628074884414678 0.14829137376454757 0.017993674613535408 0.0074718755204230556 0.79370558261871349 -0.063969105482101427 0.15562097728252414 -0.48787334561347956
decision_type=2 10 2 10 8 2 10 2 2 2 8 2 10 8
left_child=1 -1 4 6 5 13 7 -4 -7 10 11 -6 -10 -2
right_child=2 -3 3 -5 9 8 -8 -9 12 -11 -12 -13 -14 -15
leaf_value=0.00059352200572556333 -0.0003483713350024309 7.2035227717590834e-05 0.00027762908530522783 -2.2117696368227986e-05 0.00085148882338667272 0.00033986423161395891 -0.00067024269703759164 -0.00049985450623274408 -1.7063347533936913e-05 -0.00022956661827151399 0.0008907467873948739 -7.2565519905212939e-09 0.00034275302863215904 -6.892724238539284e-06
leaf_weight=226 424 5032 225 2334 201 956 447 318 2211 202 200 627 532 121387
leaf_count=226 424 5032 225 2334 201 956 447 318 2211 202 200 627 532 121387
internal_value=-1.14662e-06 9.49924e-05 -5.03666e-06 -0.000135861 -1.60032e-06 -4.08969e-06 -0.000402561 -0.000178099 0.000127661 0.000251405 0.000346568 0.000210567 5.32191e-05 -8.09559e-06
internal_weight=135322 5258 130064 3324 126740 125510 990 543 3699 1230 1028 828 2743 121811
internal_count=135322 5258 130064 3324 126740 125510 990 543 3699 1230 1028 828 2743 121811
is_linear=0
shrinkage=0.04


Tree=76
num_leaves=15
num_cat=0
split_feature=9 13 10 26 7 25 20 3 13 24 27 25 26 27
split_gain=0.0404587 0.0686175 0.0426286 0.0636313 0.035743 0.0309169 0.0307951 0.0452214 0.0347665 0.0254684 0.0666027 0.032302 0.0265569 0.0740657
threshold=1.057488799095154 23.191226005554203 -0.39474277198314661 -0.060143947601318352 -0.075012557208538042 -0.02611252665519714 1.0000000180025095e-35 0.94382500597657193 0.92648518085479747 0.077388763427734389 -0.11892900615930556 0.16835743188858035 -0.11437126994132994 -0.19215866178274152
decision_type=8 10 8 2 2 2 2 2 8 2 2 2 2 2
left_child=6 2 -2 5 -5 -4 7 8 -1 12 -11 -12 -8 -14
right_child=1 -3 3 4 -6 -7 9 -9 -10 10 11 -13 13 -15
leaf_value=0.00080042780000744423 -0.00035111295189769147 0.00071291243929617681 0.00070990133759150627 -0.0005013548639931397 9.1238774359454782e-05 0.0001015457491393622 -5.2244325546022848e-05 -8.3063134488280661e-05 0.00021048794819140119 0.00046344348445756593 -0.00037409847168517969 8.5985330162849857e-05 0.00060632892408870166 4.4002579010295755e-06
leaf_weight=228 302 317 372 202 759 210 13979 549 527 229 1045 316 323 116021
leaf_count=228 302 317 372 202 759 210 13979 549 527 229 1045 316 323 116021
internal_value=2.59779e-06 0.000174046 7.97835e-05 0.000164981 -3.52733e-05 0.000493126 -1.91098e-07 0.000192867 0.000392736 -2.10677e-06 -0.000160976 -0.000267351 -1.62394e-07 6.09735e-06
internal_weight=135379 2162 1845 1543 961 582 133217 1304 755 131913 1590 1361 130323 116344
internal_count=135379 2162 1845 1543 961 582 133217 1304 755 131913 1590 1361 130323 116344
is_linear=0
shrinkage=0.04


Tree=77
num_leaves=15
num_cat=0
split_feature=5 17 18 27 24 19 19 11 24 26 27 0 28 19
split_gain=0.0327842 0.0401379 0.0369038 0.0672286 0.119206 0.0691071 0.0629013 0.0557321 0.0467842 0.0661304 0.0700639 0.0687169 0.0635154 0.0477478
threshold=0.9980398560469258 -0.095277357846498476 0.068461552262306227 -0.096891552209854112 -0.063187152147293077 1.0554230809211733 0.92275443673133861 3.3300833702087407 -0.04998731613159179 -0.11437126994132994 -0.073285780847072587 0.073677936291052168 0.17732824385166171 1.0100242495536806
decision_type=2 2 2 2 2 2 2 10 2 2 2 2 2 2
left_child=1 -1 8 4 -4 7 -6 -5 9 11 12 -3 -11 -10
right_child=-2 2 3 5 6 -7 -8 -9 13 10 -12 -13 -14 -15
leaf_value=-0.00036531716095455718 -5.5709502709053128e-05 -0.00018509912752561381 0.00063903212234589339 2.2154559299344406e-05 0.00062915092101320622 -0.00023489017701441484 3.766125539918189e-05 0.00027990458277077509 -1.2721259158158315e-05 4.3322559326088039e-05 -0.00012764786291516897 -0.00081783245643261143 0.00087245977628837399 5.0455260257270498e-05
leaf_weight=455 14669 1028 802 13225 314 1516 2937 1489 69125 400 2147 372 230 26465
leaf_count=455 14669 1028 802 13225 314 1516 2937 1489 69125 400 2147 372 230 26465
internal_value=7.40943e-07 7.61465e-06 9.04325e-06 5.82222e-05 0.000203844 2.18056e-05 9.56691e-05 4.83241e-05 -9.5743e-07 -0.000131912 -1.87363e-05 -0.000355538 0.00035051 4.77148e-06
internal_weight=135174 120505 120050 20283 4053 16230 3251 14714 99767 4177 2777 1400 630 95590
internal_count=135174 120505 120050 20283 4053 16230 3251 14714 99767 4177 2777 1400 630 95590
is_linear=0
shrinkage=0.04


Tree=78
num_leaves=15
num_cat=0
split_feature=29 27 27 27 17 24 27 29 25 24 10 24 25 25
split_gain=0.042212 0.0556084 0.174079 0.126974 0.0595373 0.060567 0.0488098 0.120444 0.104825 0.0822039 0.0777728 0.0726894 0.117925 0.0517014
threshold=0.018185480497777465 -0.17453986406326291 -0.14241890609264371 -0.19737499207258222 -0.051898339763283723 -0.11047667264938353 -0.010801102500408886 0.015392620582133533 0.14848619699478152 -0.056852579116821282 0.56871187686920177 -0.06638655066490172 -0.13041472434997556 0.038474261760711677
decision_type=2 2 2 2 2 2 2 2 2 2 8 2 2 2
left_child=6 3 -3 4 -2 -6 7 8 10 -8 13 -9 -13 -1
right_child=1 2 -4 -5 5 -7 9 11 -10 -11 -12 12 -14 -15
leaf_value=4.7956387681764227e-05 -0.0005925387137512612 -0.0011488072660412322 -9.2639488787764731e-05 0.00078999913423250803 0.0006739929007122886 -4.6421039424641484e-05 -0.00028364576836139227 0.00088091275049925841 -0.0007313800566882523 -3.6590191385634398e-06 0.00065058916574344038 -0.00065554087073822255 0.00026253751026165582 -8.7861256351759554e-05
leaf_weight=21317 257 253 7816 354 215 1231 1704 269 290 91878 311 234 3591 5674
leaf_count=21317 257 253 7816 354 215 1231 1704 269 290 91878 311 234 3591 5674
internal_value=-5.94093e-07 -7.91293e-05 -0.000126446 0.000106337 -3.76716e-05 6.26479e-05 5.75718e-06 4.86628e-05 1.86031e-05 -8.77208e-06 2.67019e-05 0.000250983 0.00020559 1.93941e-05
internal_weight=135394 10126 8069 2057 1703 1446 125268 31686 27592 93582 27302 4094 3825 26991
internal_count=135394 10126 8069 2057 1703 1446 125268 31686 27592 93582 27302 4094 3825 26991
is_linear=0
shrinkage=0.04


Tree=79
num_leaves=15
num_cat=0
split_feature=24 24 27 25 27 26 25 26 26 25 25 0 0 27
split_gain=0.0303271 0.0632731 0.159418 0.146254 0.109441 0.107784 0.100291 0.0798723 0.0755399 0.148263 0.0601981 0.0549372 0.066621 0.0539549
threshold=-0.047728687524795525 -0.060695081949234002 -0.075220238417386995 -0.11200097203254698 -0.12589230388402936 -0.092152208089828477 -0.12661129236221311 -0.20028045773506162 -0.23805382847785947 -0.17631152272224423 -0.10977506637573241 0.050472641487470445 0.04660714505606859 -0.21585970371961591
decision_type=2 2 2 2 2 2 2 2 2 2 2 2 2 2
left_child=1 2 3 4 8 -5 -4 -3 -1 -10 -9 12 -8 -2
right_child=13 7 6 5 -6 -7 11 10 9 -11 -12 -13 -14 -15
leaf_value=-0.00028284110452648603 -0.0002570909513967683 -0.0007494299968571536 -0.0008268132900243984 0.00021732231021287404 -0.00062368098707905027 0.0012720894406483938 -0.00020484014236039726 0.00025465899467661863 0.0012357022990345781 8.9199873229150485e-05 -0.00020159002544349938 -0.00022798449586286577 0.00063751141862064846 6.799963518384299e-06
leaf_weight=324 1247 366 342 288 292 337 287 541 252 609 3046 1367 306 125772
leaf_count=324 1247 366 342 288 292 337 287 541 252 609 3046 1367 306 125772
internal_value=-6.58177e-07 -7.44446e-05 2.98344e-05 0.000281341 6.34657e-05 0.000791635 -0.000199933 -0.000190512 0.000234697 0.000429959 -0.000132519 -8.87237e-05 0.000231526 4.19922e-06
internal_weight=135376 8357 4404 2102 1477 625 2302 3953 1185 861 3587 1960 593 127019
internal_count=135376 8357 4404 2102 1477 625 2302 3953 1185 861 3587 1960 593 127019
is_linear=0
shrinkage=0.04


Tree=80
num_leaves=15
num_cat=0
split_feature=24 25 20 28 27 27 20 27 2 16 29 10 27 26
split_gain=0.0275273 0.05649 0.0408349 0.0440619 0.134727 0.0593218 0.067229 0.0524127 0.0482879 0.0395779 0.053275 0.0379709 0.0687152 0.0392515
threshold=0.0070957541465759286 0.14848619699478152 0.99999970197677623 0.1515188664197922 -0.19737499207258222 -0.18797349184751508 0.67834216356277477 -0.15588997304439542 0.89957107827033111 -0.33278717100620264 0.0087580243125557917 0.56871187686920177 -0.015462863724678753 0.063300788402557387
decision_type=2 2 2 2 2 2 2 2 2 10 2 8 2 2
left_child=1 11 3 4 -2 6 -5 -7 -6 10 -4 -1 -13 -14
right_child=2 -3 9 5 8 7 -8 -9 -10 -11 -12 12 13 -15
leaf_value=1.864191040138006e-05 -0.00020693283370463178 -0.00033714041175091048 6.8700399484720317e-05 6.3977966593311807e-05 0.00033936975257874808 -0.00036181939563418935 0.00080816086741421157 -1.62026741999564e-05 0.0011497972362465125 -7.7057873347187596e-05 -0.00069397973355569877 0.00087058317272812539 -0.00025475360913111304 0.00029773534156755119
leaf_weight=65565 495 701 217 587 252 705 286 62815 226 1633 441 225 323 548
leaf_count=65565 495 701 217 587 252 705 286 62815 226 1633 441 225 323 548
internal_value=6.87493e-07 1.87874e-05 -1.73336e-05 -1.15088e-05 0.000254964 -1.55547e-05 0.000310991 -2.00668e-05 0.000730479 -0.000183138 -0.000443836 2.25553e-05 0.000255516 9.25667e-05
internal_weight=135019 67362 67657 65366 973 64393 873 63520 478 2291 658 66661 1096 871
internal_count=135019 67362 67657 65366 973 64393 873 63520 478 2291 658 66661 1096 871
is_linear=0
shrinkage=0.04


Tree=81
num_leaves=15
num_cat=0
split_feature=7 29 0 29 29 24 1 28 29 24 24 25 0 24
split_gain=0.0477659 0.0316786 0.0442668 0.0531437 0.141404 0.0540283 0.042417 0.0451331 0.119237 0.08612 0.0663443 0.0596109 0.041649 0.0402224
threshold=0.27607434988021856 0.017121853306889537 0.073034855182434036 0.01912210509181023 0.019518224522471431 -0.010195016860961912 0.97041610380715015 0.50452718138694774 0.018817811273038391 0.012695312500000002 0.011342644691467287 0.02921932935714722 0.049956285823031341 -0.013850778341293333
decision_type=2 2 2 2 2 2 2 2 2 2 2 2 2 2
left_child=1 -1 3 5 -5 12 13 8 10 -10 -8 -9 -3 -4
right_child=-2 2 6 4 -6 -7 7 11 9 -11 -12 -13 -14 -15
leaf_value=3.7376699120989634e-06 0.00026589570060866113 -0.00079133375171493592 -0.00021717675982408188 0.0010155342772830366 3.9936173457332602e-05 3.6007618456397019e-05 0.00016805972959695132 0.00032631007157108907 -0.0013467099731892052 -0.00031002391724126545 -0.00067967416879707746 -0.00025645705144527781 -0.00015615592281644544 2.2788687982801058e-05
leaf_weight=121161 1063 298 1655 249 3714 852 488 380 286 236 206 1035 370 3418
leaf_count=121161 1063 298 1655 249 3714 852 488 380 286 236 206 1035 370 3418
internal_value=-5.53188e-07 -2.67122e-06 -6.15347e-05 2.53269e-05 0.000102437 -0.000175393 -0.000123331 -0.00025351 -0.00043175 -0.000885405 -8.66349e-05 -9.93563e-05 -0.000443288 -5.56337e-05
internal_weight=135411 134348 13187 5483 3963 1520 7704 2631 1216 522 694 1415 668 5073
internal_count=135411 134348 13187 5483 3963 1520 7704 2631 1216 522 694 1415 668 5073
is_linear=0
shrinkage=0.04


Tree=82
num_leaves=15
num_cat=0
split_feature=29 25 24 25 17 25 9 25 24 24 25 0 19 24
split_gain=0.0337516 0.0347553 0.0406823 0.0368655 0.0310427 0.0310187 0.0550805 0.111703 0.0538918 0.064949 0.0462909 0.0456504 0.0976551 0.0889623
threshold=0.0061157760210335263 0.053370654582977302 0.030343115329742435 0.046239435672760017 -0.095277357846498476 -0.056854695081710808 1.1619554758071902 0.016363739967346195 -0.046456187963485711 -0.039460241794586175 -0.076481580734252916 0.049391697967604738 1.0491791963577273 0.044291853904724128
decision_type=2 2 2 2 2 2 10 2 2 2 2 2 2 2
left_child=1 3 -3 -1 -2 10 8 -8 -7 -10 11 12 -6 -13
right_child=4 2 -4 -5 5 6 7 -9 9 -11 -12 13 -14 -15
leaf_value=0.00011471265897060919 -0.0003140612008719189 -3.6999737724068055e-05 0.00023989642383749518 0.00049440885157602953 1.2902129109486573e-05 -0.0001967814076216926 0.0010741669075563544 -7.1776659082723035e-05 0.00022233585403576219 -1.3368084412927464e-05 0.00013582757102245324 -8.0417837081244082e-05 0.00043097346445479057 0.00053824312618863592
leaf_weight=4306 508 5265 1007 448 4851 2498 220 343 1902 97751 6011 8472 1091 384
leaf_count=4306 508 5265 1007 448 4851 2498 220 343 1902 97751 6011 8472 1091 384
internal_value=2.41614e-06 6.94661e-05 7.61296e-06 0.000150976 -3.54696e-06 -2.25728e-06 -1.12798e-05 0.00038153 -1.34633e-05 -8.85846e-06 4.22702e-05 4.23389e-06 8.99613e-05 -5.33039e-05
internal_weight=135057 11026 6272 4754 124031 123523 102714 563 102151 99653 20809 14798 5942 8856
internal_count=135057 11026 6272 4754 124031 123523 102714 563 102151 99653 20809 14798 5942 8856
is_linear=0
shrinkage=0.04


Tree=83
num_leaves=15
num_cat=0
split_feature=1 9 27 24 25 6 26 19 13 28 16 18 19 15
split_gain=0.0318915 0.047269 0.0375688 0.0467165 0.044038 0.0558569 0.0581629 0.0443905 0.0366703 0.0337385 0.0326784 0.0416588 0.0483544 0.0383734
threshold=0.92908083976152145 1.1619554758071902 -0.21585970371961591 -0.063187152147293077 0.032494246959686286 0.43123630492446091 -0.20028045773506162 1.0374248623847964 11.334959506988527 0.93665537238121044 -0.30428799986839289 0.099437270313501372 0.97408968210220348 0.029894175007939342
decision_type=2 8 2 2 2 2 2 2 8 2 10 2 2 10
left_child=1 2 3 -1 5 6 -4 -8 -3 -6 11 12 13 -2
right_child=10 8 4 -5 9 -7 7 -9 -10 -11 -12 -13 -14 -15
leaf_value=0.00024071332572449773 -0.00058726890858942793 0.0001276175363919038 -0.000286698646812533 -0.00037268447284647543 -2.740558276964646e-05 3.1503970415301264e-05 0.00018555394496725771 0.00058095630991183023 0.00074242150388585529 0.00033393630787170318 -1.3441282198164292e-05 -0.00059678481329827513 -3.0286908018979374e-05 -3.9605709373887272e-05
leaf_weight=260 499 434 319 799 26526 37936 1833 603 239 415 61247 273 3739 346
leaf_count=260 499 434 319 799 26526 37936 1833 603 239 415 61247 273 3739 346
internal_value=-1.48619e-06 1.74596e-05 1.41781e-05 -0.000221663 1.78871e-05 4.41486e-05 0.000217891 0.00028442 0.000349816 -2.17785e-05 -2.13661e-05 -0.000121182 -9.22378e-05 -0.000364571
internal_weight=135468 69364 68691 1059 67632 40691 2755 2436 673 26941 66104 4857 4584 845
internal_count=135468 69364 68691 1059 67632 40691 2755 2436 673 26941 66104 4857 4584 845
is_linear=0
shrinkage=0.04


Tree=84
num_leaves=15
num_cat=0
split_feature=20 0 13 8 12 7 27 28 28 24 28 29 0 29
split_gain=0.0395256 0.0352017 0.0358989 0.0358726 0.0346461 0.0286849 0.0295311 0.0506236 0.0380496 0.0314418 0.030447 0.028866 0.0774893 0.0731226
threshold=1.0000000180025095e-35 0.073409858796139274 0.84569895267486583 0.19824600964784625 0.049963079392910011 0.27607434988021856 0.34675931930541998 0.90425053238868724 0.93665537238121044 0.040646612644195564 0.864854395389557 0.017976230010390285 0.073919998997727179 0.01912210509181023
decision_type=2 2 8 10 8 2 2 2 2 2 2 2 2 2
left_child=1 2 -1 -4 -3 6 7 11 10 -10 -8 -2 13 -13
right_child=5 4 3 -5 -6 -7 8 -9 9 -11 -12 12 -14 -15
leaf_value=0.00084185749187741846 5.2766998652087619e-06 -0.00043060020001814046 -2.3279105930656921e-05 0.00060568041282628351 0.00019943500259388423 0.00020558115898221025 -3.9331223125129287e-05 0.00048189510339442419 0.00056085364367017938 1.9303079201154551e-05 -0.00021166511919843353 -0.00033743370240147129 -0.0001585657226989336 0.00012676545136525527
leaf_weight=200 114529 209 366 235 397 1050 3875 344 234 609 2843 627 5963 3853
leaf_count=200 114529 209 366 235 397 1050 3875 344 234 609 2843 627 5963 3853
internal_value=4.96125e-08 0.000210575 0.000383756 0.000225622 -1.96e-05 -2.16989e-06 -3.81922e-06 8.14115e-07 -8.05619e-05 0.000172047 -0.000112365 -5.29343e-07 -6.41766e-05 6.14945e-05
internal_weight=135334 1407 801 601 606 133927 132877 125316 7561 843 6718 124972 10443 4480
internal_count=135334 1407 801 601 606 133927 132877 125316 7561 843 6718 124972 10443 4480
is_linear=0
shrinkage=0.04


Tree=85
num_leaves=15
num_cat=0
split_feature=15 10 29 29 29 28 29 27 26 26 25 26 28 27
split_gain=0.032428 0.0939361 0.0599737 0.0511147 0.072388 0.0991659 0.0396987 0.0655086 0.0565544 0.039484 0.0696132 0.0589689 0.0733877 0.0473915
threshold=-0.38565069437026972 -0.25001830607652659 0.011650534812361004 0.028186978772282604 0.011860271450132133 0.29581750929355627 0.021057607606053356 -0.015462863724678753 0.034915924072265632 -0.28179165720939631 0.041349649429321296 -0.1952797472476959 0.22705201804637912 -0.015462863724678753
decision_type=8 10 2 2 2 2 2 2 2 2 2 2 2 2
left_child=3 2 -2 4 5 -1 9 -8 -9 10 -3 12 -11 -13
right_child=1 6 -4 -5 -6 -7 7 8 -10 11 -12 13 -14 -15
leaf_value=-0.0010852483801226404 0.00087268091721659003 -0.00016731609930536919 0.00020164319642331462 -0.00055932047268540653 9.234863870182513e-05 0.00011805616918502859 -0.00035086419897977194 -8.0640819557416466e-05 0.00049526248396319157 -7.7836447812257428e-05 0.00081662828250167268 5.1383208807017723e-05 -0.00063574155095327128 -6.556457283690093e-06
leaf_weight=221 248 207 1389 396 1293 211 1339 1813 316 1682 250 29534 482 95978
leaf_count=221 248 207 1389 396 1293 211 1339 1813 316 1682 250 29534 482 95978
internal_value=2.50332e-06 4.97621e-06 0.000305651 -0.000152486 -5.77442e-05 -0.000502897 1.22461e-06 -0.000132216 5.79862e-06 4.84129e-06 0.000373959 3.50549e-06 -0.000203281 7.07872e-06
internal_weight=135359 133238 1637 2121 1725 432 131601 3468 2129 128133 457 127676 2164 125512
internal_count=135359 133238 1637 2121 1725 432 131601 3468 2129 128133 457 127676 2164 125512
is_linear=0
shrinkage=0.04


Tree=86
num_leaves=15
num_cat=0
split_feature=15 14 3 11 29 9 24 8 28 24 29 26 28 16
split_gain=0.0393201 0.0558637 0.0475739 0.0332431 0.0305083 0.0463057 0.0320332 0.0899767 0.0674354 0.0530525 0.07964 0.0415619 0.0497288 0.0898512
threshold=-0.41815017163753504 0.16569054871797564 0.077087966479142706 1.4207136034965517 0.0062246909365057954 0.87787395715713512 0.017914831638336185 -0.38033783435821528 0.21080951392650607 0.077388763427734389 0.021057607606053356 -0.11437126994132994 0.19857834279537204 -0.30428799986839289
decision_type=8 10 2 10 2 10 2 10 2 2 2 2 2 8
left_child=1 -1 -2 -3 5 -4 7 -6 9 10 -8 -9 13 -13
right_child=2 3 4 -5 6 -7 8 11 -10 -11 -12 12 -14 -15
leaf_value=-0.00041738025820882153 0.00028089718632427443 -0.00019013625119584381 4.7986346592344178e-05 0.00034129091984442703 0.00068439101390559078 0.00052357674161288665 0.00031818508251628674 -6.8897780036913318e-05 -4.3468839422817861e-05 0.00079551356849541272 -0.00037777440646487721 -0.00037620197070556091 8.689593085865007e-06 0.00019753034442968027
leaf_weight=850 972 403 11793 345 310 332 960 10059 40399 219 357 480 63500 4415
leaf_count=850 972 403 11793 345 310 332 960 10059 40399 219 357 480 63500 4415
internal_value=4.34789e-07 -0.000196496 2.7941e-06 5.56125e-05 7.48461e-07 6.12191e-05 -5.3285e-06 9.70756e-06 -3.35676e-05 0.000226145 0.000128816 6.9982e-06 1.81646e-05 0.000140944
internal_weight=135394 1598 133796 748 132824 12125 120699 78764 41935 1536 1317 78454 68395 4895
internal_count=135394 1598 133796 748 132824 12125 120699 78764 41935 1536 1317 78454 68395 4895
is_linear=0
shrinkage=0.04


Tree=87
num_leaves=15
num_cat=0
split_feature=28 27 28 24 25 29 26 26 25 29 28 27 5 10
split_gain=0.0331364 0.0365074 0.0472018 0.0350668 0.0362211 0.0293553 0.0389954 0.0624045 0.0390932 0.0488407 0.0360697 0.0282877 0.0281744 0.0401528
threshold=0.93665537238121044 0.34675931930541998 0.90425053238868724 0.040646612644195564 0.13560229539871219 0.0062246909365057954 0.048081874847412116 0.043428242206573493 -0.031824350357055657 0.0053213625214993962 0.83732259273529064 0.29380463063716894 0.99743397837331849 0.33693075180053716
decision_type=2 2 2 2 2 2 2 2 2 2 2 2 2 10
left_child=1 2 5 -2 -5 6 7 8 -1 -10 -8 -12 -7 -14
right_child=3 -3 -4 4 -6 12 10 -9 9 -11 11 -13 13 -15
leaf_value=-0.00033500387602599464 0.00065877651801323129 -9.1563777645623911e-05 0.00045592212340253986 0.0004507969705870111 -0.00017393820034356284 2.9728723245089202e-06 -5.2225008966165301e-06 0.00078501833088275995 -0.00016676698163624117 0.0002692541166533425 0.00013136705380509115 0.00068535457781145298 -3.20736620689438e-05 -0.00023700624847101945
leaf_weight=257 235 6889 362 249 353 100814 8071 250 515 1976 531 201 12733 1734
leaf_count=257 235 6889 362 249 353 100814 8071 250 515 1976 531 201 12733 1734
internal_value=-3.40769e-07 -1.90864e-06 2.94109e-06 0.000249809 8.60503e-05 1.63286e-06 6.1706e-05 0.000186175 0.000130368 0.000178956 1.92347e-05 0.000287104 -4.51908e-06 -5.67101e-05
internal_weight=135170 134333 127444 837 602 127082 11801 2998 2748 2491 8803 732 115281 14467
internal_count=135170 134333 127444 837 602 127082 11801 2998 2748 2491 8803 732 115281 14467
is_linear=0
shrinkage=0.04


Tree=88
num_leaves=15
num_cat=0
split_feature=2 8 8 17 14 0 25 29 7 27 14 19 28 28
split_gain=0.028919 0.0480637 0.0328504 0.030372 0.029795 0.0364766 0.02608 0.042029 0.0372796 0.0348625 0.0465684 0.0406387 0.0349467 0.0649443
threshold=0.99055890095059518 0.17475760728120807 -0.19619482010602948 -0.047560274600982659 -0.36946210265159601 0.044358528282184402 0.053370654582977302 0.0061157760210335263 -0.12093851342797278 0.01977564021945 0.51637956500053417 0.92613872885704052 0.31683754920959478 0.18217843025922778
decision_type=2 10 8 2 10 2 2 2 2 2 10 2 2 2
left_child=4 2 -2 -3 5 -1 7 -6 -8 10 11 -9 13 -11
right_child=1 3 -4 -5 6 -7 8 9 -10 12 -12 -13 -14 -15
leaf_value=0.00069448809951750767 -0.00020606463348127508 0.0003078258304418659 6.1506243156586226e-06 -0.00013955542776408121 0.00015149743231826564 -4.4946490504648447e-05 -0.00051577310520079358 0.0003144349608817703 -1.6444309474394659e-05 0.00030984889473209808 0.00062048730728889092 3.5017819401741128e-05 4.2771448620451905e-06 -0.00016468846708536222
leaf_weight=220 1229 247 21523 6941 3842 202 236 852 32745 514 220 29667 32484 4179
leaf_count=220 1229 247 21523 6941 3842 202 236 852 32745 514 220 29667 32484 4179
internal_value=8.29759e-07 -3.38505e-05 -5.35541e-06 -0.000123979 1.07046e-05 0.000344159 9.34471e-06 2.28761e-05 -2.0095e-05 1.55894e-05 4.71028e-05 4.28685e-05 -1.04697e-05 -0.00011244
internal_weight=135101 29940 22752 7188 105161 422 104739 71758 32981 67916 30739 30519 37177 4693
internal_count=135101 29940 22752 7188 105161 422 104739 71758 32981 67916 30739 30519 37177 4693
is_linear=0
shrinkage=0.04


Tree=89
num_leaves=15
num_cat=0
split_feature=13 29 17 26 26 17 6 24 24 1 28 28 24 9
split_gain=0.0379682 0.0265923 0.0545374 0.0617666 0.0747668 0.0676722 0.0523752 0.0474234 0.0873409 0.0625142 0.0521467 0.0900661 0.0778866 0.0456761
threshold=64.320308685302749 0.017121853306889537 -0.047560274600982659 -0.20028045773506162 -0.18670591711997983 0.0013373455149121585 0.98388673319874198 -0.03004515171051025 -0.025730073451995846 0.96974460525860673 0.14481456577777865 0.19857834279537204 -0.053544312715530389 0.89548659324646007
decision_type=10 2 2 2 2 2 2 2 2 2 2 2 2 10
left_child=1 -1 13 5 -5 -4 -7 10 -9 -10 -6 12 -12 -3
right_child=-2 2 3 4 7 6 -8 8 9 -11 11 -13 -14 -15
leaf_value=2.3539898817013947e-07 0.00033172119151689668 -0.00019106682721002651 -4.2695104528521456e-05 -0.00074201244020319791 -0.00010341222714172189 0.00014568141868776958 0.00085461635072681249 -0.00074533935123029509 2.0275346300230626e-05 -0.0002118899846786819 0.0001842048721140955 3.6069637769536608e-05 0.0012778875510720117 -0.0008106290268684918
leaf_weight=121708 531 904 782 252 965 333 334 313 4824 3010 200 780 217 238
leaf_count=121708 531 904 782 252 965 333 334 313 4824 3010 200 780 217 238
internal_value=-4.26933e-06 -5.60452e-06 -5.96264e-05 -3.44438e-05 -6.8067e-05 0.00021001 0.000504398 -5.12409e-05 -9.54314e-05 -6.90061e-05 0.000115117 0.000290988 0.000761737 -0.000323158
internal_weight=135391 134860 13152 12010 10561 1449 667 10309 8147 7834 2162 1197 417 1142
internal_count=135391 134860 13152 12010 10561 1449 667 10309 8147 7834 2162 1197 417 1142
is_linear=0
shrinkage=0.04


Tree=90
num_leaves=15
num_cat=0
split_feature=19 0 20 18 1 14 19 16 28 24 12 14 26 24
split_gain=0.0259381 0.043795 0.025378 0.0472293 0.0490898 0.0411561 0.0377618 0.0329321 0.0322418 0.0331145 0.0312466 0.0255989 0.0251507 0.0780912
threshold=0.87219727039337169 0.073919998997727179 0.99999970197677623 1.0000000180025095e-35 0.4425906306583966 0.34042425453662878 0.92275443673133861 0.22445477545261386 0.68814700841903698 0.0067917704582214364 0.068478483706712737 0.56344410777091991 -0.10347020626068114 -0.081678479909896837
decision_type=2 2 2 2 2 10 2 10 2 2 10 8 2 2
left_child=1 -1 3 4 -2 10 -5 8 9 -7 -4 12 13 -8
right_child=2 -3 5 6 -6 7 11 -9 -10 -11 -12 -13 -14 -15
leaf_value=0.00055341114271330565 0.00076079877846088368 -0.00018847595543139479 -7.2524371352408024e-05 0.00015869961557975882 0.00012038640641099649 -0.00024259393753148724 0.00037646563867745091 4.5415203349327406e-05 -8.7547666562341205e-05 -0.00079270898090315594 0.00032222664842124378 0.00032546023224622775 5.2575942859847759e-07 -6.9432103615649625e-05
leaf_weight=333 236 201 1445 2278 946 334 649 398 397 378 407 368 110542 16108
leaf_count=333 236 201 1445 2278 946 334 649 398 397 378 407 368 110542 16108
internal_value=-1.92406e-06 0.000275004 -3.03384e-06 -2.50755e-07 0.000250918 -0.000111517 -2.54499e-06 -0.000266362 -0.000377954 -0.000538141 1.48611e-05 -5.42823e-06 -6.39752e-06 -5.20553e-05
internal_weight=135020 534 134486 131127 1182 3359 129945 1507 1109 712 1852 127667 127299 16757
internal_count=135020 534 134486 131127 1182 3359 129945 1507 1109 712 1852 127667 127299 16757
is_linear=0
shrinkage=0.04


Tree=91
num_leaves=15
num_cat=0
split_feature=24 26 0 27 10 29 24 27 29 24 29 27 29 24
split_gain=0.0276222 0.0409911 0.0840122 0.0709101 0.0819053 0.066512 0.110098 0.0790721 0.0741903 0.0583216 0.0752772 0.0949214 0.0971053 0.142481
threshold=0.0070957541465759286 -0.11437126994132994 0.050472641487470445 -0.010801102500408886 0.52720895409584057 0.018817811273038391 -0.033479183912277215 -0.17984392493963239 0.015099263750016691 -0.091292798519134508 0.012119819410145284 -0.024260215461254116 0.017121853306889537 -0.013630300760269163
decision_type=2 2 2 2 10 2 2 2 2 2 2 2 2 2
left_child=1 2 -1 4 9 7 -7 -4 -9 -3 -11 12 13 -12
right_child=-2 3 5 -5 -6 6 -8 8 -10 10 11 -13 -14 -15
leaf_value=3.847384299337098e-05 -1.926372790959535e-05 -0.00047014652398654866 -0.00069611981295699971 4.6279293209217665e-06 0.00085171379290357259 -6.7075050507530806e-05 -0.0012858382922788024 -0.00021097256146580226 0.00019786877586397224 3.8188992920774654e-05 0.00046175964853284359 0.0008523211775132791 -0.00011484572222481549 -0.00015566243667191235
leaf_weight=5837 67568 281 361 43760 228 252 220 2132 1059 8830 2314 364 1244 803
leaf_count=5837 67568 281 361 43760 228 252 220 2132 1059 8830 2314 364 1244 803
internal_value=-1.17223e-06 1.68881e-05 -5.84719e-05 2.97435e-05 0.000107861 -0.000198969 -0.000642666 -0.000139189 -7.51927e-05 9.53e-05 0.000107191 0.000235964 0.000183601 0.000302705
internal_weight=135253 67685 9861 57824 14064 4024 472 3552 3191 13836 13555 4725 4361 3117
internal_count=135253 67685 9861 57824 14064 4024 472 3552 3191 13836 13555 4725 4361 3117
is_linear=0
shrinkage=0.04


Tree=92
num_leaves=15
num_cat=0
split_feature=3 6 29 26 27 26 29 27 27 28 4 10 16 26
split_gain=0.0283413 0.0303169 0.0267363 0.0595176 0.154554 0.118449 0.0492609 0.0646221 0.062233 0.0427997 0.0372035 0.0369403 0.0962589 0.0360209
threshold=0.11380316651013016 0.044092193554212129 0.021057607606053356 -0.28179165720939631 -0.20399794727563855 -0.23805382847785947 0.020194899290800098 -0.21585970371961591 0.028104719705879692 0.12310887500643732 0.36024242621722241 -0.25001830607652659 -0.29972109198570246 0.034915924072265632
decision_type=2 2 2 2 2 2 2 2 2 2 2 10 8 2
left_child=-1 -2 3 4 -3 -5 7 10 9 -8 -7 12 -9 -4
right_child=1 2 13 5 -6 6 8 11 -10 -11 -12 -13 -14 -15
leaf_value=0.00016768744399728812 0.00039426610843962549 -1.8979984097013886e-05 -0.00013521961058758893 -0.00065020926220652961 0.001218691661980183 -0.00077761269479080747 0.00020315737794525369 -0.00034306408285941136 -0.00024652115509040111 0.00087563701500725918 -0.00018901722691899654 -1.4048969911438697e-06 0.00057428770084114438 0.00023039280079458133
leaf_weight=1574 302 541 4189 445 225 222 333 271 235 279 729 124966 542 476
leaf_count=1574 302 541 4189 445 225 222 333 271 235 279 729 124966 542 476
internal_value=-7.85667e-07 -2.77442e-06 -3.68764e-06 -2.78381e-07 0.000350112 -2.38848e-06 -1.03427e-07 -2.14131e-06 0.000303032 0.000514341 -0.000329766 3.48839e-07 0.000268276 -9.77071e-05
internal_weight=135329 133755 133453 128788 766 128022 127577 126730 847 612 951 125779 813 4665
internal_count=135329 133755 133453 128788 766 128022 127577 126730 847 612 951 125779 813 4665
is_linear=0
shrinkage=0.04


Tree=93
num_leaves=15
num_cat=0
split_feature=19 15 23 13 20 13 25 8 19 8 24 17 10 3
split_gain=0.0443207 0.0412161 0.0297125 0.0318591 0.0294059 0.0340304 0.0455636 0.033175 0.032987 0.0278421 0.0278229 0.0276653 0.0308793 0.0553403
threshold=0.90930697321891796 0.25609409809112554 0.89999946951866161 6.8132445812225351 0.99999970197677623 1.652772903442383 0.011821150779724123 0.55739313364028942 0.92275443673133861 0.90458652377128612 0.0076749920845031747 -0.084024827927350984 -0.25001830607652659 0.99772641119305272
decision_type=2 10 2 8 2 10 2 10 2 10 2 2 10 2
left_child=1 2 -1 -4 8 -6 7 -7 -2 11 -8 -10 13 -13
right_child=4 -3 3 -5 5 6 10 -9 9 -11 -12 12 -14 -15
leaf_value=0.00027696216165553928 0.00021244329804988115 0.00053148788644304492 0.00011726693074666358 -0.0003628918551940826 4.254973674170302e-05 -0.00028176656214609034 0.00026063383743509325 -0.00090830069930715256 -0.00021123156389543177 0.00034315365230407015 -0.00020309079167531434 0.00021481825948134109 -2.6515180026178943e-06 -0.00035377915508838162
leaf_weight=773 1169 426 608 341 1117 352 267 222 994 371 865 2111 125203 310
leaf_count=773 1169 426 608 341 1117 352 267 222 994 371 865 2111 125203 310
internal_value=1.5139e-06 0.000181548 9.36888e-05 -5.62641e-05 -1.40085e-06 -0.000129007 -0.000241129 -0.000529836 1.37165e-06 -5.49412e-07 -9.30489e-05 -1.55413e-06 8.71568e-08 0.000141432
internal_weight=135129 2148 1722 949 132981 2823 1706 574 130158 128989 1132 128618 127624 2421
internal_count=135129 2148 1722 949 132981 2823 1706 574 130158 128989 1132 128618 127624 2421
is_linear=0
shrinkage=0.04


Tree=94
num_leaves=15
num_cat=0
split_feature=29 26 28 29 28 27 24 25 24 5 24 27 26 13
split_gain=0.0255095 0.0500571 0.0467565 0.0344492 0.0536987 0.0711192 0.0397553 0.0586793 0.0343289 0.03251 0.0387412 0.0340231 0.0361475 0.0299866
threshold=0.0096040805801749247 0.060987710952758796 0.68059402704238903 0.010216810274869205 0.63225224614143383 -0.15932655334472653 -0.046456187963485711 -0.063970863819122301 0.041792273521423347 0.1588464167411536 -0.033479183912277215 0.10558728128671648 0.018761992454528812 4.5575437545776376
decision_type=2 2 2 2 2 2 2 2 2 2 2 2 2 8
left_child=1 2 9 4 5 -2 -7 -8 -4 -1 -11 -12 -13 -5
right_child=3 -3 8 13 -6 6 7 -9 -10 10 11 12 -14 -15
leaf_value=0.00039447904048979076 0.00028169612481062061 -9.6152694245350895e-06 -9.6815057734269392e-05 -1.7993738663898685e-05 1.6733250577743194e-05 -0.00064025981229289236 0.00039314955029144525 -0.00027798583564992942 0.00038378320312625085 -5.1734755036153685e-05 7.9586487502529576e-05 0.00057242998202946388 0.00016966152991477006 5.4198568844963868e-05
leaf_weight=535 408 36378 3541 56811 3170 415 224 2385 250 3036 14532 426 2118 10981
leaf_count=535 408 36378 3541 56811 3170 415 224 2385 250 3036 14532 426 2118 10981
internal_value=9.13913e-07 2.01292e-05 6.43992e-05 -1.47946e-05 -0.000101982 -0.000211499 -0.000278397 -0.000219723 -6.46579e-05 8.81053e-05 7.98594e-05 0.000103264 0.000238097 -6.29684e-06
internal_weight=135210 60816 24438 74394 6602 3432 3024 2609 3791 20647 20112 17076 2544 67792
internal_count=135210 60816 24438 74394 6602 3432 3024 2609 3791 20647 20112 17076 2544 67792
is_linear=0
shrinkage=0.04


Tree=95
num_leaves=15
num_cat=0
split_feature=1 28 24 25 8 26 24 25 0 24 25 28 10 25
split_gain=0.0233679 0.0263126 0.0258883 0.034428 0.0253279 0.0432196 0.0435285 0.0648433 0.0624676 0.0420801 0.0792165 0.0765582 0.0657871 0.0905866
threshold=0.99745006328784713 0.93665537238121044 0.040646612644195564 0.13560229539871219 0.0060062119737267503 -0.11918014287948607 -0.091292798519134508 -0.13669258356094358 0.071600490593348012 -0.11047667264938353 -0.13669258356094358 0.034523651003837592 -0.22754304111003873 -0.023843288421630856
decision_type=2 2 2 2 8 2 2 2 2 2 2 2 10 2
left_child=1 4 -3 -4 5 9 -7 8 -8 -1 11 -11 13 -12
right_child=-2 2 3 -5 -6 6 7 -9 -10 10 12 -13 -14 -15
leaf_value=0.0003844250407590367 -6.6442803487783643e-05 0.00058209618707424254 0.00044314258297456564 -0.0001753170439160597 -9.5904393499196212e-06 -0.00037564532148424832 0.00083243649066590698 5.3546000219084989e-05 2.7268056098810437e-06 0.00020346265192993534 0.00049044255780209629 -0.00054929200228437045 -7.6587975720869217e-05 -0.00025874676006400129
leaf_weight=335 8399 231 243 339 93563 361 334 23680 254 281 811 901 5064 374
leaf_count=335 8399 231 243 339 93563 361 334 23680 254 281 811 901 5064 374
internal_value=-1.84929e-06 2.4327e-06 0.000228564 8.44809e-05 9.64114e-07 3.14445e-05 5.73863e-05 6.39039e-05 0.000477069 -5.0811e-05 -7.06773e-05 -0.000370234 -1.37653e-05 0.000253896
internal_weight=135170 126771 813 582 125958 32395 24629 24268 588 7766 7431 1182 6249 1185
internal_count=135170 126771 813 582 125958 32395 24629 24268 588 7766 7431 1182 6249 1185
is_linear=0
shrinkage=0.04


Tree=96
num_leaves=15
num_cat=0
split_feature=15 29 29 27 25 24 25 24 8 25 29 29 26 26
split_gain=0.0359392 0.0624423 0.0852286 0.0656111 0.0425151 0.058412 0.0352073 0.0702435 0.0468207 0.0364724 0.0498722 0.0910653 0.0833278 0.0781551
threshold=-0.38565069437026972 0.011914873961359264 0.028186978772282604 -0.079385191202163682 -0.17631152272224423 -0.081678479909896837 -0.14529123902320859 -0.06638655066490172 -0.3071890771389007 -0.056854695081710808 0.014615160878747703 0.01448558457195759 -0.1952797472476959 -0.28179165720939631
decision_type=8 2 2 2 2 2 2 2 8 2 2 2 2 2
left_child=1 3 -3 -1 5 -2 7 -6 -8 -10 11 12 -11 -12
right_child=4 2 -4 -5 6 -7 8 -9 9 10 13 -13 -14 -15
leaf_value=-0.0011071707480739647 0.00078431288737743727 0.00010852802931278367 -0.00055877906910030276 -0.00013272820100912198 -0.00081425264044868064 -7.5904694563636742e-06 0.00050072897929121548 -2.9147502548196258e-05 5.5138920851820258e-05 -0.00045121953582723695 0.00035279791668720961 0.00055252021363228713 4.9585895650571447e-06 -8.8662079003538546e-05
leaf_weight=201 259 1281 397 242 247 342 297 661 17907 640 664 478 95649 15764
leaf_count=201 259 1281 397 242 247 342 297 661 17907 640 664 478 95649 15764
internal_value=4.5037e-07 -0.000162711 -5.0542e-05 -0.000582279 3.06019e-06 0.000337335 1.52907e-06 -0.000246006 3.24889e-06 2.10284e-06 -6.28932e-06 4.65155e-06 1.90326e-06 -7.07169e-05
internal_weight=135029 2121 1678 443 132908 601 132307 908 131399 131102 113195 96767 96289 16428
internal_count=135029 2121 1678 443 132908 601 132307 908 131399 131102 113195 96767 96289 16428
is_linear=0
shrinkage=0.04


Tree=97
num_leaves=15
num_cat=0
split_feature=28 25 29 27 28 27 28 26 28 5 17 14 26 20
split_gain=0.0264828 0.0318365 0.0348769 0.0313748 0.0478913 0.0254496 0.047813 0.0436302 0.0361526 0.0251941 0.0283598 0.0350663 0.0283919 0.0274367
threshold=0.93665537238121044 0.16194307804107669 0.013405965175479652 0.34675931930541998 0.90425053238868724 0.33968353271484381 0.67256230115890514 0.27007853984832769 0.89153638482093822 0.99860529918229102 -0.095277357846498476 -0.36946210265159601 -0.029962420463562008 0.44412304461002355
decision_type=2 2 2 2 2 2 2 2 2 2 2 10 2 2
left_child=3 2 -2 4 5 7 -7 9 -9 10 12 13 -1 -12
right_child=1 -3 -4 -5 -6 6 -8 8 -10 -11 11 -13 -14 -15
leaf_value=-0.00056298394022001466 0.00073296005021830125 -0.00011761227434893606 0.00010011982219446893 -8.4702472402387136e-05 0.00045047444880727305 -0.00011828199308230217 0.00072499855216421661 -0.00023842739853988359 0.00022690129833942776 -5.7203625812135119e-05 0.00062068838723448676 9.1574719367119022e-06 6.1083129444385614e-05 1.5415060305513624e-06
leaf_weight=270 259 288 299 6828 377 210 213 1925 306 9895 263 114121 201 200
leaf_count=270 259 288 299 6828 377 210 213 1925 306 9895 263 114121 201 200
internal_value=2.13917e-07 0.000222653 0.000397758 -1.19021e-06 3.26844e-06 1.92959e-06 0.000309858 8.93292e-07 -0.000174239 4.02715e-06 9.2954e-06 1.05749e-05 -0.000298818 0.000356112
internal_weight=135655 846 558 134809 127981 127604 423 127181 2231 124950 115055 114584 471 463
internal_count=135655 846 558 134809 127981 127604 423 127181 2231 124950 115055 114584 471 463
is_linear=0
shrinkage=0.04


Tree=98
num_leaves=15
num_cat=0
split_feature=15 10 3 29 28 8 1 16 3 8 29 29 26 27
split_gain=0.0329637 0.0531921 0.0583429 0.0463382 0.0709018 0.0574661 0.0406636 0.040089 0.0334863 0.0278725 0.0274511 0.0530777 0.166905 0.0624322
threshold=-0.38565069437026972 -0.22754304111003873 0.99772641119305272 0.011914873961359264 0.2675644457340241 -0.49906679987907404 0.26399659622958987 -0.29972109198570246 0.11380316651013016 -0.11086752638220786 0.017121853306889537 0.016386529430747036 -0.15613037347793576 0.092326585203409209
decision_type=8 10 2 2 2 10 2 10 2 8 2 2 2 2
left_child=3 2 6 4 -1 -5 -2 -8 -3 -9 11 -10 -13 -14
right_child=1 8 -4 5 -6 -7 7 9 10 -11 -12 12 13 -15
leaf_value=-0.0010200934284159708 0.00080822026217132448 0.00019456599259224847 -0.00036355175158545255 -0.00051084679286981279 -3.1058160834042929e-05 5.9434165765517666e-05 -0.0001601381795073384 0.00041985257240864887 -3.3252105073826188e-06 -2.676419258091146e-05 -6.4818646262767763e-05 0.0012319607741610949 0.00024193832979568363 -9.5480848997002055e-05
leaf_weight=220 203 1367 252 352 240 1355 357 974 115335 289 10904 210 1865 1649
leaf_count=220 203 1367 252 352 240 1355 357 974 115335 289 10904 210 1865 1649
internal_value=-1.35066e-06 1.16598e-06 0.000201862 -0.000155926 -0.000509958 -5.93118e-05 0.000280802 0.000212429 -2.01257e-06 0.000317955 -4.08766e-06 1.47686e-06 0.000150006 8.36884e-05
internal_weight=135572 133405 2075 2167 460 1707 1823 1620 131330 1263 129963 119059 3724 3514
internal_count=135572 133405 2075 2167 460 1707 1823 1620 131330 1263 129963 119059 3724 3514
is_linear=0
shrinkage=0.04


Tree=99
num_leaves=15
num_cat=0
split_feature=28 27 0 28 28 27 11 7 27 28 27 25 28 25
split_gain=0.0262905 0.0661814 0.0454402 0.0803553 0.0683329 0.0757414 0.0646876 0.0593279 0.050873 0.0643171 0.0625307 0.0507123 0.0453728 0.0736358
threshold=0.44779232144355779 0.22715508192777636 0.049857042153490891 0.41851076483726507 0.37302300333976751 0.046520065516233451 3.1732065677642827 -0.18152107298374173 0.15282269567251208 0.43494543433189398 0.11021339520812036 -0.11200097203254698 0.16404736042022708 -0.17631152272224423
decision_type=2 2 2 2 2 2 10 2 2 2 2 2 2 2
left_child=1 2 3 6 5 7 11 -4 10 -10 -6 12 13 -1
right_child=-2 -3 4 -5 8 -7 -8 -9 9 -11 -12 -13 -14 -15
leaf_value=0.00014206912094979414 -1.2099468718898996e-05 -0.00039760991410320897 -0.00065213375290450475 -0.00025126066279858734 0.00010606662067129164 -0.00016556151871859775 0.00042467160653438641 1.4677560670095068e-05 0.00019125284403751085 0.00094396212579907505 -0.00029871121871861723 0.00012888114200079766 0.0002902645962383743 -0.00032428102782255247
leaf_weight=894 88246 581 211 1041 6154 5213 981 18354 773 234 673 10398 471 1361
leaf_count=894 88246 581 211 1041 6154 5213 981 18354 773 234 673 10398 471 1361
internal_value=8.01172e-07 2.48484e-05 3.01397e-05 8.7095e-05 2.84164e-06 -3.09169e-05 0.000112147 6.92539e-06 0.000105261 0.000369962 6.59745e-05 8.86335e-05 -6.48414e-05 -0.00013949
internal_weight=135585 47339 46758 15146 31612 23778 14105 18565 7834 1007 6827 13124 2726 2255
internal_count=135585 47339 46758 15146 31612 23778 14105 18565 7834 1007 6827 13124 2726 2255
is_linear=0
shrinkage=0.04


Tree=100
num_leaves=15
num_cat=0
split_feature=19 27 1 29 26 26 27 26 29 25 27 24 10 29
split_gain=0.0304514 0.0325045 0.0297482 0.0274568 0.0417821 0.0411993 0.130901 0.127922 0.0513413 0.0790333 0.0491168 0.0578568 0.0447258 0.0386696
threshold=0.90548121929168712 -0.082723483443260179 0.54956977040711419 0.021057607606053356 0.034915924072265632 -0.28179165720939631 -0.20399794727563855 -0.23805382847785947 0.020194899290800098 -0.13669258356094358 -0.21585970371961591 -0.063187152147293077 -0.17666236311197278 0.018185480497777465
decision_type=2 2 2 2 2 2 2 2 2 2 2 2 8 2
left_child=1 -1 -3 5 -5 6 -2 -7 10 -10 11 -9 -13 -12
right_child=3 2 -4 4 -6 7 -8 8 9 -11 13 12 -14 -15
leaf_value=0.00058320956352988476 -3.9905482179225419e-05 -0.0001227025549063804 0.00025759057222058134 -0.00014052391678354639 0.00026019601729064469 -0.00066722372396084808 0.0011216578135958984 0.00031674994769205511 0.00085932369659920892 5.2941719940638491e-05 5.1256525330489691e-06 -0.00092758101210521735 -0.00024865114804352407 -0.00011946959298813467
leaf_weight=254 538 577 754 4076 459 455 213 201 275 639 122113 212 567 4115
leaf_count=254 538 577 754 4076 459 455 213 201 275 639 122113 212 567 4115
internal_value=-9.7086e-07 0.00017305 9.2888e-05 -3.03774e-06 -9.9724e-05 3.56379e-07 0.000294779 -1.3747e-06 1.01588e-06 0.000298917 -1.13623e-06 -0.000282501 -0.000438155 1.05931e-06
internal_weight=135448 1585 1331 133863 4535 129328 751 128577 128122 914 127208 980 779 126228
internal_count=135448 1585 1331 133863 4535 129328 751 128577 128122 914 127208 980 779 126228
is_linear=0
shrinkage=0.04


Tree=101
num_leaves=15
num_cat=0
split_feature=7 6 25 26 9 7 10 24 27 28 27 26 24 24
split_gain=0.0279006 0.0256085 0.0241317 0.0478711 0.0471526 0.0708758 0.0442349 0.0434576 0.0546929 0.0431416 0.102488 0.0827713 0.0790568 0.113027
threshold=0.32652848958969122 0.98805243944028776 -0.056854695081710808 -0.21236950159072873 1.1619554758071902 0.038293205201625831 -0.39474277198314661 0.044291853904724128 0.10386343300342561 0.16404736042022708 -0.080943975597619996 -0.11437126994132994 -0.022224307060241696 -0.03004515171051025
decision_type=2 2 2 2 10 2 10 2 2 2 2 2 2 2
left_child=2 -2 3 -1 -4 -6 -5 8 9 10 11 12 13 -8
right_child=1 -3 4 6 5 -7 7 -9 -10 -11 -12 -13 -14 -15
leaf_value=-0.00015323695230554153 5.5952999010009485e-05 0.00062200200739521299 -9.3415357928479897e-06 0.00063817953600216876 1.3640907709486783e-05 0.00095091523046082847 -2.0367607178667442e-05 0.00034695878814148043 -0.00026774587252422112 0.00010093609283176304 -0.00027116053573343645 0.00041473534952776779 0.00032305766770486868 -0.00081420925217903697
leaf_weight=1881 310 214 113034 203 349 200 2040 760 879 11298 1934 920 817 329
leaf_count=1881 310 214 113034 203 349 200 2040 760 879 11298 1934 920 817 329
internal_value=8.93752e-07 0.00029082 -2.45323e-07 3.90752e-05 -7.53769e-06 0.000360589 5.79705e-05 5.15974e-05 3.91833e-05 5.48167e-05 -3.14631e-05 8.16312e-05 -1.50562e-05 -0.000132097
internal_weight=135168 524 134644 21061 113583 549 19180 18977 18217 17338 6040 4106 3186 2369
internal_count=135168 524 134644 21061 113583 549 19180 18977 18217 17338 6040 4106 3186 2369
is_linear=0
shrinkage=0.04


Tree=102
num_leaves=15
num_cat=0
split_feature=29 1 9 25 20 18 19 19 11 16 27 19 19 26
split_gain=0.023681 0.0379446 0.0343589 0.0288684 0.0268843 0.040269 0.0431027 0.0389729 0.0385204 0.0449793 0.0330997 0.0296559 0.0322326 0.0311733
threshold=0.0062246909365057954 0.59402970297029711 0.72812044620513927 -0.031824350357055657 0.99999970197677623 1.0000000180025095e-35 1.0458001494407656 0.9531189799308778 0.80686071515083324 0.25786861777305609 -0.18797349184751508 0.90548121929168712 0.95042464137077343 0.086789965629577651
decision_type=2 2 10 2 2 2 2 2 10 10 2 2 2 2
left_child=1 2 -1 -3 5 6 -2 10 -6 11 -7 -10 13 -13
right_child=4 3 -4 -5 8 7 -8 -9 9 -11 -12 12 -14 -15
leaf_value=0.00014130274527897622 6.8789732969166097e-05 -0.00041621136898596948 0.00060848183084540595 3.5882308271509691e-05 0.00011186899219627616 0.00045957496347229769 0.00060802039413072298 -1.1199667868038916e-05 0.0001578203769413833 0.0001429873726028595 5.9962354911565549e-05 -0.00059757669387993306 0.00012737660029848237 -0.00022871600884054219
leaf_weight=1222 759 226 314 10446 845 340 341 109972 208 479 8678 721 201 761
leaf_count=1222 759 226 314 10446 845 340 341 109972 208 479 8678 721 201 761
internal_value=-2.07433e-07 5.29227e-05 0.000238471 2.61179e-05 -5.4696e-06 -2.41117e-06 0.000237946 -4.64305e-06 -0.00011953 -0.000202095 7.5275e-05 -0.000289653 -0.000345259 -0.000409574
internal_weight=135513 12208 1536 10672 123305 120090 1100 118990 3215 2370 9018 1891 1683 1482
internal_count=135513 12208 1536 10672 123305 120090 1100 118990 3215 2370 9018 1891 1683 1482
is_linear=0
shrinkage=0.04


Tree=103
num_leaves=15
num_cat=0
split_feature=15 10 1 13 9 29 17 24 24 23 26 5 3 7
split_gain=0.0298813 0.0595638 0.0422363 0.0415746 0.0364858 0.0439369 0.0322925 0.0316964 0.0320716 0.0482253 0.0317406 0.0287754 0.0278935 0.026187
threshold=-0.38565069437026972 -0.25001830607652659 0.43114312565488394 1.8713470101356509 0.8381192982196809 0.018817811273038391 0.038121823221445091 -0.091292798519134508 -0.081678479909896837 -0.7662469446659087 -0.010749548673629759 0.98582746908629348 0.28855735185786596 0.26385217905044561
decision_type=8 8 2 10 10 2 2 2 2 2 2 2 2 2
left_child=3 2 -2 4 5 11 -4 10 9 -9 -3 -1 13 -10
right_child=1 7 6 -5 -6 -7 -8 8 12 -11 -12 -13 -14 -15
leaf_value=-0.00057513242529096489 0.00076956089678933157 -0.00046232536986388515 8.0822580313688128e-05 3.080837706802413e-05 -0.00079976799238535862 0.00030720020507685213 0.00061550498754751686 -0.00011059726503221912 7.7129426873325207e-05 0.00066838608557951654 0.00013797018237048038 -4.4032645947550251e-05 -4.2281976215583507e-06 0.00053855331121395
leaf_weight=402 208 452 1177 1045 203 200 209 230 4083 276 201 274 126420 202
leaf_count=402 208 452 1177 1045 203 200 209 230 4083 276 201 274 126420 202
internal_value=-4.05814e-07 1.96585e-06 0.000244632 -0.00014908 -0.000322638 -0.000208159 0.000163372 -9.76719e-07 4.12007e-07 0.000316685 -0.000277904 -0.000361768 -8.24453e-07 9.94838e-05
internal_weight=135582 133458 1594 2124 1079 876 1386 131864 131211 506 653 676 130705 4285
internal_count=135582 133458 1594 2124 1079 876 1386 131864 131211 506 653 676 130705 4285
is_linear=0
shrinkage=0.04


Tree=104
num_leaves=15
num_cat=0
split_feature=19 0 29 26 27 26 29 25 27 24 27 26 17 26
split_gain=0.0199739 0.0286418 0.0187821 0.0477245 0.138355 0.0940418 0.0506394 0.0686519 0.0567305 0.052068 0.0403643 0.178578 0.0747425 0.0655651
threshold=0.87219727039337169 0.074184068047866605 0.021057607606053356 -0.28179165720939631 -0.20399794727563855 -0.23805382847785947 0.020194899290800098 -0.13669258356094358 -0.21585970371961591 -0.063187152147293077 -0.20399794727563855 -0.28179165720939631 -0.043860170990228646 -0.0092303156852722151
decision_type=2 2 2 2 2 2 2 2 2 2 2 2 2 2
left_child=1 -1 3 4 -2 -5 8 -8 9 -7 11 12 -4 -12
right_child=2 -3 10 5 -6 6 7 -9 -10 -11 13 -13 -14 -15
leaf_value=0.00046135909671265156 -2.8500933854983145e-05 -0.00013501867326876321 -0.00078762236634189852 -0.00058592439591109398 0.0011401195668993623 0.00025857699494659657 0.00083263008475966923 7.2748005210956018e-05 2.1148478839061828e-06 -0.00044555203339210982 -0.00032077887228203769 0.0011784871068951004 9.060755905153874e-05 2.1034929957893358e-05
leaf_weight=342 554 202 200 432 224 209 266 642 126902 797 1728 206 633 1862
leaf_count=342 554 202 200 432 224 209 266 642 126902 797 1728 206 633 1862
internal_value=-8.34306e-08 0.000240697 -1.06507e-06 1.75503e-06 0.000313098 -1.31111e-07 1.85608e-06 0.000298697 -2.62743e-07 -0.000298711 -8.01968e-05 0.000138894 -0.000123693 -0.00014371
internal_weight=135199 544 134655 130026 778 129248 128816 908 127908 1006 4629 1039 833 3590
internal_count=135199 544 134655 130026 778 129248 128816 908 127908 1006 4629 1039 833 3590
is_linear=0
shrinkage=0.04


Tree=105
num_leaves=15
num_cat=0
split_feature=25 25 0 11 26 27 26 24 26 25 28 0 0 28
split_gain=0.0244487 0.0554821 0.0399424 0.0719406 0.0469648 0.110413 0.0552119 0.0755541 0.0490242 0.0477866 0.0707945 0.0568257 0.122278 0.0627813
threshold=-0.019703745841979977 -0.0095194280147552473 0.049857042153490891 2.9804919958114628 -0.11437126994132994 -0.15932655334472653 -0.16157069802284238 -0.04998731613159179 -0.15111929178237912 -0.083250671625137315 0.1515188664197922 0.059571706373085336 0.074053186790288092 0.31683754920959478
decision_type=2 2 2 10 2 2 2 2 2 2 2 2 2 2
left_child=2 -2 3 -1 6 -6 7 -4 -8 -7 -11 -12 -13 -14
right_child=1 -3 4 -5 5 9 8 -9 -10 10 11 12 13 -15
leaf_value=5.8429277323620163e-05 -0.00012891748354145794 -5.4088416109778288e-07 -0.00044532372112743686 0.00039725014940169038 0.0005675400342731085 -0.00011922817134112951 -0.00067313757510907915 0.00022927750708193401 -0.00015867611455677345 0.00052783144494057503 -0.00011604805704356979 0.00039358799639588392 -7.248000917433055e-05 0.00012558870663091106
leaf_weight=11477 5714 92629 337 1094 581 3691 330 1186 2633 458 3489 1588 5659 4668
leaf_count=11477 5714 92629 337 1094 581 3691 330 1186 2633 458 3489 1588 5659 4668
internal_value=2.44151e-06 -8.00609e-06 3.00651e-05 8.80616e-05 4.40213e-07 2.65237e-05 -0.000116526 7.90372e-05 -0.000217011 1.03069e-05 4.0477e-05 2.58202e-05 6.73939e-05 1.70683e-05
internal_weight=135534 98343 37191 12571 24620 20134 4486 1523 2963 19553 15862 15404 11915 10327
internal_count=135534 98343 37191 12571 24620 20134 4486 1523 2963 19553 15862 15404 11915 10327
is_linear=0
shrinkage=0.04


Tree=106
num_leaves=15
num_cat=0
split_feature=29 9 20 14 9 19 11 26 27 9 16 2 7 7
split_gain=0.0276663 0.0435024 0.0330356 0.0571008 0.073209 0.0440948 0.0380279 0.0370699 0.036023 0.0348179 0.0339509 0.0323186 0.0287243 0.0284331
threshold=0.0062246909365057954 0.87787395715713512 0.99999970197677623 0.56344410777091991 0.48182801902294164 0.92275443673133861 0.89847686886787426 0.13086265325546267 -0.0030296470504254098 0.50568890571594249 0.25786861777305609 0.40153143080804371 0.22890567034482959 0.22890567034482959
decision_type=2 10 2 8 10 2 10 2 2 10 10 2 2 2
left_child=1 13 3 5 -5 8 -4 10 12 -9 -8 -10 -2 -1
right_child=2 -3 6 4 -6 -7 7 9 11 -11 -12 -13 -14 -15
leaf_value=3.6787592867561609e-05 0.0002309526313567798 0.00049980093161568792 7.7468796274634307e-05 0.00088028676010105977 -9.432716005079798e-05 -6.9116615377140199e-06 -0.00042711587357165495 -0.00025809054986454668 -0.00025295912703449374 0.00028706205756124932 5.5365988152254733e-05 0.00016058888160108787 0.00081067711412605864 0.00050004158833029649
leaf_weight=11541 414 342 971 260 229 117103 1219 376 377 364 287 1449 204 211
leaf_count=11541 414 342 971 260 229 117103 1219 376 377 364 287 1449 204 211
internal_value=6.47412e-07 5.83676e-05 -5.01842e-06 -1.62562e-06 0.000427537 -3.39889e-06 -0.000131415 -0.000221692 0.000164584 1.01925e-05 -0.00033529 7.47492e-05 0.000427288 4.53142e-05
internal_weight=135347 12094 123253 120036 489 119547 3217 2246 2444 740 1506 1826 618 11752
internal_count=135347 12094 123253 120036 489 119547 3217 2246 2444 740 1506 1826 618 11752
is_linear=0
shrinkage=0.04


Tree=107
num_leaves=15
num_cat=0
split_feature=28 29 27 28 27 26 28 29 25 25 25 27 27 29
split_gain=0.0270858 0.0424525 0.0271434 0.0297883 0.0268776 0.0405804 0.0349753 0.0288823 0.0371978 0.0285797 0.0472573 0.0285106 0.0581647 0.024344
threshold=0.93665537238121044 0.012793232686817648 0.34675931930541998 0.90425053238868724 0.32169324159622198 0.27007853984832769 0.79098749160766613 0.0092068840749561804 0.085900008678436293 0.14848619699478152 0.15654963254928592 -0.06121294014155864 0.0039412514306604871 0.017121853306889537
decision_type=2 2 2 2 2 2 2 2 2 2 2 2 2 2
left_child=2 -2 3 4 5 9 -7 8 -6 13 -11 -12 -13 -1
right_child=1 -3 -4 -5 7 6 -8 -9 -10 10 11 12 -14 -15
leaf_value=1.087672549519003e-05 0.00060526568053571493 1.3368973457759508e-05 -7.8047171802738316e-05 0.00036341152057214513 0.00066304201052176963 -0.00038180350862012069 -3.2116051387978557e-05 2.5795826596526811e-05 1.8376659784799693e-05 -0.0005623978205526437 0.00028048251171432779 -0.00062174140671218919 0.00011026030416078742 -4.8298802935800846e-05
leaf_weight=110114 298 539 6956 361 333 810 1046 862 249 368 311 279 444 12368
leaf_count=110114 298 539 6956 361 333 810 1046 862 249 368 311 279 444 12368
internal_value=2.84691e-07 0.000226447 -1.13108e-06 3.06663e-06 2.02958e-06 5.56652e-08 -0.000185343 0.00017332 0.000389737 2.84064e-06 -0.000176411 -3.69925e-05 -0.000174544 4.89957e-06
internal_weight=135338 837 134501 127545 127184 125740 1856 1444 582 123884 1402 1034 723 122482
internal_count=135338 837 134501 127545 127184 125740 1856 1444 582 123884 1402 1034 723 122482
is_linear=0
shrinkage=0.04


Tree=108
num_leaves=15
num_cat=0
split_feature=29 27 4 8 29 26 26 27 25 2 26 27 18 25
split_gain=0.0240845 0.0363362 0.0394758 0.033921 0.0506988 0.0987986 0.0658724 0.0628524 0.0335617 0.0326754 0.0528226 0.0701827 0.0425044 0.0364809
threshold=0.017976230010390285 -0.21585970371961591 0.36024242621722241 -0.017092093825340268 0.016386529430747036 -0.20028045773506162 -0.15613037347793576 -0.19215866178274152 -0.090294063091278062 0.61657875023496767 -0.098634093999862657 -0.15193328261375424 0.058322781696915633 0.014949381351470949
decision_type=2 2 2 8 2 2 2 2 2 2 2 2 2 2
left_child=1 2 -1 4 5 8 -6 -7 -3 13 11 12 -11 -9
right_child=-2 3 -4 -5 6 7 -8 9 -10 10 -12 -13 -14 -15
leaf_value=-0.00067354736287773939 -5.8572742556286656e-05 -0.00071286161825432097 -9.1648189258711853e-05 -3.5948796030178973e-06 0.00071106971539393272 0.00049723911777794952 0.00013257298576627209 0.00023445715876012002 -0.00020451047586238783 -2.6271033277084264e-05 4.9511296736706605e-05 -0.00026713422110075504 0.00070178134790792063 -5.4879379102922775e-05
leaf_weight=243 10702 286 761 102653 379 491 1772 2428 751 342 11500 1928 200 975
leaf_count=243 10702 286 761 102653 379 491 1772 2428 751 342 11500 1928 200 975
internal_value=-1.00102e-06 3.94169e-06 -0.000235126 5.89141e-06 5.2138e-05 3.11666e-05 0.000235915 5.32368e-05 -0.000347459 4.05489e-05 1.3453e-05 -0.00015419 0.000246342 0.0001516
internal_weight=135411 124709 1004 123705 21052 18901 2151 17864 1037 17373 13970 2470 542 3403
internal_count=135411 124709 1004 123705 21052 18901 2151 17864 1037 17373 13970 2470 542 3403
is_linear=0
shrinkage=0.04


Tree=109
num_leaves=15
num_cat=0
split_feature=26 25 24 25 29 3 29 26 28 27 29 29 26 27
split_gain=0.0261975 0.0510461 0.0726289 0.0464153 0.0531511 0.0453653 0.0332749 0.0266338 0.0715118 0.0677518 0.0395884 0.0761086 0.0600667 0.0325746
threshold=-0.31418567895889277 -0.17631152272224423 -0.081678479909896837 -0.14529123902320859 0.014091147109866144 0.97685690358090493 0.020194899290800098 -0.28179165720939631 0.25602562725543981 -0.20399794727563855 0.025031906552612785 0.02316367439925671 -0.23805382847785947 -0.21585970371961591
decision_type=2 2 2 2 2 2 2 2 2 2 2 2 2 2
left_child=-1 2 -2 4 -3 6 -6 8 -5 -10 11 12 -9 -14
right_child=1 3 -4 7 5 -7 -8 10 9 -11 -12 -13 13 -15
leaf_value=-0.00027822070715917408 0.00070426336458107475 0.00017131954611225933 -0.00014910850489943756 -0.00024912301787008434 -0.00054916018150106541 -0.00083246241336540155 9.1317351332563391e-05 -0.00051852659416847381 0.00012316972449303451 0.0010057958928457527 0.00029889743347558595 -0.00037007997269253968 -0.0002593100932688531 4.0218026538637546e-06
leaf_weight=534 382 328 269 330 235 284 280 350 341 232 701 885 751 129453
leaf_count=534 382 328 269 330 235 284 280 350 341 232 701 885 751 129453
internal_value=8.97733e-08 1.20238e-06 0.000353192 -5.18588e-07 -0.00025557 -0.000430789 -0.00020341 1.65146e-06 0.000217549 0.000486142 1.67918e-07 -1.4366e-06 1.07644e-06 2.49304e-06
internal_weight=135355 134821 651 134170 1127 799 515 133043 903 573 132140 131439 130554 130204
internal_count=135355 134821 651 134170 1127 799 515 133043 903 573 132140 131439 130554 130204
is_linear=0
shrinkage=0.04


Tree=110
num_leaves=15
num_cat=0
split_feature=20 8 17 16 25 8 21 3 18 19 19 23 3 22
split_gain=0.0201297 0.0369163 0.0468347 0.0423209 0.0268266 0.0247835 0.0353836 0.0376924 0.0265372 0.030995 0.026254 0.0383137 0.0265835 0.0257143
threshold=0.99999970197677623 0.71009889245033275 1.0000000180025095e-35 0.10475347191095354 0.020594298839569095 0.46196193993091589 0.30000000447034841 0.98388399706555707 1.0000000180025095e-35 1.0458001494407656 0.92275443673133861 0.89999946951866161 0.91010754963829477 -0.50000001490116108
decision_type=2 8 2 8 2 10 2 2 2 2 2 2 2 2
left_child=1 5 3 -3 -5 8 7 13 9 -1 11 -10 -13 -7
right_child=-2 2 -4 4 -6 6 -8 -9 10 -11 -12 12 -14 -15
leaf_value=8.5138329632008223e-05 -9.4390025170688554e-05 -7.6747048850922631e-05 -0.00010125443728522046 0.00094863669431005193 0.00036658534497176475 0.00020033526615975943 -3.8958735619996983e-06 -0.00071223918741848853 0.00030137174922183706 0.00063536509076243938 -9.6060835092433409e-08 -0.00018295956470096411 0.00029012049668667355 -0.00028445844197220327
leaf_weight=658 3475 202 442 211 334 230 1883 252 1117 214 124755 655 262 690
leaf_count=658 3475 202 442 211 334 230 1883 252 1117 214 124755 655 262 690
internal_value=5.68657e-07 3.0738e-06 0.000224481 0.000416611 0.000598505 1.05136e-06 -0.000111445 -0.000283488 3.74771e-06 0.000223024 2.23089e-06 0.000144604 -4.69535e-05 -0.000162832
internal_weight=135380 131905 1189 747 545 130716 3055 1172 127661 872 126789 2034 917 920
internal_count=135380 131905 1189 747 545 130716 3055 1172 127661 872 126789 2034 917 920
is_linear=0
shrinkage=0.04


Tree=111
num_leaves=15
num_cat=0
split_feature=29 26 26 25 29 28 24 27 28 24 27 24 25 28
split_gain=0.0220813 0.0346133 0.0575677 0.0318882 0.0429326 0.0285632 0.025316 0.0251338 0.022779 0.0343371 0.0259439 0.0256196 0.0551739 0.0442286
threshold=0.0061157760210335263 0.048081874847412116 0.043428242206573493 -0.031824350357055657 0.0053213625214993962 0.83732259273529064 -0.017156243324279782 0.29380463063716894 0.93665537238121044 0.042295992374420173 0.51645228266716015 0.017914831638336185 0.14848619699478152 0.21080951392650607
decision_type=2 2 2 2 2 2 2 2 2 2 2 2 2 2
left_child=1 2 3 -1 -5 -3 -6 -7 11 -10 -11 12 -2 -13
right_child=8 5 -4 4 6 7 -8 -9 9 10 -12 13 -14 -15
leaf_value=-0.00033356654818276447 1.0659035256695001e-05 -1.0059095070191929e-05 0.0007528459064624725 -0.00015601419173616213 0.00065471952437501466 4.9929583449031475e-05 0.00019923372734785092 0.0005220207865119852 0.00053036314534695545 -0.00023573003196103063 0.00031629288720241041 0.00016243114060500766 -0.00028118063590844121 -4.0112393897555278e-05
leaf_weight=222 80571 7464 248 514 221 427 1521 309 313 305 238 1797 1045 40425
leaf_count=222 80571 7464 248 514 221 427 1521 309 313 305 238 1797 1045 40425
internal_value=2.32035e-08 5.45356e-05 0.000177875 0.000118931 0.000164098 1.34494e-05 0.000258728 0.000250316 -4.75531e-06 0.000200277 6.90303e-06 -6.18057e-06 6.90536e-06 -3.14738e-05
internal_weight=135620 10926 2726 2478 2256 8200 1742 736 124694 856 543 123838 81616 42222
internal_count=135620 10926 2726 2478 2256 8200 1742 736 124694 856 543 123838 81616 42222
is_linear=0
shrinkage=0.04


Tree=112
num_leaves=15
num_cat=0
split_feature=18 5 23 12 16 28 13 17 27 16 25 7 28 0
split_gain=0.0271685 0.033859 0.0394154 0.0331137 0.0324183 0.0308277 0.0306288 0.0271009 0.0550751 0.0543567 0.0486393 0.0264489 0.0252876 0.0285823
threshold=0.05870278179645539 0.038540881830699224 -0.73257517814636219 0.20000001043081286 0.0096567305736243742 0.90425053238868724 0.2791696041822434 -0.055884340777993195 -0.19737499207258222 -0.27436028420925135 -0.12661129236221311 -0.035811899229884141 0.72366181015968334 0.050472641487470445
decision_type=2 2 2 8 8 2 8 2 2 10 2 2 2 2
left_child=6 -2 4 5 7 12 11 9 -9 -3 -10 -1 13 -4
right_child=1 2 3 -5 -6 -7 -8 8 10 -11 -12 -13 -14 -15
leaf_value=0.00054580894804640793 0.00050882871681142393 -0.00061985912443909873 0.00011852147880110609 0.00043707904802210143 -0.00036423804830318612 0.00030541118977987384 -9.5594193503634021e-06 0.00051439340351006166 -0.00052054806604762745 4.5473500377325528e-06 2.8157447804883942e-05 9.3860329734321538e-05 -4.2772030450455278e-05 2.3158896547002075e-05
leaf_weight=259 234 344 7488 340 565 693 100557 320 291 618 2036 977 5258 15301
leaf_count=259 234 344 7488 340 565 693 100557 320 291 618 2036 977 5258 15301
internal_value=3.1594e-06 3.44094e-05 3.0995e-05 4.74957e-05 -8.38834e-05 4.28116e-05 -7.12244e-06 -3.95498e-05 2.66082e-05 -0.000220784 -4.14292e-05 0.000190382 3.62699e-05 5.45122e-05
internal_weight=135281 33488 33254 29080 4174 28740 101793 3609 2647 962 2327 1236 28047 22789
internal_count=135281 33488 33254 29080 4174 28740 101793 3609 2647 962 2327 1236 28047 22789
is_linear=0
shrinkage=0.04


Tree=113
num_leaves=15
num_cat=0
split_feature=2 14 6 17 10 3 11 28 24 11 29 24 26 29
split_gain=0.0212522 0.024831 0.0253623 0.0429934 0.0260699 0.0241327 0.0210665 0.0185932 0.0243948 0.0176586 0.0391829 0.0403629 0.0347029 0.0316565
threshold=0.22898352276039854 -0.16794845461845395 0.12820467450739317 0.0043270615860819825 -0.1528804004192352 0.077087966479142706 1.1029773354530337 0.93665537238121044 0.042295992374420173 1.0465002059936526 0.02316367439925671 -0.047728687524795525 -0.21236950159072873 0.011286099441349508
decision_type=2 8 2 2 8 2 10 2 2 10 2 2 2 2
left_child=1 -1 3 6 -4 -2 -3 9 -9 10 11 12 -7 -14
right_child=5 2 4 -5 -6 7 -8 8 -10 -11 -12 -13 13 -15
leaf_value=0.00046096433620735976 0.00027615582716249745 -0.00019643649486624781 0.000508923973509809 -0.00064043675135718131 7.5519888852418934e-05 -0.00059017575267189309 0.00035036273979596413 0.00046887663782160273 1.8735858156604875e-05 -2.0483459494759719e-05 -0.00022169606243979242 2.1528217212123743e-05 -0.00030849846744671039 -1.7779390188575024e-05
leaf_weight=262 485 240 235 203 3022 226 204 299 527 67459 1151 57732 769 2658
leaf_count=262 485 240 235 203 3022 226 204 299 527 67459 1151 57732 769 2658
internal_value=-1.21149e-06 8.76782e-05 6.20692e-05 -0.000165816 0.000107523 -4.03496e-06 5.58995e-05 -5.08424e-06 0.000183521 -6.28967e-06 9.02191e-06 1.33657e-05 -0.000115488 -8.33696e-05
internal_weight=135472 4166 3904 647 3257 131306 444 130821 826 129995 62536 61385 3653 3427
internal_count=135472 4166 3904 647 3257 131306 444 130821 826 129995 62536 61385 3653 3427
is_linear=0
shrinkage=0.04


Tree=114
num_leaves=15
num_cat=0
split_feature=13 14 19 18 18 7 0 24 28 28 26 0 27 28
split_gain=0.0212173 0.0222639 0.0196294 0.0458153 0.043933 0.0360587 0.0608309 0.0431952 0.0393005 0.0510714 0.0389703 0.0330644 0.0333046 0.0340011
threshold=64.320308685302749 0.1906971484422684 0.9987153708934785 0.006369946990162135 1.0000000180025095e-35 -0.15947090089321134 0.14419495151017389 -0.021901339292526242 0.17398012429475787 0.095078479498624816 -0.23805382847785947 0.058466169770879949 0.35294979810714727 0.83362597227096569
decision_type=10 10 2 2 2 2 2 2 2 2 2 2 2 2
left_child=2 -2 4 -4 -1 6 7 8 9 10 -5 -6 13 -13
right_child=1 -3 3 5 11 -7 -8 -9 -10 -11 -12 12 -14 -15
leaf_value=-0.00022860106531143935 0.00046692525737698434 -5.8368240206618797e-05 0.00026837357151541309 -0.00022538489970517527 -4.8974929087424016e-05 1.1042700053229912e-05 -0.00080400449381969258 -0.00060356275486101449 0.00048040391581087349 -0.00053895701712050235 0.0004773259501680443 1.0331432788351992e-05 -0.00015800049514680416 0.00023214076599032221
leaf_weight=1567 306 219 1083 243 26570 65353 215 204 231 277 253 35809 1817 1136
leaf_count=1567 306 219 1083 243 26570 65353 215 204 231 277 253 35809 1817 1136
internal_value=-3.26996e-06 0.000249319 -4.26323e-06 1.08944e-05 -1.9638e-05 6.69872e-06 -0.000192144 -8.03797e-05 2.83886e-05 -0.000108909 0.000134241 -1.46089e-05 8.95106e-06 1.71822e-05
internal_weight=135283 525 134758 67859 66899 66776 1423 1208 1004 773 496 65332 38762 36945
internal_count=135283 525 134758 67859 66899 66776 1423 1208 1004 773 496 65332 38762 36945
is_linear=0
shrinkage=0.04


Tree=115
num_leaves=15
num_cat=0
split_feature=6 20 16 10 24 26 28 27 0 19 26 25 29 26
split_gain=0.0199764 0.0418057 0.0198048 0.0261353 0.0212699 0.038967 0.0589603 0.0298303 0.0265871 0.0735755 0.0507369 0.0524385 0.146031 0.0460062
threshold=0.044092193554212129 0.19674337655305865 -0.3790877759456634 -0.17666236311197278 0.03131604194641114 0.41416269540786749 0.92896559834480297 0.42446291446685797 0.15631394680794772 1.0554230809211733 -0.11298924684524535 -0.070666670799255357 0.016794615425169471 -0.021174818277359005
decision_type=2 2 8 10 2 2 2 2 2 2 2 2 2 2
left_child=1 -1 3 -2 5 6 7 8 -4 10 -10 12 -12 -14
right_child=2 -3 4 -5 -6 -7 -8 -9 9 -11 11 -13 13 -15
leaf_value=0.00063617472932576166 -0.00037668934218167236 -8.5343399462009395e-05 1.7451232206775441e-05 -5.0724484134706863e-05 -3.4855007015927658e-05 -0.00023399622504510298 0.00062815669039548259 0.00034303918835473085 -0.00048891299425929857 -0.00036795690386637379 0.00098228707297122312 -2.4137683125325709e-05 -0.00042757659519116804 0.00016208085769633365
leaf_weight=233 480 277 83620 2099 23321 1056 241 419 352 986 313 20889 282 802
leaf_count=233 480 277 83620 2099 23321 1056 241 419 352 986 313 20889 282 802
internal_value=-1.38214e-06 0.000247267 -2.33159e-06 -0.000112004 -1.89222e-07 7.23165e-06 9.60315e-06 8.18943e-06 6.86525e-06 -3.06009e-05 -1.58293e-05 -8.2491e-06 0.000228568 7.42403e-06
internal_weight=135370 510 134860 2579 132281 108960 107904 107663 107244 23624 22638 22286 1397 1084
internal_count=135370 510 134860 2579 132281 108960 107904 107663 107244 23624 22638 22286 1397 1084
is_linear=0
shrinkage=0.04


Tree=116
num_leaves=15
num_cat=0
split_feature=29 25 24 24 26 27 26 29 26 24 24 24 29 1
split_gain=0.0230094 0.0576818 0.0862971 0.0538139 0.0288624 0.116863 0.0747771 0.0265346 0.0985941 0.0305673 0.0608964 0.0915306 0.0857596 0.0933576
threshold=0.028186978772282604 -0.17631152272224423 -0.081678479909896837 0.077388763427734389 -0.28179165720939631 -0.20399794727563855 -0.23805382847785947 0.018185480497777465 -0.1821101903915405 -0.091292798519134508 -0.029065161943435665 -0.013850778341293333 0.018817811273038391 0.96701335861671089
decision_type=2 2 2 2 2 2 2 2 2 2 2 2 2 2
left_child=1 2 -1 -2 5 -3 -6 -8 -9 -10 -11 12 -12 -14
right_child=3 4 -4 -5 6 -7 7 8 9 10 11 -13 13 -15
leaf_value=0.0007769756358745189 -0.00042870624456856245 -7.1163910984019322e-05 -0.00021640282746518283 0.00022788363013163913 -0.00051438619695352481 0.0010118194876342183 5.6959265418286714e-06 -0.00075359004073084323 -0.00035460476005351178 0.00022227805464412859 0.00013846377162954297 -1.5684655455178222e-05 -0.00032555296315475187 -0.0013918311607835365
leaf_weight=360 574 545 224 301 447 220 124083 317 462 1352 253 5697 339 214
leaf_count=360 574 545 224 301 447 220 124083 317 462 1352 253 5697 339 214
internal_value=1.04309e-06 2.37675e-06 0.000397351 -0.000202828 6.3969e-07 0.00024483 -7.72274e-07 9.76926e-07 -6.68059e-05 -4.01923e-05 -2.1486e-05 -7.22974e-05 -0.000469886 -0.000746956
internal_weight=135388 134513 584 875 133929 765 133164 132717 8634 8317 7855 6503 806 553
internal_count=135388 134513 584 875 133929 765 133164 132717 8634 8317 7855 6503 806 553
is_linear=0
shrinkage=0.04


Tree=117
num_leaves=15
num_cat=0
split_feature=7 15 26 15 5 2 15 7 8 26 24 19 17 14
split_gain=0.0260917 0.023206 0.0203746 0.0240621 0.0196294 0.0288704 0.0336239 0.0303389 0.0277382 0.0418686 0.035617 0.0248468 0.0404318 0.0569556
threshold=0.27607434988021856 0.2480907812714577 0.0061029791831970224 0.13830133527517322 0.99793032055400877 0.91173569204217897 0.14625059068202975 0.13079740107059482 0.35497957468032842 0.18265235424041751 0.028993189334869388 1.0069292187690737 -0.084024827927350984 -0.36946210265159601
decision_type=2 10 2 10 2 2 10 2 10 2 2 2 2 10
left_child=4 2 -2 -4 11 -6 8 -8 -7 10 -10 -1 -13 -14
right_child=1 -3 3 -5 5 6 7 -9 9 -11 -12 12 13 -15
leaf_value=-1.0723243387463917e-05 0.00041976657398313719 0.00050347974504499383 0.00016143923835919922 -0.00037234749521668914 0.00016517008792015425 -1.8968929430780737e-05 -0.00028174500139778756 0.00021667052463986432 -0.00020875977560311752 0.00026314369185742191 -0.0008267991770753724 -0.00028290642320010081 0.00063558022191478728 2.8782076386192046e-05
leaf_weight=76520 203 283 348 214 969 11389 1588 219 547 202 203 656 244 41357
leaf_count=76520 203 283 348 214 969 11389 1588 219 547 202 203 656 244 41357
internal_value=-1.03283e-06 0.000197301 8.15005e-05 -4.33087e-05 -2.59251e-06 -4.55152e-05 -5.99983e-05 -0.000220908 -3.63576e-05 -0.000243196 -0.00038041 2.87204e-06 2.74891e-05 3.2417e-05
internal_weight=134942 1048 765 562 133894 15117 14148 1807 12341 952 750 118777 42257 41601
internal_count=134942 1048 765 562 133894 15117 14148 1807 12341 952 750 118777 42257 41601
is_linear=0
shrinkage=0.04


Tree=118
num_leaves=15
num_cat=0
split_feature=15 10 29 26 17 29 4 29 18 18 29 7 27 7
split_gain=0.0223396 0.0428523 0.0382619 0.0699981 0.0324079 0.0310918 0.0303129 0.0284841 0.0277685 0.0222333 0.0360932 0.0416671 0.040696 0.0592928
threshold=-0.41815017163753504 -0.32274973392486567 0.011860271450132133 -0.23805382847785947 -0.020052287727594372 0.016794615425169471 0.90996555886810948 0.019680824130773548 0.058322781696915633 0.063612166792154326 0.013285473454743625 -0.15947090089321134 -0.11892900615930556 -0.090276658535003648
decision_type=8 10 2 2 2 2 2 2 2 2 2 2 2 2
left_child=2 6 -1 4 -4 -5 -2 -7 -8 -3 11 -11 13 -13
right_child=1 9 3 5 -6 7 8 -9 -10 10 -12 12 -14 -15
leaf_value=-0.00054901001559096814 0.0006104496478833597 -7.169996663555836e-06 -0.00076490625929375247 0.00042171613070923395 -0.00010365382530592351 -0.00039955066308992697 -0.00021175634229026819 0.00025331737158527923 0.00031824508731390604 -0.00046789517210833075 -3.0733336194111665e-05 0.00083496809000109811 5.7175274197565004e-05 0.00015673410984653175
leaf_weight=302 286 106578 235 400 238 206 249 212 416 224 9017 251 15542 1080
leaf_count=302 286 106578 235 400 238 206 249 212 416 224 9017 251 15542 1080
internal_value=1.08009e-06 2.85769e-06 -0.000147592 -5.19334e-05 -0.000436748 0.000171883 0.000269703 -6.93506e-05 0.000119694 9.35126e-07 3.40093e-05 6.81537e-05 7.54066e-05 0.000287282
internal_weight=135236 133643 1593 1291 473 818 951 418 665 132692 26114 17097 16873 1331
internal_count=135236 133643 1593 1291 473 818 951 418 665 132692 26114 17097 16873 1331
is_linear=0
shrinkage=0.04


Tree=119
num_leaves=15
num_cat=0
split_feature=5 13 19 27 25 28 24 28 14 7 12 27 24 19
split_gain=0.0173441 0.0214288 0.021576 0.0466744 0.119289 0.0563321 0.0435689 0.0885394 0.0500991 0.0466898 0.0276272 0.0263813 0.0377786 0.0210274
threshold=0.99971767363071729 64.320308685302749 1.0609188079833987 -0.12940161675214765 -0.12128806114196776 0.18217843025922778 -0.063187152147293077 0.034523651003837592 0.012727719731628897 -0.12756448984146115 0.051400307565927512 -0.021668840199708935 -0.056852579116821282 1.006675720214844
decision_type=2 10 2 2 2 2 2 2 10 2 10 2 2 2
left_child=1 2 13 6 -5 10 7 -4 -9 -8 -6 -7 -13 -1
right_child=-2 -3 3 4 5 11 9 8 -10 -11 -12 12 -14 -15
leaf_value=-8.9404625832744629e-06 -7.3734878134404353e-05 0.00026332057872787117 -0.00033670830333398447 -0.00087068022856816264 -2.7940852566428737e-05 0.00011096445543741934 -0.00047463205432326177 0.0011242889175370242 0.00025974476886242686 0.00019608775114010466 0.00059655811199836855 -0.00058929655101654739 -0.00013911137770538707 2.5786934868529849e-05
leaf_weight=83265 5213 490 202 342 202 447 303 201 232 356 252 370 1484 41947
leaf_count=83265 5213 490 202 342 202 447 303 201 232 356 252 370 1484 41947
internal_value=-2.22864e-06 6.39432e-07 -3.63827e-07 -8.7465e-05 -0.000171683 -8.34911e-05 0.000113984 0.000349163 0.000669322 -0.000113553 0.00032142 -0.000163906 -0.000230297 2.69405e-06
internal_weight=135306 130093 129603 4391 3097 2755 1294 635 433 659 454 2301 1854 125212
internal_count=135306 130093 129603 4391 3097 2755 1294 635 433 659 454 2301 1854 125212
is_linear=0
shrinkage=0.04


Tree=120
num_leaves=15
num_cat=0
split_feature=26 29 26 24 28 25 24 25 24 27 24 25 24 9
split_gain=0.0202552 0.0448604 0.0367042 0.063947 0.0581943 0.119131 0.102936 0.101289 0.112907 0.109305 0.0937049 0.0618521 0.0554472 0.0533967
threshold=0.033073246479034431 0.021057607606053356 -0.096571862697601304 -0.081678479909896837 0.19857834279537204 -0.11200097203254698 -0.045540869235992425 -0.10977506637573241 -0.060695081949234002 -0.010801102500408886 -0.047728687524795525 -0.094433009624481187 -0.053544312715530389 1.057488799095154
decision_type=2 2 2 2 2 2 2 2 2 2 2 2 2 8
left_child=1 2 3 -1 5 10 12 -7 9 -9 -4 -10 -6 -5
right_child=-2 -3 4 13 6 7 -8 8 11 -11 -12 -13 -14 -15
leaf_value=0.00063697011760037426 -1.0805054457213479e-05 -0.00010614666846010675 -0.00056324214294254055 -3.6847527531047106e-05 -8.858045001061335e-05 0.0011684569917529595 5.3683244068210142e-05 0.0013250438431743534 -0.00023367835672013698 0.00025737779735280123 0.00031472823323565536 0.00025562081610301342 -0.00055177662093263433 0.00042458329405009701
leaf_weight=231 77659 4149 493 16947 1128 208 30562 270 584 354 315 1384 650 406
leaf_count=231 77659 4149 493 16947 1128 208 30562 270 584 354 315 1384 650 406
internal_value=2.53101e-06 2.04854e-05 3.03091e-05 -1.70453e-05 5.34717e-05 0.000205731 3.64557e-05 0.000329087 0.00025961 0.000726209 -0.000221134 0.000110198 -0.000258988 -2.59325e-05
internal_weight=135340 57681 53532 17584 35948 3608 32340 2800 2592 624 808 1968 1778 17353
internal_count=135340 57681 53532 17584 35948 3608 32340 2800 2592 624 808 1968 1778 17353
is_linear=0
shrinkage=0.04


Tree=121
num_leaves=15
num_cat=0
split_feature=6 19 2 17 29 28 0 28 7 7 18 1 4 9
split_gain=0.0197626 0.021649 0.021316 0.0206374 0.0312437 0.0308042 0.0460209 0.026793 0.0574157 0.0375416 0.052617 0.027247 0.0463312 0.0216477
threshold=0.044092193554212129 1.0312108397483828 0.10156050807778784 -0.095277357846498476 0.016183690167963508 0.034523651003837592 0.045561407604487895 0.065695356577634825 -0.087318882346153245 -0.15947090089321134 0.041253304108977325 0.75793360750691252 0.98969404079898582 1.057488799095154
decision_type=2 2 2 2 2 2 2 2 2 2 2 2 2 8
left_child=1 -1 -2 4 -4 6 -5 8 -7 10 -9 -12 -13 -11
right_child=2 -3 3 5 -6 7 -8 9 -10 13 11 12 -14 -15
leaf_value=3.0821429468290529e-05 0.00015417262925753039 0.00055407672119544497 1.8240928925261095e-05 -6.9221154455310446e-05 -0.00063853129023890487 0.00011121315633829239 0.00069099387481602517 0.00031607230531067505 -0.0007486780577485244 -2.2793746219597636e-06 -0.00080020669404567773 8.8035037712253208e-05 -0.00064068798594896432 0.00014335282067335061
leaf_weight=311 1388 209 266 255 200 260 248 202 231 129350 200 294 259 1649
leaf_count=311 1388 209 266 255 200 260 248 202 231 129350 200 294 259 1649
internal_value=-5.35379e-07 0.000244404 -1.48926e-06 -3.11444e-06 -0.000267422 -2.17799e-06 0.000308709 -3.37028e-06 -0.000296808 -2.2672e-06 -0.000251494 -0.000404831 -0.000255948 -4.40772e-07
internal_weight=135322 520 134802 133414 466 132948 503 132445 491 131954 955 753 553 130999
internal_count=135322 520 134802 133414 466 132948 503 132445 491 131954 955 753 553 130999
is_linear=0
shrinkage=0.04


Tree=122
num_leaves=15
num_cat=0
split_feature=13 9 8 26 15 15 29 25 29 23 13 12 17 10
split_gain=0.0210961 0.0550801 0.0223663 0.0287234 0.0193756 0.0188267 0.046237 0.0345961 0.0304137 0.0260171 0.0245247 0.0211038 0.0245307 0.0343034
threshold=27.414090156555179 1.1052820086479189 -0.049245793372392647 -0.046528637409210198 0.276775673031807 -0.38565069437026972 0.011914873961359264 -0.28400108218193049 0.028186978772282604 -0.32926729321479792 2.0256869792938237 0.16544590145349505 -0.0041458825580775729 0.090049352496862425
decision_type=8 10 8 2 8 10 2 2 2 2 10 10 2 10
left_child=5 2 3 -2 -4 6 -1 -7 10 -10 -8 -9 13 -13
right_child=1 -3 4 -5 -6 7 8 11 9 -11 -12 12 -14 -15
leaf_value=-0.00051053924963816643 1.8346198557198725e-05 0.00067407339777292373 -2.7053628344384434e-05 0.00062487818964990856 0.00033392246997788208 0.00049340067967198575 -8.8560510864671589e-05 4.5513045132254833e-06 -0.00063161338300054691 -2.7784230755686615e-07 0.00026766859603450163 -0.00035879662657402106 8.3449431149370749e-06 -7.252897707879501e-05
leaf_weight=389 270 243 2403 228 259 223 688 121049 209 204 554 821 4248 3563
leaf_count=389 270 243 2403 228 259 223 688 121049 209 204 554 821 4248 3563
internal_value=1.74718e-06 0.000100007 5.48664e-05 0.000299487 8.62782e-06 -7.90667e-07 -0.000121094 1.10686e-06 -2.82946e-05 -0.000323501 7.07733e-05 2.41316e-07 -6.01665e-05 -0.000126487
internal_weight=135351 3403 3160 498 2662 131948 2044 129904 1655 413 1242 129681 8632 4384
internal_count=135351 3403 3160 498 2662 131948 2044 129904 1655 413 1242 129681 8632 4384
is_linear=0
shrinkage=0.04


Tree=123
num_leaves=15
num_cat=0
split_feature=29 26 26 27 29 26 27 18 29 29 28 28 19 28
split_gain=0.0197317 0.0361805 0.0363277 0.0278938 0.0256129 0.0406903 0.0351943 0.0272337 0.0337669 0.0585391 0.0345636 0.0592339 0.0530065 0.0415634
threshold=0.0065751452930271634 0.048081874847412116 0.043428242206573493 0.10558728128671648 0.0067710177972912797 0.0093162059783935564 -0.03001467045396566 0.063612166792154326 0.013217931147664787 0.012916786130517723 0.10165932774543764 0.078905433416366591 1.0444552302360537 0.16628108173608783
decision_type=2 2 2 2 2 2 2 2 2 2 2 2 2 2
left_child=1 2 -1 -4 5 6 -2 -6 9 -9 11 -10 -12 -14
right_child=4 -3 3 -5 7 -7 -8 8 10 -11 12 -13 13 -15
leaf_value=9.9254080908140168e-05 -0.00025613287386543575 3.3736031086620414e-06 0.00013783547994339974 0.00078987615229151654 -1.2673231752533219e-05 -0.00023604746559435075 0.00026284695786995453 5.9218130862648464e-05 -1.6097095757258993e-05 0.00052168963032473803 -2.0313258701338583e-06 0.00052078550953258221 -0.00060217831307655739 -0.00014072192017962833
leaf_weight=4370 310 11717 200 222 91098 1815 618 14186 1029 447 6950 478 402 1364
leaf_count=4370 310 11717 200 222 91098 1815 618 14186 1029 447 6950 478 402 1364
internal_value=2.91667e-07 4.12583e-05 0.000133791 0.000486085 -5.40769e-06 -0.000126104 8.90373e-05 -2.54718e-06 3.45602e-05 7.35188e-05 -2.12131e-05 0.000155354 -5.18132e-05 -0.000247168
internal_weight=135206 16509 4792 422 118697 2743 928 115954 24856 14633 10223 1507 8716 1766
internal_count=135206 16509 4792 422 118697 2743 928 115954 24856 14633 10223 1507 8716 1766
is_linear=0
shrinkage=0.04


Tree=124
num_leaves=15
num_cat=0
split_feature=7 28 25 24 27 28 0 29 24 27 29 25 24 24
split_gain=0.024812 0.0225142 0.0825255 0.126367 0.0595653 0.0958149 0.0833102 0.0692141 0.0586127 0.0730288 0.106057 0.0612597 0.0518197 0.049492
threshold=0.32652848958969122 0.19857834279537204 -0.11200097203254698 -0.074610620737075792 -0.13330106437206266 0.16017220169305804 0.051842441562401836 0.037610260769724853 0.052329242229461677 -0.14554748684167859 0.018817811273038391 -0.10699832439422606 -0.091292798519134508 -0.046456187963485711
decision_type=2 2 2 2 2 2 2 2 2 2 2 2 2 2
left_child=1 2 4 12 7 -6 -7 -1 9 10 -5 -11 -4 -3
right_child=-2 13 3 8 5 6 -8 -9 -10 11 -12 -13 -14 -15
leaf_value=0.00010304882713471413 0.00027328396734952338 -0.00014327834180427509 0.00035628325339900034 -2.3574456189017343e-05 -0.00043043287046951663 0.00059653204441842498 -0.00032101267377292972 -0.00048371663129828353 0.00075854222832100128 0.00076419459476007837 -0.00093933564014279534 0.00012665642662624724 0.0012525163143679188 -1.7284956531714688e-06
leaf_weight=2761 524 4084 214 1936 1377 331 295 359 201 250 221 4544 205 118116
leaf_count=2761 524 4084 214 1936 1377 331 295 359 201 250 221 4544 205 118116
internal_value=-1.25094e-07 -1.19725e-06 4.94944e-05 0.000133355 -7.44476e-05 -0.000244386 0.000165025 3.48673e-05 9.35087e-05 7.37467e-05 -0.000119356 0.000160665 0.000804374 -6.46485e-06
internal_weight=135418 134894 12694 7571 5123 2003 626 3120 7152 6951 2157 4794 419 122200
internal_count=135418 134894 12694 7571 5123 2003 626 3120 7152 6951 2157 4794 419 122200
is_linear=0
shrinkage=0.04


Tree=125
num_leaves=15
num_cat=0
split_feature=9 13 3 2 29 27 7 28 26 26 29 28 25 25
split_gain=0.027974 0.0587056 0.0366875 0.047653 0.0199668 0.0357669 0.0336279 0.025379 0.0323751 0.0450483 0.0261853 0.0260495 0.0248659 0.0206645
threshold=1.1619554758071902 11.334959506988527 0.72046198408465889 0.9792969980227838 0.0061157760210335263 -0.10987941548228262 0.22890567034482959 0.37845678627491003 0.048081874847412116 0.043428242206573493 0.0053213625214993962 0.83732259273529064 0.088832855224609389 0.051970481872558601
decision_type=8 10 2 2 2 2 2 2 2 2 2 2 2 2
left_child=4 2 -2 -4 5 -1 7 -7 9 10 -9 13 -13 -10
right_child=1 -3 3 -5 -6 6 -8 8 11 -11 -12 12 -14 -15
leaf_value=0.00052891058393950933 -0.00036305477338222168 0.00076576750385216798 0.00050777671167351584 -0.0002161059678266091 -4.2169016264343365e-06 -0.00039627537011289587 0.00053169302674638719 -0.00013512898403519102 8.6840761695927471e-05 0.00069609611093217436 0.00019628043987851497 0.00055199399355813743 6.0918911582397324e-05 -6.1796905711577829e-05
leaf_weight=241 241 229 356 240 123248 213 214 507 2079 232 1500 247 482 5305
leaf_count=241 241 229 356 240 123248 213 214 507 2079 232 1500 247 482 5305
internal_value=2.02051e-06 0.000205639 4.87529e-05 0.000216908 3.96315e-07 5.19692e-05 4.10653e-05 3.08805e-05 3.98567e-05 0.000174327 0.000112433 2.66132e-06 0.000229932 -1.99168e-05
internal_weight=135334 1066 837 596 134268 11020 10779 10565 10352 2239 2007 8113 729 7384
internal_count=135334 1066 837 596 134268 11020 10779 10565 10352 2239 2007 8113 729 7384
is_linear=0
shrinkage=0.04


Tree=126
num_leaves=15
num_cat=0
split_feature=24 10 23 27 25 28 26 24 27 26 27 17 2 25
split_gain=0.0188916 0.0382134 0.0448906 0.0372138 0.0866091 0.0770759 0.0546966 0.0716962 0.0505362 0.0367421 0.0454088 0.0543385 0.0490277 0.0360842
threshold=0.0060170888900756845 0.56871187686920177 0.95192241668701183 -0.18797349184751508 0.041349649429321296 0.1515188664197922 -0.28179165720939631 0.034149050712585456 -0.15588997304439542 -0.20028045773506162 -0.21585970371961591 -0.051898339763283723 0.95484713862766146 -0.070666670799255357
decision_type=2 8 2 2 2 2 2 2 2 2 2 2 2 2
left_child=1 9 -3 4 6 -5 -2 13 -7 10 11 -1 -13 -8
right_child=3 2 -4 5 -6 8 7 -9 -10 -11 -12 12 -14 -15
leaf_value=-0.00046512035338396561 -0.00027388696015034485 0.00048742511271853214 -2.4725284975241211e-05 0.00058453784254755103 0.0008908058193442907 -0.00034982078908477298 0.00034841600905064543 0.00085089562077246626 -1.4726527621711869e-05 2.0822611999062882e-05 -0.00027775213132835204 -9.9470605317645473e-06 0.00071020943213379875 -0.00028383245473810571
leaf_weight=205 493 592 505 336 230 723 271 228 66426 62507 1445 378 247 298
leaf_count=205 493 592 505 336 230 723 271 228 66426 62507 1445 378 247 298
internal_value=3.72541e-06 1.90455e-05 0.000252616 -1.0901e-05 0.000184501 -1.53155e-05 5.56174e-05 0.000259876 -1.83603e-05 1.50711e-05 -0.000142655 9.27997e-05 0.000278037 1.77031e-05
internal_weight=134884 65879 1097 69005 1520 67485 1290 797 67149 64782 2275 830 625 569
internal_count=134884 65879 1097 69005 1520 67485 1290 797 67149 64782 2275 830 625 569
is_linear=0
shrinkage=0.04


Tree=127
num_leaves=15
num_cat=0
split_feature=29 29 28 27 24 25 25 9 28 25 24 27 0 28
split_gain=0.0182095 0.0330308 0.0524911 0.0386153 0.0461374 0.0321777 0.0383653 0.0431804 0.0294599 0.0764423 0.0912626 0.0800683 0.0850193 0.0986804
threshold=0.0096040805801749247 0.010216810274869205 0.81901532411575328 -0.15932655334472653 -0.046456187963485711 -0.063970863819122301 -0.0016258060932159422 0.49534156918525701 0.19857834279537204 -0.11200097203254698 -0.070907771587371812 1.0000000180025095e-35 0.11368698242070845 0.16017220169305804
decision_type=2 2 2 2 2 2 2 10 2 2 2 2 2 2
left_child=-1 2 3 -2 -5 -6 7 -7 9 11 -11 12 13 -3
right_child=1 8 -4 4 5 6 -8 -9 -10 10 -12 -13 -14 -15
leaf_value=1.4605935888640187e-05 0.00024452651454690374 -1.3127025442357367e-06 0.00023599040344416137 -0.00057364171488483043 0.00033016990846448132 -0.0001782522619541243 -9.4082924210545725e-05 -0.00070804371086424724 -1.7875125473923939e-05 0.00070230303097791461 0.00010388974473647231 -0.00068664952844921148 -0.00031975871043150042 0.0006804696871699073
leaf_weight=60633 389 2632 662 406 225 713 3795 375 57591 435 5618 309 1127 385
leaf_count=60633 389 2632 662 406 225 713 3795 375 57591 435 5618 309 1127 385
internal_value=-1.67749e-06 -1.49013e-05 -0.000100553 -0.000138463 -0.000165679 -0.000132724 -0.000154369 -0.000363259 -6.63716e-06 5.49455e-05 0.000147439 -7.0806e-05 -2.41131e-05 8.66716e-05
internal_weight=135295 74662 6565 5903 5514 5108 4883 1088 68097 10506 6053 4453 4144 3017
internal_count=135295 74662 6565 5903 5514 5108 4883 1088 68097 10506 6053 4453 4144 3017
is_linear=0
shrinkage=0.04


Tree=128
num_leaves=15
num_cat=0
split_feature=28 0 27 28 27 25 24 25 26 28 24 0 18 27
split_gain=0.0182994 0.0343501 0.0284354 0.0376024 0.0332562 0.0688392 0.0526081 0.0385937 0.0283881 0.0339293 0.0353438 0.0319729 0.0236763 0.0224943
threshold=0.93665537238121044 0.053652191391819329 0.34675931930541998 0.90425053238868724 0.2853145450353623 -0.013492375612258909 -0.029065161943435665 0.11651819944381715 0.11316996812820436 0.83732259273529064 -0.020081907510757443 0.055918600871479492 0.018045487813651565 0.33968353271484381
decision_type=2 2 2 2 2 2 2 2 2 2 2 2 2 2
left_child=2 -2 3 4 -1 -6 -7 8 11 10 -10 -8 -12 -14
right_child=1 -3 -4 -5 5 6 7 -9 9 -11 12 -13 13 -15
leaf_value=-2.2620249190961929e-06 0.00062500776824275773 3.8463346006352463e-05 -8.0237241612736692e-05 0.00041052593252267357 0.00072977672756553214 -0.0003832117439440201 0.00012346688202381426 -0.00027108115979851725 0.00056596601198488888 0.0004430746481086251 -0.00037875187347651988 0.00079947043723399634 2.509323538103616e-05 0.00035033796091508854
leaf_weight=121323 208 642 6843 357 256 385 250 413 207 410 204 201 3261 375
leaf_count=121323 208 642 6843 357 256 385 250 413 207 410 204 201 3261 375
internal_value=3.42678e-07 0.00018481 -8.30058e-07 3.43001e-06 2.27213e-06 9.4464e-05 6.53467e-05 9.81314e-05 0.000129444 9.85622e-05 6.31561e-05 0.000430208 3.53508e-05 5.90725e-05
internal_weight=135335 850 134485 127642 127285 5962 5706 5321 4908 4457 4047 451 3840 3636
internal_count=135335 850 134485 127642 127285 5962 5706 5321 4908 4457 4047 451 3840 3636
is_linear=0
shrinkage=0.04


Tree=129
num_leaves=15
num_cat=0
split_feature=13 4 24 27 26 10 24 27 25 27 25 26 28 27
split_gain=0.0200531 0.02127 0.0180144 0.0557366 0.0667598 0.0498823 0.0502094 0.0485758 0.0456113 0.149955 0.0416776 0.0655674 0.116804 0.0503039
threshold=64.320308685302749 0.86367757305208814 -0.047728687524795525 -0.19737499207258222 -0.20028045773506162 -0.48787334561347956 -0.063187152147293077 0.15756081044673922 -0.12661129236221311 -0.12589230388402936 -0.096464544534683214 -0.055895775556564324 0.19105757772922519 0.09386733174324037
decision_type=10 2 2 2 2 8 2 2 2 2 2 2 2 2
left_child=2 -2 3 5 -5 -1 -7 8 9 -6 11 -10 -13 -12
right_child=1 -3 -4 4 7 6 -8 -9 10 -11 13 12 -14 -15
leaf_value=-0.00037726651837266631 0.00055108938643947075 3.2427600784387415e-05 1.3533400816629469e-06 -0.0006796943334569283 0.00041655980588558076 0.00054821651913807728 -4.3956688202539863e-07 -0.0003698171157948309 -1.8021545441121244e-05 -0.00067578194013977731 -0.00012978293601847545 0.0012431103485014969 -7.4778396593428203e-06 0.00023648031493768727
leaf_weight=208 210 309 126798 303 302 570 498 795 780 581 3030 219 256 743
leaf_count=208 210 309 126798 303 302 570 498 795 780 581 3030 219 256 743
internal_value=-1.4236e-06 0.000245547 -2.38153e-06 -5.95083e-05 -0.000103788 0.000183174 0.000293573 -7.72797e-05 -3.76555e-05 -0.000301942 9.01136e-06 0.000208221 0.000576052 -5.74388e-05
internal_weight=135602 519 135083 8285 7009 1276 1068 6706 5911 883 5028 1255 475 3773
internal_count=135602 519 135083 8285 7009 1276 1068 6706 5911 883 5028 1255 475 3773
is_linear=0
shrinkage=0.04


Tree=130
num_leaves=15
num_cat=0
split_feature=28 29 26 28 29 26 27 25 25 27 7 24 24 0
split_gain=0.0195147 0.0244484 0.0202014 0.0407672 0.0593978 0.0352428 0.0354883 0.0231535 0.0252847 0.0509968 0.0227266 0.0218995 0.0218547 0.0450063
threshold=0.93665537238121044 0.013060689438134434 0.27918863296508795 0.89153638482093822 0.010216810274869205 0.41416269540786749 0.42446291446685797 0.22173017263412478 0.14848619699478152 0.0039412514306604871 0.12725149095058444 0.03106176853179932 0.015576839447021486 0.056244024626052075
decision_type=2 2 2 2 2 2 2 2 2 2 2 2 2 2
left_child=2 -2 7 5 -5 6 -4 8 12 -10 -11 -8 -1 -14
right_child=1 -3 3 4 -6 -7 11 -9 9 10 -12 -13 13 -15
leaf_value=1.3764311550882624e-05 0.00044999846663616722 1.3587353411332096e-05 -0.00013342531051113555 0.00058670367345818966 -1.9122630256835525e-05 -0.0003878602965661331 0.000382312570868611 0.00037839476474201629 -0.00048541467170029926 -9.2103525013875482e-05 0.00032829313579903224 -9.6483780187781151e-05 -7.6442753692837766e-05 7.9018731139829003e-06
leaf_weight=80807 337 515 3593 319 1288 715 377 253 509 1253 241 252 15405 29497
leaf_count=80807 337 515 3593 319 1288 715 377 253 509 1253 241 252 15405 29497
internal_value=-2.44721e-06 0.000187824 -3.65935e-06 -7.21805e-05 0.000102585 -0.000129113 -8.4887e-05 -1.52564e-07 -9.17258e-07 -0.000141738 -2.34197e-05 0.000191241 1.33207e-06 -2.10404e-05
internal_weight=135361 852 134509 6544 1607 4937 4222 127965 127712 2003 1494 629 125709 44902
internal_count=135361 852 134509 6544 1607 4937 4222 127965 127712 2003 1494 629 125709 44902
is_linear=0
shrinkage=0.04


Tree=131
num_leaves=15
num_cat=0
split_feature=2 8 6 0 25 11 9 16 10 7 24 10 25 28
split_gain=0.0175919 0.0342951 0.0290823 0.0284515 0.0282868 0.0351331 0.0315322 0.0235492 0.0228187 0.0378585 0.0424893 0.022179 0.0578229 0.0356657
threshold=0.99055890095059518 0.20298326760530475 0.99506497765885604 0.045561407604487895 -0.10699832439422606 2.0320426225662236 0.955613672733307 0.36972282826900488 0.46943540871143347 0.24633484333753589 0.014860928058624269 -0.050013290718197816 -0.11200097203254698 0.10994839668273927
decision_type=2 10 2 2 2 10 10 10 10 2 2 8 2 2
left_child=2 3 11 -2 5 -4 8 -3 -6 10 -10 12 13 -1
right_child=1 7 4 -5 6 -7 -8 -9 9 -11 -12 -13 -14 -15
leaf_value=-9.736890663628321e-06 -0.00036317753811758891 -0.00013231222063315263 0.00013287210746868721 -3.9956887817663626e-07 4.2547347393613643e-05 0.00070645119437973039 0.00034378617040645918 0.00024278579961682105 0.00035916058251049516 -0.00059552442844310581 -0.00040223493166014076 -8.8814343855025708e-06 0.00010238815108987027 -0.00033870938465079057
leaf_weight=1533 346 5501 757 23779 15700 217 533 277 259 237 206 76869 8274 799
leaf_count=1533 346 5501 757 23779 15700 217 533 277 259 237 206 76869 8274 799
internal_value=4.26278e-07 -2.66492e-05 8.10992e-06 -5.6767e-06 5.45425e-05 0.000263617 4.24435e-05 -0.000114135 3.25493e-05 -0.000189774 2.11635e-05 -1.39892e-06 5.28107e-05 -0.000122934
internal_weight=135287 29903 105384 24125 17909 974 16935 5778 16402 702 465 87475 10606 2332
internal_count=135287 29903 105384 24125 17909 974 16935 5778 16402 702 465 87475 10606 2332
is_linear=0
shrinkage=0.04


Tree=132
num_leaves=15
num_cat=0
split_feature=8 26 24 25 27 25 24 26 17 28 24 26 24 29
split_gain=0.0184594 0.0331021 0.0579836 0.071424 0.0519287 0.0614489 0.0511674 0.0702744 0.055256 0.0496557 0.0428683 0.0376745 0.0411247 0.0629896
threshold=0.0060062119737267503 -0.096571862697601304 -0.081678479909896837 -0.11200097203254698 -0.12940161675214765 -0.12661129236221311 -0.070907771587371812 -0.21236950159072873 -0.037234049290418618 0.11525028198957445 0.0093729496002197283 -0.10667955875396727 0.063513040542602553 0.018185480497777465
decision_type=10 2 2 2 2 2 2 2 2 2 2 2 2 2
left_child=1 4 3 -3 6 -6 7 -1 -9 -4 -11 12 13 -8
right_child=-2 2 9 -5 5 -7 11 8 -10 10 -12 -13 -14 -15
leaf_value=-9.2389607717906325e-05 -6.927671574472836e-06 -0.0007859873557439286 0.0005898408788115576 8.138562083342969e-05 -0.00062362372735028917 -9.3354684524638037e-05 2.12082707628046e-05 0.0011182968735902337 0.00027721941925498049 9.7445946565324616e-05 -1.400674354747649e-05 0.00045816749876160785 0.00033123900163206036 -0.00030731004010719858
leaf_weight=388 100406 286 277 316 381 3750 3557 206 318 14781 8811 260 454 1261
leaf_count=388 100406 286 277 316 381 3750 3557 206 318 14781 8811 260 454 1261
internal_value=1.79648e-06 2.67884e-05 5.23407e-05 -0.000333769 -3.23374e-05 -0.000142956 3.86317e-05 0.000315369 0.000615317 6.21466e-05 5.58271e-05 -7.23452e-06 -3.05992e-05 -6.50032e-05
internal_weight=135452 35046 24471 602 10575 4131 6444 912 524 23869 23592 5532 5272 4818
internal_count=135452 35046 24471 602 10575 4131 6444 912 524 23869 23592 5532 5272 4818
is_linear=0
shrinkage=0.04


Tree=133
num_leaves=15
num_cat=0
split_feature=25 25 28 27 24 27 27 28 25 29 27 24 24 26
split_gain=0.0199401 0.0381034 0.043041 0.0524229 0.0365317 0.037836 0.0876363 0.0583497 0.0709647 0.0531432 0.0361724 0.0347215 0.0645224 0.0843384
threshold=-0.056854695081710808 -0.076481580734252916 0.18217843025922778 -0.089721184223890291 0.036819875240325935 -0.077748280018568025 0.0099234683439135569 0.25602562725543981 -0.067486315965652452 0.012326722033321859 -0.010801102500408886 -0.046456187963485711 -0.039460241794586175 0.11600118875503541
decision_type=2 2 2 2 2 2 2 2 2 2 2 2 2 2
left_child=1 -1 3 -3 5 -4 7 9 -9 -7 -5 -2 13 -13
right_child=11 2 4 10 -6 6 -8 8 -10 -11 -12 12 -14 -15
leaf_value=2.6585426891001555e-06 -0.00015315437548953122 6.0907520370869135e-05 -5.3366414796294775e-05 0.00089886720516993977 -0.00037499889451057903 -0.00035466965262493283 2.0111679118299239e-05 0.0010616161446471853 0.00017318870359836887 0.00048306382225206813 0.00021133842426934279 0.00034296927227882664 -6.5948117153795387e-06 -0.00036261982036657356
leaf_weight=15096 2499 491 1668 319 270 201 1918 378 234 290 203 1621 109629 321
leaf_count=15096 2499 491 1668 319 270 201 1918 378 234 290 203 1621 109629 321
internal_value=7.56155e-07 3.6504e-05 0.000121985 0.000358941 7.32677e-05 9.94516e-05 0.000183777 0.000466997 0.00072608 0.000140004 0.000636037 -5.84756e-06 -2.54142e-06 0.000225708
internal_weight=135138 21068 5972 1013 4959 4689 3021 1103 612 491 522 114070 111571 1942
internal_count=135138 21068 5972 1013 4959 4689 3021 1103 612 491 522 114070 111571 1942
is_linear=0
shrinkage=0.04


Tree=134
num_leaves=15
num_cat=0
split_feature=25 2 26 15 19 27 26 20 26 28 24 26 26 1
split_gain=0.0227395 0.0368918 0.0384467 0.0365573 0.0351263 0.0386305 0.0228131 0.0621679 0.0278272 0.0964533 0.0858088 0.0516532 0.0464647 0.0557162
threshold=-0.17631152272224423 0.97182100758719903 -0.31418567895889277 -0.2997689396142959 1.1259274482727053 -0.23155380040407178 -0.28179165720939631 0.43638597428798681 -0.1821101903915405 0.24653288722038272 0.018137037754058841 -0.16157069802284238 -0.15111929178237912 0.89394644115574351
decision_type=2 2 2 10 2 2 2 2 2 2 2 2 2 2
left_child=1 3 -3 -1 5 -2 7 -7 9 10 -8 -10 13 -13
right_child=4 2 -4 -5 -6 6 8 -9 11 -11 -12 12 -14 -15
leaf_value=-0.00032324522210092256 -0.00051211545471952825 6.7875031889358555e-05 0.00077446957795276633 0.00029572656075151207 -0.00042876743332460611 -4.7924610666426826e-05 -0.000103410260939639 0.00061084576739240802 0.00022382971296565712 -0.00048348979203030606 0.00046508817393776209 -6.0581371995283618e-05 2.1812097743233583e-06 -0.00066599623304246767
leaf_weight=315 230 237 254 287 301 626 2221 356 1665 841 520 749 126374 356
leaf_count=315 230 237 254 287 301 626 2221 356 1665 841 520 749 126374 356
internal_value=7.9026e-07 0.000182083 0.000437527 -2.81488e-05 -6.92587e-07 2.85399e-07 1.18593e-06 0.000192781 -2.38833e-07 -0.000110134 5.09106e-06 2.81343e-06 -8.19231e-08 -0.00025775
internal_weight=135332 1093 491 602 134239 133938 133708 982 132726 3582 2741 129144 127479 1105
internal_count=135332 1093 491 602 134239 133938 133708 982 132726 3582 2741 129144 127479 1105
is_linear=0
shrinkage=0.04


Tree=135
num_leaves=15
num_cat=0
split_feature=9 13 17 26 25 25 24 26 29 24 27 0 6 0
split_gain=0.0199405 0.043592 0.033808 0.0349463 0.0176899 0.0340107 0.0373865 0.067641 0.0735327 0.0579825 0.0454339 0.0422155 0.0662265 0.0685436
threshold=1.1619554758071902 11.334959506988527 -0.024254085496067997 -0.14340344071388242 -0.056854695081710808 -0.063970863819122301 -0.0060259997844696036 -0.032915353775024407 0.020738022401928905 0.038439929485321052 -0.027687845751643177 0.049857042153490891 0.9742941249195326 0.047976571721587827
decision_type=8 10 2 2 2 2 2 2 2 2 2 2 2 2
left_child=4 2 -2 -4 5 6 11 8 9 10 -8 12 -1 -14
right_child=1 -3 3 -5 -6 -7 7 -9 -10 -11 -12 -13 13 -15
leaf_value=-4.9676175474401289e-05 -0.00034302683432474451 0.00063577141722113734 0.00057328980522489397 -5.3130136985917775e-05 -9.4770269425844542e-06 0.0001851189798232249 0.00016571049195638607 -7.6855650014715131e-05 -0.00022281094264461752 0.00082568861553507971 0.00067153929812532192 -8.459213388707194e-05 0.00055058857398075309 7.6888765092404131e-05
leaf_weight=3482 261 242 234 351 113748 2052 2136 2047 511 293 324 7516 715 1528
leaf_count=3482 261 242 234 351 113748 2052 2136 2047 511 293 324 7516 715 1528
internal_value=-1.91519e-06 0.000168246 3.15591e-05 0.000200173 -3.29938e-06 3.07994e-05 1.36852e-05 0.000103292 0.000216215 0.000297961 0.000233559 -2.22817e-05 5.95242e-05 0.000228779
internal_weight=135440 1088 846 585 134352 20604 18552 5311 3264 2753 2460 13241 5725 2243
internal_count=135440 1088 846 585 134352 20604 18552 5311 3264 2753 2460 13241 5725 2243
is_linear=0
shrinkage=0.04


Tree=136
num_leaves=15
num_cat=0
split_feature=16 7 23 10 25 26 24 24 24 24 24 25 0 27
split_gain=0.0190018 0.0248305 0.0295009 0.0186505 0.0290956 0.0261166 0.0423939 0.0404424 0.0388285 0.0368602 0.0371171 0.0453515 0.0397139 0.0391436
threshold=-0.3790877759456634 -0.033346259966492646 -0.66848653554916371 0.036786260083317764 0.17958009243011477 -0.098634093999862657 -0.070907771587371812 0.063513040542602553 -0.091292798519134508 0.053534328937530525 -0.04998731613159179 -0.056854695081710808 0.13684246671688471 -0.18797349184751508
decision_type=8 2 2 10 2 2 2 2 2 2 2 2 2 2
left_child=1 2 -1 4 5 6 -2 9 -7 10 13 12 -12 -8
right_child=3 -3 -4 -5 -6 8 7 -9 -10 -11 11 -13 -14 -15
leaf_value=-0.00010132735961639451 0.00021829421445120301 -1.5585184961880739e-06 -0.00053167902750425762 -8.2302003613937114e-06 0.00046004290560174889 -0.00038118920254679063 4.351428811928134e-05 0.00025142770481458471 5.1855077648157324e-05 -0.0005710494999779796 1.6934221102298465e-05 -0.000126381084290625 0.00038689572500054544 -0.00040333996780229697
leaf_weight=752 1009 1528 383 97030 240 331 474 648 23910 228 3472 3800 531 917
leaf_count=752 1009 1528 383 97030 240 331 474 648 23910 228 3472 3800 531 917
internal_value=-1.27489e-06 -0.000106966 -0.000248242 8.51812e-07 2.56309e-05 2.26144e-05 -2.82553e-05 -5.30553e-05 4.58647e-05 -7.41184e-05 -6.14914e-05 -2.74877e-05 6.64312e-05 -0.000251459
internal_weight=135253 2663 1135 132590 35560 35320 11079 10070 24241 9422 9194 7803 4003 1391
internal_count=135253 2663 1135 132590 35560 35320 11079 10070 24241 9422 9194 7803 4003 1391
is_linear=0
shrinkage=0.04


Tree=137
num_leaves=15
num_cat=0
split_feature=19 15 28 14 8 17 21 20 12 11 16 8 17 23
split_gain=0.0190038 0.028263 0.0211259 0.0275176 0.0205068 0.0481038 0.037123 0.0471889 0.0283586 0.0294793 0.0196771 0.0193014 0.0182936 0.026945
threshold=0.90548121929168712 0.28914946317672735 0.52701544761657726 0.15626009553670886 0.46196193993091589 -0.061552798375487321 -1.0000000180025095e-35 0.054450506344437606 0.049955485388636596 4.7938878536224374 0.14472446590662005 0.64670532941818248 0.089289668947458281 0.40004374086856848
decision_type=2 10 2 10 8 2 2 2 8 8 10 10 2 2
left_child=1 2 3 -1 12 -6 7 -7 -8 -10 -9 -11 -2 -14
right_child=4 -3 -4 -5 5 6 8 10 9 11 -12 -13 13 -15
leaf_value=-9.8201320711025632e-06 2.5518569007386187e-06 0.00050435020179741383 -5.9025367618866383e-05 0.00059579488835814927 0.00048139351241490493 0.00016385702409081219 -0.0003481296325382475 -0.00033027983486373175 -5.1837645595082912e-05 1.0939733929089491e-05 -0.00077021912566604142 0.00054022953301964321 -3.0780272616436675e-05 0.00042763181317922658
leaf_weight=257 127682 275 842 220 232 253 439 585 3195 205 230 234 421 394
leaf_count=257 127682 275 842 220 232 253 439 585 3195 205 230 234 421 394
internal_value=2.1962e-06 0.000139277 6.15457e-05 0.000272782 5.58824e-07 -7.59649e-05 -0.00010156 -0.000310896 -4.63555e-05 -9.47191e-06 -0.000458374 0.000295973 3.76143e-06 0.000192089
internal_weight=135464 1594 1319 477 133870 5373 5141 1068 4073 3634 815 439 128497 815
internal_count=135464 1594 1319 477 133870 5373 5141 1068 4073 3634 815 439 128497 815
is_linear=0
shrinkage=0.04


Tree=138
num_leaves=15
num_cat=0
split_feature=29 28 28 24 26 15 25 28 20 26 26 28 24 24
split_gain=0.0172049 0.0265713 0.0945562 0.0307922 0.0292678 0.0290045 0.0271826 0.0318656 0.0191831 0.0182202 0.0247563 0.0194066 0.0277876 0.017798
threshold=0.0061157760210335263 0.5846763849258424 0.5726221799850465 0.030343115329742435 0.24727171659469607 0.20841205120086673 -0.031824350357055657 0.40311658382415777 0.13016322255134585 0.1977953910827637 0.16085094213485721 0.59583827853202831 0.0009938478469848635 0.016434252262115482
decision_type=2 2 2 2 2 10 2 2 2 2 2 2 2 2
left_child=1 2 5 9 -5 6 -1 -8 -9 10 11 -3 -13 -2
right_child=13 3 -4 4 -6 -7 7 8 -10 -11 -12 12 -14 -15
leaf_value=-0.00034201093851913547 5.8712082790498122e-06 -0.00031262058382336075 0.00095684520629901097 9.4231499192944115e-05 0.00062109904907378926 0.00050103852722185687 0.00045169254794578077 -0.00019864509147519613 8.8105765452189613e-05 -0.00011697451642214967 0.0002942840616503153 0.0003407043898097382 -2.5760898870587026e-05 -2.5596557887847346e-05
leaf_weight=253 79035 311 206 757 213 243 333 446 2164 2362 469 368 2940 45201
leaf_count=253 79035 311 206 757 213 243 333 446 2164 2362 469 368 2940 45201
internal_value=-1.32082e-06 4.64627e-05 0.000134821 2.99593e-06 0.000212517 8.42634e-05 5.18418e-05 8.62227e-05 3.88193e-05 -2.86536e-05 2.24577e-05 -1.31267e-05 1.54594e-05 -5.57833e-06
internal_weight=135301 11065 3645 7420 970 3439 3196 2943 2610 6450 4088 3619 3308 124236
internal_count=135301 11065 3645 7420 970 3439 3196 2943 2610 6450 4088 3619 3308 124236
is_linear=0
shrinkage=0.04


Tree=139
num_leaves=15
num_cat=0
split_feature=15 29 28 3 28 3 25 17 11 28 29 29 26 27
split_gain=0.0190931 0.038531 0.0533807 0.028285 0.0247351 0.0213477 0.0306186 0.0195376 0.031303 0.0193673 0.0204528 0.0568068 0.0266142 0.0759172
threshold=-0.38565069437026972 0.011914873961359264 0.29581750929355627 0.60998753930473226 0.034523651003837592 0.14622418005478643 -0.00052541494369506825 -0.050192296504974358 0.77727091312408458 0.065695356577634825 0.02316367439925671 0.025031906552612785 -0.28179165720939631 -0.20399794727563855
decision_type=8 2 2 2 2 2 2 2 8 2 2 2 2 2
left_child=1 2 -1 -3 -2 6 -6 -5 -9 -7 12 -12 13 -11
right_child=4 3 -4 7 5 9 -8 8 -10 10 11 -13 -14 -15
leaf_value=-0.00088761710458909102 0.00041463802071943002 0.00039946079935400717 -1.0164317519714436e-05 -0.00034875499944859854 0.00029138804694120343 -0.00028060362814892018 -2.5708556564919367e-05 -0.00035783185925276862 0.00011594247508150393 -3.7278237573142783e-05 -0.00037621172845700082 6.6315973342141591e-05 -1.9683510645209625e-06 0.00086255920005826178
leaf_weight=219 224 206 220 362 952 397 991 301 819 475 842 1024 128194 214
leaf_count=219 224 206 220 362 952 397 991 301 819 475 842 1024 128194 214
internal_value=-2.6219e-06 -0.000121379 -0.000452958 -3.40619e-05 -7.22662e-07 -1.4373e-06 0.000130006 -9.54627e-05 -1.24088e-05 -3.38959e-06 -2.53718e-06 -0.000133839 -6.31042e-07 0.000246408
internal_weight=135440 2127 439 1688 133313 133089 1943 1482 1120 131146 130749 1866 128883 689
internal_count=135440 2127 439 1688 133313 133089 1943 1482 1120 131146 130749 1866 128883 689
is_linear=0
shrinkage=0.04


Tree=140
num_leaves=15
num_cat=0
split_feature=17 26 14 10 13 19 23 24 0 24 27 26 6 27
split_gain=0.0164863 0.0363301 0.0189419 0.0238128 0.0177511 0.0165714 0.0276336 0.0330505 0.0564767 0.0305049 0.0470714 0.0568126 0.0358749 0.0300047
threshold=-0.095277357846498476 -0.018172055482864376 -0.36946210265159601 -0.48787334561347956 1.7466917037963869 1.006675720214844 -0.73257517814636219 -0.081678479909896837 0.049665748388049179 -0.047728687524795525 -0.19737499207258222 -0.12378093600273131 0.12820467450739317 0.15756081044673922
decision_type=2 2 10 8 10 2 2 2 2 2 2 2 2 2
left_child=1 -1 4 -4 -2 -5 9 8 -8 10 -7 -12 -11 -13
right_child=2 -3 3 5 -6 6 7 -9 -10 12 11 13 -14 -15
leaf_value=-0.00049166448261051617 0.00049091635924118919 0.00018062541632020358 -0.00039317199615143927 -8.9795400568845969e-06 2.8160237999215901e-05 0.00027581557436836103 0.00073569972584841829 3.3628418519618556e-05 -6.3189945106358389e-05 0.00042432560940264182 -0.00056989721736606632 -5.0190830290859678e-05 -1.0829508986566859e-05 -0.00055178333794005043
leaf_weight=314 239 212 240 85937 292 364 282 34751 278 308 539 1709 9604 210
leaf_count=314 239 212 240 85937 292 364 282 34751 278 308 539 1709 9604 210
internal_value=8.89625e-07 -0.000221554 1.76611e-06 8.18391e-07 0.000239081 1.53879e-06 2.03517e-05 3.85676e-05 0.000342059 -3.01559e-05 -0.000146059 -0.000208967 2.89938e-06 -0.000106372
internal_weight=135279 526 134753 134222 531 133982 48045 35311 560 12734 2822 2458 9912 1919
internal_count=135279 526 134753 134222 531 133982 48045 35311 560 12734 2822 2458 9912 1919
is_linear=0
shrinkage=0.04


Tree=141
num_leaves=15
num_cat=0
split_feature=18 23 28 20 26 25 28 13 15 12 14 0 20 13
split_gain=0.0186195 0.0349463 0.0302645 0.0268607 0.0273555 0.0243912 0.047607 0.0282139 0.0235281 0.0227808 0.0269815 0.0227516 0.0394579 0.0333515
threshold=0.053999749943614013 -0.80229809880256642 0.93665537238121044 0.02699688728898764 0.098096430301666274 -0.11200097203254698 0.10165932774543764 1.8713470101356509 -0.24502452462911603 0.20000001043081286 0.18443224579095843 0.058135012042736182 0.042855847626924522 0.79491749405860912
decision_type=2 2 2 2 2 2 2 8 10 8 8 2 2 8
left_child=11 3 9 -2 5 6 7 -5 -7 -3 -11 12 13 -1
right_child=1 2 -4 4 -6 8 -8 -9 -10 10 -12 -13 -14 -15
leaf_value=0.00063723700525074756 -0.00041118813936869713 3.1695042892833851e-05 0.00046914351234099248 -0.00019168414900786298 -0.00026817065021741049 0.00033082932636924011 -0.00054618436002610475 0.00042374732881961838 4.3050913628825485e-06 0.00064394727162360931 -5.0901747901941866e-07 9.3347051455520708e-06 -3.8076130679331823e-05 9.4249856116503087e-05
leaf_weight=216 366 35392 254 271 745 451 331 205 1565 208 203 57203 36733 1014
leaf_count=216 366 35392 254 271 745 451 331 205 1565 208 203 57203 36733 1014
internal_value=3.02618e-06 2.5927e-05 3.82805e-05 -8.72042e-05 -5.34415e-05 3.60019e-06 -0.000181571 7.50148e-05 7.79897e-05 3.51587e-05 0.000329459 -6.59813e-06 -3.0604e-05 0.000191798
internal_weight=135157 39991 36057 3934 3568 2823 807 476 2016 35803 411 95166 37963 1230
internal_count=135157 39991 36057 3934 3568 2823 807 476 2016 35803 411 95166 37963 1230
is_linear=0
shrinkage=0.04


Tree=142
num_leaves=15
num_cat=0
split_feature=29 3 2 26 28 26 27 26 29 27 27 24 8 28
split_gain=0.0201389 0.0300847 0.0267775 0.0265417 0.0451898 0.0255577 0.0892013 0.0476086 0.0346198 0.057278 0.0382375 0.0536426 0.0487195 0.0372405
threshold=0.021057607606053356 0.99807166956293247 0.99571262311733044 0.021421909332275394 0.21868674457073214 -0.28179165720939631 -0.20399794727563855 -0.23805382847785947 0.020194899290800098 0.028104719705879692 -0.21585970371961591 -0.063187152147293077 -0.22462338954210279 0.12310887500643732
decision_type=2 2 2 2 2 2 2 2 2 2 2 2 10 2
left_child=5 2 3 -2 -5 6 -1 -7 10 13 11 -9 -13 -10
right_child=1 -3 -4 4 -6 7 -8 8 9 -11 -12 12 -14 -15
leaf_value=-4.4774816231125151e-05 -0.0001292717922742676 -0.00045779618458403567 0.00030821514577165297 -0.0001955379981481071 0.00043018310333443839 -0.0004268710058738607 0.00090403613056326191 0.00032632574432502574 0.00016629433277599655 -0.00025899577334497533 2.463267068310021e-06 -0.00091553537186128426 -0.00020479375447448914 0.00078238266686636614
leaf_weight=541 3348 313 298 345 387 410 219 205 343 249 127654 206 591 290
leaf_count=541 3348 313 298 345 387 410 219 205 343 249 127654 206 591 290
internal_value=-6.93475e-07 -8.20794e-05 -5.47264e-05 -8.15801e-05 0.000135948 2.23042e-06 0.000232754 8.73304e-07 2.24358e-06 0.000251283 5.2659e-07 -0.000244992 -0.000393061 0.000452466
internal_weight=135399 4691 4378 4080 732 130708 760 129948 129538 882 128656 1002 797 633
internal_count=135399 4691 4378 4080 732 130708 760 129948 129538 882 128656 1002 797 633
is_linear=0
shrinkage=0.04


Tree=143
num_leaves=15
num_cat=0
split_feature=13 29 19 10 16 28 28 18 29 28 17 19 3 28
split_gain=0.0171458 0.0395952 0.0314139 0.0205951 0.0465387 0.0214678 0.0205063 0.0406197 0.0197479 0.0206114 0.0826927 0.0395169 0.0227168 0.0295357
threshold=0.2791696041822434 0.016077321954071525 1.015650808811188 -0.48787334561347956 -0.27436028420925135 0.034523651003837592 0.065695356577634825 0.083231799304485335 0.037610260769724853 0.10165932774543764 -0.051898339763283723 1.1259274482727053 0.94653539902183004 0.095078479498624816
decision_type=8 2 2 8 10 2 2 2 2 2 2 2 2 2
left_child=1 2 -1 4 -2 -5 7 -7 9 10 -8 -11 -12 -14
right_child=3 -3 -4 5 -6 6 8 -9 -10 11 12 -13 13 -15
leaf_value=9.5359494385224199e-05 -0.00061420278321278055 -0.00030174025981592398 0.00052183040684539237 0.00036901216754556238 0.00014981169587503277 -0.00057407070603057698 0.00082833583293790509 0.00013611131107548111 0.00038546548416631575 -1.6530619835710408e-06 -0.00013346181445242578 -0.00050106230357973051 -3.8105570466867013e-06 0.00058014020699082946
leaf_weight=959 266 278 385 246 238 279 234 233 207 130625 711 249 400 207
leaf_count=959 266 278 385 246 238 279 234 233 207 130625 711 249 400 207
internal_value=3.21209e-08 0.000129101 0.000219007 -1.53618e-06 -0.000255491 -5.67109e-07 -1.26378e-06 -0.000252692 -2.83709e-07 -9.01218e-07 0.000143777 -2.62234e-06 1.95675e-05 0.000198442
internal_weight=135517 1622 1344 133895 504 133391 133145 512 132633 132426 1552 130874 1318 607
internal_count=135517 1622 1344 133895 504 133391 133145 512 132633 132426 1552 130874 1318 607
is_linear=0
shrinkage=0.04


Tree=144
num_leaves=15
num_cat=0
split_feature=29 29 25 26 25 28 26 24 26 28 29 26 16 8
split_gain=0.0205934 0.0285666 0.0599301 0.0391739 0.0627953 0.0649214 0.0484945 0.0289923 0.0283185 0.0526165 0.0240357 0.0808645 0.0298363 0.0257486
threshold=0.021057607606053356 0.020194899290800098 -0.13669258356094358 -0.28179165720939631 0.041349649429321296 0.29581750929355627 -0.23805382847785947 0.019917011260986332 0.034915924072265632 0.21868674457073214 0.018185480497777465 -0.1821101903915405 -0.29582798480987543 -0.011616468895226715
decision_type=2 2 2 2 2 2 2 2 2 2 2 2 8 8
left_child=1 3 -3 4 -1 -6 -5 -4 -2 -10 13 -12 -13 -8
right_child=8 2 7 6 5 -7 10 -9 9 -11 11 12 -14 -15
leaf_value=-0.00017254371277785412 -0.0001131233922892378 0.00072037495092840608 -0.00021495780148414408 -0.00040847545195961637 9.36649889263208e-05 0.0010913648684531898 4.5432550226006394e-05 0.00029662247203867645 -0.00021460928491529363 0.0006130587484691509 -0.00069515231770996802 -0.00045332323425100184 -9.809522612653935e-06 -1.5881583699951533e-06
leaf_weight=266 4199 271 374 453 203 212 22820 328 237 246 321 255 3649 101469
leaf_count=266 4199 271 374 453 203 212 22820 328 237 246 321 255 3649 101469
internal_value=2.66416e-06 5.61994e-06 0.000220992 3.99513e-06 0.000305465 0.000610258 2.39146e-06 2.44785e-05 -7.97159e-05 0.000208898 3.85557e-06 -8.9912e-05 -3.93216e-05 7.04653e-06
internal_weight=135303 130621 973 129648 681 415 128967 702 4682 483 128514 4225 3904 124289
internal_count=135303 130621 973 129648 681 415 128967 702 4682 483 128514 4225 3904 124289
is_linear=0
shrinkage=0.04


Tree=145
num_leaves=15
num_cat=0
split_feature=28 25 0 11 26 16 0 26 24 27 24 6 25 26
split_gain=0.0153789 0.0249998 0.0245461 0.0149056 0.0252131 0.0371239 0.0277573 0.0257365 0.0465666 0.039874 0.0358813 0.0293971 0.0260129 0.0358585
threshold=0.93665537238121044 0.16194307804107669 0.055480341261492976 0.97779151797294628 -0.095444262027740465 0.4485116600990296 0.16027192761557915 -0.041133880615234368 0.067743837833404555 0.012916455511003734 -0.056852579116821282 0.2131380144871515 -0.12128806114196776 -0.046528637409210198
decision_type=2 2 2 10 2 8 2 2 2 2 2 2 2 2
left_child=3 2 -2 4 5 6 -1 8 9 11 -9 -6 -13 -14
right_child=1 -3 -4 -5 7 -7 -8 10 -10 -11 -12 12 13 -15
leaf_value=-3.5844726677408403e-05 0.00066391203198502304 -0.0001376536173975951 0.00011838040320564175 -1.2348311940548012e-05 0.00049993425034559696 0.00048599932243468218 -0.00032496306972669268 -0.00026041004780579132 -0.00048708156009473594 -0.00012514994730466325 1.9522515906752835e-05 -0.00030133058815928445 0.00011187748851986445 0.00045352953042364434
leaf_weight=10089 207 279 357 74951 359 205 556 741 208 965 40896 212 5014 541
leaf_count=10089 207 279 357 74951 359 205 556 741 208 965 40896 212 5014 541
internal_value=6.02401e-07 0.000170412 0.000322677 -4.6632e-07 1.44294e-05 -4.07242e-05 -5.10912e-05 2.66608e-05 9.59178e-05 0.00011335 1.451e-05 0.000150991 0.000128855 0.000145529
internal_weight=135580 843 564 134737 59786 10850 10645 48936 7299 7091 41637 6126 5767 5555
internal_count=135580 843 564 134737 59786 10850 10645 48936 7299 7091 41637 6126 5767 5555
is_linear=0
shrinkage=0.04


Tree=146
num_leaves=15
num_cat=0
split_feature=8 13 15 29 29 12 8 11 6 19 6 4 8 9
split_gain=0.0154237 0.0279076 0.0289149 0.032751 0.0274043 0.0268556 0.0279054 0.0381569 0.0266076 0.0524757 0.0358797 0.0295761 0.0262898 0.0254012
threshold=0.0060062119737267503 23.191226005554203 -0.38565069437026972 0.011914873961359264 0.014091147109866144 0.050702150911092765 -0.2671861052513122 1.6604416370391848 0.38380413912328809 1.0374248623847964 0.99051928419676427 0.99914346879365201 -0.1497831121087074 0.41382925212383276
decision_type=10 10 8 2 2 10 10 8 2 2 2 2 10 10
left_child=1 2 3 -1 -5 -6 7 -7 9 -4 -10 13 -13 -12
right_child=-2 -3 8 4 5 6 -8 -9 10 -11 11 12 -14 -15
leaf_value=-0.00045997819399737371 -7.2626031801278764e-06 0.00044643266624095094 5.7059854821657758e-05 0.00033600382670260484 8.6183321688580367e-05 -0.00015322440507880921 2.921979418533738e-05 -0.00086247767516899683 -1.3682733558333762e-05 0.0004912255054551598 2.8011366742681451e-05 -0.00043154639306394109 -3.0921587042240609e-06 0.00015964742090544874
leaf_weight=376 100231 243 2033 247 599 294 315 205 19232 566 4195 294 981 5322
leaf_count=376 100231 243 2033 247 599 294 315 205 19232 566 4195 294 981 5322
internal_value=7.11896e-07 2.36107e-05 2.05823e-05 -0.000125482 -4.85624e-05 -0.000116734 -0.00026567 -0.000450267 2.97159e-05 0.000152372 1.90747e-05 7.74297e-05 -0.000103188 0.000101669
internal_weight=135133 34902 34659 2036 1660 1413 814 499 32623 2599 30024 10792 1275 9517
internal_count=135133 34902 34659 2036 1660 1413 814 499 32623 2599 30024 10792 1275 9517
is_linear=0
shrinkage=0.04


Tree=147
num_leaves=15
num_cat=0
split_feature=16 7 25 24 0 24 26 15 20 4 28 25 24 27
split_gain=0.019159 0.0287918 0.0216036 0.0328861 0.0553807 0.0434278 0.0743819 0.039655 0.0337159 0.0341636 0.0296549 0.0279974 0.0501973 0.0357213
threshold=-0.3790877759456634 -0.033346259966492646 -0.056854695081710808 -0.046456187963485711 0.054263210833734248 -0.039460241794586175 0.11600118875503541 -0.14009748399257657 0.15426682680845263 0.95441557169539515 0.33653107285499578 -0.061155676841735833 -0.0078369081020355207 0.11021339520812036
decision_type=8 2 2 2 2 2 2 10 2 2 2 2 2 2
left_child=1 -1 11 4 8 6 7 -5 -4 -10 -6 13 -13 -2
right_child=2 -3 3 5 10 -7 -8 -9 9 -11 -12 12 -14 -15
leaf_value=-0.00026140650314803604 4.0895349322218965e-05 6.5595783193366868e-06 -0.00025007649561302968 0.00076984661811200724 -0.00046316608184047211 -4.8203352706652102e-06 -0.00037562098265034218 0.00021247111684777941 3.8101706123901145e-05 0.00074461714909366758 -0.00013286333663556124 0.0005499179806407545 -2.9565429760009017e-06 -0.00022041085243171735
leaf_weight=1108 18397 1514 203 237 702 108135 310 1364 235 201 1146 463 599 872
leaf_count=1108 18397 1514 203 237 702 108135 310 1364 235 201 1146 463 599 872
internal_value=1.15876e-08 -0.000106959 2.12654e-06 -4.72978e-06 -0.000148421 -1.47582e-06 0.000187294 0.000297121 0.000171614 0.000368561 -0.000259247 4.00684e-05 0.000239528 2.90161e-05
internal_weight=135486 2622 132864 112533 2487 110046 1911 1601 639 436 1848 20331 1062 19269
internal_count=135486 2622 132864 112533 2487 110046 1911 1601 639 436 1848 20331 1062 19269
is_linear=0
shrinkage=0.04


Tree=148
num_leaves=15
num_cat=0
split_feature=29 27 28 28 7 28 27 0 26 29 29 25 29 0
split_gain=0.0173072 0.0280169 0.0346816 0.0322281 0.0281042 0.0246148 0.0205511 0.0170353 0.0169316 0.0188182 0.0468901 0.0168232 0.0390751 0.0430455
threshold=0.0061157760210335263 -0.10987941548228262 0.37845678627491003 0.44202966988086706 0.22890567034482959 0.83732259273529064 0.29380463063716894 0.073034855182434036 0.21193414926528933 0.0055001985747367152 0.0055845722090452918 -0.17631152272224423 0.028186978772282604 0.047083373601938365
decision_type=2 2 2 2 2 2 2 2 2 2 2 2 2 2
left_child=1 -1 -3 7 5 8 -7 -4 9 -5 -11 12 13 -2
right_child=11 2 3 4 -6 6 -8 -9 -10 10 -12 -13 -14 -15
leaf_value=0.00047646748995369611 0.00061857996727797274 -0.00046474673396311526 9.4231101048271041e-05 -1.273179262752327e-05 0.00048666656763891869 6.675704217054593e-05 0.00049904077858401103 0.00051802118235361378 -9.5451850900986232e-05 0.00054811908177770637 5.0150763242356699e-05 -4.7973157978705155e-06 -9.5129117863512397e-05 -9.6898811852252735e-05
leaf_weight=235 387 209 277 4577 208 428 296 338 2094 353 1962 123279 542 203
leaf_count=235 387 209 277 4577 208 428 296 338 2094 353 1962 123279 542 203
internal_value=8.63937e-07 4.89993e-05 3.94304e-05 4.96502e-05 3.21435e-05 2.21616e-05 0.000245702 0.000329443 4.02432e-06 3.42955e-05 0.000127101 -3.38493e-06 0.000149774 0.000373661
internal_weight=135388 10977 10742 10533 9918 9710 724 615 8986 6892 2315 124411 1132 590
internal_count=135388 10977 10742 10533 9918 9710 724 615 8986 6892 2315 124411 1132 590
is_linear=0
shrinkage=0.04


Tree=149
num_leaves=15
num_cat=0
split_feature=29 0 19 29 29 24 25 25 25 29 8 1 25 29
split_gain=0.0165972 0.0399979 0.038547 0.035404 0.0908061 0.0337908 0.0332172 0.0297298 0.0256784 0.0269546 0.0256273 0.0241527 0.030138 0.0560253
threshold=0.017976230010390285 0.072871023196998716 1.0304523706436159 0.01912210509181023 0.019518224522471431 -0.010195016860961912 -0.17631152272224423 0.14848619699478152 -0.030360579490661618 0.037610260769724853 -0.1411606892943382 0.97041610380715015 -0.0095194280147552473 0.018817811273038391
decision_type=2 2 2 2 2 2 2 2 2 2 10 2 2 2
left_child=6 3 11 5 -5 -2 -1 8 9 -6 -4 -3 13 -13
right_child=1 2 10 4 7 -7 -8 -9 -10 -11 -12 12 -14 -15
leaf_value=0.00047244688221862097 -0.00055887913034652478 -1.0570064231715921e-05 -0.0006473579749935002 0.00082644125336012251 6.698816671937217e-05 4.1525588163027261e-05 2.3869844275376585e-06 -0.00040907307969925477 0.00033860606037690603 -0.00029376755648684733 -0.00019307785442352352 5.214112377951193e-05 -8.603516724189809e-05 -0.00076859025373899692
leaf_weight=236 281 3369 316 243 2586 314 124377 221 467 375 539 222 1331 325
leaf_count=236 281 3369 316 243 2586 314 124377 221 467 375 539 222 1331 325
internal_value=-7.89995e-07 -4.88551e-05 -0.000115481 4.17789e-05 8.57746e-05 -0.000244321 3.29613e-06 3.53876e-05 6.45956e-05 2.08815e-05 -0.000363763 -7.47154e-05 -0.000189454 -0.000438041
internal_weight=135202 10589 6102 4487 3892 595 124613 3649 3428 2961 855 5247 1878 547
internal_count=135202 10589 6102 4487 3892 595 124613 3649 3428 2961 855 5247 1878 547
is_linear=0
shrinkage=0.04


Tree=150
num_leaves=15
num_cat=0
split_feature=15 18 10 29 25 14 26 11 3 4 14 16 16 24
split_gain=0.0177246 0.0344601 0.0309127 0.0399548 0.0284085 0.0444082 0.0361242 0.0264292 0.0227111 0.0182246 0.0173891 0.021979 0.0335881 0.0157746
threshold=-0.38565069437026972 0.13334295898675921 -0.25001830607652659 0.01174311386421323 -0.17631152272224423 0.13829671591520312 -0.13327884674072263 1.2415712475776675 0.99691477007719631 0.98950256456492569 0.050064286217093475 -0.2441052049398422 -0.13171026855707166 0.077388763427734389
decision_type=8 2 8 2 2 10 2 10 2 2 10 8 8 2
left_child=1 4 3 -2 -1 6 -6 -7 10 -9 11 -5 -13 -4
right_child=2 -3 13 8 5 7 -8 9 -10 -11 -12 12 -14 -15
leaf_value=0.00025969306700818472 0.00069605123908270225 -0.00054000010965803385 1.0248280950667535e-06 2.8865233442524723e-05 -0.00072935555525570339 -0.00015942358347070706 -6.1195870979681118e-05 0.00046698594268432649 -0.00025683518268261889 -3.6665064415921316e-05 -9.0992227864714238e-05 0.0007332413632084486 5.8480742992398057e-05 -0.00013246362280415524
leaf_weight=368 202 261 130163 361 283 562 237 258 233 203 293 269 209 1427
leaf_count=368 202 261 130163 361 283 562 237 258 233 203 293 269 209 1427
internal_value=-1.72172e-07 -0.000113386 1.67871e-06 0.000178008 -5.38625e-05 -0.000129242 -0.000428312 2.41224e-05 9.90841e-05 0.000247191 0.00017315 0.000265388 0.00044187 -4.27737e-07
internal_weight=135329 2172 133157 1567 1911 1543 520 1023 1365 461 1132 839 478 131590
internal_count=135329 2172 133157 1567 1911 1543 520 1023 1365 461 1132 839 478 131590
is_linear=0
shrinkage=0.04


Tree=151
num_leaves=15
num_cat=0
split_feature=15 14 6 8 19 11 8 24 7 17 6 25 25 15
split_gain=0.0179932 0.0338652 0.0460738 0.0272633 0.0620581 0.0263939 0.0255289 0.0205525 0.0288692 0.0176908 0.0278001 0.0159136 0.0348151 0.0469532
threshold=-0.38565069437026972 0.16569054871797564 0.34035165484633573 -0.38033783435821528 1.0458001494407656 1.2415712475776675 -0.49906679987907404 -0.059069275856018059 -0.052093232050538056 0.12883763015270236 0.98313945621599408 -0.056854695081710808 -0.076481580734252916 -0.12996949255466458
decision_type=8 10 2 8 2 10 10 2 2 2 2 2 2 10
left_child=1 2 -1 4 -2 -3 -4 -8 -9 11 -11 12 -5 -14
right_child=3 5 6 9 -6 -7 7 8 -10 10 -12 -13 13 -15
leaf_value=-0.00080279990438444232 -0.00015805726354527807 -0.00014298530255710243 -0.00042562177176956112 -8.1354589213786346e-07 0.00078479401615498187 0.00027007293528930114 0.00032486707169650974 -0.00049632473489043889 0.00016072121683456417 -2.8679959910248386e-05 0.00057431200080934695 -4.7458704286987823e-06 0.00030644483509160091 4.7987448557264689e-05
leaf_weight=201 220 502 328 13271 219 479 211 200 220 273 216 112613 1530 4216
leaf_count=201 220 502 328 13271 219 479 211 200 220 273 216 112613 1530 4216
internal_value=1.0583e-06 -0.00011384 -0.000259675 2.91829e-06 0.000315836 5.90484e-05 -0.000142267 7.21225e-06 -0.000154316 1.86663e-06 0.000240789 9.6993e-07 3.48095e-05 0.000117014
internal_weight=134699 2141 1160 132558 439 981 959 631 420 132119 489 131630 19017 5746
internal_count=134699 2141 1160 132558 439 981 959 631 420 132119 489 131630 19017 5746
is_linear=0
shrinkage=0.04


Tree=152
num_leaves=15
num_cat=0
split_feature=28 0 25 25 29 25 0 6 22 25 29 26 25 6
split_gain=0.0146157 0.0358404 0.0300904 0.0146438 0.0405713 0.0317378 0.0375914 0.0954531 0.0413208 0.0595064 0.0373902 0.0359565 0.0408711 0.0378592
threshold=0.93665537238121044 0.053250390599369569 0.1063024401664734 -0.056854695081710808 0.037610260769724853 -0.061155676841735833 0.049857042153490891 0.99655291237909649 -1.0000000180025095e-35 -0.10699832439422606 0.016321410425007347 0.031150162220001224 -0.088967621326446519 0.12820467450739317
decision_type=2 2 2 2 2 2 2 2 2 2 2 2 2 2
left_child=3 -2 -3 4 5 6 7 11 -8 -10 -7 12 13 -1
right_child=1 2 -4 -5 -6 10 8 -9 9 -11 -12 -13 -14 -15
leaf_value=-0.00047583021362492396 0.00061678403966066483 0.00034744598597727134 -0.00020653822102758567 -7.2775787859961895e-06 -0.00039381653591220888 0.00010190626537782221 -8.0922758163208547e-05 0.00076727442375158718 0.00034322258765060495 -6.8252800477669416e-06 0.00062740621529986773 -0.00045533125462293462 0.00019653275061981814 3.1568591510265383e-05
leaf_weight=243 206 257 386 113376 352 796 7171 315 1012 3292 294 204 2848 4584
leaf_count=243 206 257 386 113376 352 796 7171 315 1012 3292 294 204 2848 4584
internal_value=-5.34264e-07 0.000164421 1.58556e-05 -1.58168e-06 2.90024e-05 3.62651e-05 2.45901e-05 9.00029e-05 -2.21383e-05 7.57843e-05 0.000245864 6.24564e-05 7.65066e-05 5.55927e-06
internal_weight=135336 849 643 134487 21111 20759 19669 8194 11475 4304 1090 7879 7675 4827
internal_count=135336 849 643 134487 21111 20759 19669 8194 11475 4304 1090 7879 7675 4827
is_linear=0
shrinkage=0.04


Tree=153
num_leaves=15
num_cat=0
split_feature=6 20 27 27 3 16 25 25 13 27 20 19 18 25
split_gain=0.0176062 0.029662 0.0150953 0.0177922 0.0147523 0.0159992 0.019168 0.0137212 0.0480701 0.0363661 0.0268999 0.0241855 0.0323008 0.0272235
threshold=0.044092193554212129 0.20436727255582812 0.51645228266716015 0.47833831608295446 0.077087966479142706 -0.30896702408790583 -0.00052541494369506825 -0.17631152272224423 2.2002693414688115 -0.23155380040407178 0.21518994122743609 1.0609188079833987 0.040392508730292327 -0.13669258356094358
decision_type=2 2 2 2 2 8 2 2 10 2 2 2 2 2
left_child=1 -1 3 4 5 -2 -7 8 10 -9 -6 -11 -13 -14
right_child=2 -3 -4 -5 7 6 -8 9 -10 11 -12 12 13 -15
leaf_value=0.00056483056630075867 -0.00014750355501728951 -4.8284311507624912e-05 0.00023948723887429801 -0.00024775137555926055 0.0002033231251191693 0.0004551830723065188 2.4369855447800253e-05 -0.00051680490274340449 0.00046091817495633023 -1.374824591258397e-06 -0.00029526354257166195 0.00017916477687347803 -0.00053471543903064512 -0.00011386537073468023
leaf_weight=228 202 274 404 472 308 353 308 217 436 127924 383 563 262 3211
leaf_count=228 202 274 404 472 308 353 308 217 436 127924 383 563 262 3211
internal_value=-2.26857e-06 0.000233006 -3.15176e-06 -3.8887e-06 -3.02159e-06 0.000161348 0.000256131 -4.09171e-06 0.000134578 -5.27912e-06 -7.3164e-05 -4.4184e-06 -0.000100766 -0.000146337
internal_weight=135545 502 135043 134639 134167 863 661 133304 1127 132177 691 131960 4036 3473
internal_count=135545 502 135043 134639 134167 863 661 133304 1127 132177 691 131960 4036 3473
is_linear=0
shrinkage=0.04


Tree=154
num_leaves=15
num_cat=0
split_feature=27 27 25 27 12 12 9 26 21 26 28 25 25 28
split_gain=0.0147061 0.0199915 0.0129752 0.0316011 0.030021 0.0407829 0.0163801 0.0403061 0.0489961 0.0236351 0.0588234 0.079884 0.072577 0.0639751
threshold=0.51645228266716015 0.47833831608295446 -0.17631152272224423 -0.23155380040407178 0.1005486734211445 0.060608927160501487 1.057488799095154 -0.060143947601318352 -1.0000000180025095e-35 -0.096571862697601304 0.19857834279537204 -0.11200097203254698 -0.10977506637573241 0.16404736042022708
decision_type=2 2 2 2 10 10 8 2 2 2 2 2 2 2
left_child=1 2 4 -4 5 -1 9 8 -8 -5 11 13 -13 -11
right_child=-2 -3 3 6 -6 -7 7 -9 -10 10 -12 12 -14 -15
leaf_value=0.00026634355885816747 0.00023926434603495171 -0.00026275658793161529 -0.00044998955906081509 -4.3170868870819472e-05 0.00050181457633280066 -0.00029287726874836789 7.5574209107208049e-05 -1.8581645727786085e-05 0.00076660620480793046 -0.00030635349061613109 1.2119731563245579e-06 0.00098244643285558633 0.00020902500678958891 0.00031405167110986503
leaf_weight=467 412 452 243 17376 269 369 392 1219 279 867 109423 204 2841 378
leaf_count=467 412 452 243 17376 269 369 392 1219 279 867 109423 204 2841 378
internal_value=2.08864e-06 1.35478e-06 2.25324e-06 1.11844e-06 0.000138446 1.92367e-05 1.95967e-06 0.00011872 0.000366448 2.71782e-07 6.91167e-06 0.000152121 0.000262366 -0.000117487
internal_weight=135191 134779 134327 133222 1105 836 132979 1890 671 131089 113713 4290 3045 1245
internal_count=135191 134779 134327 133222 1105 836 132979 1890 671 131089 113713 4290 3045 1245
is_linear=0
shrinkage=0.04


Tree=155
num_leaves=15
num_cat=0
split_feature=6 7 0 18 28 28 8 28 3 9 11 28 17 24
split_gain=0.0201586 0.0262975 0.0489506 0.0491179 0.0299926 0.0496195 0.0285081 0.0539572 0.0258022 0.0206766 0.0322528 0.0349618 0.0337343 0.0189926
threshold=0.044092193554212129 -0.15947090089321134 0.14459644606803798 0.065116517245769515 0.034523651003837592 0.065695356577634825 -0.49906679987907404 0.095078479498624816 0.23454107381062031 1.057488799095154 3.8347243070602421 0.59342417120933544 -0.0088785686530172808 0.077388763427734389
decision_type=2 2 2 2 2 2 10 2 2 8 8 2 2 2
left_child=8 2 3 -2 -3 -6 -5 -8 -1 13 11 12 -11 -7
right_child=1 4 -4 6 5 9 7 -9 -10 10 -12 -13 -14 -15
leaf_value=7.5328983393927365e-06 0.00029599203423483379 0.00039542723747194061 -0.00071846656108989499 -0.00061921643559143804 -0.0004508539029119649 1.4056994139702985e-06 0.00035352070905939238 -0.00036248462308413045 0.00058584732416947589 -0.00017877076304250003 0.00033808732759486388 -0.00041568354424822518 0.00035452559534903798 -0.00013990283089779869
leaf_weight=292 400 303 214 224 384 129007 258 464 209 329 738 249 436 1535
leaf_count=292 400 303 214 224 384 129007 258 464 209 329 738 249 436 1535
internal_value=1.91593e-07 -7.56132e-07 -0.000163768 -7.32444e-05 1.16225e-06 2.46989e-07 -0.000230105 -0.000105955 0.000252191 1.57336e-06 0.000137878 -8.78044e-06 0.000125502 -2.61195e-07
internal_weight=135042 134541 1560 1346 132981 132678 946 722 501 132294 1752 1014 765 130542
internal_count=135042 134541 1560 1346 132981 132678 946 722 501 132294 1752 1014 765 130542
is_linear=0
shrinkage=0.04


Tree=156
num_leaves=15
num_cat=0
split_feature=20 11 11 8 7 28 28 24 24 9 24 27 26 0
split_gain=0.0157644 0.0199433 0.0335416 0.0236917 0.0180084 0.0235805 0.0513728 0.025199 0.017767 0.0308806 0.0247884 0.0592489 0.0483338 0.0437779
threshold=1.0000000180025095e-35 2.1308504343032841 0.68382257223129284 0.19359012693166736 -0.22258641570806501 0.034523651003837592 0.065695356577634825 -0.051826059818267815 -0.091292798519134508 0.64978691935539257 -0.06638655066490172 0.059401920065283782 -0.11437126994132994 0.058466169770879949
decision_type=2 10 8 10 2 2 2 2 2 10 2 2 2 2
left_child=1 2 -1 -3 -2 -6 7 -7 9 -8 11 12 -10 -14
right_child=4 3 -4 -5 5 6 8 -9 10 -11 -12 -13 13 -15
leaf_value=0.00031437791017678514 -0.00027501295052842289 3.6708507586495372e-05 -0.00017827278327972796 0.00059199061212819755 0.0003212925096039917 -0.00012652075940439866 6.0455814410647498e-06 -0.00074836303440706784 -2.110249981355227e-05 -0.00061406919242609748 4.613131537409571e-07 -0.00024752583582930433 0.00085758642699059644 0.00025694278854549129
leaf_weight=369 374 227 536 265 362 210 344 207 560 200 129820 462 285 609
leaf_count=369 374 227 536 265 362 210 344 207 560 200 129820 462 285 609
internal_value=1.72341e-06 0.000135154 2.32217e-05 0.00033874 3.21428e-07 1.10564e-06 2.20089e-07 -0.000440415 1.62574e-06 -0.000225454 2.57198e-06 0.000145208 0.000270418 0.000452128
internal_weight=134830 1397 905 492 133433 133059 132697 417 132280 544 131736 1916 1454 894
internal_count=134830 1397 905 492 133433 133059 132697 417 132280 544 131736 1916 1454 894
is_linear=0
shrinkage=0.04


Tree=157
num_leaves=15
num_cat=0
split_feature=18 11 14 19 4 6 2 7 28 26 3 12 0 16
split_gain=0.0152565 0.024304 0.0211027 0.0262556 0.0218418 0.0255378 0.0211502 0.0192504 0.0400319 0.0487001 0.0402429 0.0322225 0.0195473 0.0336314
threshold=0.063612166792154326 1.0465002059936526 0.20304458588361743 1.0354393720626833 0.95761458218205631 0.99528116324985538 0.99251846943823108 -0.15947090089321134 0.10165932774543764 -0.010749548673629759 0.97649396258162213 0.20000001043081286 0.17350366098634018 0.1131129451096058
decision_type=2 10 10 2 2 2 2 2 2 2 2 8 2 8
left_child=1 -1 -3 4 5 -4 -6 8 10 -10 -2 12 -9 -14
right_child=7 2 3 -5 6 -7 -8 11 9 -11 -12 -13 13 -15
leaf_value=1.2355305496734893e-05 -0.00028653601218173478 -1.4216055140333753e-05 -0.00014519113751362923 0.00013943779410920633 1.3285554862838011e-06 -0.00050384246302131487 -0.00016239238947686309 1.9756209159061864e-05 -0.00060777095340502766 0.00014731262010172941 0.00040046754965701137 0.00043019472095895455 8.5291616582883526e-05 0.00058700028380068636
leaf_weight=54104 230 44483 2484 788 3650 361 1925 24500 403 203 321 319 1427 247
leaf_count=54104 230 44483 2484 788 3650 361 1925 24500 403 203 321 319 1427 247
internal_value=2.34571e-07 -6.5648e-06 -2.56298e-05 -8.0731e-05 -0.000101406 -0.000191504 -5.52977e-05 2.67387e-05 -0.000132627 -0.000355695 0.000113699 3.37222e-05 2.88089e-05 0.000160847
internal_weight=135445 107795 53691 9208 8420 2845 5575 27650 1157 606 551 26493 26174 1674
internal_count=135445 107795 53691 9208 8420 2845 5575 27650 1157 606 551 26493 26174 1674
is_linear=0
shrinkage=0.04


Tree=158
num_leaves=15
num_cat=0
split_feature=24 27 29 27 27 29 29 0 27 28 11 27 25 3
split_gain=0.0136018 0.0461912 0.0511979 0.0503232 0.0598131 0.0595782 0.0485661 0.0450335 0.0620906 0.0740989 0.047454 0.0394621 0.0356785 0.0417421
threshold=-0.047728687524795525 0.15756081044673922 0.011286099441349508 0.09386733174324037 0.049003100022673614 0.011774091981351377 0.015475121326744558 0.11368698242070845 0.014064977411180736 0.13985806703567508 2.618306159973145 -0.15932655334472653 -0.13669258356094358 0.9612154476497029
decision_type=2 2 2 2 2 2 2 2 2 2 10 2 2 2
left_child=1 2 11 4 5 -4 -5 10 9 12 -7 -1 -9 -14
right_child=-2 -3 3 6 -6 7 -8 8 -10 -11 -12 -13 13 -15
leaf_value=6.1498143129594453e-05 2.1620735291621954e-06 -0.00034638872024406783 0.00058398092190270522 0.00071454856093215681 -0.00034607408344002988 2.7005195736257562e-05 2.1080899495166148e-05 -0.00043109277030959237 0.00027776816889089255 -0.00063081261915547832 0.00045640490986163893 -0.00036869495827707491 -0.00015815673399248431 0.00057790538200569832
leaf_weight=508 127056 762 301 316 720 2178 326 225 399 566 503 1026 272 218
leaf_count=508 127056 762 301 316 720 2178 326 225 399 566 503 1026 272 218
internal_value=-1.08328e-06 -5.06152e-05 -2.05859e-05 3.19928e-05 -8.06813e-06 4.44484e-05 0.000365298 6.58326e-06 -0.000155527 -0.000291043 0.000108267 -0.000226495 -1.95665e-05 0.000171845
internal_weight=135376 8320 7558 6024 5382 4662 642 4361 1680 1281 2681 1534 715 490
internal_count=135376 8320 7558 6024 5382 4662 642 4361 1680 1281 2681 1534 715 490
is_linear=0
shrinkage=0.04


Tree=159
num_leaves=15
num_cat=0
split_feature=16 1 16 25 29 29 26 20 27 5 26 28 26 26
split_gain=0.0124803 0.0199495 0.0187475 0.0153937 0.0310606 0.0818389 0.0646833 0.064917 0.0586247 0.0525534 0.0454078 0.0595995 0.0300121 0.0296649
threshold=-0.3790877759456634 0.99440428974011075 -0.39518998563289637 -0.056854695081710808 0.014615160878747703 0.01448558457195759 -0.20028045773506162 0.28848706185817724 0.098941769450902953 0.66509633693968273 -0.15111929178237912 0.34866690635681158 -0.17205300927162168 -0.16157069802284238
decision_type=8 2 10 2 2 2 2 2 2 2 2 2 2 2
left_child=1 2 -1 -2 5 10 7 -6 -7 -8 11 -5 -11 -14
right_child=3 -3 -4 4 6 8 9 -9 -10 12 -12 -13 13 -15
leaf_value=7.1528848832249415e-06 3.2367902001918324e-05 -0.00041356042543150208 -0.00027217317710702741 5.0546312030989629e-05 -0.0001864487667131732 0.00098820248979711572 -0.00051821624322758645 0.00050665263533411682 0.00010791336803975395 -0.00050689552991631595 4.3065850006960512e-06 -0.00043365771859334222 0.00032637409474418802 -6.4158395379130279e-05
leaf_weight=1868 20311 265 479 759 329 223 412 614 261 235 93698 869 313 14791
leaf_count=1868 20311 265 479 759 329 223 412 614 261 235 93698 869 313 14791
internal_value=-1.38196e-06 -8.78853e-05 -5.03123e-05 3.22498e-07 -5.46403e-06 3.31008e-06 -5.58062e-05 0.000265131 0.000519458 -7.50985e-05 6.62329e-07 -0.00020845 -6.30315e-05 -5.59601e-05
internal_weight=135427 2612 2347 132815 112504 95810 16694 943 484 15751 95326 1628 15339 15104
internal_count=135427 2612 2347 132815 112504 95810 16694 943 484 15751 95326 1628 15339 15104
is_linear=0
shrinkage=0.04


Tree=160
num_leaves=15
num_cat=0
split_feature=29 12 26 27 26 24 7 17 29 25 26 25 26 12
split_gain=0.0180367 0.0289021 0.0277161 0.0705233 0.0449428 0.0267324 0.0317931 0.0280244 0.0257603 0.0400627 0.0253791 0.0305657 0.0226423 0.0208008
threshold=0.021057607606053356 0.10186143219470979 -0.28179165720939631 -0.20399794727563855 -0.23805382847785947 -0.029065161943435665 -0.032571589574217789 -0.050192296504974358 0.020194899290800098 -0.13669258356094358 -0.0092303156852722151 -0.08237633109092711 -0.080743014812469469 0.065364878624677672
decision_type=2 10 2 2 2 2 2 2 2 2 2 2 2 10
left_child=2 5 3 -1 -4 7 -7 -2 -6 -10 -8 -12 -11 -9
right_child=1 -3 4 -5 8 6 10 13 9 12 11 -13 -14 -15
leaf_value=-6.6962839689515873e-06 -0.000330127920425145 9.5330284623904236e-05 -0.00039819443744556967 0.00083220542994176712 1.2048458825041461e-06 -0.00053110450913057626 -0.00025737174109873061 0.00040292224869016937 0.00061954223555104845 0.00035899498682572613 0.00021649726897741636 -0.00020892237401110443 -0.00014218371894050724 -7.5208513911469399e-05
leaf_weight=540 204 1167 444 223 128675 379 1286 351 269 220 541 530 397 244
leaf_count=540 204 1167 444 223 128675 379 1286 351 269 220 541 530 397 244
internal_value=-4.8858e-08 -7.69775e-05 2.72009e-06 0.000242309 1.30468e-06 -0.000133915 -0.000193279 6.92993e-05 2.68906e-06 0.000217026 -0.000137948 5.97959e-06 3.79679e-05 0.000207856
internal_weight=135470 4702 130768 763 130005 3535 2736 799 129561 886 2357 1071 617 595
internal_count=135470 4702 130768 763 130005 3535 2736 799 129561 886 2357 1071 617 595
is_linear=0
shrinkage=0.04


Tree=161
num_leaves=15
num_cat=0
split_feature=18 24 29 10 28 19 6 10 0 24 9 4 0 11
split_gain=0.0139995 0.0297233 0.0328677 0.0429025 0.0410197 0.0309887 0.0260083 0.025929 0.0295698 0.0449525 0.0338835 0.0263388 0.0237988 0.0215158
threshold=0.063612166792154326 -0.04998731613159179 0.01912210509181023 -0.12405889481306075 0.29581750929355627 1.0408942103385928 0.98531031928042334 -0.10956307500600813 0.058297200793751149 -0.034824043512344353 0.47451716661453253 0.94789259001457671 0.14737002610397706 3.2528105974197392
decision_type=2 2 2 10 2 2 2 10 2 2 10 2 2 10
left_child=1 2 3 5 6 -1 -5 12 9 10 -9 -12 -3 -2
right_child=13 7 -4 4 -6 -7 -8 8 -10 -11 11 -13 -14 -15
leaf_value=-0.00074523813761863552 1.4556455036136557e-05 0.00012075193914834532 0.00019984446101112334 -0.00013698735395962502 -0.00030827282797111767 -0.00018467038634125175 0.00014806258384746383 4.9011285078397529e-05 1.2173061746234136e-05 -4.2562294966654383e-05 0.0001382437070038642 0.00069252967582516644 -0.00024210777818949191 0.00012967979327376601
leaf_weight=296 24627 4017 476 974 925 341 1069 1385 60529 36647 275 275 307 2899
leaf_count=296 24627 4017 476 974 925 341 1069 1385 60529 36647 275 275 307 2899
internal_value=1.25165e-06 -5.26514e-06 -0.00011108 -0.000152354 -8.80542e-05 -0.000448929 1.21624e-05 -1.08508e-06 -5.27026e-06 -3.26341e-05 0.000155022 0.000419129 9.47394e-05 2.67024e-05
internal_weight=135042 107516 4081 3605 2968 637 2043 103435 99111 38582 1935 550 4324 27526
internal_count=135042 107516 4081 3605 2968 637 2043 103435 99111 38582 1935 550 4324 27526
is_linear=0
shrinkage=0.04


Tree=162
num_leaves=15
num_cat=0
split_feature=7 29 28 26 26 0 28 25 25 29 28 7 26 26
split_gain=0.0138877 0.0221511 0.017906 0.0129048 0.0422033 0.0411938 0.0320447 0.0953243 0.0748371 0.069131 0.04269 0.0420949 0.0332376 0.0314922
threshold=0.27607434988021856 0.0084979836829006689 0.58251953125000011 -0.096571862697601304 -0.051146686077117913 0.14459644606803798 0.16404736042022708 -0.10977506637573241 -0.094433009624481187 0.019518224522471431 0.18217843025922778 -0.027473528869450089 0.0069945454597473153 -0.053664594888687127
decision_type=2 2 2 2 2 2 2 2 2 2 2 2 2 2
left_child=3 -2 -3 5 13 -1 9 -8 11 -6 -10 12 -9 -5
right_child=1 2 -4 4 6 -7 7 8 10 -11 -12 -13 -14 -15
leaf_value=-1.5101191480444158e-05 0.00041960116253019527 0.00020465124789073965 -0.00018948602007156233 6.3225924004664264e-05 0.00014124087235303502 -0.00024522204061912191 0.00044320001033172038 -0.00022986233539289334 0.0003739450620348441 -0.00058526692583391938 -3.0083527854177939e-06 -0.00013462689629324564 -0.00092577010200100662 0.00038123679007216575
leaf_weight=17849 320 394 338 10656 387 1333 760 201 478 448 100793 772 249 518
leaf_count=17849 320 394 338 10656 387 1333 760 201 478 448 100793 772 249 518
internal_value=3.5655e-07 0.00014478 2.26081e-05 -7.7888e-07 4.27706e-06 -3.11525e-05 -3.65475e-06 -1.6529e-06 -4.973e-06 -0.000249714 -1.21076e-06 -0.000315487 -0.000620873 7.81321e-05
internal_weight=135496 1052 732 134444 115262 19182 104088 103253 102493 835 101271 1222 450 11174
internal_count=135496 1052 732 134444 115262 19182 104088 103253 102493 835 101271 1222 450 11174
is_linear=0
shrinkage=0.04


Tree=163
num_leaves=15
num_cat=0
split_feature=28 25 29 20 18 24 29 18 20 6 16 15 14 23
split_gain=0.0189886 0.0292653 0.0356207 0.0164579 0.0261993 0.0261803 0.0321583 0.0224924 0.0376422 0.0333198 0.0336995 0.0355449 0.0247782 0.0236679
threshold=0.93665537238121044 0.16194307804107669 0.013405965175479652 0.33586929738521581 0.006369946990162135 -0.029065161943435665 0.01087499735876918 0.10648746043443681 0.39084802567958837 0.98494854282547506 0.02187415957450867 0.079894125461578383 0.19538035243749621 0.85128659009933483
decision_type=2 2 2 2 2 2 2 2 2 2 10 10 8 2
left_child=3 2 -2 4 5 -1 -7 -5 -9 12 11 -11 13 -10
right_child=1 -3 -4 7 -6 6 -8 8 9 10 -12 -13 -14 -15
leaf_value=0.0005619226035399633 0.00067768030968454369 -0.00015029494079642704 5.1632836113680905e-05 -1.4389378573521007e-05 1.5140005186363584e-05 0.00035566797560285663 -0.00022379050774320048 -0.00037644453134310198 2.6999528459181041e-05 0.00036472375944666599 0.00057953919860085951 -0.00011324173207603924 0.00028100965183074414 -0.00034130560333003857
leaf_weight=267 272 274 308 84990 44721 327 280 257 1265 537 400 457 446 353
leaf_count=267 272 274 308 84990 44721 327 280 257 1265 537 400 457 446 353
internal_value=1.06173e-06 0.000188529 0.00034851 -1.3733e-07 1.93925e-05 0.000235659 8.87279e-05 -1.01763e-05 8.60981e-05 0.000120968 0.000271677 0.000145508 1.87711e-05 -5.41577e-05
internal_weight=135154 854 580 134300 45595 874 607 88705 3715 3458 1394 994 2064 1618
internal_count=135154 854 580 134300 45595 874 607 88705 3715 3458 1394 994 2064 1618
is_linear=0
shrinkage=0.04


Tree=164
num_leaves=15
num_cat=0
split_feature=13 29 16 10 28 28 24 29 24 18 24 26 25 29
split_gain=0.0149193 0.0456406 0.0259801 0.0201919 0.0186557 0.0234934 0.0505666 0.0375224 0.0219268 0.0403024 0.0208788 0.0509723 0.0733148 0.0768471
threshold=0.2791696041822434 0.016077321954071525 0.23450556397438052 -0.48787334561347956 0.034523651003837592 0.065695356577634825 -0.060695081949234002 0.037610260769724853 -0.091292798519134508 0.075768735259771361 -0.06638655066490172 0.070853412151336684 -0.11200097203254698 0.015099263750016691
decision_type=8 2 8 8 2 2 2 2 2 2 2 2 2 2
left_child=1 2 -1 -2 -5 6 -6 8 9 -7 11 12 13 -10
right_child=3 -3 -4 4 5 7 -8 -9 10 -11 -12 -13 -14 -15
leaf_value=0.00014040863140124329 -0.00025301279068958981 -0.00035285162884652672 0.00063046228698934021 0.0003382304606980882 9.1233267702210983e-05 8.6487909057728684e-05 -0.00070597572986963886 0.00053823521772517651 -0.00036361978298400747 -0.00052626575474030025 -2.8620145923214048e-06 -0.00038792402790790097 0.00044137953101935478 0.0004325842941971191
leaf_weight=1118 508 266 201 253 277 333 229 201 525 347 129430 264 952 301
leaf_count=1118 508 266 201 253 277 333 229 201 525 347 129430 264 952 301
internal_value=-1.09423e-06 0.000120712 0.000217186 -2.54356e-06 -1.57821e-06 -2.23801e-06 -0.000272936 -1.19283e-06 -2.03362e-06 -0.000227756 -8.57518e-07 0.000125892 0.000203058 -7.26206e-05
internal_weight=135205 1585 1319 133620 133112 132859 506 132353 132152 680 131472 2042 1778 826
internal_count=135205 1585 1319 133620 133112 132859 506 132353 132152 680 131472 2042 1778 826
is_linear=0
shrinkage=0.04


Tree=165
num_leaves=15
num_cat=0
split_feature=29 27 27 27 26 29 26 17 19 24 24 25 25 24
split_gain=0.0187727 0.0263916 0.124611 0.0595229 0.0547544 0.0303865 0.093599 0.0325173 0.0278199 0.0403947 0.0473626 0.0733131 0.0400202 0.0392405
threshold=0.017976230010390285 -0.17453986406326291 -0.14241890609264371 -0.19737499207258222 -0.1821101903915405 0.019993146881461147 -0.28179165720939631 -0.050192296504974358 1.0646125078201296 -0.029065161943435665 -0.039460241794586175 -0.10977506637573241 -0.11200097203254698 -0.024342209100723263
decision_type=2 2 2 2 2 2 2 2 2 2 2 2 2 2
left_child=-1 3 -3 5 -4 -2 7 -7 9 10 -6 -12 -10 -11
right_child=1 2 4 -5 8 6 -8 -9 12 13 11 -13 -14 -15
leaf_value=5.6879203011982735e-06 -0.00033876313765222828 -0.0009557797977049272 -0.00069057751904071801 0.00054713719199328092 -2.8239821475347824e-06 -0.00055813368881050662 0.00065247868372848557 -6.4440127921674375e-06 -0.00070138825238582063 -0.0005760864551438631 0.00091592706648344546 -5.4234792973658304e-05 2.8552209999910009e-05 -4.2488979616121888e-05
leaf_weight=124692 370 248 206 352 854 206 329 901 233 224 276 223 242 5992
leaf_count=124692 370 248 206 352 854 206 329 901 233 224 276 223 242 5992
internal_value=1.33232e-06 -4.96138e-05 -8.13299e-05 7.51804e-05 -5.44804e-05 -1.80634e-05 6.54569e-05 -0.000111155 -3.77717e-05 -1.90317e-05 0.000178633 0.000486131 -0.000333079 -6.21653e-05
internal_weight=135348 10656 8498 2158 8250 1806 1436 1107 8044 7569 1353 499 475 6216
internal_count=135348 10656 8498 2158 8250 1806 1436 1107 8044 7569 1353 499 475 6216
is_linear=0
shrinkage=0.04


Tree=166
num_leaves=15
num_cat=0
split_feature=7 18 12 16 27 2 25 2 3 20 15 2 26 0
split_gain=0.0221486 0.0346736 0.0427049 0.0306711 0.0232233 0.0299227 0.0241799 0.0202902 0.024367 0.0222084 0.0201815 0.0357667 0.0201265 0.0471413
threshold=0.13913050293922427 0.027272685430943969 0.099958024919033064 0.25786861777305609 -0.012479646597057579 0.34611938140207843 0.15654963254928592 0.32825184358926696 0.76900440472685505 0.93697962164878856 0.18862912803888324 0.97386212818474338 -0.095444262027740465 0.14459644606803798
decision_type=2 2 10 10 2 2 2 2 2 2 10 2 2 2
left_child=12 2 3 -2 7 -6 10 -3 -9 -10 -7 -12 13 -1
right_child=1 4 -4 -5 5 6 -8 8 9 -11 11 -13 -14 -15
leaf_value=-2.2309395515016181e-05 -0.00028016580566897882 0.00051422917212579154 0.00040865562691628425 0.00022284689061422596 -0.00020259978474865926 2.2808376923396042e-05 0.00044727870027836867 -9.7747100022096113e-05 0.0004043517270599621 -7.2872028565297849e-05 0.00011259700489995457 0.00066695385329209212 4.7201383295768518e-06 -0.0002652390377723334
leaf_weight=17648 1107 328 215 231 605 3604 287 393 612 207 1149 218 107589 1373
leaf_count=17648 1107 328 215 231 605 3604 287 393 612 207 1149 218 107589 1373
internal_value=2.31507e-06 6.30873e-05 -0.000108503 -0.000192816 9.91325e-05 6.27135e-05 9.34046e-05 0.000237133 0.000160339 0.000284024 7.25448e-05 0.000203111 -1.98609e-06 -3.991e-05
internal_weight=135566 8956 1553 1338 7403 5863 5258 1540 1212 819 4971 1367 126610 19021
internal_count=135566 8956 1553 1338 7403 5863 5258 1540 1212 819 4971 1367 126610 19021
is_linear=0
shrinkage=0.04


Tree=167
num_leaves=15
num_cat=0
split_feature=4 13 12 11 25 0 27 27 14 26 19 4 17 15
split_gain=0.0163211 0.0246063 0.021641 0.0269154 0.0178319 0.0175523 0.0501226 0.0231568 0.0232662 0.0321394 0.0221371 0.0210793 0.0235707 0.0211313
threshold=0.99971767363071729 1.6229010820388796 0.057861190289258964 1.4308807849884035 0.0089746117591857928 0.17472409768227601 0.081090550869703307 0.11711042001843454 0.2338543385267258 0.046742200851440437 1.0171330571174624 0.99911699762037698 -0.031568992882966988 0.13339280337095263
decision_type=2 10 10 10 2 2 2 2 10 2 2 2 2 10
left_child=5 -2 4 -4 -3 11 -7 8 9 -8 -9 -1 -13 -14
right_child=1 2 3 -5 -6 6 7 10 -10 -11 -12 12 13 -15
leaf_value=-4.4616242440184306e-06 2.3462537641294095e-05 -0.00028036902523324636 -0.0005637193848917738 -0.0001615619500410765 0.00011108444147340235 -2.3186578724748789e-05 0.00071645536417479282 0.00019071572798795851 2.9633041897375108e-05 0.00020918422998256929 -0.00027378389321614145 0.00042089980684472799 2.011505429767326e-05 0.00044374492060506742
leaf_weight=123584 1987 266 358 1026 590 3294 399 692 263 407 210 341 1837 205
leaf_count=123584 1987 266 358 1026 590 3294 399 692 263 407 210 341 1837 205
internal_value=-1.68856e-06 -7.90047e-05 -0.000169748 -0.000267243 -1.14806e-05 8.04715e-07 7.23238e-05 0.000231599 0.000357145 0.000463171 8.16597e-05 -2.1873e-06 0.000115523 6.3624e-05
internal_weight=135459 4227 2240 1384 856 131232 5265 1971 1069 806 902 125967 2383 2042
internal_count=135459 4227 2240 1384 856 131232 5265 1971 1069 806 902 125967 2383 2042
is_linear=0
shrinkage=0.04


Tree=168
num_leaves=15
num_cat=0
split_feature=2 19 22 29 25 13 27 9 21 19 26 26 28 27
split_gain=0.0163897 0.0346991 0.0324132 0.0199886 0.0162277 0.0397231 0.0373943 0.0261437 0.039681 0.025899 0.0204064 0.0199767 0.0304208 0.0853411
threshold=0.18156405533295242 1.0335379838943484 -0.50000001490116108 0.014806337188929321 -0.17631152272224423 2.2002693414688115 -0.23155380040407178 1.1619554758071902 -1.0000000180025095e-35 1.1259274482727053 -0.31418567895889277 -0.095444262027740465 0.19857834279537204 -0.073285780847072587
decision_type=2 2 2 2 2 10 2 10 2 2 2 2 2 2
left_child=1 3 -3 -1 5 10 -6 9 -9 11 -2 -8 13 -13
right_child=4 2 -4 -5 6 -7 7 8 -10 -11 -12 12 -14 -15
leaf_value=7.8353133049210917e-05 -0.00026365763342745522 0.00074802987247144046 6.3156591856971246e-05 -0.00025533186979712888 -0.00051806623861401545 0.00044943232518629336 -4.1637349379117842e-05 -3.1645057757902945e-05 0.0005281308155900918 -0.00041822869432934221 0.00017347896420396864 0.00043090705236545096 6.9137303392677704e-07 5.3131790944021399e-06
leaf_weight=2361 329 226 214 322 219 431 17174 441 369 234 345 1005 108854 2973
leaf_count=2361 329 226 214 322 219 431 17174 441 369 234 345 1005 108854 2973
internal_value=1.73829e-06 9.22366e-05 0.000419385 3.79055e-05 -4.00176e-07 0.0001519 -1.68795e-06 -8.05284e-07 0.00022504 -2.21846e-06 -4.0271e-05 -1.45362e-06 4.66426e-06 0.000113241
internal_weight=135497 3123 440 2683 132374 1105 131269 131050 810 130240 674 130006 112832 3978
internal_count=135497 3123 440 2683 132374 1105 131269 131050 810 130240 674 130006 112832 3978
is_linear=0
shrinkage=0.04


Tree=169
num_leaves=15
num_cat=0
split_feature=8 19 0 13 14 1 28 29 27 13 16 9 12 12
split_gain=0.0137709 0.0460054 0.022789 0.0193883 0.0181198 0.0394653 0.0232411 0.0305462 0.0293758 0.0242573 0.0396581 0.0225847 0.0223784 0.0253847
threshold=0.90458652377128612 0.98234236240386974 0.12435916381774141 5.9495820999145517 0.33042454719543463 0.21645924155992122 0.43185611069202429 0.0099955932237207907 0.20345774292945865 2.1331914663314824 -0.035116683691740029 0.48735176026821142 0.07750458270311357 0.049999980255961425
decision_type=10 2 2 8 10 2 2 2 2 8 10 10 10 10
left_child=4 2 -2 -4 -1 -6 -7 12 11 -10 -11 -9 13 -8
right_child=1 -3 3 -5 5 6 7 8 9 10 -12 -13 -14 -15
leaf_value=2.0684728388658745e-06 0.0002519074987282443 0.00062332384729364178 5.1700009831360406e-05 -0.0004493798262485608 0.00031876793772101728 6.9683669602150938e-05 -5.9843430648325014e-05 -5.2078009342850602e-05 -0.00038924720900711729 -0.00028304127113221053 0.00038986684226768441 -0.00051524464428205348 -0.00019632474632303725 0.00036664162106090178
leaf_weight=129327 337 241 275 218 368 917 620 216 286 269 282 780 760 343
leaf_count=129327 337 241 275 218 368 917 620 216 286 269 282 780 760 343
internal_value=3.66115e-07 0.000142894 4.99001e-07 -0.00017216 -7.76904e-07 -7.67147e-05 -0.000109571 -0.000155829 -0.000269265 -9.3744e-05 6.17598e-05 -0.000415561 -3.47218e-05 9.31706e-05
internal_weight=135239 1071 830 493 134168 4841 4473 3556 1833 837 551 996 1723 963
internal_count=135239 1071 830 493 134168 4841 4473 3556 1833 837 551 996 1723 963
is_linear=0
shrinkage=0.04


Tree=170
num_leaves=15
num_cat=0
split_feature=16 3 18 8 11 8 18 26 3 6 9 18 9 0
split_gain=0.0167758 0.0173065 0.0148246 0.0201893 0.0213701 0.0198864 0.0165813 0.0230595 0.0264689 0.0140925 0.030039 0.0282161 0.0286923 0.0281958
threshold=-0.3790877759456634 0.99772641119305272 0.095713376998901381 -0.1411606892943382 1.1112381219863894 -0.051848128437995904 0.023430008441209797 0.16643005609512332 0.93127152570743166 0.99506497765885604 1.057488799095154 1.0000000180025095e-35 0.59923323988914501 0.056135340141251544
decision_type=8 2 2 10 10 10 2 2 2 2 10 2 10 2
left_child=1 2 3 4 -1 -5 -7 8 -8 -2 11 12 13 -11
right_child=9 -3 -4 5 -6 6 7 -9 -10 10 -12 -13 -14 -15
leaf_value=-0.00012346496261514414 -4.4263914222347392e-06 -0.00044051504928097215 0.00024687807267046954 0.00016831929806540818 -0.00062660104280492536 0.0001112411927182958 -0.00014553585227276484 0.00010218252003669324 -0.00072964745577674625 0.00023740597867700377 0.00030765211454043551 2.7193425241631999e-05 -0.00055115051100352403 -0.00024164755074046202
leaf_weight=402 98796 212 214 557 201 329 323 233 200 306 588 32252 250 530
leaf_count=402 98796 212 214 557 201 329 323 233 200 306 588 32252 250 530
internal_value=1.21267e-06 -9.79445e-05 -6.75762e-05 -9.80329e-05 -0.000294951 -2.50419e-05 -0.000124623 -0.000227325 -0.0003737 3.2118e-06 2.54524e-05 2.04297e-05 -0.000179644 -6.59312e-05
internal_weight=135393 2671 2459 2245 603 1642 1085 756 523 132722 33926 33338 1086 836
internal_count=135393 2671 2459 2245 603 1642 1085 756 523 132722 33926 33338 1086 836
is_linear=0
shrinkage=0.04


Tree=171
num_leaves=15
num_cat=0
split_feature=11 10 16 28 25 25 24 27 28 27 3 25 28 23
split_gain=0.0163777 0.0267693 0.025308 0.0206212 0.0476942 0.0335476 0.0928948 0.0457885 0.0412458 0.0496363 0.0379168 0.0358736 0.0315525 0.0351563
threshold=1.0465002059936526 0.46943540871143347 0.25786861777305609 0.19857834279537204 -0.10977506637573241 -0.11200097203254698 -0.060695081949234002 1.0000000180025095e-35 0.16017220169305804 -0.15193328261375424 0.3839115003508356 -0.072100043296813951 0.23880422115325931 0.032393347471952445
decision_type=10 8 10 2 2 2 2 2 2 2 2 2 2 2
left_child=1 -1 -3 5 -5 7 -7 8 9 -2 -8 -12 13 -6
right_child=3 2 -4 4 12 6 10 -9 -10 -11 11 -13 -14 -15
leaf_value=1.1507322147802431e-05 7.0443946850630063e-05 9.7736500593761445e-05 0.00062540855267448044 0.0005282556376808319 -0.00029699045652193106 0.00069298206154484569 0.00045826956232878643 -0.00059906484166677161 0.00041047502284113696 -0.00037650595324508678 -0.0001292458339265819 0.00022229120375457222 -1.6783669774873233e-05 3.2507719895577075e-05
leaf_weight=64483 1305 466 208 248 1351 432 321 213 340 566 1324 709 62361 837
leaf_count=64483 1305 466 208 248 1351 432 321 213 340 566 1324 709 62361 837
internal_value=-2.93022e-07 1.41391e-05 0.000263985 -1.37253e-05 -1.98826e-05 6.2798e-05 0.000157355 -4.59801e-05 8.53364e-06 -6.54069e-05 5.77974e-05 -6.40422e-06 -2.20293e-05 -0.000171157
internal_weight=135164 65157 674 70007 64797 5210 2786 2424 2211 1871 2354 2033 64549 2188
internal_count=135164 65157 674 70007 64797 5210 2786 2424 2211 1871 2354 2033 64549 2188
is_linear=0
shrinkage=0.04


Tree=172
num_leaves=15
num_cat=0
split_feature=6 20 19 0 6 27 17 20 5 20 27 28 10 2
split_gain=0.0170556 0.017846 0.0177846 0.0326518 0.0336325 0.0280628 0.0374433 0.0235303 0.0149356 0.0150401 0.0147374 0.032111 0.0236498 0.0269216
threshold=0.044092193554212129 0.17533080279827121 1.0685334801673891 0.074338692718554381 0.98567704896148156 1.0000000180025095e-35 -0.058461546897888177 0.15057954937219623 0.27223139940642505 1.0000000180025095e-35 -0.21585970371961591 0.034523651003837592 -0.32274973392486567 0.93491766034732848
decision_type=2 2 2 2 2 2 2 2 2 2 2 2 8 2
left_child=1 -1 10 4 8 6 -6 -5 -4 -10 11 -2 -13 -14
right_child=2 -3 3 7 5 -7 -8 -9 9 -11 -12 12 13 -15
leaf_value=0.0005128713521254161 0.00025529778223131703 3.3161216537206395e-05 -0.00041148199382288835 -0.00016833002349070931 -2.5689397278485944e-05 -0.00021723870664852889 0.00055792689838199297 -0.00063137834798741486 0.00023136993271651545 -0.00013557611441934928 4.5858759899389899e-06 -0.00053629969558870421 -0.00024898464085612338 0.00017751294347347228
leaf_weight=207 301 301 229 1211 304 203 411 202 222 838 129323 262 749 341
leaf_count=207 301 301 229 1211 304 203 411 202 222 838 129323 262 749 341
internal_value=1.52547e-06 0.000231727 6.48057e-07 -8.67496e-05 9.45635e-06 0.000193905 0.000311333 -0.000236519 -0.000122146 -5.79997e-05 3.06683e-06 -0.000115432 -0.000198605 -0.000115356
internal_weight=135104 508 134596 3620 2207 918 715 1413 1289 1060 130976 1653 1352 1090
internal_count=135104 508 134596 3620 2207 918 715 1413 1289 1060 130976 1653 1352 1090
is_linear=0
shrinkage=0.04


Tree=173
num_leaves=15
num_cat=0
split_feature=5 6 11 10 15 8 9 19 12 23 14 14 6 9
split_gain=0.0178519 0.0304405 0.0188814 0.0227731 0.0186434 0.0308362 0.0259693 0.0325584 0.0264814 0.0223405 0.0172692 0.0178924 0.0358497 0.042342
threshold=0.99793032055400877 0.99570323654230564 7.05501413345337 -0.48787334561347956 0.061094848439097411 0.71009889245033275 0.55953466892242443 1.0327490568161013 0.095435272902250304 0.66236537694931041 0.69961652159690868 0.33042454719543463 0.78732878133920547 0.37819360196590429
decision_type=2 2 10 8 10 10 10 2 10 2 8 10 2 10
left_child=1 2 3 -1 -2 6 -6 8 -8 -10 11 -5 -13 -14
right_child=4 -3 -4 10 5 -7 7 -9 9 -11 -12 12 13 -15
leaf_value=-0.00031908312980048162 -1.405888457717144e-05 5.0234742847909244e-05 0.00028677349141914977 -3.6108144153814127e-06 -4.5999477915142808e-05 0.00031401680826820667 -0.00067288884574917096 0.00018512955257578799 -0.00029567869195282778 0.00015126516633114497 0.00030016222857033874 0.00025036831725248849 0.00036747166774357952 -0.00018234047559946727
leaf_weight=368 10588 18066 346 97278 2424 255 257 249 1309 204 289 421 238 2933
leaf_count=368 10588 18066 346 97278 2424 255 257 249 1309 204 289 421 238 2933
internal_value=-2.79931e-06 2.38982e-06 -6.09697e-06 -7.10914e-06 -4.35024e-05 -0.000109775 -0.000134423 -0.000240208 -0.000300397 -0.000235117 -5.95851e-06 -6.85041e-06 -9.44575e-05 -0.000140561
internal_weight=135225 119939 101873 101527 15286 4698 4443 2019 1770 1513 101159 100870 3592 3171
internal_count=135225 119939 101873 101527 15286 4698 4443 2019 1770 1513 101159 100870 3592 3171
is_linear=0
shrinkage=0.04


Tree=174
num_leaves=15
num_cat=0
split_feature=13 27 17 26 13 24 24 18 27 24 12 29 24 20
split_gain=0.0154478 0.0220985 0.0400452 0.0282017 0.0313102 0.0282323 0.0339946 0.0243253 0.0224113 0.0279497 0.0262578 0.0246244 0.0241544 0.0215727
threshold=1.2516865134239199 -0.18797349184751508 0.032138662412762649 -0.1952797472476959 1.7623156905174258 -0.091292798519134508 -0.081678479909896837 0.071472872048616423 -0.20399794727563855 -0.02655619382858276 0.086136814206838622 0.016479119658470157 0.014291465282440187 0.22639161348342898
decision_type=8 2 2 2 8 2 2 2 2 2 10 2 2 2
left_child=-1 2 8 4 -3 7 -7 -5 9 10 13 -10 -11 -2
right_child=1 3 -4 5 -6 6 -8 -9 11 12 -12 -13 -14 -15
leaf_value=1.6098097413266446e-05 0.00047895031629821333 -0.00059120182057343935 0.00044362275993577047 2.9045149555063941e-05 -6.8219852078175587e-05 0.00038682357453511713 -1.3403849960171088e-05 -0.00053152815643563221 7.9392487329649889e-05 -0.00035640340123092358 -0.0001634222108816186 0.00057154988114137284 5.414263517326942e-05 -4.1129999235724504e-05
leaf_weight=49684 341 277 440 205 527 336 80628 306 677 578 328 210 376 201
leaf_count=49684 341 277 440 205 527 336 80628 306 677 578 328 210 376 201
internal_value=-1.63629e-06 -1.19505e-05 9.19235e-05 -1.59339e-05 -0.000250942 -1.35996e-05 -1.17191e-05 -0.000308538 3.41305e-05 -4.61074e-05 0.000117514 0.000198463 -0.000195156 0.000287466
internal_weight=135114 85430 3151 82279 804 81475 80964 511 2711 1824 870 887 954 542
internal_count=135114 85430 3151 82279 804 81475 80964 511 2711 1824 870 887 954 542
is_linear=0
shrinkage=0.04


Tree=175
num_leaves=15
num_cat=0
split_feature=12 13 14 8 26 12 11 28 26 2 18 25 26 4
split_gain=0.0134731 0.035572 0.0402846 0.0302509 0.0283349 0.0331363 0.0257617 0.019837 0.0280093 0.0181648 0.0219675 0.0167239 0.0162726 0.0239948
threshold=0.19568686932325366 23.191226005554203 0.18633455038070681 0.035950928926467902 -0.089022725820541368 0.19996018707752231 6.0356149673461923 0.59023186564445507 0.076061785221099867 0.96594704661717556 0.086528804153203978 0.0095874667167663592 0.037511706352233894 0.9862190349531329
decision_type=10 10 10 10 2 10 10 2 2 2 2 2 2 2
left_child=-1 2 3 -2 -5 12 -3 9 -9 10 11 -4 -6 -14
right_child=1 6 7 4 5 -7 -8 8 -10 -11 -12 -13 13 -15
leaf_value=2.9747192146236209e-06 -0.00031577372243556015 2.5687615943524137e-05 -0.00027023305219137745 0.00038639094476319109 4.2244028214774549e-05 0.00020329543475404866 0.00051980946027096575 -0.00064763745161026769 -0.00020733538162579158 -0.00037655755461662814 0.00033617036615733351 0.00015952783384336769 -0.00010699449477342431 -0.00060268233960847036
leaf_weight=129435 414 473 435 343 623 815 258 335 748 292 211 212 660 201
leaf_count=129435 414 473 435 343 623 815 258 335 748 292 211 212 660 201
internal_value=2.53127e-07 -5.82173e-05 -9.43989e-05 2.69403e-08 5.00157e-05 -8.99477e-07 0.00020243 -0.000223338 -0.000345883 -0.000106935 -1.35251e-05 -0.000129271 -0.000113348 -0.000225524
internal_weight=135455 6020 5289 3056 2642 2299 731 2233 1083 1150 858 647 1484 861
internal_count=135455 6020 5289 3056 2642 2299 731 2233 1083 1150 858 647 1484 861
is_linear=0
shrinkage=0.04


Tree=176
num_leaves=15
num_cat=0
split_feature=11 29 24 24 19 0 27 24 26 5 24 29 25 0
split_gain=0.0148135 0.0291554 0.0343714 0.025861 0.0230152 0.0220326 0.0223383 0.0316045 0.0258576 0.0325108 0.0246421 0.0332667 0.0273431 0.0272191
threshold=1.0465002059936526 0.02316367439925671 0.0067917704582214364 -0.047728687524795525 0.87219727039337169 0.17350366098634018 -0.098855957388877855 -0.053544312715530389 -0.13327884674072263 0.94682925671396045 -0.063187152147293077 0.014136261306703092 -0.090294063091278062 0.052645130789444917
decision_type=10 2 2 2 2 2 2 2 2 2 2 2 2 2
left_child=1 3 -3 5 -2 6 7 8 -1 -10 12 13 -8 -12
right_child=4 2 -4 -5 -6 -7 10 -9 9 -11 11 -13 -14 -15
leaf_value=-7.5117401547847767e-05 0.00028521859544355406 8.9226015864869425e-05 -0.00035138380006113587 2.3411510388018155e-05 -1.4992634900571737e-05 0.0002111196696434755 -0.00063526370319945597 -0.00037207073644489796 -6.5317985567768725e-05 0.00055020723680503504 0.00013242428361673306 0.00014095186416805461 -0.00014433246727153906 -0.00040620274075384567
leaf_weight=671 406 457 733 60043 69761 366 353 285 235 322 201 552 376 565
leaf_count=671 406 457 733 60043 69761 366 353 285 235 322 201 552 376 565
internal_value=-4.82593e-07 1.32503e-05 -0.000182509 1.69059e-05 -1.32354e-05 -8.24915e-05 -0.000112931 3.66375e-06 9.20212e-05 0.000292245 -0.000198909 -9.50461e-05 -0.000384762 -0.000264924
internal_weight=135326 65159 1190 63969 70167 3926 3560 1513 1228 557 2047 1318 729 766
internal_count=135326 65159 1190 63969 70167 3926 3560 1513 1228 557 2047 1318 729 766
is_linear=0
shrinkage=0.04


Tree=177
num_leaves=15
num_cat=0
split_feature=25 19 0 29 27 10 24 29 16 5 3 27 24 29
split_gain=0.0129496 0.0305173 0.0275887 0.0264567 0.0261302 0.0159834 0.0509319 0.0343064 0.0418933 0.0339874 0.0200312 0.0171033 0.0160952 0.0671366
threshold=-0.17631152272224423 1.1259274482727053 0.045561407604487895 0.028186978772282604 -0.23155380040407178 -0.25001830607652659 0.03792917728424073 0.019338224083185199 -0.29972109198570246 0.1961557906198958 0.077087966479142706 -0.15588997304439542 0.077388763427734389 0.015475121326744558
decision_type=2 2 2 2 2 8 2 2 8 2 2 2 2 2
left_child=2 4 3 -1 -2 6 7 8 -6 -10 -7 -11 -12 -14
right_child=1 -3 -4 -5 5 10 -8 -9 9 11 12 -13 13 -15
leaf_value=0.00022928281861557266 -0.00042339255923689526 -0.00039566573798431142 0.00031006532081028843 -0.00036990038373119205 -0.00021208858301758813 0.00018713564624607109 0.00065413626864263346 -0.00031699138153814139 -0.00011046121307286304 0.00025269750061248248 1.0045135698088818e-06 0.00071154044514943682 -0.00053325114499939725 5.3826167801052495e-05
leaf_weight=214 226 305 630 251 359 912 243 337 216 272 129573 260 453 973
leaf_count=214 226 305 630 251 359 912 243 337 216 272 129573 260 453 973
internal_value=1.87007e-06 7.4908e-07 0.000138554 -9.46416e-05 1.6673e-06 2.40217e-06 0.000124561 3.34936e-05 0.000141136 0.000310948 8.35223e-07 0.000481481 -4.68872e-07 -0.000133883
internal_weight=135224 134129 1095 465 133824 133598 1687 1444 1107 748 131911 532 130999 1426
internal_count=135224 134129 1095 465 133824 133598 1687 1444 1107 748 131911 532 130999 1426
is_linear=0
shrinkage=0.04


Tree=178
num_leaves=15
num_cat=0
split_feature=20 27 15 1 17 10 25 14 11 17 16 15 25 19
split_gain=0.0158579 0.0216674 0.0296867 0.0244113 0.0241499 0.0322666 0.0240072 0.0228702 0.032511 0.0352848 0.0360384 0.042797 0.0316355 0.0284324
threshold=0.32173812389373785 -0.21585970371961591 -0.24502452462911603 0.81579987518202624 -0.04894843511283397 0.49582195281982427 0.052426695823669441 0.3535155057907105 0.63464757800102245 0.023012689314782623 0.14472446590662005 -0.058066055178642266 0.020594298839569095 0.97758919000625621
decision_type=2 2 8 2 2 10 2 10 10 2 10 8 2 2
left_child=-1 2 -2 -4 5 6 -3 -6 -9 10 12 -12 13 -10
right_child=1 4 3 -5 7 -7 -8 8 9 -11 11 -13 -14 -15
leaf_value=1.9400430542322677e-05 -0.00045096167868247171 0.00017674317955247585 -0.00025410958421939603 0.00029566163518739131 -6.8501106008910899e-06 0.00058125615193079991 -0.00014182952273115253 0.00030961372490316905 -0.00061152804722355457 -0.00043703303739254628 0.00064072317403099193 -3.8187570867533521e-05 -5.6541979884507431e-05 -7.8257568634282313e-05
leaf_weight=43839 415 1148 271 238 85576 221 559 265 398 552 201 531 1213 268
leaf_count=43839 415 1148 271 238 85576 221 559 265 398 552 201 531 1213 268
internal_value=-3.91833e-07 -9.83839e-06 -0.000202037 3.32983e-06 -7.87437e-06 0.000132 7.2309e-05 -1.09116e-05 -0.000112144 -0.000147912 -8.60695e-05 0.000151317 -0.000178704 -0.000399121
internal_weight=135695 91856 924 509 90932 1928 1707 89004 3428 3163 2611 732 1879 666
internal_count=135695 91856 924 509 90932 1928 1707 89004 3428 3163 2611 732 1879 666
is_linear=0
shrinkage=0.04


Tree=179
num_leaves=15
num_cat=0
split_feature=6 9 17 8 28 0 11 0 29 27 19 10 24 17
split_gain=0.0138681 0.0194631 0.0254728 0.0276005 0.0297089 0.0261043 0.019607 0.026816 0.0210748 0.0341865 0.061764 0.0525836 0.0272753 0.0389673
threshold=0.99003907740684782 0.93418914079666149 -0.025396833196282383 -0.0051660698372870675 0.24211906641721728 0.049695371910800819 4.5882902145385751 0.055051634551765066 0.017976230010390285 -0.16603255271911618 1.0363450050354006 -0.07527489215135573 -0.060695081949234002 -0.014303080737590788
decision_type=2 10 2 10 2 2 10 2 2 2 2 10 2 2
left_child=-1 6 5 -4 -5 -3 8 -8 12 -10 -11 -12 13 -2
right_child=1 2 3 4 -6 -7 7 -9 9 10 11 -13 -14 -15
leaf_value=-1.1247871115157814e-05 0.00039248938834670488 -0.00041436905313831286 0.00066799249095422005 -0.00027084925053434114 0.0002628917590321111 0.00014705650942875914 1.4258339746851966e-05 -0.00038288984180280365 0.00020612357854056344 -5.3151406619279324e-05 -0.00092733493442069591 -9.1387910134850525e-05 1.6480034814124919e-05 -8.8199194312078432e-05
leaf_weight=75317 718 221 200 203 850 316 634 471 612 3317 253 228 51624 428
leaf_count=75317 718 221 200 203 850 316 634 471 612 3317 253 228 51624 428
internal_value=1.85131e-07 1.45186e-05 0.000144252 0.000242746 0.000159202 -8.56868e-05 1.05223e-05 -0.000155986 1.37534e-05 -7.02008e-05 -0.000114939 -0.000536102 2.07755e-05 0.000213362
internal_weight=135392 60075 1790 1253 1053 537 58285 1105 57180 4410 3798 481 52770 1146
internal_count=135392 60075 1790 1253 1053 537 58285 1105 57180 4410 3798 481 52770 1146
is_linear=0
shrinkage=0.04


Tree=180
num_leaves=15
num_cat=0
split_feature=28 28 27 24 24 24 29 25 28 0 28 0 0 28
split_gain=0.0158179 0.0435219 0.0649899 0.0653681 0.0476559 0.0403573 0.0508834 0.0402501 0.0400645 0.0382059 0.0373885 0.0626821 0.0542402 0.0424447
threshold=0.19857834279537204 0.18581394851207736 -0.072340670973062501 -0.060695081949234002 0.063513040542602553 0.025123357772827152 0.018363822251558307 -0.10977506637573241 0.21868674457073214 0.072217262552408859 0.23880422115325931 0.14737002610397706 0.13684246671688471 0.21463569253683093
decision_type=2 2 2 2 2 2 2 2 2 2 2 2 2 2
left_child=1 4 3 -3 5 -1 -7 8 -2 -4 11 12 -9 -13
right_child=7 2 9 -5 -6 6 -8 10 -10 -11 -12 13 -14 -15
leaf_value=2.7308539522774147e-05 1.7404490165177762e-05 0.0011323950728227463 0.00025109962582041661 0.00024896919254038016 0.00047734108103203438 0.00020976891737480225 -0.00050100777412014584 -6.3705312442901223e-05 0.00075593688612179456 -0.0004218275209363198 1.056915214383273e-06 -0.00058994683469741366 0.00049494700175847881 -0.00015908384226579302
leaf_weight=10585 249 209 316 369 351 232 506 3256 218 228 117008 579 299 994
leaf_count=10585 249 209 316 369 351 232 506 3256 218 228 117008 579 299 994
internal_value=2.26382e-06 4.45743e-05 0.000281956 0.000575381 2.16484e-05 7.31795e-06 -0.000277658 -2.15374e-06 0.000366514 -3.22092e-05 -3.57832e-06 -0.000109241 -1.60896e-05 -0.000319045
internal_weight=135399 12796 1122 578 11674 11323 738 122603 467 544 122136 5128 3555 1573
internal_count=135399 12796 1122 578 11674 11323 738 122603 467 544 122136 5128 3555 1573
is_linear=0
shrinkage=0.04


Tree=181
num_leaves=15
num_cat=0
split_feature=6 3 6 28 24 18 20 22 29 26 29 24 12 27
split_gain=0.0143155 0.0181623 0.0131956 0.0283793 0.0436965 0.0281792 0.027366 0.0267856 0.0256212 0.0665935 0.0579921 0.0541709 0.0282987 0.0273788
threshold=0.044092193554212129 0.23454107381062031 0.98690753441026635 0.10165932774543764 -0.081678479909896837 0.006369946990162135 0.91156986355781566 -0.3000000044703483 0.019338224083185199 -0.031639277935028069 0.019680824130773548 -0.031754255294799798 0.084245342761278166 -0.03001467045396566
decision_type=2 2 2 2 2 2 2 2 2 2 2 2 10 2
left_child=1 -1 5 4 -4 6 -2 -6 -5 10 -10 -11 -13 -12
right_child=2 -3 3 8 7 -7 -8 -9 9 11 13 12 -14 -15
leaf_value=5.3423540448902541e-06 0.0003214960430896685 0.00048557608690299943 0.00066251261580927193 1.1607371870384045e-05 -0.00011578885817802487 -1.8911830780362289e-05 -0.00019918205675535969 0.00027542396823574045 -0.00084629435805485599 0.00055079835870253872 -0.00010001380050598673 -0.00014319997725845306 0.0002066990562881249 -0.00056433660618261433
leaf_weight=297 709 214 250 68480 552 60427 205 559 247 297 1123 1146 540 244
leaf_count=297 709 214 250 68480 552 60427 205 559 247 297 1123 1146 540 244
internal_value=-1.07115e-06 0.000209214 -1.87616e-06 9.5623e-06 0.00019018 -1.557e-05 0.000204265 8.14021e-05 6.13882e-06 -9.78436e-05 -0.000288204 5.7429e-05 -3.08529e-05 -0.000184647
internal_weight=135290 511 134779 73438 1361 61341 914 1111 72077 3597 1614 1983 1686 1367
internal_count=135290 511 134779 73438 1361 61341 914 1111 72077 3597 1614 1983 1686 1367
is_linear=0
shrinkage=0.04


Tree=182
num_leaves=15
num_cat=0
split_feature=29 7 9 25 28 13 28 25 24 24 16 24 28 29
split_gain=0.0155291 0.0358945 0.0201084 0.0158885 0.0304281 0.0175982 0.0181029 0.0210902 0.0181083 0.0163425 0.014703 0.0146666 0.014407 0.0389948
threshold=0.0063115472439676532 0.24633484333753589 0.87787395715713512 -0.031824350357055657 0.43494543433189398 2.2472733259201054 0.83362597227096569 0.057413339614868171 0.022255778312683109 0.030343115329742435 -0.15291419625282285 0.020197451114654544 0.90425053238868724 0.0073940660804510125
decision_type=2 2 10 2 2 10 2 2 2 2 10 2 2 2
left_child=1 2 3 -1 -5 6 7 -6 -8 -10 -7 -9 -2 -14
right_child=12 -3 -4 4 5 10 8 11 9 -11 -12 -13 13 -15
leaf_value=-0.00026096551558460858 -6.4077146412764535e-06 0.00053652697367246932 0.00033556216386448299 0.00027686607157545825 0.00010699161466840861 7.1451376563580262e-05 0.00055357454047970996 -9.9609860737798244e-05 -8.953728126023863e-05 0.00033034994043266297 -9.6765486363327392e-05 6.4803892296088399e-05 0.00038200462287646647 7.6770511310498416e-06
leaf_weight=300 119571 225 336 753 3104 1142 203 2201 298 287 3022 1427 562 2075
leaf_count=300 119571 225 336 753 3104 1142 203 2201 298 287 3022 1427 562 2075
internal_value=1.00893e-07 4.11423e-05 3.24144e-05 2.42888e-05 3.12717e-05 1.53322e-05 5.18502e-05 3.05324e-05 0.00023263 0.000117513 -5.06007e-05 -3.49409e-05 -4.36651e-06 8.80261e-05
internal_weight=135506 13298 13073 12737 12437 11684 7520 6732 788 585 4164 3628 122208 2637
internal_count=135506 13298 13073 12737 12437 11684 7520 6732 788 585 4164 3628 122208 2637
is_linear=0
shrinkage=0.04


Tree=183
num_leaves=15
num_cat=0
split_feature=25 26 27 24 0 0 26 6 27 27 26 27 24 24
split_gain=0.0134114 0.0330436 0.0468755 0.0377049 0.0363568 0.0345793 0.0631489 0.0579135 0.0504213 0.040932 0.065489 0.0422943 0.040032 0.0572502
threshold=-0.053797721862792962 0.087906122207641615 0.11021339520812036 -0.0060259997844696036 0.058466169770879949 0.049769253106862053 0.022414147853851322 0.99573803088429058 -0.084725517779588685 1.0000000180025095e-35 -0.031639277935028069 -0.073285780847072587 -0.070907771587371812 -0.059069275856018059
decision_type=2 2 2 2 2 2 2 2 2 2 2 2 2 2
left_child=1 2 3 5 -3 7 -7 8 12 10 11 -10 -1 -14
right_child=-2 4 -4 -5 -6 6 -8 -9 9 -11 -12 -13 13 -15
leaf_value=0.0002080434703687383 -7.4174448157413325e-06 -1.5693313244911326e-05 -0.00033651880627025499 0.00010855602040425067 0.00070512717802756464 -9.4135707147094332e-05 0.00026470755357527306 0.00060962840632545643 0.00063788259489350218 -1.30909102996255e-05 0.00089850609228150902 1.2947965937293474e-05 -0.00065272144554756758 -5.5969276812501407e-05
leaf_weight=783 113053 211 571 6598 233 7761 868 294 235 807 269 624 279 2743
leaf_count=783 113053 211 571 6598 233 7761 868 294 235 807 269 624 279 2743
internal_value=-1.82763e-06 2.65365e-05 1.95462e-05 2.91858e-05 0.000366215 -6.55376e-06 -5.79069e-05 6.68716e-05 3.85655e-05 0.000204535 0.0003596 0.000186616 -4.59943e-05 -0.00011205
internal_weight=135329 22276 21832 21261 444 14663 8629 6034 5740 1935 1128 859 3805 3022
internal_count=135329 22276 21832 21261 444 14663 8629 6034 5740 1935 1128 859 3805 3022
is_linear=0
shrinkage=0.04


Tree=184
num_leaves=15
num_cat=0
split_feature=2 10 6 18 27 10 6 3 0 24 24 26 26 0
split_gain=0.0161298 0.031639 0.0248173 0.0163776 0.0172877 0.0147298 0.020826 0.0129334 0.0142164 0.0585133 0.0529913 0.0451327 0.0654019 0.0866623
threshold=0.22898352276039854 -0.25001830607652659 0.12820467450739317 0.089014701545238509 -0.082723483443260179 0.17172741144895556 0.96327977113160046 0.077087966479142706 0.058135012042736182 -0.031754255294799798 -0.021398156881332394 0.082205116748809828 0.021421909332275394 0.050056288373438139
decision_type=2 8 2 2 2 8 2 2 2 2 2 2 2 2
left_child=1 -1 -3 5 -5 -4 -7 -2 9 11 -10 12 -9 -14
right_child=7 2 3 4 -6 6 -8 8 10 -11 -12 -13 13 -15
leaf_value=0.0005034699598958233 0.00020294663714866501 -0.00020288235689075478 0.00010038112532667668 0.00057428520273991406 0.00012601007797372776 7.6050357172408476e-05 -0.00036671358785325372 8.7370637293320667e-05 -6.1884325808621163e-05 -3.666122753936757e-05 2.2923595647516351e-05 -0.00013588144115988789 0.0010028454049809581 5.6684771274336879e-05
leaf_weight=257 486 534 2069 201 427 396 291 5202 14355 43462 65821 1193 300 316
leaf_count=257 486 534 2069 201 427 396 291 5202 14355 43462 65821 1193 300 316
internal_value=5.02927e-07 7.7855e-05 4.93309e-05 8.93711e-05 0.00027289 4.71349e-05 -0.000112791 -1.96264e-06 -2.73262e-06 -1.93616e-05 7.73637e-06 8.78302e-05 0.00013378 0.000521842
internal_weight=135310 4175 3918 3384 628 2756 687 131135 130649 50473 80176 7011 5818 616
internal_count=135310 4175 3918 3384 628 2756 687 131135 130649 50473 80176 7011 5818 616
is_linear=0
shrinkage=0.04


Tree=185
num_leaves=15
num_cat=0
split_feature=7 4 28 28 24 28 27 27 2 28 0 9 7 1
split_gain=0.0222551 0.0355254 0.021092 0.0619863 0.035162 0.0214908 0.031868 0.0397464 0.0239263 0.0170639 0.0141134 0.0140136 0.0314051 0.0276244
threshold=-0.22258641570806501 0.96732827931609766 0.034523651003837592 0.065695356577634825 -0.060695081949234002 0.10165932774543764 -0.12589230388402936 -0.15588997304439542 0.91683369148273874 0.078905433416366591 0.073034855182434036 1.1619554758071902 0.081123974174261107 0.84555470993662007
decision_type=2 2 2 2 2 2 2 2 2 2 2 8 2 2
left_child=1 -1 -2 4 -4 6 7 9 -8 10 -5 -7 13 -13
right_child=2 -3 3 5 -6 11 8 -9 -10 -11 -12 12 -14 -15
leaf_value=9.3883496615850909e-05 0.00029463947082724782 -0.00055777729259301175 -5.4358444812639457e-05 0.0001482326041192993 -0.00075557143398974499 -4.5213789392914226e-07 -0.00042894155451286083 0.00059754814697004371 0.00015269963168437309 0.00028589768783226767 -0.00029190077119429792 0.00023168453203578163 0.00052873730716797025 -0.00031220757124526789
leaf_weight=247 387 284 200 234 265 131346 226 363 218 412 223 350 255 253
leaf_count=247 387 284 200 234 265 131346 226 363 218 412 223 350 255 253
internal_value=6.32456e-07 -0.000256603 1.65574e-06 8.00829e-07 -0.000457761 2.41057e-06 0.000144532 0.000248982 -0.000144841 0.000100794 -6.73718e-05 6.03449e-07 0.000161263 2.79351e-06
internal_weight=135263 531 134732 134345 465 133880 1676 1232 444 869 457 132204 858 603
internal_count=135263 531 134732 134345 465 133880 1676 1232 444 869 457 132204 858 603
is_linear=0
shrinkage=0.04


Tree=186
num_leaves=15
num_cat=0
split_feature=16 10 25 20 18 28 29 29 19 21 28 20 10 25
split_gain=0.0151543 0.0294807 0.0370622 0.0265609 0.0252446 0.0411118 0.024304 0.0218459 0.0342671 0.0277158 0.0324013 0.0261479 0.0243465 0.0223655
threshold=-0.22407568991184232 -0.1528804004192352 -0.10699832439422606 0.65365868806839 0.12002437934279443 0.18217843025922778 0.012372260913252832 0.014702384360134603 0.97758919000625621 0.5000000149011613 0.50452718138694774 0.71874871850013744 0.14836745709180835 0.061734974384307868
decision_type=10 8 2 2 2 2 2 2 2 2 2 2 10 2
left_child=-1 2 -2 6 -3 -6 -4 9 -9 10 12 -11 -7 -12
right_child=1 4 3 -5 5 7 -8 8 -10 11 13 -13 -14 -15
leaf_value=-2.8095250073465599e-05 -7.034565492617623e-05 1.2478463409072717e-07 0.00046013512960468817 0.00054927956474547614 0.00058198519602344881 0.0002399915813333825 6.7632471085562248e-05 0.00013624896560525355 -0.00052347169085481689 -0.00034360160105689563 -0.00016541041211856717 0.00011940443320665323 0.00085708087034587325 0.00034664942735525631
leaf_weight=24963 888 104924 331 363 277 213 1024 275 225 279 284 619 202 254
leaf_count=24963 888 104924 331 363 277 213 1024 275 225 279 284 619 202 254
internal_value=4.17078e-08 6.41883e-06 0.000139225 0.000247437 3.19461e-06 0.000125526 0.000164852 7.06236e-05 -0.000162869 0.000133964 0.000283625 -2.55531e-05 0.000546985 7.73086e-05
internal_weight=135121 110158 2606 1718 107552 2628 1355 2351 500 1851 953 898 415 538
internal_count=135121 110158 2606 1718 107552 2628 1355 2351 500 1851 953 898 415 538
is_linear=0
shrinkage=0.04


Tree=187
num_leaves=15
num_cat=0
split_feature=24 9 27 24 0 19 25 18 24 10 0 24 12 14
split_gain=0.0158584 0.035113 0.0373125 0.0222921 0.0876689 0.0267565 0.0160479 0.0153946 0.0249679 0.0332184 0.0309393 0.038648 0.036484 0.0521151
threshold=-0.091292798519134508 0.82716241478919994 -0.10987941548228262 -0.081678479909896837 0.066413175724339704 1.1259274482727053 -0.11200097203254698 0.063612166792154326 -0.04998731613159179 -0.10281870514154433 0.058135012042736182 -0.034824043512344353 0.13829315453767779 0.2338543385267258
decision_type=2 8 2 2 2 2 2 2 2 10 2 2 10 10
left_child=1 2 -1 4 -2 7 -4 8 -5 -10 11 -11 -12 -14
right_child=3 -3 6 5 -6 -7 -8 -9 9 10 12 -13 13 -15
leaf_value=0.0003777614875256808 0.00087767158347259945 -0.00049293106790823269 -0.00044749159803444873 -0.00011097365135286914 -0.00015412124621320459 -0.00041249220040515957 -1.1582049395257531e-06 2.7494160956954787e-05 0.00010070669769646445 0.00013567573914183962 1.9163221302929838e-05 -4.5597563726984219e-05 -3.6984409626729269e-05 -0.0003863725581978708
leaf_weight=265 213 331 229 3545 330 247 287 26284 4704 1980 55514 36274 4311 807
leaf_count=265 213 331 229 3545 330 247 287 26284 4704 1980 55514 36274 4311 807
internal_value=-9.17897e-07 -0.000151012 -3.88757e-06 3.313e-07 0.00025493 -7.12471e-07 -0.000201634 6.52908e-08 -6.66495e-06 -3.09017e-06 -8.03262e-06 -3.61985e-05 9.73933e-06 -9.23988e-05
internal_weight=135321 1112 781 134209 543 133666 516 133419 107135 103590 98886 38254 60632 5118
internal_count=135321 1112 781 134209 543 133666 516 133419 107135 103590 98886 38254 60632 5118
is_linear=0
shrinkage=0.04


Tree=188
num_leaves=15
num_cat=0
split_feature=8 9 19 14 12 7 16 28 26 15 16 28 18 26
split_gain=0.0113398 0.0378823 0.0429668 0.0431876 0.0315027 0.0251794 0.0352928 0.0313459 0.0464847 0.0284984 0.025478 0.0271706 0.0227062 0.0224906
threshold=0.46196193993091589 0.40222559869289404 0.91202977299690258 0.56344410777091991 0.049981668591499336 0.03750008903443814 -0.021561154164373871 0.72366181015968334 0.10573244094848634 0.11111638695001604 -0.0053461794741451732 0.37302300333976751 0.031745646148920066 0.12796139717102054
decision_type=8 10 2 10 10 2 10 2 2 10 8 2 2 2
left_child=-1 2 -2 -4 13 6 -6 9 -9 -7 -11 -12 -10 -3
right_child=1 4 3 -5 5 7 -8 8 12 10 11 -13 -14 -15
leaf_value=3.7357362125957396e-06 -0.00014559853201621752 -0.00063542313607720883 6.2853525992457953e-05 0.00087596700097932368 3.1866111445784075e-05 -0.00012047967104365071 -0.00036423558821761104 -0.00065415592120365135 0.00033221446914998281 -9.7472029957590002e-05 -9.381658967952206e-05 0.00039120073348509988 -0.00015235391052360897 -7.8585517207662068e-05
leaf_weight=129749 299 271 205 210 624 687 843 243 204 364 233 858 591 203
leaf_count=129749 299 271 205 210 624 687 843 243 204 364 233 858 591 203
internal_value=1.2817e-06 -5.32436e-05 0.000218735 0.000479838 -9.13407e-05 -5.94347e-05 -0.000196215 3.87378e-06 -0.000176031 9.12617e-05 0.000191309 0.000287662 -2.67126e-05 -0.000400256
internal_weight=135584 5835 714 415 5121 4647 1467 3180 1038 2142 1455 1091 795 474
internal_count=135584 5835 714 415 5121 4647 1467 3180 1038 2142 1455 1091 795 474
is_linear=0
shrinkage=0.04


Tree=189
num_leaves=15
num_cat=0
split_feature=29 18 29 28 29 26 26 19 25 24 19 18 6 14
split_gain=0.0175875 0.0647139 0.0281728 0.0421113 0.0259034 0.0252791 0.0419678 0.0332625 0.0218052 0.0230326 0.0204829 0.0197785 0.0227487 0.0248185
threshold=0.02652646973729134 0.11511824280023576 0.025031906552612785 0.21868674457073214 0.02316367439925671 -0.28179165720939631 -0.23805382847785947 0.99401539564132702 -0.096464544534683214 0.030343115329742435 1.1259274482727053 0.039370084181427963 0.98409635730983613 0.012727719731628897
decision_type=2 2 2 2 2 2 2 2 2 2 2 2 2 10
left_child=2 11 4 -4 5 7 -7 -1 -6 -10 -8 -2 -13 -14
right_child=1 -3 3 -5 8 6 10 -9 9 -11 -12 12 13 -15
leaf_value=0.00061944165767491234 -0.00033493027183794765 -0.00076476138066936981 -3.4062245510096208e-05 0.0007315647730193589 0.00014214584553493687 -0.0003900193684605923 2.5039984035420722e-06 5.3885297200748281e-05 -0.00065580378256635649 -0.00016475926672509551 -0.00032094800531876029 -0.00019418823691902363 0.00044396410325287585 -0.00010158141204414682
leaf_weight=236 243 219 253 205 219 434 131129 541 213 529 309 324 328 220
leaf_count=236 243 219 253 205 219 434 131129 541 213 529 309 324 328 220
internal_value=-9.20813e-08 -0.000144341 1.34855e-06 0.000312831 2.69161e-07 1.77205e-06 4.27392e-07 0.000228525 -0.000206114 -0.000309166 1.73141e-06 -1.96129e-05 6.96651e-05 0.000226011
internal_weight=135402 1334 134068 458 133610 132649 131872 777 961 742 131438 1115 872 548
internal_count=135402 1334 134068 458 133610 132649 131872 777 961 742 131438 1115 872 548
is_linear=0
shrinkage=0.04


Tree=190
num_leaves=15
num_cat=0
split_feature=11 29 21 28 26 26 27 26 1 24 18 26 13 24
split_gain=0.0125565 0.0273678 0.0237831 0.0224773 0.0259401 0.0316467 0.0524799 0.105619 0.0391725 0.0247998 0.0280265 0.0393925 0.0222748 0.0208752
threshold=1.0465002059936526 0.02316367439925671 0.70000001788139354 0.19857834279537204 0.0039253830909729013 -0.027063608169555661 -0.066020566970109926 -0.071158468723297105 0.82324680263468819 0.063513040542602553 0.083231799304485335 -0.22693288326263425 3.4970777034759526 -0.056852579116821282
decision_type=10 2 2 2 2 2 2 2 2 2 2 2 8 2
left_child=1 2 -1 4 5 6 7 9 -7 10 -2 -12 -13 -8
right_child=3 -3 -4 -5 -6 8 13 -9 -10 -11 11 12 -14 -15
leaf_value=6.4123320518387743e-06 -2.962479747776355e-05 -0.0001815521905497211 7.8801011902156269e-05 -1.8473735359272597e-05 -0.00033619005470670791 1.2900171330749379e-05 -0.00053022018151508137 0.00097527838418318428 0.00077958346725338044 0.00045529894478526524 -0.00020315643250937843 0.00019109922766240552 0.00068754296245804813 -9.8383452802122603e-05
leaf_weight=55822 2352 1139 8343 64694 238 203 235 215 220 244 227 332 259 719
leaf_count=55822 2352 1139 8343 64694 238 203 235 215 220 244 227 332 259 719
internal_value=-2.38958e-07 1.23737e-05 1.583e-05 -1.2016e-05 6.75933e-05 8.71067e-05 5.63213e-05 0.000125725 0.000416097 7.08755e-05 4.06154e-05 0.00024153 0.000412604 -0.000206968
internal_weight=135242 65304 64165 69938 5244 5006 4583 3629 423 3414 3170 818 591 954
internal_count=135242 65304 64165 69938 5244 5006 4583 3629 423 3414 3170 818 591 954
is_linear=0
shrinkage=0.04


Tree=191
num_leaves=15
num_cat=0
split_feature=29 26 0 27 26 27 26 29 27 27 24 18 17 16
split_gain=0.0137367 0.0228441 0.032474 0.0324824 0.0227676 0.0533242 0.0338011 0.0258676 0.0376573 0.0286349 0.0285043 0.0240013 0.0332261 0.0326296
threshold=0.021057607606053356 0.034915924072265632 0.074184068047866605 0.0017996453680098059 -0.28179165720939631 -0.20399794727563855 -0.23805382847785947 0.020194899290800098 0.028104719705879692 -0.21585970371961591 -0.063187152147293077 0.12002437934279443 0.089289668947458281 -0.29582798480987543
decision_type=2 2 2 2 2 2 2 2 2 2 2 2 2 10
left_child=4 2 -2 -4 5 -1 -6 9 -9 10 -8 12 -11 -13
right_child=1 -3 3 -5 6 -7 7 8 -10 11 -12 13 -14 -15
leaf_value=3.4193973131348486e-06 -3.1521293659227399e-06 0.00018970989705900651 -0.00036387762951874304 -8.5024659042274524e-06 -0.00034607136840406966 0.00073739180015400057 0.00020225659680550605 0.00037416103633921964 -0.00019697678646367394 8.5823384950117041e-07 -0.00031805251460101304 -0.00032662921569830958 -0.00040917936138873357 0.00015123530015052726
leaf_weight=535 2430 490 1081 663 442 220 209 654 253 124142 805 244 312 2831
leaf_count=535 2430 490 1081 663 442 220 209 654 253 124142 805 244 312 2831
internal_value=3.15437e-08 -6.73848e-05 -9.77569e-05 -0.000229189 2.44074e-06 0.000220736 1.16345e-06 2.36238e-06 0.00021464 8.56258e-07 -0.000210343 2.54371e-06 -1.86107e-07 0.000112848
internal_weight=135311 4664 4174 1744 130647 755 129892 129450 907 128543 1014 127529 124454 3075
internal_count=135311 4664 4174 1744 130647 755 129892 129450 907 128543 1014 127529 124454 3075
is_linear=0
shrinkage=0.04


Tree=192
num_leaves=15
num_cat=0
split_feature=11 29 21 8 20 1 19 15 17 28 29 10 9 17
split_gain=0.0139883 0.0238727 0.0181405 0.018114 0.0161918 0.0156987 0.0154049 0.0143222 0.0247266 0.0176553 0.0336173 0.0187579 0.0185413 0.0225058
threshold=1.0465002059936526 0.021057607606053356 0.70000001788139354 0.48039972782135015 0.89414075016975414 0.016099301072184297 0.87219727039337169 -0.19910713285207746 -0.058461546897888177 0.19105757772922519 0.011860271450132133 -0.13303344696760175 0.55009248852729808 0.010777168907225134
decision_type=10 2 2 10 2 2 2 10 2 2 2 8 10 2
left_child=1 2 3 5 -3 -1 -2 8 -7 10 -10 -11 13 -12
right_child=6 4 -4 -5 -6 7 -8 -9 9 11 12 -13 -14 -15
leaf_value=-0.00033971219847444444 0.00023333201990613075 -7.2459959308539824e-05 7.2139757540832698e-05 0.0002958048261434774 -0.00037972811748834416 -0.00022445488875235051 -1.5309533242848507e-05 4.5337524979603889e-07 -0.00038125093232732837 0.00032683507899225619 6.1820325644821073e-05 9.5884232788870664e-05 0.00023165923702155689 -0.00040885854664772194
leaf_weight=204 396 1885 8128 343 317 429 69533 48488 320 692 672 2965 631 209
leaf_count=204 396 1885 8128 343 317 429 69533 48488 320 692 672 2965 631 209
internal_value=-1.4544e-06 1.18608e-05 1.63838e-05 8.13126e-06 -0.000117454 6.2975e-06 -1.38849e-05 7.62599e-06 6.63434e-05 8.92547e-05 -1.20929e-05 0.000139973 6.70349e-05 -5.15162e-05
internal_weight=135212 65283 63081 54953 2202 54610 69929 54406 5918 5489 1832 3657 1512 881
internal_count=135212 65283 63081 54953 2202 54610 69929 54406 5918 5489 1832 3657 1512 881
is_linear=0
shrinkage=0.04


Tree=193
num_leaves=15
num_cat=0
split_feature=13 9 10 23 4 18 26 24 24 0 28 24 24 24
split_gain=0.0102991 0.0203338 0.0104987 0.0232369 0.0226431 0.0193065 0.0184022 0.0258497 0.0306109 0.0304808 0.0356272 0.0386124 0.030589 0.0472064
threshold=64.320308685302749 0.55471292138099682 0.036786260083317764 -0.89743873476982106 0.89677401303986148 0.19447254389524463 -0.098634093999862657 0.063513040542602553 0.053534328937530525 0.050382755603909035 0.40311658382415777 0.03792917728424073 0.024792611598968509 0.019917011260986332
decision_type=10 10 10 2 2 2 2 2 2 2 2 2 2 2
left_child=2 -2 6 4 -4 -5 7 8 9 10 11 12 13 -1
right_child=1 -3 3 5 -6 -7 -8 -9 -10 -11 -12 -13 -14 -15
leaf_value=4.5787623821557203e-05 -0.00012687061007454759 0.00037534434254925101 -0.00034616395546428178 -4.3055627329725935e-06 -6.3179443372445894e-05 0.0003129030127957457 3.7313989756044247e-05 0.00021283162548832622 -0.00049026877974915227 -0.00010550451976464587 -0.00019165270701117693 0.00053514711459156988 -0.00029640868785623081 0.00066083896567495804
leaf_weight=4500 211 319 558 94289 2321 303 25617 696 229 4659 982 266 383 204
leaf_count=4500 211 319 558 94289 2321 303 25617 696 229 4659 982 266 383 204
internal_value=9.32928e-07 0.000176089 2.38819e-07 -6.68329e-06 -0.000118532 -3.27299e-06 1.82122e-05 -2.28409e-05 -3.75446e-05 -2.78959e-05 2.92186e-05 6.98781e-05 4.50475e-05 7.31341e-05
internal_weight=135537 530 135007 97471 2879 94592 37536 11919 11223 10994 6335 5353 5087 4704
internal_count=135537 530 135007 97471 2879 94592 37536 11919 11223 10994 6335 5353 5087 4704
is_linear=0
shrinkage=0.04


Tree=194
num_leaves=15
num_cat=0
split_feature=17 12 0 8 15 8 12 29 29 18 29 28 26 26
split_gain=0.0129317 0.031262 0.025631 0.0229983 0.0228089 0.0287677 0.0192874 0.0251282 0.0154967 0.0528245 0.0304513 0.037414 0.0218681 0.0352935
threshold=0.050118854269385345 0.054028447717428214 0.074053186790288092 0.21246474981307986 -0.2136345952749252 0.18509921431541446 0.18367921561002734 0.0068106174003332862 0.02652646973729134 0.099437270313501372 0.025031906552612785 0.21868674457073214 -0.28179165720939631 -0.23805382847785947
decision_type=2 10 2 10 10 8 10 2 2 2 2 2 2 2
left_child=8 2 3 -2 -3 -6 7 -7 10 -10 12 -12 -1 -14
right_child=1 4 -4 -5 5 6 -8 -9 9 -11 11 -13 13 -15
leaf_value=0.00021774155184654681 -0.00011112628883138919 0.00050093494057792292 6.5895394267591358e-05 -0.00057214585319571691 -4.1849945247585708e-05 -0.0001057410600074098 -4.099543836549856e-05 0.00029805211550919047 -1.0597128628177007e-05 -0.00067827261513306466 -1.0060223237201265e-05 0.00072697921248902452 -0.00037583962049508716 -1.3759840358653217e-06
leaf_weight=720 745 233 1043 222 1479 287 495 1655 933 233 238 200 399 126468
leaf_count=720 745 233 1043 222 1479 287 495 1655 933 233 238 200 399 126468
internal_value=1.20839e-06 5.78109e-05 -7.15451e-05 -0.000219364 0.000120489 9.72423e-05 0.000181569 0.000238259 -1.49218e-06 -0.000146344 -1.67268e-07 0.000330894 -1.31671e-06 -2.56845e-06
internal_weight=135350 6159 2010 967 4149 3916 2437 1942 129191 1166 128025 438 127587 126867
internal_count=135350 6159 2010 967 4149 3916 2437 1942 129191 1166 128025 438 127587 126867
is_linear=0
shrinkage=0.04


Tree=195
num_leaves=15
num_cat=0
split_feature=29 26 28 0 26 27 26 12 29 27 0 27 26 27
split_gain=0.0135136 0.0190881 0.0501176 0.0205453 0.0219431 0.0880222 0.0199848 0.0281222 0.0187603 0.0394398 0.0186042 0.0174183 0.0159492 0.0544997
threshold=0.021057607606053356 0.034915924072265632 0.21868674457073214 0.13159462233110611 -0.28179165720939631 -0.19737499207258222 -0.29945361614227289 0.060608927160501487 0.022091246210038665 -0.021668840199708935 0.045713338785786865 0.011145595461130144 -0.28179165720939631 -0.20399794727563855
decision_type=2 2 2 2 2 2 2 10 2 2 2 2 2 2
left_child=12 3 -3 4 6 -6 7 -2 -7 -10 -9 -5 13 -1
right_child=1 2 -4 11 5 8 -8 10 9 -11 -12 -13 -14 -15
leaf_value=-3.9495799471211712e-05 0.00025555613581260838 -0.00024590093399042256 0.00058277030831096316 -0.00031557720411234556 0.00081472852672032905 -0.00018291233933968756 -0.00052901483194714449 -0.00055464969000788139 -0.0001943136899739775 0.00037400654094138497 -2.7882198013527242e-05 -2.8612597430002919e-05 -1.7421008359745974e-06 0.00068450003659319093
leaf_weight=551 242 227 231 970 207 837 211 201 387 385 225 520 129775 233
leaf_count=551 242 227 231 970 207 837 211 201 387 385 225 520 129775 233
internal_value=-3.03813e-06 -7.00599e-05 0.000173833 -9.69268e-05 -3.0894e-05 4.85458e-05 -0.000194362 -8.55102e-05 -5.22432e-05 8.96932e-05 -0.000279979 -0.000215859 -6.52083e-07 0.000178646
internal_weight=135202 4643 458 4185 2695 1816 879 668 1609 772 426 1490 130559 784
internal_count=135202 4643 458 4185 2695 1816 879 668 1609 772 426 1490 130559 784
is_linear=0
shrinkage=0.04


Tree=196
num_leaves=15
num_cat=0
split_feature=26 28 26 26 26 26 20 13 14 24 24 13 14 6
split_gain=0.0132793 0.0410913 0.0370096 0.0315075 0.026745 0.0225958 0.0221433 0.0217522 0.0197737 0.021946 0.03557 0.0197148 0.0190451 0.0406169
threshold=0.27007853984832769 0.89153638482093822 0.41416269540786749 0.49575740098953253 0.30714458227157598 0.37094211578369146 0.77915498614311229 5.9495820999145517 0.025266669690608982 0.063513040542602553 0.041792273521423347 1.6667000055313113 0.69961652159690868 0.99400235614840404
decision_type=2 2 2 2 2 2 2 10 10 2 2 10 8 2
left_child=12 2 5 4 -3 -2 -7 -4 -6 10 -10 -5 -1 -14
right_child=1 3 7 11 8 6 -8 -9 9 -11 -12 -13 13 -15
leaf_value=5.303462274092822e-07 -0.00011089093096055882 -0.00011693140890855859 -0.00053423593374827757 -0.00044683286718282032 -6.2950231125074183e-05 0.0002335434839015925 -0.00023250457533044086 -8.5232312302775152e-05 0.00027783987608105942 1.0969727073744354e-05 0.00088198771458228601 7.022374791180731e-06 0.00066661180052728032 -0.00011248081922531128
leaf_weight=127297 3889 326 475 203 204 639 214 273 491 211 229 580 204 217
leaf_count=127297 3889 326 475 203 204 639 214 273 491 211 229 580 204 217
internal_value=-1.65897e-06 -5.25371e-05 -0.000111457 9.15381e-05 0.000201025 -7.00075e-05 0.000115948 -0.000372016 0.000292462 0.00037026 0.00047475 -0.000112732 1.4239e-06 0.00026843
internal_weight=135452 7734 5490 2244 1461 4742 853 748 1135 931 720 783 127718 421
internal_count=135452 7734 5490 2244 1461 4742 853 748 1135 931 720 783 127718 421
is_linear=0
shrinkage=0.04


Tree=197
num_leaves=15
num_cat=0
split_feature=0 29 27 25 0 24 26 26 28 27 28 25 29 28
split_gain=0.0112889 0.0235062 0.0292206 0.0627775 0.017501 0.0321559 0.031044 0.0375111 0.0281019 0.0451889 0.0456442 0.0534468 0.0391289 0.0275857
threshold=0.17661302604766169 0.018363822251558307 -0.049224968999624245 -0.056854695081710808 0.16461645372407382 0.044291853904724128 0.11179769039154054 0.061865031719207771 0.40795873105525976 0.01977564021945 0.21868674457073214 -0.069268763065338121 0.015475121326744558 0.698529213666916
decision_type=2 2 2 2 2 2 2 2 2 2 2 2 2 2
left_child=4 2 -2 -4 -1 8 7 -7 9 10 -6 -12 -11 -8
right_child=1 -3 3 -5 5 6 13 -9 -10 12 11 -13 -14 -15
leaf_value=4.8717471743603843e-06 -0.00022959528809624933 -0.00026679901583542284 0.00082797419000643039 9.8454190142567208e-05 -0.00020774427783343621 0.00016517553105232209 0.00068519830544857066 -0.00038025530514520747 -2.4173633874097204e-05 -0.00045833303224537478 0.00060502288561946522 -1.1980634097984295e-05 -9.1163566891073086e-05 0.00014487287924072289
leaf_weight=112744 349 286 201 2281 1067 611 239 295 13551 1000 304 822 869 407
leaf_count=112744 349 286 201 2281 1067 611 239 295 13551 1000 304 822 869 407
internal_value=6.43472e-07 7.58212e-05 0.000110844 0.000159079 -1.13578e-06 -3.64689e-05 0.000137795 -1.35329e-05 -5.18593e-05 -0.000144077 -2.07724e-05 0.000156538 -0.000288315 0.000348504
internal_weight=135026 3117 2831 2482 131909 19165 1552 906 17613 4062 2193 1126 1869 646
internal_count=135026 3117 2831 2482 131909 19165 1552 906 17613 4062 2193 1126 1869 646
is_linear=0
shrinkage=0.04


Tree=198
num_leaves=15
num_cat=0
split_feature=28 9 15 13 2 19 19 10 28 10 10 10 9 17
split_gain=0.0103236 0.0228924 0.0199191 0.0115585 0.020706 0.0316211 0.0292313 0.0246811 0.0203714 0.0215094 0.0191374 0.0220278 0.0229794 0.0221859
threshold=0.93665537238121044 0.33878664672374731 0.11542014405131341 1.4483567476272585 0.98800668853765006 1.0927325487136843 1.0609188079833987 -0.48787334561347956 0.88296639919281017 0.67289051413536083 -0.32274973392486567 0.051288088783621795 0.93418914079666149 -0.029948406852781769
decision_type=2 10 10 10 2 2 2 10 2 8 10 10 10 2
left_child=3 -2 -3 8 7 6 10 -5 9 -1 -6 13 -13 -12
right_child=1 2 -4 4 5 -7 -8 -9 -10 -11 11 12 -14 -15
leaf_value=1.3255568188901212e-05 -0.00021970874039656892 8.9240649140350501e-05 0.00055009041628998484 -0.0004292569717117957 -0.00039177121414923021 0.0003471551555845462 -0.00039337803731212008 2.1243088091454519e-06 -0.00022237435211656359 0.00038287007858498292 -0.00018908099921567084 -7.2243367649593298e-05 0.00031575351840597635 0.00010365275884125081
leaf_weight=59064 212 422 230 208 251 311 398 57046 580 248 492 13145 244 2489
leaf_count=59064 212 422 230 208 251 311 398 57046 580 248 492 13145 244 2489
internal_value=3.19687e-07 0.000137745 0.00025476 -5.68349e-07 -1.10767e-05 -4.93778e-05 -5.67238e-05 5.19782e-07 1.25177e-05 1.48332e-05 -4.85465e-05 -4.31659e-05 -6.50573e-05 5.51027e-05
internal_weight=135340 864 652 134476 74584 17330 17019 57254 59892 59312 16621 16370 13389 2981
internal_count=135340 864 652 134476 74584 17330 17019 57254 59892 59312 16621 16370 13389 2981
is_linear=0
shrinkage=0.04


Tree=199
num_leaves=15
num_cat=0
split_feature=27 27 24 16 7 7 8 17 26 28 0 28 24 24
split_gain=0.0135001 0.0199848 0.0209581 0.0132399 0.0182752 0.0239522 0.0287358 0.0138357 0.0360461 0.0241563 0.0279108 0.02071 0.0740812 0.0292398
threshold=0.51645228266716015 0.47833831608295446 0.018859088420867923 -0.3790877759456634 -0.033346259966492646 -0.15947090089321134 -0.1411606892943382 -0.095277357846498476 -0.018172055482864376 0.034523651003837592 0.045713338785786865 0.065695356577634825 -0.060695081949234002 -0.091292798519134508
decision_type=2 2 2 8 2 2 10 2 2 2 2 2 2 2
left_child=1 3 -3 4 5 -1 -7 8 -5 10 -9 12 -11 -13
right_child=-2 2 -4 7 -6 6 -8 9 -10 11 -12 13 -14 -15
leaf_value=0.00017758068017010981 0.00023226354549487997 7.4656987860743398e-06 -0.00051138349564558644 -0.00051292579163912764 1.46154320786626e-06 -0.00052520807277386559 -7.7082136453470205e-05 -1.5686871462946272e-05 0.00018780215244328579 0.0002397848444668875 0.00063005676254148974 -0.00027406754519219615 -0.0007452914121971741 3.7481009091076651e-06
leaf_weight=204 393 247 246 269 1528 448 467 217 202 238 206 604 242 129618
leaf_count=204 393 247 246 269 1528 448 467 217 202 238 206 604 242 129618
internal_value=-3.55762e-07 -1.04286e-06 -0.000253968 -1.04587e-07 -8.85924e-05 -0.000211021 -0.000298154 1.67861e-06 -0.000213585 2.45995e-06 0.000302475 1.47745e-06 -0.000259421 2.44905e-06
internal_weight=135129 134736 493 134243 2647 1119 915 131596 471 131125 423 130702 480 130222
internal_count=135129 134736 493 134243 2647 1119 915 131596 471 131125 423 130702 480 130222
is_linear=0
shrinkage=0.04


Tree=200
num_leaves=15
num_cat=0
split_feature=20 10 24 23 15 12 24 24 6 6 10 17 18 12
split_gain=0.0144408 0.0326831 0.0483457 0.0407809 0.0293839 0.0285293 0.0267918 0.0247093 0.0237906 0.0232718 0.0201455 0.0183749 0.0228654 0.0174506
threshold=0.99999970197677623 0.56871187686920177 0.023933053016662601 0.7643151879310609 0.16838548332452777 0.099348720163106932 0.016022503376007084 -0.022687405347824093 0.98827679487578135 0.99761431373813803 0.56871187686920177 0.026013453491032127 0.0211485680192709 0.049977306276559837
decision_type=2 10 2 2 10 10 2 2 2 2 10 2 2 10
left_child=1 -1 3 5 6 -3 7 -2 -6 11 -9 12 13 -8
right_child=4 2 -4 -5 8 -7 9 10 -10 -11 -12 -13 -14 -15
leaf_value=-1.6193710221556447e-06 -0.00036680098924828401 0.00081186989008650711 -0.00014856066387485936 -1.3663206827970079e-05 -0.00015122672405502781 0.00026800391998793642 -0.00048980525146803959 0.00021459911639043101 0.00039685113411646206 -0.00047082618967887182 -0.00014079274014098411 -0.00039661796844226094 0.00021472447840385493 -1.6649682788898391e-05
leaf_weight=130530 232 309 448 320 200 318 205 687 331 482 400 319 332 308
leaf_count=130530 232 309 448 320 200 318 205 687 331 482 400 319 332 308
internal_value=-1.68539e-06 4.42426e-07 0.000192681 0.000354046 -8.18665e-05 0.000540336 -0.000130961 3.43633e-06 0.000190934 -0.000238343 8.37743e-05 -0.000140473 -4.20098e-05 -0.00020863
internal_weight=135421 131925 1395 947 3496 627 2965 1319 531 1646 1087 1164 845 513
internal_count=135421 131925 1395 947 3496 627 2965 1319 531 1646 1087 1164 845 513
is_linear=0
shrinkage=0.04


Tree=201
num_leaves=15
num_cat=0
split_feature=28 29 27 28 25 25 27 25 29 17 29 25 28 19
split_gain=0.0132099 0.0240904 0.0155686 0.0388436 0.0184579 0.0304767 0.0193239 0.0563275 0.0428656 0.0574384 0.0409295 0.0330545 0.0338298 0.0222715
threshold=0.93665537238121044 0.012793232686817648 0.34675931930541998 0.90425053238868724 0.14848619699478152 0.15654963254928592 0.2853145450353623 -0.0016258060932159422 0.0095473970286548155 -0.032126711681485169 0.010788857005536558 0.068325400352478041 0.83732259273529064 1.0221970677375796
decision_type=2 2 2 2 2 2 2 2 2 2 2 2 2 2
left_child=2 -2 3 4 6 -6 -1 -8 11 13 -11 -9 -13 -10
right_child=1 -3 -4 -5 5 -7 7 8 9 10 -12 12 -14 -15
leaf_value=-2.9005010291849524e-07 0.00043030100591235883 -8.2903632760335142e-06 -5.9136167147968966e-05 0.00040065529501087053 -0.00043638658462882493 -3.7148119743854993e-05 0.00053823677519180917 0.00051879482109875729 -0.00018674006865976355 -0.00015276165581142389 0.00015574366109927021 3.8871701410088981e-05 0.00054666068646207157 -0.00077325142049880394
leaf_weight=119765 317 530 6888 386 391 1350 386 370 208 1272 1487 1591 237 210
leaf_count=119765 317 530 6888 386 391 1350 386 370 208 1272 1487 1591 237 210
internal_value=4.12622e-07 0.00015742 -5.81626e-07 2.5801e-06 1.35705e-06 -0.000127803 3.15347e-06 7.46788e-05 4.09196e-05 -5.3027e-05 1.34924e-05 0.000176523 0.000106018 -0.000487056
internal_weight=135388 847 134541 127653 127267 1741 125526 5761 5375 3177 2759 2198 1828 418
internal_count=135388 847 134541 127653 127267 1741 125526 5761 5375 3177 2759 2198 1828 418
is_linear=0
shrinkage=0.04


Tree=202
num_leaves=15
num_cat=0
split_feature=0 24 26 13 3 24 24 28 25 25 0 26 29 28
split_gain=0.0149504 0.036789 0.0413523 0.054197 0.0426372 0.0360974 0.0448058 0.0695056 0.0658623 0.0454084 0.0707381 0.0415434 0.0757275 0.0433808
threshold=0.059128309317740539 -0.031754255294799798 0.082205116748809828 3.2581815719604497 0.97685690358090493 -0.019531488418579098 -0.015065342187881468 0.70680683851242077 -0.10977506637573241 0.0095874667167663592 0.15631394680794772 -0.16157069802284238 0.018185480497777465 0.16899517923593524
decision_type=2 2 2 10 2 2 2 2 2 2 2 2 2 2
left_child=1 2 3 -1 -5 -2 7 9 -8 10 -7 12 -10 -13
right_child=5 -3 -4 4 -6 6 8 -9 11 -11 -12 13 -14 -15
leaf_value=3.2199363515781971e-05 -4.5387628151631951e-05 -3.0382912926632594e-05 -0.00014846649068311844 0.00020582415475763039 0.00074660251615674069 0.00043171278780629346 0.00043662998430637443 0.00080637161192112039 0.00071767429367790574 -9.1193550472379504e-05 -0.00010376257652890532 -0.00035626669224718801 -0.00022579930363636879 1.0744093147168417e-05
leaf_weight=4793 15551 50196 1243 1532 272 1105 582 249 344 1058 610 515 220 57034
leaf_count=4793 15551 50196 1243 1532 272 1105 582 249 344 1058 610 515 220 57034
internal_value=-2.4546e-06 -1.77958e-05 6.27619e-05 0.000102644 0.000289199 9.06857e-06 2.27926e-05 0.000172866 1.50518e-05 0.000114632 0.000241504 1.07925e-05 0.000350902 7.42909e-06
internal_weight=135304 58036 7840 6597 1804 77268 61717 3022 58695 2773 1715 58113 564 57549
internal_count=135304 58036 7840 6597 1804 77268 61717 3022 58695 2773 1715 58113 564 57549
is_linear=0
shrinkage=0.04


Tree=203
num_leaves=15
num_cat=0
split_feature=29 1 9 28 25 24 0 1 7 8 25 29 0 0
split_gain=0.0160227 0.0303415 0.0240767 0.020244 0.0157983 0.0240417 0.0352728 0.0231653 0.0172439 0.0233083 0.0169451 0.0160995 0.0286551 0.0134349
threshold=0.0061157760210335263 0.59402970297029711 0.72812044620513927 0.85759356617927562 0.05464595556259156 -0.0088120996952056867 0.13412823812747504 0.94939690616407635 0.071756269782781615 0.17885562777519229 0.070812880992889418 0.0053986175917088994 0.13494744444011578 0.15714056822239339
decision_type=2 2 10 2 2 2 2 2 2 10 2 2 2 2
left_child=1 2 -1 4 5 6 -3 13 9 11 -9 -7 -13 -6
right_child=-2 3 -4 -5 7 8 -8 10 -10 -11 -12 12 -14 -15
leaf_value=0.00013885796695304283 -4.758565176921324e-06 8.2322166564467394e-05 0.00056519545060543068 0.00036701015877360811 -0.00010232246129619028 6.545798353575568e-05 -0.00042218757655064108 -0.00010259139361023255 0.00037823047613547969 -0.00010687740358359103 9.3575355020813635e-05 5.5325029593238941e-05 0.00052874238657211418 -0.00042779351358010134
leaf_weight=1072 124235 590 261 258 1849 1219 349 1020 371 715 2250 406 410 224
leaf_count=1072 124235 590 261 258 1849 1219 349 1020 371 715 2250 406 410 224
internal_value=-6.62003e-07 4.56113e-05 0.000224135 2.08759e-05 1.11887e-05 7.06218e-05 -0.000106433 -3.39967e-05 0.000123976 8.9051e-05 3.23225e-05 0.000157984 0.000294966 -0.000138436
internal_weight=135229 10994 1333 9661 9403 4060 939 5343 3121 2750 3270 2035 816 2073
internal_count=135229 10994 1333 9661 9403 4060 939 5343 3121 2750 3270 2035 816 2073
is_linear=0
shrinkage=0.04


Tree=204
num_leaves=15
num_cat=0
split_feature=16 7 23 7 28 20 8 9 23 13 2 28 24 27
split_gain=0.0123053 0.0192543 0.0299108 0.0125286 0.0202761 0.0118615 0.0117342 0.0403402 0.0396825 0.0288471 0.0277642 0.0329888 0.0309367 0.0325374
threshold=-0.3790877759456634 -0.033346259966492646 -0.66848653554916371 -0.13537118583917615 0.29581750929355627 0.49862566590309149 0.46196193993091589 0.39736901223659521 0.84167912602424633 6.2347018718719491 0.81645011195047446 0.89773190021514904 0.0060170888900756845 0.08924617245793344
decision_type=8 2 2 2 2 2 8 10 2 8 2 2 2 2
left_child=1 2 3 -1 -5 -3 -2 8 -8 -10 12 -12 -9 -14
right_child=6 5 -4 4 -6 -7 7 10 9 -11 11 -13 13 -15
leaf_value=0.00017270899057502829 4.0865551477472516e-06 8.2913385131932365e-05 -0.00049692023419657899 -0.00045880902356778582 4.8775042949613362e-05 -0.00015613260522775877 0.00069531285259375364 0.0002096911633925928 0.00029499392557849396 -0.00029877491624843652 -0.00019138434805605404 0.00033270275678553776 -0.00036124901652754318 0.00010525273244627742
leaf_weight=241 126937 1044 380 220 284 481 201 846 299 225 3188 200 461 488
leaf_count=241 126937 1044 380 220 284 481 201 846 299 225 3188 200 461 488
internal_value=-1.83098e-07 -8.54494e-05 -0.000210588 -6.21995e-05 -0.00017512 7.25209e-06 1.52095e-06 -5.35595e-05 0.000224924 3.96218e-05 -9.2693e-05 -0.000160002 3.44415e-05 -0.000122068
internal_weight=135495 2650 1125 745 504 1525 132845 5908 725 524 5183 3388 1795 949
internal_count=135495 2650 1125 745 504 1525 132845 5908 725 524 5183 3388 1795 949
is_linear=0
shrinkage=0.04


Tree=205
num_leaves=15
num_cat=0
split_feature=29 29 26 0 25 25 0 29 25 24 29 26 28 29
split_gain=0.0121019 0.0294873 0.108306 0.0527474 0.0273717 0.0497597 0.0446967 0.038005 0.0284936 0.0272617 0.0625671 0.0291998 0.0312877 0.0687927
threshold=0.017121853306889537 0.016386529430747036 -0.15613037347793576 0.050056288373438139 -0.04226183891296386 -0.074920773506164537 0.17249764503019518 0.016923039220273498 -0.056854695081710808 0.077388763427734389 0.015475121326744558 -0.21236950159072873 0.11525028198957445 0.015099263750016691
decision_type=2 2 2 2 2 2 2 2 2 2 2 2 2 2
left_child=1 9 -3 -4 5 6 7 -5 -7 11 -11 -1 13 -13
right_child=-2 2 3 4 -6 8 -8 -9 -10 10 -12 12 -14 -15
leaf_value=-0.00017423405665653206 -3.6633910705181501e-05 0.00085312879606529342 -0.00032464163038940335 -0.00030481875844138678 -2.8185159795169236e-07 0.00075884783502617157 0.00055650147756688094 0.00024808585130590565 0.00015659152811470752 -0.00051160266884218834 0.00029421223865052607 5.6275189754131786e-05 1.6833209247932971e-06 0.00081936152997698982
leaf_weight=1488 13177 286 509 469 1700 342 227 338 202 467 225 954 114899 231
leaf_count=1488 13177 286 509 469 1700 342 227 338 202 467 225 954 114899 231
internal_value=-2.19329e-07 3.70425e-06 0.000109457 5.22431e-05 0.00011117 0.000230861 6.71008e-05 -7.31412e-05 0.000538679 5.7652e-08 -0.000249365 1.53624e-06 3.79672e-06 0.000207846
internal_weight=135514 122337 4073 3787 3278 1578 1034 807 544 118264 692 117572 116084 1185
internal_count=135514 122337 4073 3787 3278 1578 1034 807 544 118264 692 117572 116084 1185
is_linear=0
shrinkage=0.04


Tree=206
num_leaves=15
num_cat=0
split_feature=6 17 10 26 5 0 18 8 16 27 14 17 0 15
split_gain=0.0114377 0.0195754 0.0428482 0.0362807 0.0217633 0.0223388 0.0263674 0.0236143 0.0235626 0.0241013 0.0385232 0.0224697 0.0200703 0.0197778
threshold=0.99506497765885604 -0.046288810670375817 -0.085227977484464632 0.14758813381195071 0.99724201318458428 0.16947568357767093 0.072134945541620268 0.25245989859104162 0.14472446590662005 0.11711042001843454 0.18250726908445361 0.0045696024317294368 0.050382755603909035 0.14901538938283923
decision_type=2 2 10 2 2 2 2 10 10 2 10 2 2 10
left_child=-1 2 -2 12 -3 8 7 -7 13 10 -10 -11 -4 -6
right_child=1 4 3 -5 5 6 -8 -9 9 11 -12 -13 -14 -15
leaf_value=-5.3572627016620465e-06 -0.00021120011430117596 4.3423535065001381e-05 0.00066389772061244774 -0.00019036051630675317 4.0467785100955829e-05 -3.2124541747354562e-07 -0.00049755703651719046 -0.0002779072841810219 -6.8237527174530677e-05 0.0002193518179604873 -0.0006430008673157159 -0.00024666022908386879 0.00026003153617137111 -0.00014381755041533573
leaf_weight=101150 392 18284 261 229 9346 1621 272 698 461 392 310 279 815 1030
leaf_count=101150 392 18284 261 229 9346 1621 272 698 461 392 310 279 815 1030
internal_value=1.41818e-06 2.13444e-05 0.000153603 0.000263571 1.44568e-05 -2.23022e-05 -0.000128549 -8.42905e-05 1.03614e-06 -0.000150182 -0.00030199 2.5194e-05 0.000360613 2.21138e-05
internal_weight=135540 34390 1697 1305 32693 14409 2591 2319 11818 1442 771 671 1076 10376
internal_count=135540 34390 1697 1305 32693 14409 2591 2319 11818 1442 771 671 1076 10376
is_linear=0
shrinkage=0.04


Tree=207
num_leaves=15
num_cat=0
split_feature=15 29 29 13 28 11 11 19 23 15 14 24 11 29
split_gain=0.0112954 0.0267842 0.0313892 0.0260824 0.0215873 0.0158907 0.0259379 0.012209 0.034455 0.0373704 0.0326773 0.029562 0.0282119 0.0260916
threshold=-0.41815017163753504 0.011860271450132133 0.016794615425169471 2.005492210388184 0.034523651003837592 1.5793218016624453 0.78308740258216869 0.92275443673133861 0.89999946951866161 0.2325817868113518 0.11092390120029451 0.0051552653312683114 2.1308504343032841 0.0091195404529571551
decision_type=8 2 2 8 2 10 8 2 2 10 8 2 8 2
left_child=1 -1 3 -3 -2 6 -4 8 11 12 -11 13 -10 -6
right_child=4 2 5 -5 7 -7 -8 -9 9 10 -12 -13 -14 -15
leaf_value=-0.00043777107315609597 0.00035122711774876535 -5.5107534523301881e-05 -0.00039276348564419811 0.0005522157851478185 9.1532505545864235e-05 -0.00041316511382923923 0.00016255768978670757 -2.0696586080562718e-06 1.4617550040126904e-06 -2.8909247630508618e-05 0.00063756207386626211 8.7046646067694155e-05 -0.00029725777664186555 0.0006360462273350563
leaf_weight=308 276 228 210 218 230 278 355 128584 1741 235 230 1261 708 366
leaf_count=308 276 228 210 218 230 278 355 128584 1741 235 230 1261 708 366
internal_value=-2.6493e-07 -0.000105847 -2.51507e-05 0.000244577 1.00078e-06 -0.000168454 -4.54796e-05 2.62787e-07 6.30613e-05 -2.2783e-05 0.000304019 0.000197467 -8.5327e-05 0.000428425
internal_weight=135228 1597 1289 446 133631 843 565 133355 4771 2914 465 1857 2449 596
internal_count=135228 1597 1289 446 133631 843 565 133355 4771 2914 465 1857 2449 596
is_linear=0
shrinkage=0.04


Tree=208
num_leaves=15
num_cat=0
split_feature=29 29 26 17 9 5 29 27 18 25 26 25 26 25
split_gain=0.0119374 0.0398507 0.118862 0.027805 0.0328633 0.0254321 0.0252954 0.0413469 0.0238615 0.02368 0.0229488 0.0330594 0.0409613 0.0375932
threshold=0.017121853306889537 0.016386529430747036 -0.15613037347793576 -0.024254085496067997 0.76712888479232799 0.98145155615097324 0.019993146881461147 -0.14554748684167859 0.072134945541620268 -0.17631152272224423 0.12055855989456178 -0.084524154663085924 0.054795026779174812 -0.045977950096130364
decision_type=2 2 2 2 10 2 2 2 2 2 2 2 2 2
left_child=1 9 -3 4 6 -6 7 -2 -7 -1 11 -4 13 -13
right_child=3 2 10 -5 5 8 -8 -9 -10 -11 -12 12 -14 -15
leaf_value=0.00042806226962463007 -0.00067526506829717963 0.00090622296065965809 -0.00016634423583442891 -3.0929680416981968e-06 -7.0756185498071722e-05 -0.0001922969575415508 0.00010394330500959689 -7.5643320625544324e-05 -0.00074282804096491176 -1.1740302716074117e-06 -9.0550190789298712e-05 0.00029702786795562811 0.00066722868361690556 -5.5778934645292015e-05
leaf_weight=201 211 286 491 9913 326 217 910 1254 311 117921 1059 1026 255 907
leaf_count=201 211 286 491 9913 326 217 910 1254 311 117921 1059 1026 255 907
internal_value=-1.03984e-07 3.79396e-06 0.000127501 -3.63204e-05 -0.000138166 -0.000350226 -6.13378e-05 -0.000164008 -0.000520495 -4.25541e-07 6.67894e-05 0.000129038 0.000195552 0.000131767
internal_weight=135288 122146 4024 13142 3229 854 2375 1465 528 118122 3738 2679 2188 1933
internal_count=135288 122146 4024 13142 3229 854 2375 1465 528 118122 3738 2679 2188 1933
is_linear=0
shrinkage=0.04


Tree=209
num_leaves=15
num_cat=0
split_feature=26 29 7 4 27 27 13 6 12 26 26 8 26 27
split_gain=0.0120049 0.0309342 0.0476258 0.0429189 0.0335264 0.0326452 0.0321504 0.0411333 0.0333293 0.0252178 0.0423761 0.054759 0.0281553 0.0231562
threshold=-0.1952797472476959 0.0142220132984221 -0.045577455312013619 0.92656362767778055 -0.22344592213630673 -0.18797349184751508 1.8336765170097353 0.98118164592474055 0.05566851049661637 -0.16157069802284238 -0.15111929178237912 -0.093002989888191209 -0.16660475730895993 -0.13742255419492719
decision_type=2 2 2 2 2 2 8 2 10 2 2 10 2 2
left_child=1 3 6 -1 -4 -5 8 -8 -3 12 11 -11 13 -2
right_child=9 2 4 5 -6 -7 7 -9 -10 10 -12 -13 -14 -15
leaf_value=-6.9186404276927999e-05 0.00012253030706929919 -4.2488087534106202e-05 -0.0001429675396578106 -0.00023713148950950288 0.00027775985989201716 -0.00089777728865950981 -0.00040322423484850657 0.00027859429216608029 -0.0006486686361401793 -0.00080216794383049684 1.2722333757065247e-06 -0.00010469539520256387 0.00037173639219783043 -0.00019101215691829811
leaf_weight=1227 1780 261 410 300 1129 200 216 389 324 221 127071 897 563 473
leaf_count=1227 1780 261 410 300 1129 200 216 389 324 221 127071 897 563 473
internal_value=-4.83627e-07 -6.50121e-05 1.8869e-05 -0.000197233 0.000165575 -0.000507662 -0.000170762 3.38584e-05 -0.000380871 1.71364e-06 -8.89705e-07 -0.000245526 0.000120014 5.64273e-05
internal_weight=135461 4456 2729 1727 1539 500 1190 605 585 131005 128189 1118 2816 2253
internal_count=135461 4456 2729 1727 1539 500 1190 605 585 131005 128189 1118 2816 2253
is_linear=0
shrinkage=0.04


Tree=210
num_leaves=15
num_cat=0
split_feature=0 25 0 24 26 29 25 29 25 15 8 14 17 16
split_gain=0.0128079 0.033318 0.0373071 0.0353235 0.0295976 0.0327789 0.0264109 0.0713694 0.0546937 0.0305132 0.0227456 0.0220748 0.0220515 0.0190507
threshold=0.16461645372407382 -0.13041472434997556 0.17033641513593609 -0.044623374938964837 0.1799050569534302 0.0086173391900956648 -0.070666670799255357 0.017121853306889537 -0.055137783288955682 -0.0098566273227334005 0.12377804890275003 0.10219429805874826 -0.0069372078869491807 -0.1379037722945213
decision_type=2 2 2 2 2 2 2 2 2 10 10 10 2 10
left_child=-1 -2 3 10 6 -6 7 11 9 -8 -3 -4 -9 -5
right_child=1 2 4 13 5 -7 8 12 -10 -11 -12 -13 -14 -15
leaf_value=2.8865863706453933e-06 -0.00045622378116441436 -0.00018790353965061736 0.00024282329986083574 -0.00013386361113346712 0.00057646899492248881 -2.8791205234014412e-06 -0.00076914859633029774 -0.00029079179356635156 5.0984709464964264e-06 -0.00011112168094698133 -0.00072127635597352873 0.00074564818196223891 0.00012187038531742755 -1.6962649172463294e-05
leaf_weight=112894 285 338 270 3743 311 309 224 378 9793 226 206 301 447 5513
leaf_count=112894 285 338 270 3743 311 309 224 378 9793 226 206 301 447 5513
internal_value=-2.59019e-06 -3.02563e-05 -2.46507e-05 -8.28109e-05 2.18581e-05 0.000290016 7.45513e-06 0.000170348 -1.48175e-05 -0.000443526 -0.000394609 0.000512057 -6.78167e-05 -6.42826e-05
internal_weight=135238 22344 22059 9800 12259 620 11639 1396 10243 450 544 571 825 9256
internal_count=135238 22344 22059 9800 12259 620 11639 1396 10243 450 544 571 825 9256
is_linear=0
shrinkage=0.04


Tree=211
num_leaves=15
num_cat=0
split_feature=11 3 24 25 25 29 29 7 29 8 16 11 25 24
split_gain=0.0115412 0.0139186 0.0111948 0.0252112 0.0811853 0.0294044 0.0608595 0.0752161 0.0308965 0.0241321 0.0301907 0.0259913 0.0229604 0.0251504
threshold=7.05501413345337 0.87183454860698772 0.0060170888900756845 0.15654963254928592 0.14848619699478152 0.0073940660804510125 0.0067710177972912797 0.042635995894670493 0.012213602662086489 0.50116366147995006 0.40566360950469976 0.99144461750984203 0.15654963254928592 -0.018128901720046994
decision_type=10 2 2 2 2 2 2 2 2 8 10 8 2 2
left_child=2 -2 12 4 9 6 -5 -8 -7 10 -4 -11 13 -1
right_child=1 -3 3 5 -6 8 7 -9 -10 11 -12 -13 -14 -15
leaf_value=-1.4084908000940696e-05 0.0003649818385870775 -5.2007357060622868e-05 -6.9019164701605794e-06 -0.00020471043409149949 -0.00057314362137572011 -0.00023321836541480986 0.00011291478547673874 0.00097950000471125061 0.00011923601349237022 0.00021118038235654722 -0.00049076782245355429 -0.00018570193976983482 -0.0002514205668558134 3.5837374955062505e-05
leaf_weight=29302 296 221 63009 276 412 560 360 286 1341 297 202 2132 523 35953
leaf_count=29302 296 221 63009 276 412 560 360 286 1341 297 202 2132 523 35953
internal_value=2.22541e-07 0.000187942 -5.0516e-07 -1.1776e-05 -1.67821e-05 0.00010518 0.000289886 0.00050115 1.50699e-05 -1.32466e-05 -8.48688e-06 -0.00013684 1.12963e-05 1.3421e-05
internal_weight=135170 517 134653 68875 66052 2823 922 646 1901 65640 63211 2429 65778 65255
internal_count=135170 517 134653 68875 66052 2823 922 646 1901 65640 63211 2429 65778 65255
is_linear=0
shrinkage=0.04


Tree=212
num_leaves=15
num_cat=0
split_feature=7 10 20 16 8 24 29 25 21 11 15 8 13 18
split_gain=0.0138339 0.0165796 0.0132986 0.0219225 0.0280773 0.0260889 0.0292961 0.0240502 0.0214537 0.0193621 0.0278187 0.0232654 0.0236715 0.0188319
threshold=0.32652848958969122 0.52720895409584057 0.44028235971927648 -0.23982191830873487 -0.22462338954210279 0.0070957541465759286 0.010054003912955524 -0.017665714025497433 0.30000000447034841 0.93229782581329357 -0.033846341073513024 0.084771942347288146 2.1782155036926274 0.006369946990162135
decision_type=2 10 2 10 8 2 2 2 2 10 10 10 8 2
left_child=2 -2 13 4 8 -6 -7 -8 -4 10 -9 12 -11 -1
right_child=1 -3 3 -5 5 6 7 9 -10 11 -12 -13 -14 -15
leaf_value=0.00018952277741229569 1.7241001823946596e-05 0.00047402350763419505 -0.00064938912535877707 -4.4439573784586915e-06 3.5878886238628719e-05 -1.0692371781576564e-05 -1.8815697471699745e-05 -0.00033522774418725962 -8.3031735176139162e-05 -0.00047414299937850133 0.00020830725585388563 -0.0005999272971213104 7.8849562335866122e-05 1.0565182506343276e-05
leaf_weight=951 310 211 228 66724 2923 2125 692 383 201 254 242 504 235 59417
leaf_count=951 310 211 228 66724 2923 2125 692 383 201 254 242 504 235 59417
internal_value=2.44899e-07 0.000204981 -5.53509e-07 -1.18585e-05 -7.53474e-05 -5.68647e-05 -0.000117961 -0.000216403 -0.000388047 -0.000300591 -0.000124788 -0.000410062 -0.000210282 1.33998e-05
internal_weight=135400 521 134879 74511 7787 7358 4435 2310 429 1618 625 993 489 60368
internal_count=135400 521 134879 74511 7787 7358 4435 2310 429 1618 625 993 489 60368
is_linear=0
shrinkage=0.04


Tree=213
num_leaves=15
num_cat=0
split_feature=8 7 13 8 8 12 21 24 25 27 2 3 27 8
split_gain=0.0122176 0.0237148 0.0112864 0.025266 0.0179395 0.0375721 0.0308464 0.0312205 0.0244434 0.0346588 0.022409 0.0211418 0.0225069 0.0210519
threshold=1.1076012253761294 0.26385217905044561 27.414090156555179 0.64670532941818248 0.46196193993091589 0.049981668591499336 0.30000000447034841 0.004974842071533204 0.015738546848297123 0.098941769450902953 0.82543181994457304 0.98452875218019564 -0.066020566970109926 0.71009889245033275
decision_type=8 2 10 10 10 10 2 2 2 2 2 2 2 10
left_child=2 -2 4 -4 -1 -6 11 8 10 -10 -8 12 -7 -9
right_child=1 -3 3 -5 5 6 7 13 9 -11 -12 -13 -14 -15
leaf_value=1.8548319806417439e-07 0.00049375143214221346 -4.0479056007517414e-05 3.8986562418621829e-05 0.00046532736152527838 -0.00039080815885050548 0.00023148795642001738 0.00028931254081610117 -0.00014991716094922181 0.00078542662043823983 0.00011296187172921604 -0.00021823064022026128 -0.00052877087673377469 -0.00021448561456774423 0.00013581390164467514
leaf_weight=127847 228 308 1798 249 541 225 261 1338 216 280 287 247 854 591
leaf_count=127847 228 308 1798 249 541 225 261 1338 216 280 287 247 854 591
internal_value=-4.76396e-07 0.000189231 -1.23809e-06 9.18547e-05 -2.67766e-06 -7.82289e-05 -3.84846e-05 3.3114e-05 0.000208777 0.000410725 2.39309e-05 -0.000198536 -0.00012085 -6.22511e-05
internal_weight=135270 536 134734 2047 132687 4840 4299 2973 1044 496 548 1326 1079 1929
internal_count=135270 536 134734 2047 132687 4840 4299 2973 1044 496 548 1326 1079 1929
is_linear=0
shrinkage=0.04


Tree=214
num_leaves=15
num_cat=0
split_feature=24 27 28 27 27 24 24 28 27 0 27 0 24 24
split_gain=0.0137058 0.0300929 0.0487944 0.0337405 0.0322826 0.100389 0.0460389 0.024555 0.0422729 0.0282999 0.0282705 0.0466003 0.048676 0.0433953
threshold=0.0060170888900756845 -0.18797349184751508 0.1515188664197922 -0.15588997304439542 -0.21585970371961591 0.03792917728424073 0.025123357772827152 0.62246495485305797 0.10824359953403474 0.13684246671688471 0.12882913649082187 0.17033641513593609 0.015058517456054689 0.0093729496002197283
decision_type=2 2 2 2 2 2 2 2 2 2 2 2 2 2
left_child=-1 4 -3 -4 -2 6 -6 8 -5 -10 13 -12 -13 -9
right_child=1 2 3 7 5 -7 -8 10 9 -11 11 12 -14 -15
leaf_value=1.4428403654010958e-05 -0.00012613928487124066 0.00046009783241124542 -0.00028816704299556098 -7.8592680048936924e-06 0.00029960424190120683 0.00099575801091862713 -0.00029148261129963572 -0.00026247778504979134 -3.7068597648174769e-05 -0.00017929742862626504 1.9211082429647651e-05 0.00079821582182067576 0.00014987396548610938 -1.737657543591457e-05
leaf_weight=66037 444 339 724 17210 556 238 333 1253 4105 4926 23542 225 972 14235
leaf_count=66037 444 339 724 17210 556 238 333 1253 4105 4926 23542 225 972 14235
internal_value=1.39811e-06 -1.10544e-05 -1.50857e-05 -1.75171e-05 0.000161732 0.0002752 7.78041e-05 -1.45476e-05 -4.46455e-05 -0.000114704 5.08899e-06 3.1619e-05 0.000274556 -3.72839e-05
internal_weight=135139 69102 67531 67192 1571 1127 889 66468 26241 9031 40227 24739 1197 15488
internal_count=135139 69102 67531 67192 1571 1127 889 66468 26241 9031 40227 24739 1197 15488
is_linear=0
shrinkage=0.04


Tree=215
num_leaves=15
num_cat=0
split_feature=18 13 11 18 12 11 19 18 10 12 16 14 19 14
split_gain=0.0119823 0.0223632 0.0311271 0.0284447 0.0269433 0.017702 0.0328663 0.0250146 0.0223996 0.021094 0.0201956 0.0223825 0.0200083 0.0247845
threshold=0.053999749943614013 14.423539161682131 5.5086288452148446 0.1257346719503403 0.19802834838628772 1.3710682988166811 0.96787241101264965 1.0000000180025095e-35 0.44870102405548101 0.049999980255961425 0.36972282826900488 -0.27564936876296992 0.96161806583404552 0.16569054871797564
decision_type=2 10 10 2 10 10 2 2 8 8 10 10 2 10
left_child=5 2 -2 4 -3 8 12 -8 10 -10 11 -1 13 -7
right_child=1 3 -4 -5 -6 6 7 -9 9 -11 -12 -13 -14 -15
leaf_value=0.0003854453251364508 1.4152529226509576e-05 9.1063724289429708e-07 -0.00043103302621516501 0.00051306062685127583 0.00031181181552162115 3.6637151705905455e-05 0.00023743021651864097 -2.177369002363348e-05 1.0217132319436892e-05 0.00042664606717312203 -0.00034939604290187934 2.3662878700090289e-06 -0.0003045669592873326 -0.00019116810917056961
leaf_weight=240 37263 1623 248 277 610 1370 604 27320 390 384 255 62003 898 1719
leaf_count=240 37263 1623 248 277 610 1370 604 27320 390 384 255 62003 898 1719
internal_value=5.32828e-07 1.88956e-05 1.11522e-05 0.000134366 8.6348e-05 -7.18863e-06 -3.14761e-05 -1.61256e-05 5.0622e-06 0.00021823 2.405e-06 3.87423e-06 -0.000138833 -9.02384e-05
internal_weight=135204 40021 37511 2510 2233 95183 31911 27924 63272 774 62498 62243 3987 3089
internal_count=135204 40021 37511 2510 2233 95183 31911 27924 63272 774 62498 62243 3987 3089
is_linear=0
shrinkage=0.04


Tree=216
num_leaves=15
num_cat=0
split_feature=27 25 10 26 26 25 26 27 27 0 25 25 24 25
split_gain=0.0134422 0.0352123 0.047964 0.0375036 0.0460914 0.0436163 0.0528152 0.0686973 0.0523637 0.0415389 0.0403617 0.0377048 0.0456367 0.0338648
threshold=-0.010801102500408886 0.081167042255401625 0.56871187686920177 -0.085851043462753282 -0.022724539041519162 0.043755114078521735 -0.060143947601318352 -0.021668840199708935 -0.042203089222311967 0.15054318797451277 -0.03792071342468261 -0.070666670799255357 -0.015065342187881468 -0.12661129236221311
decision_type=2 2 10 2 2 2 2 2 2 2 2 2 2 2
left_child=1 2 3 9 5 6 8 -8 -5 -1 -10 -6 -13 -2
right_child=13 -3 -4 4 11 -7 7 -9 10 -11 -12 12 -14 -15
leaf_value=5.0824411058677558e-06 -0.00040479872239824468 -0.00011548169432894422 0.00056410067149460644 0.00016017797431246635 -0.00024288811519112684 -9.5854728113399171e-05 0.00021398560055949889 0.00073036165429040203 -0.00044310028962785976 -0.00022311724925900403 5.2954045920501276e-05 0.00024136560046563634 -2.6469808336540631e-05 -7.7932486418484059e-06
leaf_weight=17942 340 2876 262 3139 914 1129 2629 486 462 1369 597 1300 4623 97093
leaf_count=17942 340 2876 262 3139 914 1129 2629 486 462 1369 597 1300 4623 97093
internal_value=-1.34974e-06 1.89205e-05 3.00263e-05 2.59001e-05 7.27141e-05 0.000135207 0.00017092 0.000295592 7.81704e-05 -1.11487e-05 -0.00016452 -4.49201e-06 3.24696e-05 -9.19933e-06
internal_weight=135161 37728 34852 34590 15279 8442 7313 3115 4198 19311 1059 6837 5923 97433
internal_count=135161 37728 34852 34590 15279 8442 7313 3115 4198 19311 1059 6837 5923 97433
is_linear=0
shrinkage=0.04


Tree=217
num_leaves=15
num_cat=0
split_feature=0 28 26 26 25 29 29 6 18 17 5 26 3 26
split_gain=0.0140046 0.0497414 0.0402973 0.0366985 0.0302982 0.0273686 0.0408468 0.0504906 0.0326624 0.0251354 0.0224942 0.0200245 0.0226763 0.0198916
threshold=0.046440570440643224 0.40311658382415777 0.049879014492034919 -0.16660475730895993 -0.10699832439422606 0.011914873961359264 0.028186978772282604 0.9604386354386355 0.074283711612224593 0.035964906215667732 0.64063937993409037 -0.055895775556564324 0.077087966479142706 -0.041133880615234368
decision_type=2 2 2 2 2 2 2 2 2 2 2 2 2 2
left_child=1 2 4 -3 5 10 7 -7 -8 11 -1 12 -6 -13
right_child=-2 3 -4 -5 9 6 8 -9 -10 -11 -12 13 -14 -15
leaf_value=-0.00044967648259619324 4.7939490553526856e-06 -0.00050018888931302788 -0.00047059316194016424 -7.0578264824400284e-05 0.00043895123847861493 2.7019670987404727e-05 9.9142546255765401e-05 0.000727571409990441 -0.00058606295599375013 0.00038661436394554999 -1.1760600297816043e-05 0.00046083228381299822 8.5064665430866439e-06 0.00012416586095544821
leaf_weight=431 114766 322 231 11990 202 715 201 209 241 466 330 357 3630 1282
leaf_count=431 114766 322 231 11990 202 715 201 209 241 466 330 357 3630 1282
internal_value=-6.58099e-07 -3.10158e-05 4.46807e-05 -8.20125e-05 5.97236e-05 -6.96963e-05 3.74955e-05 0.000188541 -0.000276841 0.000106109 -0.000261095 8.18858e-05 3.17394e-05 0.000198676
internal_weight=135373 20607 8295 12312 8064 2127 1366 924 442 5937 761 5471 3832 1639
internal_count=135373 20607 8295 12312 8064 2127 1366 924 442 5937 761 5471 3832 1639
is_linear=0
shrinkage=0.04


Tree=218
num_leaves=15
num_cat=0
split_feature=24 27 27 18 26 27 29 28 24 27 28 29 8 18
split_gain=0.011253 0.034871 0.0360231 0.0410922 0.0359152 0.0590785 0.19439 0.0467552 0.0422312 0.0479989 0.0895047 0.0472034 0.0740831 0.0483254
threshold=-0.047728687524795525 0.15756081044673922 0.09386733174324037 0.093186322599649443 -0.038823246955871575 0.014064977411180736 0.017241463996469978 0.2675644457340241 -0.060695081949234002 -0.075220238417386995 0.17732824385166171 0.015099263750016691 -0.49906679987907404 0.055679269134998328
decision_type=2 2 2 2 2 2 2 2 2 2 2 2 10 2
left_child=1 2 4 -4 7 -6 -7 8 9 10 11 -1 -13 -14
right_child=-2 -3 3 -5 5 6 -8 -9 -10 -11 -12 12 13 -15
leaf_value=-0.00019314097936080793 3.4088298127101584e-06 -0.00029668175111514792 6.0715691934689806e-05 0.00072141583862786322 -0.00058007315171084925 -0.00029478775060213039 0.00088221348498323691 0.00044949634316018041 -0.00017673105298657968 -0.00021444407541621903 0.00077253687560777042 -0.0004231066629680364 -0.00014172785128641971 0.00056606738539445318
leaf_weight=723 126927 789 543 204 472 1145 274 354 1778 697 325 219 201 636
leaf_count=723 126927 789 543 204 472 1145 274 354 1778 697 325 219 201 636
internal_value=4.4744e-07 -4.44895e-05 -1.80292e-05 0.000244745 -4.69523e-05 -0.000194917 -6.52165e-05 9.90804e-06 -2.45295e-05 7.22267e-05 0.000167476 5.50845e-05 0.000225144 0.000396263
internal_weight=135287 8360 7571 747 6824 1891 1419 4933 4579 2801 2104 1779 1056 837
internal_count=135287 8360 7571 747 6824 1891 1419 4933 4579 2801 2104 1779 1056 837
is_linear=0
shrinkage=0.04


Tree=219
num_leaves=15
num_cat=0
split_feature=15 29 28 3 11 11 12 0 26 24 4 19 16 10
split_gain=0.0130054 0.0266666 0.0577096 0.0168769 0.0243838 0.0392454 0.0153885 0.0116848 0.0205972 0.0188888 0.0169096 0.0181992 0.0208344 0.0142545
threshold=-0.38565069437026972 0.011860271450132133 0.29581750929355627 0.99031981829701754 1.2510185837745669 1.7404361367225649 0.049660377204418189 0.17661302604766169 -0.11020383238792418 -0.031754255294799798 0.99843198528733834 0.96920809149742138 -0.19909946620464322 -0.10281870514154433
decision_type=8 2 2 2 8 10 10 2 2 2 2 2 10 10
left_child=1 2 -1 4 6 -6 -3 13 -9 -10 11 -11 -13 -2
right_child=7 3 -4 -5 5 -7 -8 8 9 10 -12 12 -14 -15
leaf_value=-0.00080965257672465101 5.2903603037874131e-05 0.00016605070431872714 9.3868421374991408e-05 -0.00020077203495258455 0.00062314557741277869 -5.7301208763367656e-05 -0.00026265908591207985 -0.00029074837818690059 0.00036683371777282864 0.00041260009211564671 -0.00021738217425393882 0.00029626774782438701 -1.3471841770270745e-05 -4.3215120421180191e-06
leaf_weight=228 7378 201 218 576 247 292 381 220 382 264 292 452 1448 122904
leaf_count=228 7378 201 218 576 247 292 381 220 382 264 292 452 1448 122904
internal_value=-8.3626e-07 -9.8478e-05 -0.000371877 -2.57428e-05 6.46841e-05 0.000257379 -0.000114446 7.36642e-07 7.79605e-05 0.000107004 6.59271e-05 0.000104569 6.07978e-05 -1.07889e-06
internal_weight=135483 2143 446 1697 1121 539 582 133340 3058 2838 2456 2164 1900 130282
internal_count=135483 2143 446 1697 1121 539 582 133340 3058 2838 2456 2164 1900 130282
is_linear=0
shrinkage=0.04


Tree=220
num_leaves=15
num_cat=0
split_feature=17 26 28 0 28 24 29 29 26 5 24 26 27 26
split_gain=0.0129506 0.0324489 0.0148909 0.0311175 0.0204663 0.0412463 0.0148853 0.0137775 0.0270588 0.0154903 0.0242634 0.0146227 0.0394001 0.0273198
threshold=-0.095277357846498476 -0.018172055482864376 0.034523651003837592 0.045349395143023115 0.065695356577634825 -0.060695081949234002 0.037610260769724853 0.02316367439925671 0.034915924072265632 0.98582746908629348 0.029274523258209232 -0.28179165720939631 -0.20399794727563855 -0.23805382847785947
decision_type=2 2 2 2 2 2 2 2 2 2 2 2 2 2
left_child=1 -1 3 -2 5 -4 7 11 9 -9 -11 12 -6 -13
right_child=2 -3 4 -5 6 -7 -8 8 -10 10 -12 13 -14 -15
leaf_value=-0.00046838608924574084 -0.0001321572762840856 0.00016699843358998476 0.00011508317372754096 0.00050082482340809049 -1.2553982461753732e-05 -0.00061554222645987555 0.00031033859152346851 -6.2650461945388413e-05 0.00017608779490647442 -0.00059875505604625994 -0.00011391035072249914 -0.00031387569619013947 0.00060208286745667776 2.9237478305509218e-06
leaf_weight=296 221 221 241 274 547 246 245 714 408 295 374 432 235 130365
leaf_count=296 221 221 241 274 547 246 245 714 408 295 374 432 235 130365
internal_value=1.0692e-06 -0.000197783 1.84033e-06 0.000219725 1.02791e-06 -0.000256485 1.97605e-06 1.39798e-06 -0.000108641 -0.000192971 -0.000330562 2.89986e-06 0.000174803 1.86546e-06
internal_weight=135114 517 134597 495 134102 487 133615 133370 1791 1383 669 131579 782 130797
internal_count=135114 517 134597 495 134102 487 133615 133370 1791 1383 669 131579 782 130797
is_linear=0
shrinkage=0.04


Tree=221
num_leaves=15
num_cat=0
split_feature=15 4 25 1 11 11 11 28 3 7 25 27 5 24
split_gain=0.0119938 0.0384492 0.0262605 0.0127133 0.0236214 0.022108 0.0140306 0.0116438 0.0117972 0.0277264 0.033152 0.0285863 0.0349713 0.0264971
threshold=-0.38565069437026972 0.42890736610025276 -0.08237633109092711 0.98729337348605406 1.2510185837745669 1.6604416370391848 1.1264533400535586 0.034523651003837592 0.28855735185786596 0.26385217905044561 0.016363739967346195 -0.042203089222311967 0.27223139940642505 0.003508388996124268
decision_type=8 2 2 2 8 10 8 2 2 2 2 2 2 2
left_child=1 2 -1 4 -3 -6 -5 -2 9 10 -9 -12 -13 -14
right_child=7 3 -4 6 5 -7 -8 8 -10 -11 11 12 13 -15
leaf_value=-0.00074705591449283361 0.00028344779072643218 -0.0001070356357688753 -0.00011101927958890066 6.9905625432804832e-05 0.00053780871990364882 2.5601575360543078e-05 -0.00032381518582995486 0.0001403906999957473 -3.6077615183912775e-06 0.00051031872688051124 -0.00028984427192000917 -0.00021950613073530557 -0.00012377200224000264 0.00039712800599690936
leaf_weight=211 225 602 204 243 240 301 348 2345 128907 206 685 499 235 450
leaf_count=211 225 602 204 243 240 301 348 2345 128907 206 685 499 235 450
internal_value=-2.42319e-06 -9.60588e-05 -0.000439445 -1.28485e-05 6.50057e-05 0.000255673 -0.000162702 -9.12951e-07 -1.40344e-06 6.28158e-05 4.03609e-05 -8.51845e-05 3.39419e-05 0.000218823
internal_weight=135701 2149 415 1734 1143 541 591 133552 133327 4420 4214 1869 1184 685
internal_count=135701 2149 415 1734 1143 541 591 133552 133327 4420 4214 1869 1184 685
is_linear=0
shrinkage=0.04


Tree=222
num_leaves=15
num_cat=0
split_feature=17 26 27 27 24 28 28 25 27 26 0 24 24 25
split_gain=0.0129612 0.026552 0.0126256 0.0165802 0.0142436 0.0120383 0.0409259 0.0410678 0.0378129 0.055688 0.0321103 0.0318277 0.0663474 0.0544631
threshold=-0.095277357846498476 -0.018172055482864376 0.51645228266716015 0.47833831608295446 0.018859088420867923 0.19857834279537204 0.18581394851207736 -0.074920773506164537 0.0059658209793269643 -0.077981770038604722 0.14829137376454757 -0.03004515171051025 -0.037829369306564324 -0.13669258356094358
decision_type=2 2 2 2 2 2 2 2 2 2 2 2 2 2
left_child=1 -1 3 5 -5 6 7 11 9 -8 -9 12 -2 -14
right_child=2 -3 -4 4 -6 -7 8 10 -10 -11 -12 -13 13 -15
leaf_value=-0.00043271141009260393 -1.5225516743627716e-05 0.00014831828853627011 0.00022596829383687158 -1.1735397841883983e-05 -0.00045246346322254562 -1.8313344705448307e-06 0.00015324654431134817 0.00023781882706057543 -0.00015774600379703756 0.00083451281374102826 -0.000238263188865788 -0.00011072813637656808 0.00085658342269492058 0.00015143063868420712
leaf_weight=306 4890 208 396 231 234 121261 526 1807 246 300 255 3646 252 560
leaf_count=306 4890 208 396 231 234 121261 526 1807 246 300 255 3646 252 560
internal_value=1.08666e-06 -0.000198423 1.85585e-06 1.18618e-06 -0.000235975 2.01954e-06 3.94161e-05 1.71601e-05 0.000275122 0.000404212 0.00017851 -1.85071e-05 4.05066e-05 0.000374174
internal_weight=135118 514 134604 134208 465 133743 12482 11410 1072 826 2062 9348 5702 812
internal_count=135118 514 134604 134208 465 133743 12482 11410 1072 826 2062 9348 5702 812
is_linear=0
shrinkage=0.04


Tree=223
num_leaves=15
num_cat=0
split_feature=18 21 0 6 28 24 18 19 5 0 14 19 24 16
split_gain=0.0105063 0.0212066 0.0249857 0.0450681 0.03409 0.0293275 0.0474704 0.0392039 0.0294024 0.0275223 0.0209972 0.0245371 0.0312625 0.0236111
threshold=0.053999749943614013 0.30000000447034841 0.050472641487470445 0.98671994701225751 0.63418316841125499 -0.091292798519134508 0.11511824280023576 0.99580243229866039 0.98305658904046689 0.048578235333812857 0.074650011956691756 1.0554230809211733 -0.063187152147293077 0.21567466109991076
decision_type=2 2 2 2 2 2 2 2 2 2 8 2 2 10
left_child=-1 2 3 9 5 -5 7 -7 -9 -2 -4 12 -12 -14
right_child=1 -3 10 4 -6 6 -8 8 -10 -11 11 -13 13 -15
leaf_value=-6.3661464151700574e-06 -6.3567371357602237e-07 5.0290592946010449e-05 -9.9961501199027892e-05 -0.00011893771494352911 -7.340068254604141e-05 -0.0001482013544383163 0.00077385411582481137 8.1870058894383948e-06 0.00042680389990111138 -0.00037338901725269944 0.00038542755101895278 -0.00016044356967734257 2.4587879114963386e-05 -0.00032869294868080368
leaf_weight=95296 4490 17986 5609 308 707 365 284 365 1012 336 366 1302 6701 312
leaf_count=95296 4490 17986 5609 308 707 365 284 365 1012 336 366 1302 6701 312
internal_value=8.646e-07 1.80284e-05 -8.16592e-06 4.90633e-05 0.000169537 0.000243126 0.000298325 0.000218806 0.000316273 -2.69474e-05 -3.96782e-05 -6.92548e-07 2.75845e-05 8.64786e-06
internal_weight=135439 40143 22157 7867 3041 2334 2026 1742 1377 4826 14290 8681 7379 7013
internal_count=135439 40143 22157 7867 3041 2334 2026 1742 1377 4826 14290 8681 7379 7013
is_linear=0
shrinkage=0.04


Tree=224
num_leaves=15
num_cat=0
split_feature=1 0 12 0 27 29 28 28 28 17 9 4 7 28
split_gain=0.0119979 0.0226007 0.0266343 0.0240159 0.0189751 0.0242298 0.0389814 0.0382765 0.0355856 0.0190589 0.0171356 0.0170423 0.016937 0.0165194
threshold=0.98649218839092268 0.045713338785786865 0.089593578130006804 0.16975511348894465 0.13666494190692904 0.013217931147664787 0.48691408336162573 0.44779232144355779 0.49042631685733801 -0.010262622032314537 0.50568890571594249 0.99484683610784919 -0.044544471427798264 0.69337972998619091
decision_type=2 2 10 2 2 2 2 2 2 2 10 2 2 2
left_child=-1 2 -2 4 -3 7 -7 -6 -9 11 13 -10 -11 -5
right_child=1 3 -4 10 5 6 -8 8 9 12 -12 -13 -14 -15
leaf_value=5.347248433347818e-06 -7.8123823838805874e-05 -4.4221488141383979e-05 -0.00062687969173308043 -0.00017332467923290623 0.0005163473176865161 -0.00045671916835083074 -1.9247211015979894e-05 -0.00041251299893415292 4.2027251289242991e-05 0.00025853979580564373 -0.00033704415740555945 0.00022011593803298118 -6.0135112593098933e-06 0.00019541090768895937
leaf_weight=107400 435 12664 206 643 270 384 2012 268 1817 408 605 1632 6194 273
leaf_count=107400 435 12664 206 643 270 384 2012 268 1817 408 605 1632 6194 273
internal_value=-7.16315e-07 -2.41292e-05 -0.000257966 -1.85661e-05 -9.39212e-06 2.45802e-05 -9.01647e-05 5.05741e-05 3.81428e-05 5.03583e-05 -0.000172731 0.000126492 1.0519e-05 -6.29643e-05
internal_weight=135211 27811 641 27170 25649 12985 2396 10589 10319 10051 1521 3449 6602 916
internal_count=135211 27811 641 27170 25649 12985 2396 10589 10319 10051 1521 3449 6602 916
is_linear=0
shrinkage=0.04


Tree=225
num_leaves=15
num_cat=0
split_feature=12 15 0 23 9 26 16 10 27 24 16 18 28 7
split_gain=0.0121538 0.0376428 0.0274365 0.0235006 0.0213119 0.0333252 0.0189156 0.0292914 0.0367804 0.0217851 0.0214687 0.015543 0.018672 0.0132856
threshold=0.19980970770120624 -0.11693843454122542 0.17421040735386975 -0.2208607345819473 1.1619554758071902 -0.28179165720939631 0.064071364700794234 0.32344648241996771 0.0039412514306604871 0.0055812001228332528 -0.019829543307423588 0.086528804153203978 0.61945408582687389 -0.062387615442275994
decision_type=10 10 2 2 10 2 8 10 2 2 10 2 2 2
left_child=4 3 6 -2 -1 -6 7 11 -9 -8 -10 12 13 -3
right_child=1 2 -4 -5 5 -7 9 8 10 -11 -12 -13 -14 -15
leaf_value=3.1353378592499468e-06 -0.0001320379778328869 0.00017989211275219207 -0.00047111472111968053 -0.00073100325413472046 -0.00015284660854376854 0.00046836214109115601 0.00044970170848873198 0.00020937385980898459 -0.00020371769150875956 -3.839380425811886e-05 -0.00067305032829892994 0.00032185148868494359 0.00018301716142457496 -0.00017692471017809175
leaf_weight=131033 220 207 202 200 214 375 293 232 455 286 238 283 574 790
leaf_count=131033 220 207 202 200 214 375 293 232 455 286 238 283 574 790
internal_value=2.13565e-06 -6.66861e-05 -2.41739e-05 -0.000422504 4.21914e-06 0.000243273 3.37226e-06 -4.00494e-05 -0.000223269 0.00021034 -0.000368569 5.17171e-05 2.1884e-06 -0.000102313
internal_weight=135602 3980 3560 420 131622 589 3358 2779 925 579 693 1854 1571 997
internal_count=135602 3980 3560 420 131622 589 3358 2779 925 579 693 1854 1571 997
is_linear=0
shrinkage=0.04


Tree=226
num_leaves=15
num_cat=0
split_feature=16 28 5 25 26 28 24 26 25 24 9 24 24 24
split_gain=0.0122462 0.0223057 0.0152235 0.0278928 0.0142555 0.0131938 0.0442216 0.0384236 0.0415995 0.0584202 0.0615403 0.0534097 0.10072 0.0346167
threshold=-0.3790877759456634 0.17732824385166171 0.98448794902576431 0.045720517635345466 -0.01169687509536743 0.19857834279537204 0.063513040542602553 -0.10347020626068114 -0.11200097203254698 -0.060695081949234002 0.55009248852729808 -0.070907771587371812 -0.02655619382858276 -0.024342209100723263
decision_type=8 2 2 2 2 2 2 2 2 2 10 2 2 2
left_child=1 -1 4 -4 -3 6 7 -2 11 10 -10 -9 -13 -11
right_child=5 2 3 -5 -6 -7 -8 8 9 13 -12 12 -14 -15
leaf_value=-0.0003125234135753448 -2.9584309355320535e-05 0.00019907943000685723 -0.00036179237866935395 0.00019569495132841806 -5.6025945687713285e-05 -4.0522986304214773e-06 0.00048141403713263361 -0.00044429039752417625 0.00010505971715305071 -8.1926528852212075e-07 0.00086799107494202907 0.00037668153316354122 -0.00049173540188914759 0.00031854154592355537
leaf_weight=549 7390 574 450 206 884 120190 347 409 309 1604 373 660 310 816
leaf_count=549 7390 574 450 206 884 120190 347 409 309 1604 373 660 310 816
internal_value=-1.73556e-06 -8.65824e-05 -2.73072e-05 -0.000186572 4.47436e-05 -2.59048e-08 3.95677e-05 2.64549e-05 0.000118804 0.000199966 0.000525603 -6.38292e-05 9.80478e-05 0.000107301
internal_weight=135071 2663 2114 656 1458 132408 12218 11871 4481 3102 682 1379 970 2420
internal_count=135071 2663 2114 656 1458 132408 12218 11871 4481 3102 682 1379 970 2420
is_linear=0
shrinkage=0.04


Tree=227
num_leaves=15
num_cat=0
split_feature=13 9 0 3 27 26 29 24 24 20 26 27 28 29
split_gain=0.0145452 0.0166281 0.0104068 0.0195894 0.0227154 0.0165994 0.0236335 0.0247086 0.0180811 0.0107596 0.0119684 0.0101847 0.0434458 0.0580711
threshold=64.320308685302749 0.6453726887702943 0.17661302604766169 0.99918066352492596 -0.049224968999624245 0.05278450250625611 0.018363822251558307 -0.015983700752258297 0.0051552653312683114 0.2082411125302315 0.11754095554351808 -0.010801102500408886 0.82412931323051464 0.015043534338474275
decision_type=10 10 2 2 2 2 2 2 2 2 2 2 2 2
left_child=2 -2 11 4 -4 6 7 -6 -9 -7 -11 12 -1 -14
right_child=1 -3 3 -5 5 9 -8 8 -10 10 -12 -13 13 -15
leaf_value=2.1318268037533312e-05 -3.2626253892667594e-05 0.00041577046146043219 -0.00020976854272624618 -0.00028703625184644545 0.00063113850418704796 -0.00020298256211449651 -0.00012289964975751281 -6.011679423459246e-05 0.00034140409581423481 -3.0742155631331908e-06 0.00029690253844089467 -9.8066189526981978e-06 -0.00075865051563930169 -3.2359368690825645e-05
leaf_weight=36199 245 281 330 221 291 240 233 276 501 660 309 95044 262 519
leaf_count=36199 245 281 330 221 291 240 233 276 501 660 309 95044 262 519
internal_value=-3.63753e-07 0.000208576 -1.18502e-06 7.1668e-05 0.000100037 0.000141104 0.000239988 0.000319361 0.000199306 3.41452e-05 9.36171e-05 -2.87678e-06 1.49328e-05 -0.000279282
internal_weight=135611 526 135085 3061 2840 2510 1301 1068 777 1209 969 132024 36980 781
internal_count=135611 526 135085 3061 2840 2510 1301 1068 777 1209 969 132024 36980 781
is_linear=0
shrinkage=0.04


Tree=228
num_leaves=15
num_cat=0
split_feature=19 18 0 27 16 16 21 10 25 28 28 16 0 13
split_gain=0.0130044 0.0294319 0.0253204 0.0338962 0.0274522 0.0265417 0.0228842 0.0253599 0.0225285 0.0266284 0.0354435 0.0256148 0.0260185 0.0232678
threshold=0.99911996722221386 0.006369946990162135 0.057928519412518947 0.35294979810714727 0.064071364700794234 0.16797446459531787 -0.3000000044703483 -0.1528804004192352 -0.10699832439422606 0.63225224614143383 0.63816526532173168 0.024047804065048698 0.13442371560573971 4.0925314426422128
decision_type=2 2 2 2 8 10 2 10 2 2 2 10 2 10
left_child=2 -2 -1 6 -5 -6 -4 -8 -9 11 -11 13 -13 -10
right_child=1 -3 3 4 5 -7 7 8 9 10 -12 12 -14 -15
leaf_value=-3.9597374602233788e-05 0.00022251001548440324 1.1895997714217755e-05 -6.4711721060798998e-05 -6.8035682497607849e-05 -0.00074177471683764637 -0.0001335746730725828 0.00041573722720905041 0.00030961163438749626 -1.1802796645290811e-05 0.00045219369874752906 5.4771175832591801e-05 0.00019549898763807108 8.3963969458451771e-06 -0.00014639355784640322
leaf_weight=27024 1074 65954 4672 1465 214 247 265 439 11842 364 13495 1710 3880 2482
leaf_count=27024 1074 65954 4672 1465 214 247 265 439 11842 364 13495 1710 3880 2482
internal_value=2.77995e-06 1.5287e-05 -9.53067e-06 1.02532e-05 -0.000153352 -0.000420836 1.83205e-05 2.958e-05 2.65286e-05 2.28037e-05 6.53686e-05 -6.82804e-06 6.57553e-05 -3.5167e-05
internal_weight=135127 67028 68099 41075 1926 461 39149 34477 34212 33773 13859 19914 5590 14324
internal_count=135127 67028 68099 41075 1926 461 39149 34477 34212 33773 13859 19914 5590 14324
is_linear=0
shrinkage=0.04


Tree=229
num_leaves=15
num_cat=0
split_feature=7 17 28 28 8 28 17 27 27 24 25 18 9 26
split_gain=0.0124413 0.0492675 0.0227103 0.0395623 0.0202118 0.0159954 0.0682201 0.0347173 0.0198429 0.0261725 0.0158005 0.0275385 0.016283 0.045538
threshold=-0.22258641570806501 -0.04894843511283397 0.034523651003837592 0.065695356577634825 -0.19619482010602948 0.10165932774543764 -0.053701048716902726 -0.12589230388402936 -0.21585970371961591 -0.051826059818267815 -0.14529123902320859 0.074283711612224593 1.1619554758071902 -0.15111929178237912
decision_type=2 2 2 2 10 2 2 2 2 2 2 2 8 2
left_child=1 -1 -2 4 -4 6 -5 8 -8 -10 11 -7 -12 -14
right_child=2 -3 3 5 -6 10 7 -9 9 -11 12 -13 13 -15
leaf_value=-0.0006184873638743132 0.00030667343943220952 0.00014960571027955612 -0.00065530916721197872 0.00079484173292340883 -0.00010765068890339333 3.7380734279347386e-05 -9.6178477616666607e-05 -0.0002901494912118292 5.4552405034155082e-05 0.00054250852538807054 -3.9047876643623241e-07 -0.00056079619335537968 0.00061623379357759133 -1.9830407864577929e-05
leaf_weight=235 383 298 211 207 220 280 359 397 406 307 130996 214 255 585
leaf_count=235 383 298 211 207 220 280 359 397 406 307 130996 214 255 585
internal_value=3.24049e-07 -0.000191648 1.09007e-06 2.08118e-07 -0.000380202 1.44576e-06 0.000124058 2.71605e-05 0.000145473 0.000266969 -1.11785e-07 -0.000224771 7.38524e-07 0.000175764
internal_weight=135353 533 134820 134437 431 134006 1676 1469 1072 713 132330 494 131836 840
internal_count=135353 533 134820 134437 431 134006 1676 1469 1072 713 132330 494 131836 840
is_linear=0
shrinkage=0.04


Tree=230
num_leaves=15
num_cat=0
split_feature=29 29 26 0 26 10 24 29 29 19 24 24 26 0
split_gain=0.0126749 0.0275861 0.0945764 0.0511299 0.0259361 0.0321726 0.028107 0.0256247 0.0250833 0.029816 0.0250497 0.0248244 0.0608881 0.0769265
threshold=0.017121853306889537 0.016386529430747036 -0.15613037347793576 0.050056288373438139 -0.21236950159072873 -0.39474277198314661 -0.04998731613159179 0.0142220132984221 0.017241463996469978 1.0221970677375796 0.071787118911743178 -0.03004515171051025 -0.031639277935028069 0.050208573490543897
decision_type=2 2 2 2 2 8 2 2 2 2 2 2 2 2
left_child=1 4 -3 -4 6 -6 -1 -8 9 -2 -7 12 -10 -14
right_child=8 2 3 -5 5 10 7 -9 11 -11 -12 -13 13 -15
leaf_value=-0.00050003930683729621 -4.6137966799417063e-05 0.00079698495782549864 -0.00032928340513221514 0.00010893422602749728 0.00047356468135515204 2.620185703635701e-06 -0.00021189507218827221 0.00017116339403388498 -5.7800604658056069e-05 -0.0006745178239628293 -0.00021647814240201898 -5.9296579521754433e-05 0.00081978769852636315 9.117031317999841e-05
leaf_weight=311 281 289 485 3261 226 115499 781 429 2084 208 836 9544 326 779
leaf_count=311 281 289 485 3261 226 115499 781 429 2084 208 836 9544 326 779
internal_value=-6.83923e-07 3.34456e-06 0.000106125 5.18343e-05 -1.71905e-07 1.97294e-06 -0.000164009 -7.5938e-05 -3.78778e-05 -0.000317546 1.03648e-06 -2.70169e-05 6.95309e-05 0.000308853
internal_weight=135339 122117 4035 3746 118082 116561 1521 1210 13222 489 116335 12733 3189 1105
internal_count=135339 122117 4035 3746 118082 116561 1521 1210 13222 489 116335 12733 3189 1105
is_linear=0
shrinkage=0.04


Tree=231
num_leaves=15
num_cat=0
split_feature=0 19 28 28 0 28 18 6 19 10 28 29 29 25
split_gain=0.0128357 0.0432602 0.0388825 0.0415738 0.0440149 0.042323 0.0378563 0.0528159 0.0451606 0.0344751 0.0238506 0.0546405 0.0564942 0.0354668
threshold=0.058466169770879949 1.058050334453583 0.57716813683509838 0.5726221799850465 0.050208573490543897 0.46121981739997869 0.04795110039412976 0.99902959705441985 1.0344759225845339 -0.48787334561347956 0.90425053238868724 0.013060689438134434 0.0068106174003332862 0.18673563003540042
decision_type=2 2 2 2 2 2 2 2 2 8 2 2 2 2
left_child=2 -2 3 4 6 -6 8 9 -1 -8 -4 12 -12 -14
right_child=1 -3 10 -5 5 -7 7 -9 -10 -11 11 -13 13 -15
leaf_value=-2.7889404916414794e-05 1.8730646975782625e-05 -0.00014169671827045697 -5.6413342336941452e-05 0.00036290732788419352 -0.00018597275540501061 2.9989947042404296e-05 -0.00031570698021208448 0.00058723182790117125 0.00025406400172053916 9.6611627206704841e-05 -0.00025095241898224081 -0.0001105766748229267 0.00073826615476673286 0.00015137795357696098
leaf_weight=11622 76798 2782 25289 552 3068 2750 332 338 981 8857 210 1012 394 286
leaf_count=11622 76798 2782 25289 552 3068 2750 332 338 981 8857 210 1012 394 286
internal_value=2.80651e-06 1.31138e-05 -1.1922e-05 2.07228e-05 1.39006e-05 -8.39553e-05 3.96402e-05 9.97901e-05 -5.85049e-06 8.15509e-05 -4.61359e-05 9.03031e-05 0.000318061 0.000494335
internal_weight=135271 79580 55691 28500 27948 5818 22130 9527 12603 9189 27191 1902 890 680
internal_count=135271 79580 55691 28500 27948 5818 22130 9527 12603 9189 27191 1902 890 680
is_linear=0
shrinkage=0.04


Tree=232
num_leaves=15
num_cat=0
split_feature=3 25 17 9 17 13 18 17 3 16 7 27 23 8
split_gain=0.0120795 0.0244644 0.0133054 0.0111405 0.0295614 0.034892 0.0356353 0.0349165 0.025423 0.0394507 0.0316938 0.022774 0.0200807 0.0199256
threshold=0.077087966479142706 0.016363739967346195 0.0017857006751000883 0.81607124209404003 -1.0000000180025095e-35 16.657328605651859 0.11511824280023576 -0.047560274600982659 0.90297904848593225 -0.28806370496749872 -0.070980325341224657 0.014064977411180736 -0.15384621918201444 -0.11086752638220786
decision_type=2 2 2 10 2 10 2 2 2 8 2 2 2 8
left_child=1 -1 -3 -2 5 6 8 -7 10 -10 -5 12 -12 -6
right_child=3 2 -4 4 13 7 -8 -9 9 -11 11 -13 -14 -15
leaf_value=0.00029570624731436996 1.6910304517395078e-06 0.00011966475646851004 -0.00032807352408081684 -0.00060086919239984125 0.00024926587491778908 0.00057381090252452778 -0.00055834349922029443 -4.0182370296439408e-05 -0.00054426072549109382 2.6289955766705388e-05 0.00035272647667386865 -0.00030719674274500252 -0.00014562361636548637 -2.4716786474593169e-06
leaf_weight=613 125763 213 203 315 597 209 323 480 211 1892 201 672 343 3061
leaf_count=613 125763 213 203 315 597 209 323 480 211 1892 201 672 343 3061
internal_value=-2.22293e-07 0.000135971 -0.000100124 -1.27265e-06 -4.61311e-05 -0.000113047 -0.000158781 0.000148857 -0.000122548 -3.21102e-05 -0.000246267 -0.000152324 4.00449e-05 3.8897e-05
internal_weight=135096 1029 416 134067 8304 4646 3957 689 3634 2103 1531 1216 544 3658
internal_count=135096 1029 416 134067 8304 4646 3957 689 3634 2103 1531 1216 544 3658
is_linear=0
shrinkage=0.04


Tree=233
num_leaves=15
num_cat=0
split_feature=13 14 25 10 5 25 7 13 13 3 25 18 4 20
split_gain=0.0109119 0.0194997 0.0201411 0.0287901 0.0244192 0.0189708 0.0347158 0.0383551 0.0230356 0.0203409 0.0183692 0.0177088 0.0301189 0.0151011
threshold=1.2516865134239199 0.1264782249927521 -0.11200097203254698 -0.22754304111003873 0.83076179140008943 -0.17631152272224423 -0.18152107298374173 3.5476584434509282 3.2581815719604497 0.97599299529758532 -0.15497949719429013 0.15458910912275317 0.97013569676524181 0.97175720334053051
decision_type=10 8 2 8 2 2 2 10 10 2 2 2 2 2
left_child=1 2 -1 4 -4 8 7 -7 9 -2 -8 13 -13 -12
right_child=5 -3 3 -5 -6 6 10 -9 -10 -11 11 12 -14 -15
leaf_value=-0.00012471448180714569 -0.00016546109887118212 5.6139824025697712e-05 0.00063630033194035955 1.6252670568993379e-06 8.0142160867473808e-05 -0.00075929187337281368 -0.00032868101338560029 -4.6628136606097726e-05 0.00054681131829944064 0.00029500726727425412 -7.3099349841343682e-06 3.2409822377540761e-05 0.00054670046425688967 -9.8270778621156881e-05
leaf_weight=1985 313 12852 203 35619 326 203 283 290 202 292 78599 731 238 3028
leaf_count=1985 313 12852 203 35619 326 203 283 290 202 292 78599 731 238 3028
internal_value=-1.06324e-06 1.35396e-05 -8.23477e-07 5.99607e-06 0.000297523 -9.90807e-06 -1.17813e-05 -0.000344755 0.000182501 5.73779e-05 -9.77998e-06 -8.66749e-06 0.000160885 -1.069e-05
internal_weight=135164 50985 38133 36148 529 84179 83372 493 807 605 82879 82596 969 81627
internal_count=135164 50985 38133 36148 529 84179 83372 493 807 605 82879 82596 969 81627
is_linear=0
shrinkage=0.04


Tree=234
num_leaves=15
num_cat=0
split_feature=28 0 25 29 29 26 28 28 25 24 25 24 24 0
split_gain=0.0128819 0.0344902 0.0411155 0.0382896 0.0431841 0.0184056 0.0348869 0.018819 0.0158634 0.0153071 0.0131166 0.0448749 0.0260651 0.0300772
threshold=0.90425053238868724 0.049103926813932268 0.10355293750762941 0.0068106174003332862 0.0076209849212318668 0.41416269540786749 0.89153638482093822 0.89773190021514904 0.22173017263412478 0.019721925258636478 0.14848619699478152 0.0096464753150939959 0.028993189334869388 0.046522334871639544
decision_type=2 2 2 2 2 2 2 2 2 2 2 2 2 2
left_child=5 3 -3 -2 -5 10 9 -8 -6 -7 -1 -12 -13 -14
right_child=1 2 -4 4 8 6 7 -9 -10 -11 11 12 13 -15
leaf_value=1.208314273084087e-06 -0.00020036405659916903 0.00030488731953868029 -0.00013655977090717256 0.00075422665343469848 -9.7729317640845686e-05 -0.00011296033050738978 0.00038892113775254296 -0.00011266895531899417 0.00037985862358432031 -0.00048925212071213042 -0.0004962437762197682 0.00022139340188524721 -0.00048849771576535417 2.075790930294743e-05
leaf_weight=129711 208 453 1279 324 216 300 207 271 221 416 371 513 264 597
leaf_count=129711 208 453 1279 324 216 300 207 271 221 416 371 513 264 597
internal_value=8.02132e-08 8.64777e-05 -2.05552e-05 0.000276913 0.00040782 -1.68219e-06 -0.000157693 0.000106324 0.000145362 -0.000333465 -2.59224e-07 -0.000109037 -3.06588e-06 -0.000137309
internal_weight=135351 2701 1732 969 761 132650 1194 478 437 716 131456 1745 1374 861
internal_count=135351 2701 1732 969 761 132650 1194 478 437 716 131456 1745 1374 861
is_linear=0
shrinkage=0.04


Tree=235
num_leaves=15
num_cat=0
split_feature=24 27 27 27 28 25 25 28 27 24 25 27 24 29
split_gain=0.0112522 0.0364072 0.0394303 0.0365596 0.0394769 0.0608239 0.0483174 0.087041 0.039815 0.0777558 0.0334585 0.0317711 0.0323448 0.0259526
threshold=-0.047728687524795525 0.15756081044673922 0.09386733174324037 0.049003100022673614 0.2675644457340241 -0.027610510587692257 -0.096464544534683214 0.17398012429475787 -0.080943975597619996 -0.060695081949234002 -0.08237633109092711 0.11216294392943384 -0.055411726236343377 0.028186978772282604
decision_type=2 2 2 2 2 2 2 2 2 2 2 2 2 2
left_child=1 2 3 4 6 -6 7 13 9 -8 -11 -4 -13 -1
right_child=-2 -3 11 -5 5 -7 8 -9 -10 10 -12 12 -14 -15
leaf_value=8.6475231501454696e-06 2.2892816485836838e-06 -0.00030359132033196942 0.00064542057302082974 -0.0002778703254755572 0.00079034967740147549 -1.8372781587661141e-06 0.00038942940525132523 0.00068591192957552039 -0.00040661363945167581 -0.00063934389714891701 -3.6993518422898506e-05 -0.00018369165508406828 0.00043670004737362173 -0.00045513746308405763
leaf_weight=2862 126888 787 226 956 233 445 401 300 881 282 305 308 231 202
leaf_count=2862 126888 787 226 956 233 445 401 300 881 282 305 308 231 202
internal_value=-6.82707e-07 -4.54502e-05 -1.86497e-05 -4.90521e-05 -1.18412e-05 0.000274197 -4.91273e-05 4.14907e-05 -0.000211906 -3.71111e-05 -0.000329324 0.000252802 8.37605e-05 -2.26201e-05
internal_weight=135307 8419 7632 6867 5911 678 5233 3364 1869 988 587 765 539 3064
internal_count=135307 8419 7632 6867 5911 678 5233 3364 1869 988 587 765 539 3064
is_linear=0
shrinkage=0.04


Tree=236
num_leaves=15
num_cat=0
split_feature=5 6 9 2 7 16 19 9 13 27 5 24 14 13
split_gain=0.0134333 0.0220065 0.0215369 0.0185309 0.0288271 0.0214902 0.0236698 0.0196388 0.0194689 0.0179719 0.0173589 0.0169715 0.0232277 0.0174988
threshold=0.9980398560469258 0.99570323654230564 0.33878664672374731 0.98800668853765006 -0.081716433167457567 -0.15746223926544187 0.92275443673133861 0.7904266119003297 0.73504260182380687 -0.066020566970109926 0.98540814281658629 -0.06638655066490172 -0.096102271229028688 2.4495726823806767
decision_type=2 2 10 2 2 10 2 10 8 2 2 2 10 10
left_child=1 -1 -3 4 9 8 -7 10 -6 -4 -5 -2 -13 -14
right_child=11 2 3 7 5 6 -8 -9 -10 -11 -12 12 13 -15
leaf_value=-3.9023440618130114e-06 0.00026013405405590984 -3.9927883434870694e-05 0.00058808422340414978 -0.00032337005478674894 0.00032202406910771171 0.00044927312768844855 9.8521914713835642e-05 -0.00027387292766405076 -7.7648867351950691e-05 0.00014768754114705297 4.3606236938701246e-05 -0.00038704390805774044 3.1623473078751271e-07 -9.0809460694559681e-05
leaf_weight=102066 296 3881 294 211 214 319 6390 369 1778 303 4571 303 8494 5586
leaf_count=102066 296 3881 294 211 214 319 6390 369 1778 303 4571 303 8494 5586
internal_value=-1.05963e-06 3.34551e-06 4.36934e-05 6.61601e-05 9.98616e-05 8.12873e-05 0.000115522 5.28816e-06 -3.40133e-05 0.000367649 2.7093e-05 -3.71791e-05 -4.3386e-05 -3.58557e-05
internal_weight=135075 120396 18330 14449 9298 8701 6709 5151 1992 597 4782 14679 14383 14080
internal_count=135075 120396 18330 14449 9298 8701 6709 5151 1992 597 4782 14679 14383 14080
is_linear=0
shrinkage=0.04


Tree=237
num_leaves=15
num_cat=0
split_feature=29 14 12 28 27 17 29 29 27 29 25 9 25 28
split_gain=0.011853 0.0272416 0.0317499 0.0189495 0.0475491 0.0317738 0.0251767 0.0346027 0.0249778 0.0207765 0.0197703 0.0139164 0.0134182 0.0823638
threshold=0.028186978772282604 -0.096102271229028688 0.060608927160501487 0.10165932774543764 -0.12940161675214765 -0.035822499543428414 0.020194899290800098 0.016794615425169471 -0.18797349184751508 0.018817811273038391 -0.15497949719429013 0.63728624582290661 -0.11200097203254698 0.21868674457073214
decision_type=2 10 10 2 2 2 2 2 2 2 2 10 2 2
left_child=3 2 -2 4 5 8 7 10 -1 -6 -7 -11 13 -5
right_child=1 -3 -4 12 9 6 -8 -9 -10 11 -12 -13 -14 -15
leaf_value=0.00025211042925723614 6.7770136479949544e-05 0.00017599862031737699 -0.00053511315744744227 -0.00013839050012176934 -0.00043459306861662431 -3.7563746029727102e-05 0.00049651086533082308 -0.00031152846644251454 0.00083525244293621882 0.00023536469275649223 0.0004488127424638546 -0.00020522728310584364 9.8398735905474394e-08 0.00068365208604640403
leaf_weight=280 226 277 357 2921 262 258 215 317 206 220 271 229 128893 204
leaf_count=280 226 277 357 2921 262 258 215 317 206 220 271 229 128893 204
internal_value=-8.72332e-07 -0.000148468 -0.000302816 7.84669e-08 0.000114848 0.000239048 0.000115303 1.60762e-05 0.000505274 -0.000155171 0.00021347 1.08676e-05 -1.88879e-06 -8.37212e-05
internal_weight=135136 860 583 134276 2258 1547 1061 846 486 711 529 449 132018 3125
internal_count=135136 860 583 134276 2258 1547 1061 846 486 711 529 449 132018 3125
is_linear=0
shrinkage=0.04


Tree=238
num_leaves=15
num_cat=0
split_feature=2 0 15 7 18 9 13 17 19 12 16 6 5 19
split_gain=0.0103545 0.0230327 0.0220736 0.0453035 0.0205715 0.0243078 0.0201347 0.0348667 0.0260928 0.0188672 0.0238511 0.0178511 0.0208266 0.0175846
threshold=0.98800668853765006 0.045713338785786865 0.14625059068202975 0.14375944435596469 1.0000000180025095e-35 0.45995128154754644 3.1299554109573369 0.01976874936372042 0.98847824335098278 0.050000032410025604 inf 0.99506497765885604 0.83076179140008943 1.0927325487136843
decision_type=2 2 8 2 2 10 8 2 2 10 8 2 2 2
left_child=11 -2 4 6 5 -3 -4 8 -8 10 -6 -1 -13 -11
right_child=1 2 3 -5 9 -7 7 -9 -10 13 -12 12 -14 -15
leaf_value=-1.2948494152381293e-07 -0.00026016648201638117 4.5654901915699989e-05 -8.4823226185035231e-05 0.00037065854113029346 3.3324975842614819e-05 -0.00039587555498879387 -0.00076883728091612345 0.00014973830205553242 -0.0002697736984443545 -2.812978411143933e-05 0.00046549997632749956 0.00043781289148631846 4.0508324318300127e-05 0.00028684143459637806
leaf_weight=83778 612 353 1718 271 11686 451 249 204 522 18691 203 209 15952 283
leaf_count=83778 612 353 1718 271 11686 451 249 204 522 18691 203 209 15952 283
internal_value=7.22337e-07 -1.79183e-05 -1.36003e-05 -0.000117888 -3.82207e-06 -0.000202935 -0.000167647 -0.000312408 -0.000434865 1.39699e-06 4.08968e-05 7.29643e-06 4.57802e-05 -2.33576e-05
internal_weight=135182 35243 34631 2964 31667 804 2693 975 771 30863 11889 99939 16161 18974
internal_count=135182 35243 34631 2964 31667 804 2693 975 771 30863 11889 99939 16161 18974
is_linear=0
shrinkage=0.04


Tree=239
num_leaves=15
num_cat=0
split_feature=0 28 24 15 19 14 19 20 28 10 29 29 14 4
split_gain=0.0110059 0.0419886 0.0330742 0.0314746 0.034174 0.0531437 0.0276262 0.0247946 0.0218807 0.0217259 0.0214284 0.028736 0.0275245 0.0250614
threshold=0.046440570440643224 0.60479044914245617 -0.023921370506286618 -0.41815017163753504 1.0510666966438296 -0.049192007631063454 1.0609188079833987 0.085933625698089613 0.90425053238868724 0.44870102405548101 0.013405965175479652 0.012974901590496303 0.1264782249927521 0.63105708728298637
decision_type=2 2 2 8 2 8 2 2 2 10 2 2 8 2
left_child=1 3 -3 -1 10 -6 -7 -8 9 -4 11 12 -5 -12
right_child=-2 2 8 4 5 6 7 -9 -10 -11 13 -13 -14 -15
leaf_value=-0.00023296314595061041 3.9483045064701363e-06 -0.00048032669728480476 -8.7342831794571553e-05 -8.820119256539892e-06 0.00063096442380837742 0.00038093335386616821 -0.00030852920026702864 0.00020819466002308217 0.00013725462755147786 -0.00041781758690607361 -0.00025460483016711595 0.00044901766605253747 0.00018313184866415339 -5.6944327357876076e-06
leaf_weight=750 114914 345 6578 5675 368 287 350 251 658 330 904 269 1509 2248
leaf_count=750 114914 345 6578 5675 368 287 350 251 658 330 904 269 1509 2248
internal_value=-8.70727e-07 -2.78495e-05 -0.000100058 1.74694e-05 3.33963e-05 0.000230256 6.1593e-05 -9.27888e-05 -8.24128e-05 -0.000103421 9.98387e-06 4.69555e-05 3.15987e-05 -7.73726e-05
internal_weight=135436 20522 7911 12611 11861 1256 888 601 7566 6908 10605 7453 7184 3152
internal_count=135436 20522 7911 12611 11861 1256 888 601 7566 6908 10605 7453 7184 3152
is_linear=0
shrinkage=0.04


Tree=240
num_leaves=15
num_cat=0
split_feature=29 8 12 28 15 4 28 28 17 3 15 28 17 25
split_gain=0.0110419 0.0158371 0.0164965 0.0212265 0.0233324 0.0136348 0.013386 0.0235795 0.0533606 0.0236397 0.0376543 0.0209537 0.0196975 0.015547
threshold=0.021057607606053356 0.17069685459136966 0.099999982863664641 0.24653288722038272 -0.12133904173970221 0.93807435415147222 0.065695356577634825 0.10165932774543764 -0.053701048716902726 0.90297904848593225 -0.0685531049966812 0.095078479498624816 -0.014303080737590788 -0.11200097203254698
decision_type=2 10 10 2 10 2 2 2 2 2 10 2 2 2
left_child=6 2 -2 4 -4 -3 -1 8 -8 10 -10 12 -11 -9
right_child=1 5 3 -5 -6 -7 7 13 9 11 -12 -13 -14 -15
leaf_value=-0.00026937972652982961 -7.3316191882213041e-05 -7.6593837246223418e-05 0.0002124745994382403 0.00046561556688267395 -0.00027000841791580328 -0.00047259480369455758 0.00074797994142372008 -9.5815436820467632e-05 -0.00037559802894151221 0.00033190320942489326 0.00030334836626198233 0.00053616767282489621 -0.00016480393934998374 3.7701914876250549e-06
leaf_weight=283 3258 307 374 212 273 253 208 2554 357 237 200 219 266 126514
leaf_count=283 3258 307 374 212 273 253 208 2554 357 237 200 219 266 126514
internal_value=8.63152e-07 -5.94945e-05 -3.21996e-05 0.000123269 8.38272e-06 -0.0002581 3.02292e-06 3.62369e-06 0.000161729 6.38475e-05 -0.000131281 0.000214251 7.01943e-05 1.79595e-06
internal_weight=135515 4677 4117 859 647 560 130838 130555 1487 1279 557 722 503 129068
internal_count=135515 4677 4117 859 647 560 130838 130555 1487 1279 557 722 503 129068
is_linear=0
shrinkage=0.04


Tree=241
num_leaves=15
num_cat=0
split_feature=12 15 2 29 10 17 16 18 26 27 17 11 27 26
split_gain=0.0111954 0.0448315 0.0300408 0.0256813 0.0190345 0.0326613 0.0313101 0.018327 0.0172891 0.015236 0.0135578 0.0128233 0.0118532 0.0115982
threshold=0.19980970770120624 -0.11693843454122542 0.95395275088631271 0.0063115472439676532 0.32344648241996771 0.012713861651718618 0.11697763949632646 0.044918643310666091 0.038850367069244392 0.062493998557329185 -0.0093577811494469625 3.3300833702087407 0.15427439659833911 -0.089022725820541368
decision_type=10 10 2 2 10 2 8 2 2 2 2 8 2 2
left_child=13 2 -2 7 5 9 8 -3 -6 10 -5 -11 -10 -1
right_child=1 3 -4 4 6 -7 -8 -9 12 11 -12 -13 -14 -15
leaf_value=-2.569849783074985e-05 -0.00012177971795243297 2.8064150617203929e-07 -0.00080186532051935435 -0.00033669028509498782 -6.4619875336988209e-05 0.00031589695723844782 0.00027013681129780756 0.00051506580780321537 -0.00055035235812419311 -4.7334588619699448e-05 3.5242785691095094e-06 0.00032517756964233217 -0.00019909444411499391 7.1207430587305307e-06
leaf_weight=20385 214 215 201 445 409 449 202 223 357 502 321 204 282 111118
leaf_count=20385 214 215 201 445 409 449 202 223 357 502 321 204 282 111118
internal_value=2.02587e-08 -6.5659e-05 -0.000456795 -2.01124e-05 -5.98813e-05 1.92207e-05 -0.000181037 0.00026523 -0.00026887 -7.20367e-05 -0.000195022 6.18333e-05 -0.000398086 2.03247e-06
internal_weight=135527 4024 415 3609 3171 1921 1250 438 1048 1472 766 706 639 131503
internal_count=135527 4024 415 3609 3171 1921 1250 438 1048 1472 766 706 639 131503
is_linear=0
shrinkage=0.04


Tree=242
num_leaves=15
num_cat=0
split_feature=25 21 8 14 19 18 26 25 21 21 20 29 20 0
split_gain=0.0120051 0.0222676 0.0251389 0.0312997 0.0207722 0.0416746 0.0312505 0.0342992 0.0228916 0.0201797 0.0224748 0.0303385 0.0196911 0.0243948
threshold=-0.17631152272224423 -0.3000000044703483 -0.49906679987907404 -0.044906370341777795 1.0609188079833987 0.019329972565174106 0.13979941606521609 -0.13669258356094358 -0.70000001788139332 -0.70000001788139332 0.065558824688196196 0.011511598248034717 0.065558824688196196 0.04959897089299916
decision_type=2 2 10 10 2 2 2 2 2 2 2 2 2 2
left_child=1 2 -1 -4 -2 -6 7 -7 -8 12 11 -11 -9 -14
right_child=4 -3 3 -5 5 6 8 9 -10 10 -12 -13 13 -15
leaf_value=-3.6488575401323797e-05 2.4935514175366453e-06 -0.00013622406498842597 0.00077219825512592438 0.0001191715666862465 0.00031796174050299975 -0.0005050809399657916 -0.00075345329086228116 -7.7081393263217431e-05 -0.00016737780602837099 -0.0003083129667479975 -0.00027803816872607839 0.00024565233919371295 0.00054964220350138451 5.1157335017164392e-05
leaf_weight=299 130087 341 221 249 366 281 200 871 230 255 908 399 221 519
leaf_count=299 130087 341 221 249 366 281 200 871 230 255 908 399 221 519
internal_value=7.33883e-07 0.000131444 0.00025025 0.000431129 -3.51002e-07 -8.73197e-05 -0.00012587 -8.54922e-05 -0.000445498 -4.75974e-05 -0.000149819 2.89563e-05 5.16722e-05 0.000202719
internal_weight=135447 1110 769 470 134337 4250 3884 3454 430 3173 1562 654 1611 740
internal_count=135447 1110 769 470 134337 4250 3884 3454 430 3173 1562 654 1611 740
is_linear=0
shrinkage=0.04


Tree=243
num_leaves=15
num_cat=0
split_feature=29 29 29 1 17 29 19 6 18 29 23 8 18 2
split_gain=0.0134049 0.028318 0.0276724 0.0174015 0.0151664 0.0259602 0.0173278 0.0287647 0.0212013 0.0208973 0.0205977 0.0308365 0.0388972 0.0290622
threshold=0.0057140309363603601 0.0055001985747367152 0.0055845722090452918 0.90897874629123976 -0.095277357846498476 0.016321410425007347 1.0079431533813479 0.12820467450739317 0.035752786323428161 0.016130645759403709 -0.70992398262023915 0.27136734127998358 0.050591142848134048 0.18156405533295242
decision_type=2 2 2 2 2 2 2 2 2 2 2 8 2 2
left_child=1 -1 -3 -4 5 -2 7 -6 9 -9 11 13 -13 -8
right_child=4 2 3 -5 6 -7 10 8 -10 -11 -12 12 -14 -15
leaf_value=1.2762583902260934e-05 1.298524962364284e-05 0.00042792100283980104 0.00025579688690170347 -6.2185208806982665e-05 -0.0002867524069982832 -0.0005672659265844929 0.00038027563643615986 -4.3447195519473461e-05 7.8255850215796762e-06 5.1673809286915902e-05 3.6718838783281367e-05 1.501478208493526e-05 -0.00062890572755919737 -1.958488008316008e-05
leaf_weight=6677 307 550 496 608 603 201 293 33256 45201 4153 30184 303 292 12079
leaf_count=6677 307 550 496 608 603 201 293 33256 45201 4153 30184 303 292 12079
internal_value=3.85987e-07 4.95214e-05 0.000197427 8.11855e-05 -2.8423e-06 -0.000219894 -1.96105e-06 -1.26273e-05 -1.06091e-05 -3.28817e-05 1.8607e-05 -2.35509e-05 -0.000303601 -9.96538e-06
internal_weight=135203 8331 1654 1104 126872 508 126364 83213 82610 37409 43151 12967 595 12372
internal_count=135203 8331 1654 1104 126872 508 126364 83213 82610 37409 43151 12967 595 12372
is_linear=0
shrinkage=0.04


Tree=244
num_leaves=15
num_cat=0
split_feature=16 10 12 17 26 28 0 28 24 28 24 18 26 10
split_gain=0.0115602 0.0213929 0.0153267 0.00977733 0.0267971 0.0253332 0.0287472 0.0138017 0.042843 0.0151605 0.0254584 0.0251212 0.0238452 0.023583
threshold=-0.3790877759456634 -0.17666236311197278 0.049868430942296989 -0.095277357846498476 -0.032915353775024407 0.034523651003837592 0.045561407604487895 0.065695356577634825 -0.060695081949234002 0.10165932774543764 -0.091292798519134508 0.083231799304485335 -0.16157069802284238 -0.027771101333200928
decision_type=8 10 10 2 2 2 2 2 2 2 2 2 2 10
left_child=1 2 -1 4 -2 6 -5 8 -7 11 13 12 -9 -11
right_child=3 -3 -4 5 -6 7 -8 9 -10 10 -12 -13 -14 -15
leaf_value=-0.00013034543730583797 -0.00044759744230464521 -2.7460854490368577e-05 -0.00057182564156122416 -4.4792524986317752e-05 0.00016095895462462471 0.00016850881523542549 0.00060424536397538575 0.00026171347885555168 -0.00058236635275946754 -0.00060657066752681655 6.8115160739863225e-08 0.0003938898025351627 -0.00010844656766218993 -4.5999095653084152e-05
leaf_weight=311 260 2104 211 202 202 236 231 439 242 207 129295 403 742 279
leaf_count=311 260 2104 211 202 202 236 231 439 242 207 129295 403 742 279
internal_value=-1.58654e-06 -8.46136e-05 -0.00031253 5.91366e-08 -0.000182644 7.04143e-07 0.000304406 -3.04783e-07 -0.000213735 4.79933e-07 -1.0236e-06 0.000123284 2.96722e-05 -0.000288507
internal_weight=135364 2626 522 132738 462 132276 433 131843 478 131365 129781 1584 1181 486
internal_count=135364 2626 522 132738 462 132276 433 131843 478 131365 129781 1584 1181 486
is_linear=0
shrinkage=0.04


Tree=245
num_leaves=15
num_cat=0
split_feature=12 14 17 18 11 13 3 6 6 3 18 23 23 11
split_gain=0.0114748 0.0267372 0.0304829 0.026397 0.0238248 0.0368849 0.0272698 0.0229514 0.0264915 0.0223989 0.0185301 0.018264 0.0179404 0.0176318
threshold=0.16544590145349505 0.09202540293335916 -0.031568992882966988 0.065116517245769515 4.381463050842286 1.3264622688293459 0.40673759928332609 0.99512729923333176 0.98977920456858792 0.86349998349800339 0.047423571348190315 0.37411974370479589 -0.08013941720128058 2.9804919958114628
decision_type=10 10 2 2 10 8 2 2 2 2 2 2 2 8
left_child=-1 2 12 4 5 10 -7 8 11 -9 -3 -5 -2 -8
right_child=1 3 -4 7 -6 6 13 9 -10 -11 -12 -13 -14 -15
leaf_value=1.3478003012922194e-07 -0.00044214938680045703 0.00015571938786832149 0.00010887987578241135 0.00016482740613676415 4.6772049336530181e-05 -0.00068626180714067154 -0.00016097929855642939 0.00057148938069506976 -0.00034340854135029517 4.3020036243631141e-05 -0.00028382438364335234 -0.00011936343630982401 2.9553063914249364e-05 -0.000405137445714847
leaf_weight=125724 278 589 2554 743 790 225 1737 202 387 340 202 696 236 653
leaf_count=125724 278 589 2554 743 790 225 1737 202 387 340 202 696 236 653
internal_value=-3.08961e-06 -4.5155e-05 5.22674e-05 -9.06951e-05 -0.000150897 -0.000196746 -0.000269025 1.6073e-05 -5.18837e-05 0.000243401 4.23941e-05 2.74357e-05 -0.000227372 -0.000228395
internal_weight=135356 9632 3068 6564 4196 3406 2615 2368 1826 542 791 1439 514 2390
internal_count=135356 9632 3068 6564 4196 3406 2615 2368 1826 542 791 1439 514 2390
is_linear=0
shrinkage=0.04


Tree=246
num_leaves=15
num_cat=0
split_feature=8 12 2 26 26 6 27 26 8 6 11 29 19 11
split_gain=0.00908619 0.045639 0.0255651 0.0227599 0.0272494 0.0320419 0.0376471 0.026265 0.0145414 0.0339565 0.0260114 0.0261429 0.0226942 0.020097
threshold=0.71009889245033275 0.049989970400929458 0.97076242580464156 -0.014138758182525633 0.072558999061584487 0.97688267691947017 0.17047601938247683 0.028751134872436527 0.46196193993091589 0.99804528419638239 1.1112381219863894 0.0076698332559317359 0.9717356562614442 0.77727091312408458
decision_type=10 10 2 2 2 2 2 2 8 2 8 2 2 10
left_child=8 2 -2 -3 7 -6 -7 -5 -1 10 13 -12 -11 -10
right_child=1 3 -4 4 5 6 -8 -9 9 12 11 -13 -14 -15
leaf_value=-3.4674408846728256e-07 -0.00054504051082505608 0.0005585986271460187 4.7345075101868526e-05 0.0002245216476960475 -0.00010882143747326217 0.00073273759435962989 0.00012997303848735718 -0.00036333163554754839 -5.5857465694889136e-05 -0.00056757797178443883 0.00012536870355311716 -0.00015667559681741775 -0.00010929042772606831 0.00045530871360575503
leaf_weight=129302 245 214 217 203 287 291 383 289 211 333 738 1798 360 287
leaf_count=129302 245 214 217 203 287 291 383 289 211 333 738 1798 360 287
internal_value=-1.28003e-06 8.06038e-05 -0.000269271 0.000178085 0.000120319 0.000243834 0.000393696 -0.000120964 -2.59348e-06 -8.04353e-05 -2.25246e-05 -7.45129e-05 -0.000331995 0.000240328
internal_weight=135158 2129 462 1667 1453 961 674 492 133029 3727 3034 2536 693 498
internal_count=135158 2129 462 1667 1453 961 674 492 133029 3727 3034 2536 693 498
is_linear=0
shrinkage=0.04


Tree=247
num_leaves=15
num_cat=0
split_feature=1 0 18 19 25 14 28 24 25 25 26 25 26 27
split_gain=0.0106011 0.0180464 0.0219227 0.0335508 0.0173876 0.0295648 0.0272853 0.0239806 0.032015 0.0345371 0.0276173 0.0274569 0.0271778 0.0255295
threshold=0.92764338363432175 0.045713338785786865 0.048739749938249595 1.0609188079833987 0.032494246959686286 0.56344410777091991 0.7802257537841798 -0.04998731613159179 -0.070666670799255357 -0.07858568429946898 -0.21236950159072873 -0.06269520521163939 0.0039253830909729013 0.011145595461130144
decision_type=2 2 2 2 2 8 2 2 2 2 2 2 2 2
left_child=4 2 -2 -4 5 6 7 8 9 10 -1 -10 13 -12
right_child=1 -3 3 -5 -6 -7 -8 -9 11 -11 12 -13 -14 -15
leaf_value=-0.00037684412887491214 -0.00019884278747035633 -6.6810339429991344e-06 0.0001128905964607137 -0.00043104821552424673 -1.3873715713254547e-05 0.00043695683825561516 0.00042837030535933208 3.2736380300604525e-05 -0.00064375705310360562 0.0004922628114786996 2.6753965890599907e-06 -0.00014962742607392337 -0.00043395334440114871 0.00044266030950712652
leaf_weight=331 1740 63524 1053 214 26982 275 261 36746 216 208 2438 998 203 226
leaf_count=331 1740 63524 1053 214 26982 275 261 36746 216 208 2438 998 203 226
internal_value=1.69929e-07 -1.12177e-05 -0.000106886 1.96845e-05 1.11686e-05 2.72938e-05 2.45353e-05 2.19359e-05 -6.39105e-05 -9.49698e-07 -3.37469e-05 -0.000239825 6.45133e-06 4.07608e-05
internal_weight=135415 66531 3007 1267 68884 41902 41627 41366 4620 3406 3198 1214 2867 2664
internal_count=135415 66531 3007 1267 68884 41902 41627 41366 4620 3406 3198 1214 2867 2664
is_linear=0
shrinkage=0.04


Tree=248
num_leaves=15
num_cat=0
split_feature=6 18 19 28 27 0 19 13 18 9 10 25 24 18
split_gain=0.0132136 0.0226846 0.0213624 0.0154803 0.0227517 0.0472064 0.020236 0.020246 0.0207031 0.0206755 0.0186048 0.0298916 0.0179179 0.0197822
threshold=0.98690753441026635 0.006369946990162135 0.94908475875854503 0.10165932774543764 -0.14695283770561215 0.13159462233110611 0.96161806583404552 2.9348504543304448 0.065116517245769515 0.67906418442726146 -0.19296585768461225 -0.090294063091278062 -0.091292798519134508 0.10648746043443681
decision_type=2 2 2 2 2 2 2 8 2 10 10 2 2 2
left_child=1 2 -1 -2 5 6 -5 10 9 -9 -8 -12 -6 -14
right_child=3 -3 -4 4 12 -7 7 8 -10 -11 11 -13 13 -15
leaf_value=-0.00018558587142016792 0.00014265749318743975 -1.7642563873486506e-05 0.00027049485002651779 0.00025956361547174457 -0.0003039725269350833 -0.00051641937608722327 0.00027975865518696497 -0.00028490405237517288 -0.00052654003696980952 0.00018227598022246309 0.00017989816067794334 -0.00017700081519015178 1.1120359746539587e-05 0.00015512672066786708
leaf_weight=204 1387 60822 780 318 279 368 309 389 263 242 564 1100 66815 1557
leaf_count=204 1387 60822 780 318 279 368 309 389 263 242 564 1100 66815 1557
internal_value=-9.19333e-07 -1.45539e-05 0.000175481 1.0532e-05 7.98425e-06 -9.0643e-05 -4.07158e-05 -7.44159e-05 -0.000231749 -0.000105708 -2.71973e-06 -5.58561e-05 1.30949e-05 1.44108e-05
internal_weight=135397 61806 984 73591 72204 3553 3185 2867 894 631 1973 1664 68651 68372
internal_count=135397 61806 984 73591 72204 3553 3185 2867 894 631 1973 1664 68651 68372
is_linear=0
shrinkage=0.04


Tree=249
num_leaves=15
num_cat=0
split_feature=20 27 15 27 24 26 20 26 25 24 13 12 17 26
split_gain=0.0128094 0.0255585 0.0300002 0.0292749 0.0536063 0.0260849 0.022994 0.021266 0.0255098 0.0316376 0.0189645 0.0242711 0.0254508 0.018169
threshold=0.33280344307422643 -0.21585970371961591 -0.24502452462911603 -0.18797349184751508 0.03792917728424073 -0.16660475730895993 0.47674851119518286 -0.1952797472476959 -0.014841049909591673 0.018137037754058841 23.191226005554203 0.1993769705295563 -0.051898339763283723 -0.20028045773506162
decision_type=2 2 8 2 2 2 2 2 2 2 10 8 2 2
left_child=10 2 -2 4 5 6 -3 8 9 -5 11 -1 -13 -8
right_child=1 3 -4 7 -6 -7 13 -9 -10 -11 -12 12 -14 -15
leaf_value=1.6744465981420321e-05 -0.00048125505956015237 -0.00012785338809995805 -1.2836964350113421e-05 -0.00022440238498763285 0.00075511302872372649 -0.00015230848565467647 0.00015372039488087711 -1.03784986097599e-05 -0.00049603450641922298 0.0003525900794937986 0.00021263756759513084 -0.00054736210528129412 -7.8748012924446411e-05 0.00057557570799155041
leaf_weight=42789 396 255 482 540 204 534 440 86262 305 206 756 213 1259 260
leaf_count=42789 396 255 482 540 204 534 440 86262 305 206 756 213 1259 260
internal_value=-2.76709e-06 -1.14899e-05 -0.000225634 -9.36491e-06 0.000155133 7.06807e-05 0.000195512 -1.25632e-05 -0.000190979 -6.37853e-05 1.46488e-05 1.12434e-05 -0.00014818 0.00031338
internal_weight=134901 89884 878 89006 1693 1489 955 87313 1051 746 45017 44261 1472 700
internal_count=134901 89884 878 89006 1693 1489 955 87313 1051 746 45017 44261 1472 700
is_linear=0
shrinkage=0.04


end of trees

feature_importances:
mkt_ret_5=350
mkt_ret_63=328
mkt_ret_21=317
mkt_above_200=316
mkt_vol_21=305
mkt_breadth_50=302
expected=164
q_ma5=117
q_rsv5=108
q_klen=96
px_to_ma50=85
reversal_5d=84
vol_21d=80
volume_trend=80
q_kmid=79
mom_1m=78
clv_21=75
rank_p63=69
attention_5d=69
overnight_ret_21=64
intraday_ret_21=55
rank_p5=48
rank_p3=46
max_ret_21d=45
rank_p1=37
rank_p21=31
rank_p10=27
q_sumd5=24
q_imxd5=15
q_cntd5=6

parameters:
[boosting: gbdt]
[objective: regression]
[metric: l2]
[tree_learner: serial]
[device_type: cpu]
[data_sample_strategy: bagging]
[data: ]
[valid: ]
[num_iterations: 250]
[learning_rate: 0.04]
[num_leaves: 15]
[num_threads: 12]
[seed: 42]
[deterministic: 0]
[force_col_wise: 0]
[force_row_wise: 0]
[histogram_pool_size: -1]
[max_depth: -1]
[min_data_in_leaf: 200]
[min_sum_hessian_in_leaf: 0.001]
[bagging_fraction: 0.8]
[pos_bagging_fraction: 1]
[neg_bagging_fraction: 1]
[bagging_freq: 1]
[bagging_seed: 400]
[bagging_by_query: 0]
[feature_fraction: 0.8]
[feature_fraction_bynode: 1]
[feature_fraction_seed: 30056]
[extra_trees: 0]
[extra_seed: 12879]
[early_stopping_round: 0]
[early_stopping_min_delta: 0]
[first_metric_only: 0]
[max_delta_step: 0]
[lambda_l1: 0]
[lambda_l2: 5]
[linear_lambda: 0]
[min_gain_to_split: 0]
[drop_rate: 0.1]
[max_drop: 50]
[skip_drop: 0.5]
[xgboost_dart_mode: 0]
[uniform_drop: 0]
[drop_seed: 17869]
[top_rate: 0.2]
[other_rate: 0.1]
[min_data_per_group: 100]
[max_cat_threshold: 32]
[cat_l2: 10]
[cat_smooth: 10]
[max_cat_to_onehot: 4]
[top_k: 20]
[monotone_constraints: ]
[monotone_constraints_method: basic]
[monotone_penalty: 0]
[feature_contri: ]
[forcedsplits_filename: ]
[refit_decay_rate: 0.9]
[cegb_tradeoff: 1]
[cegb_penalty_split: 0]
[cegb_penalty_feature_lazy: ]
[cegb_penalty_feature_coupled: ]
[path_smooth: 0]
[interaction_constraints: ]
[verbosity: -1]
[saved_feature_importance_type: 0]
[use_quantized_grad: 0]
[num_grad_quant_bins: 4]
[quant_train_renew_leaf: 0]
[stochastic_rounding: 1]
[linear_tree: 0]
[max_bin: 255]
[max_bin_by_feature: ]
[min_data_in_bin: 3]
[bin_construct_sample_cnt: 200000]
[data_random_seed: 175]
[is_enable_sparse: 1]
[enable_bundle: 1]
[use_missing: 1]
[zero_as_missing: 0]
[feature_pre_filter: 1]
[pre_partition: 0]
[two_round: 0]
[header: 0]
[label_column: ]
[weight_column: ]
[group_column: ]
[ignore_column: ]
[categorical_feature: ]
[forcedbins_filename: ]
[precise_float_parser: 0]
[parser_config_file: ]
[objective_seed: 16083]
[num_class: 1]
[is_unbalance: 0]
[scale_pos_weight: 1]
[sigmoid: 1]
[boost_from_average: 1]
[reg_sqrt: 0]
[alpha: 0.9]
[fair_c: 1]
[poisson_max_delta_step: 0.7]
[tweedie_variance_power: 1.5]
[lambdarank_truncation_level: 30]
[lambdarank_norm: 1]
[label_gain: ]
[lambdarank_position_bias_regularization: 0]
[eval_at: ]
[multi_error_top_k: 1]
[auc_mu_weights: ]
[num_machines: 1]
[local_listen_port: 12400]
[time_out: 120]
[machine_list_filename: ]
[machines: ]
[gpu_platform_id: -1]
[gpu_device_id: -1]
[gpu_device_id_list: ]
[gpu_use_dp: 0]
[num_gpu: 1]

end of parameters

pandas_categorical:[]
