tree
version=v4
num_class=1
num_tree_per_iteration=1
label_index=0
max_feature_idx=21
objective=regression
feature_names=age log_age gain peak_gain from_peak entry_exp expected exp_drop fresh_exp fresh_gap rank_p1 rank_p3 rank_p5 rank_p10 rank_p21 rank_p63 mkt_ret_5 mkt_ret_21 mkt_ret_63 mkt_above_200 mkt_breadth_50 mkt_vol_21
feature_infos=[1:126] [0.69314718055994529:4.8441870864585912] [-0.95453649759292603:26.666666030883789] [0:26.666666030883789] [-0.95569497346878052:0] [0:0.17885306477546692] [-0.002889192719302405:0.17885306477546692] [-0.13212995799701041:0.18148713564814517] [0:0.17857937990205383] [-0.00034981799125674562:0.18121221019957628] [0.00060938452163315055:1] [0.00059916117435590175:1] [0.0006131207847946045:1] [0.00063938618925831207:1] [0.00063938618925831207:1] [0.00061236987140232701:1] [-0.19727975130081177:0.16694772243499756] [-0.42445701360702515:0.32461881637573242] [-0.38691931962966919:0.56092298030853271] [-0.39770102500915527:0.55662065744400024] [0.0094501720741391182:0.95542633533477783] [0.0032061613164842129:0.042900197207927704]
tree_sizes=1569 1607 1609 1599 1614 1612 1612 1610 1599 1640 1619 1618 1646 1622 1624 1596 1617 1635 1598 1609 1634 1634 1608 1608 1624 1597 1601 1608 1636 1607 1614 1615 1607 1629 1585 1600 1620 1626 1632 1618 1596 1611 1629 1643 1610 1625 1617 1634 1610 1635 1603 1624 1626 1597 1616 1632 1617 1614 1612 1602 1609 1628 1608 1610 1618 1636 1620 1635 1623 1604 1600 1635 1628 1583 1626 1635 1620 1611 1597 1627 1623 1610 1612 1639 1574 1625 1615 1622 1603 1609 1622 1617 1588 1617 1634 1623 1632 1606 1626 1610 1610 1620 1614 1623 1600 1591 1606 1621 1592 1629 1590 1583 1585 1629 1610 1599 1581 1598 1602 1600 1606 1615 1609 1631 1614 1603 1585 1600 1611 1608 1621 1580 1602 1606 1619 1596 1596 1600 1631 1630 1621 1600 1586 1597 1577 1599 1607 1616 1617 1601 1600 1587 1589 1573 1589 1601 1610 1605 1615 1618 1626 1596 1631 1604 1604 1602 1596 1605 1621 1610 1613 1570 1630 1625 1596 1580 1591 1603 1604 1638 1602 1588 1596 1626 1595 1580 1587 1592 1608 1577 1608 1613 1596 1592 1610 1595 1644 1621 1577 1616 1601 1611 1583 1621 1612 1629 1565 1625 1632 1608 1605 1587 1581 1596 1622 1586 1621 1589 1619 1627 1562 1589 1620 1601 1584 1594 1583 1593 1576 1602 1614 1610 1563 1612 1598 1572 1611 1624 1596 1595 1592 1580 1613 1596 1593 1584 1596 1579 1626 1625 1631 1621 1574 1619 1617 1588 1616 1593 1630 1583 1588 1602 1643 1600 1596 1555 1618 1601 1629 1610 1606 1582 1601 1619 1625 1578 1614 1616 1618 1561 1577 1608 1618 1596 1584 1600 1591 1586 1588 1613 1603 1619 1617 1601 1567 1609 1631 1600 1591 1595

Tree=0
num_leaves=15
num_cat=0
split_feature=6 8 8 19 18 8 8 19 18 16 16 8 21 6
split_gain=41.502 30.7605 25.0534 51.3001 23.1771 19.8352 20.3952 17.3457 14.2588 13.2527 11.7448 11.3847 12.4038 11.0564
threshold=-1.0000000180025095e-35 0.17004137371538716 0.17456039764320272 0.27674183249473577 0.13126593828201297 0.17005002145703943 0.17004944558881532 0.13882845640182498 -0.31835636496543879 0.020456016063690189 0.066051781177520766 0.17005048033810069 0.011375218164175751 0.1697743897070578
decision_type=2 2 2 2 2 2 2 2 2 2 2 2 2 2
left_child=8 -2 3 4 7 6 -5 -3 -1 -7 -4 12 -9 -13
right_child=1 2 10 5 -6 9 -8 11 -10 -11 -12 13 -14 -15
leaf_value=-0.013125324054533484 -0.0091429773059091852 -0.0096235890558984891 -0.0093231892030861251 -0.0094663724571358559 -0.0090743584855692526 -0.01232310386441768 -0.013381327240276852 -0.01382823009078113 -0.0099779205930025511 -0.00581530788457588 -0.012016629812468132 -0.013433546864452339 -0.010380562090595706 -0.0068213934545489872
leaf_weight=1316 450238 2278 83257 22490 2878 325 1260 1291 67635 1954 1478 7069 3428 232
leaf_count=1316 450238 2278 83257 22490 2878 325 1260 1291 67635 1954 1478 7069 3428 232
internal_value=-0.00934259 -0.00925962 -0.00967011 -0.010258 -0.0115303 -0.00941815 -0.00967488 -0.0120246 -0.0100383 -0.00674785 -0.00937032 -0.0124793 -0.0113275 -0.0132219
internal_weight=647129 578178 127940 43205 17176 26029 23750 14298 68951 2279 84735 12020 4719 7301
internal_count=647129 578178 127940 43205 17176 26029 23750 14298 68951 2279 84735 12020 4719 7301
is_linear=0
shrinkage=1


Tree=1
num_leaves=15
num_cat=0
split_feature=6 8 8 19 8 8 8 19 21 19 19 14 19 19
split_gain=39.0799 28.8048 23.4814 46.3619 19.5169 19.3464 18.9709 18.3587 14.0692 24.1175 12.5081 12.3372 11.4345 10.55
threshold=-1.0000000180025095e-35 0.17004137371538716 0.17456039764320272 0.27674183249473577 0.17005002145703943 0.17004793769654655 0.17004944558881532 0.13882845640182498 0.01340160518884659 0.2467065900564194 -0.3114336878061294 0.99075565511258445 0.098680507391691222 0.12291856482625009
decision_type=2 2 2 2 2 2 2 2 2 2 2 2 2 2
left_child=10 -2 3 5 6 -3 -5 -7 9 -9 -1 -10 -12 -4
right_child=1 2 13 4 -6 7 -8 8 11 -11 12 -13 -14 -15
leaf_value=-0.0034993068017387476 0.00019200180971559212 -0.00050468120701077364 -0.00020909782522655077 -0.0001327303576762228 0.0025658231797552719 -0.00028416965410880696 -0.0038811917037291791 -0.00092658619505936153 -0.0053883816706328611 -0.0045588082465688132 -0.00023147783539264626 0.00093789273640896827 -0.0010112198191981989 0.00058948109238260188
leaf_weight=1379 450212 5006 65298 22357 2282 2287 1280 3898 3117 2846 34149 303 33563 19281
leaf_count=1379 450212 5006 65298 22357 2282 2287 1280 3898 3117 2846 34149 303 33563 19281
internal_value=-1.47086e-06 7.9114e-05 -0.000318076 -0.000885525 -8.05204e-05 -0.00208038 -0.000336496 -0.00271344 -0.00325964 -0.00246164 -0.000675778 -0.00482734 -0.000618021 -2.70262e-05
internal_weight=647258 578167 127955 43376 25919 17457 23637 12451 10164 6744 69091 3420 67712 84579
internal_count=647258 578167 127955 43376 25919 17457 23637 12451 10164 6744 69091 3420 67712 84579
is_linear=0
shrinkage=0.03


Tree=2
num_leaves=15
num_cat=0
split_feature=6 8 8 19 17 8 8 16 17 17 9 19 21 8
split_gain=37.5128 26.709 21.9403 42.2775 26.9038 17.231 17.2366 13.9479 11.933 11.1088 11.0804 9.87318 9.82477 15.0221
threshold=-1.0000000180025095e-35 0.17004137371538716 0.17456039764320272 0.27674183249473577 -0.022584587335586544 0.17005002145703943 0.17004944558881532 0.020456016063690189 0.15771311521530154 -0.30981320142745966 0.00069485279504113648 0.11850060522556306 0.014136261306703092 0.15608578425019168
decision_type=2 2 2 2 2 2 2 2 2 2 2 2 2 2
left_child=9 12 3 4 -3 6 -5 -7 -4 -1 -6 -11 -2 -14
right_child=1 2 8 5 10 7 -8 -9 -10 11 -12 -13 13 -15
leaf_value=-0.0033228363765429197 0.0002607234115245354 0.0001519068861090193 -5.5712727663466008e-06 -0.00013207267549549144 0.0012674121686227897 -0.0032261584502076921 -0.0037385614573889011 0.0033964413186552615 -0.0072348184558083707 -0.00027108585848769278 -0.0028373672230796111 -0.00099875305242617062 -0.00017905084342033814 0.0013088293316209385
leaf_weight=1379 353003 4022 84274 22333 618 332 1255 1924 201 36317 12726 31201 91087 6541
leaf_count=1379 353003 4022 84274 22333 618 332 1255 1924 201 36317 12726 31201 91087 6541
internal_value=-3.00892e-07 7.85334e-05 -0.000304467 -0.000854275 -0.0019988 -8.49668e-05 -0.000324708 0.00241686 -2.31997e-05 -0.000661988 -0.00264686 -0.0006074 0.000187058 -7.93021e-05
internal_weight=647213 578316 127685 43210 17366 25844 23588 2256 84475 68897 13344 67518 450631 97628
internal_count=647213 578316 127685 43210 17366 25844 23588 2256 84475 68897 13344 67518 450631 97628
is_linear=0
shrinkage=0.03


Tree=3
num_leaves=15
num_cat=0
split_feature=6 5 5 19 17 17 19 18 18 18 18 20 16 18
split_gain=36.6097 16.4307 17.0176 23.2974 24.5409 14.0479 18.9734 13.0943 12.3902 10.7544 14.2138 11.1767 10.3196 10.4856
threshold=-1.0000000180025095e-35 0.16327351547651373 0.17104680150687757 0.27674183249473577 -0.020930498838424679 0.025201857089996341 0.2424336448311806 0.044580459594726569 -0.31835636496543879 0.12619495391845706 0.12926304340362552 0.68317082524299633 0.01748377084732056 0.095197141170501723
decision_type=2 2 2 2 2 2 2 2 2 2 2 2 2 2
left_child=8 -2 3 4 -3 7 -7 -6 -1 11 -11 -5 13 -9
right_child=1 2 -4 9 5 6 -8 12 -10 10 -12 -13 -14 -15
leaf_value=-0.0035086969333185283 0.00016063446998726779 0.00010621048433794905 1.6226265967810354e-05 -0.000332392630437533 -0.00066270029739739535 -0.00029427803941416445 -0.0031325648426641295 -0.004002421453773955 -0.0005994777135871353 -0.004848857167963753 5.3887123114169129e-05 0.003629952784549321 -0.0049274641059192624 -0.00070339446296976331
leaf_weight=1339 449444 8114 86447 1111 1931 7148 3009 1809 67602 551 12430 1506 2606 1666
leaf_count=1339 449444 8114 86447 1111 1931 7148 3009 1809 67602 551 12430 1506 2606 1666
internal_value=-2.82242e-06 7.51488e-05 -0.000224243 -0.00072054 -0.00126554 -0.00187801 -0.00113624 -0.00281706 -0.000656232 0.000197913 -0.000156005 0.00195038 -0.00350006 -0.00242407
internal_weight=646713 577772 128328 41881 26283 18169 10157 8012 68941 15598 12981 2617 6081 3475
internal_count=646713 577772 128328 41881 26283 18169 10157 8012 68941 15598 12981 2617 6081 3475
is_linear=0
shrinkage=0.03


Tree=4
num_leaves=15
num_cat=0
split_feature=6 8 8 19 17 8 8 16 18 16 19 19 20 3
split_gain=35.0237 23.3581 19.5468 38.3853 23.3509 15.0916 15.9592 12.5181 12.0551 10.5939 10.8897 9.82728 9.61537 8.90122
threshold=-1.0000000180025095e-35 0.17004137371538716 0.17456039764320272 0.27674183249473577 -0.022584587335586544 0.17005002145703943 0.17004944558881532 0.020456016063690189 -0.31835636496543879 0.050805926322937019 0.12058227509260179 0.098680507391691222 0.58848804235458385 1.4964224100112917
decision_type=2 2 2 2 2 2 2 2 2 2 2 2 2 2
left_child=8 -2 3 4 -3 6 -5 -7 -1 10 -4 -10 -6 -12
right_child=1 2 9 5 12 7 -8 -9 11 -11 13 -13 -14 -15
leaf_value=-0.0034701276481872833 0.00017597320278350516 0.00011256990068035521 -0.00012820647079154796 -0.00011238584205523918 -0.0022207924744565557 -0.0030298103219125591 -0.0035680413961948721 0.0031857345378838216 -0.00022622660658273871 -0.0014775987014534161 0.00082206215675710375 -0.00095028322654997204 -0.0048248551910128647 -0.0033072045983167098
leaf_weight=1325 450462 3995 62317 22422 11844 339 1266 1939 33987 4246 17435 33502 1431 478
leaf_count=1325 450462 3995 62317 22422 11844 339 1266 1939 33987 4246 17435 33502 1431 478
internal_value=-1.70818e-06 7.44426e-05 -0.000283666 -0.00080241 -0.00189826 -7.33374e-05 -0.000297787 0.00225616 -0.000641484 -1.81339e-05 5.91924e-05 -0.000585697 -0.00250321 0.000710982
internal_weight=646988 578174 127712 43236 17270 25966 23688 2278 68814 84476 80230 67489 13275 17913
internal_count=646988 578174 127712 43236 17270 25966 23688 2278 68814 84476 80230 67489 13275 17913
is_linear=0
shrinkage=0.03


Tree=5
num_leaves=15
num_cat=0
split_feature=6 8 8 19 17 8 8 16 18 14 16 19 20 19
split_gain=31.2979 22.8429 18.3248 36.7087 21.9027 14.7755 14.9462 11.867 11.3359 10.9651 10.3061 9.73544 9.73804 9.20031
threshold=-1.0000000180025095e-35 0.17004137371538716 0.17456039764320272 0.27674183249473577 -0.022584587335586544 0.17005002145703943 0.17004944558881532 0.020456016063690189 -0.31835636496543879 0.99831009686778927 0.066051781177520766 0.11850060522556306 0.64014825224876415 0.12058227509260179
decision_type=2 2 2 2 2 2 2 2 2 2 2 2 2 2
left_child=8 -2 3 4 -3 6 -5 -7 -1 -6 13 -10 -13 -4
right_child=1 2 10 5 9 7 -8 -9 11 -11 -12 12 -14 -15
leaf_value=-0.0033262817891990507 0.00017394752359939987 8.3424649786707547e-05 -0.00015179168849366312 -0.00011297534184514473 -0.0025918564213999237 -0.0029933513486425259 -0.0034749347358165607 0.0031142276205459612 -0.00021390533121822211 0.0024654317875847892 -0.0025109494246309859 -0.0015702221118666 -0.00049399622574037812 0.00059913351257179746
leaf_weight=1344 450543 4033 63957 22374 12878 331 1252 1962 36233 394 1468 12848 18415 19055
leaf_count=1344 450543 4033 63957 22374 12878 331 1252 1962 36233 394 1468 12848 18415 19055
internal_value=1.57145e-06 7.35614e-05 -0.000280597 -0.000782962 -0.0018527 -6.85214e-05 -0.000291831 0.00222799 -0.000603096 -0.00244085 -2.35313e-05 -0.000548629 -0.000936468 2.06052e-05
internal_weight=647087 578247 127704 43224 17305 25919 23626 2293 68840 13272 84480 67496 31263 83012
internal_count=647087 578247 127704 43224 17305 25919 23626 2293 68840 13272 84480 67496 31263 83012
is_linear=0
shrinkage=0.03


Tree=6
num_leaves=15
num_cat=0
split_feature=9 19 20 18 18 8 18 8 21 21 18 21 20 19
split_gain=30.4857 16.0454 17.413 17.8003 15.2847 10.4685 10.0478 9.48871 8.77905 11.7918 8.53547 10.6233 8.2276 6.13904
threshold=0.046128936651549747 0.11187734827399255 0.50039580464363109 0.12706887722015384 -0.31835636496543879 0.17004415557170749 0.11685323715209962 0.17456039764320272 0.01340160518884659 0.014908227138221266 -0.14736050367355344 0.010665785521268846 0.48051938414573675 -0.17249914258718488
decision_type=2 2 2 2 2 2 2 2 2 2 2 2 2 2
left_child=10 4 3 5 -2 -3 -6 8 12 -10 -1 13 -7 -12
right_child=1 2 -4 -5 6 7 -8 -9 9 -11 11 -13 -14 -15
leaf_value=0.00062319232221058423 -0.0032049420308682742 -0.0012216210774262403 -0.00044884826338914991 0.00088418134632366088 -0.00015969608346093887 -0.00028827423341710253 0.00066807564552410061 -0.00020012396137025009 -0.0062603467460230471 -0.0022386106537493991 -0.0012950266056064078 -6.9381611647428525e-05 -0.0046882660461925706 0.00024723627464033355
leaf_weight=29975 1388 5373 67644 2070 93069 1036 15373 849 1687 1085 2341 187750 602 236821
leaf_count=29975 1388 5373 67644 2070 93069 1036 15373 849 1687 1085 2341 187750 602 236821
internal_value=1.03131e-06 -0.000318134 -0.0006403 -0.00165929 -8.24361e-05 -0.00215467 -4.23238e-05 -0.00310588 -0.00366443 -0.00469305 0.000133884 9.95208e-05 -0.00191471 0.000232113
internal_weight=647063 190176 80346 12702 109830 10632 108442 5259 4410 2772 456887 426912 1638 239162
internal_count=647063 190176 80346 12702 109830 10632 108442 5259 4410 2772 456887 426912 1638 239162
is_linear=0
shrinkage=0.03


Tree=7
num_leaves=15
num_cat=0
split_feature=6 8 8 19 17 8 8 16 17 18 14 10 19 19
split_gain=27.4426 20.1477 17.1957 34.9695 21.2403 13.2613 13.7788 11.2362 11.0583 10.8537 8.97304 8.64184 9.08238 8.6171
threshold=-1.0000000180025095e-35 0.17004137371538716 0.17456039764320272 0.27674183249473577 -0.022584587335586544 0.17005002145703943 0.17004944558881532 0.020456016063690189 0.15771311521530154 -0.31835636496543879 0.99831009686778927 0.0042063940492381669 0.065294843167066588 0.14245050400495532
decision_type=2 2 2 2 2 2 2 2 2 2 2 2 2 2
left_child=9 -2 3 4 -3 6 -5 -7 -4 -1 13 -11 -13 -6
right_child=1 2 8 5 10 7 -8 -9 -10 11 -12 12 -14 -15
leaf_value=-0.003210888798346054 0.00016193689779264118 0.00011909966326589371 1.2512558183541892e-06 -9.5734064706898546e-05 -0.00021516461842909423 -0.0029111233743914292 -0.0033406829563398361 0.0030071335493870835 -0.0068915700178061208 -0.0027296997924907552 0.0022777855525223109 -4.1485904461471904e-05 -0.00075664603287487224 -0.002769204884284818
leaf_weight=1364 450526 3994 84149 22428 1326 335 1238 1938 205 1541 359 27286 38576 11569
leaf_count=1364 450526 3994 84149 22428 1326 335 1238 1938 205 1541 359 27286 38576 11569
internal_value=3.04133e-07 6.77025e-05 -0.000265165 -0.000751962 -0.00179863 -5.57737e-05 -0.000266151 0.00213041 -1.59074e-05 -0.000566221 -0.00237635 -0.000512468 -0.000460388 -0.00250676
internal_weight=646834 578067 127541 43187 17248 25939 23666 2273 84354 68767 13254 67403 65862 12895
internal_count=646834 578067 127541 43187 17248 25939 23666 2273 84354 68767 13254 67403 65862 12895
is_linear=0
shrinkage=0.03


Tree=8
num_leaves=15
num_cat=0
split_feature=6 8 8 19 18 8 8 19 16 6 8 17 16 16
split_gain=26.5773 19.4538 15.5868 32.6276 19.7075 12.668 13.5847 11.9778 10.0677 9.94314 10.2618 11.2695 11.8479 9.57851
threshold=-1.0000000180025095e-35 0.17004137371538716 0.17456039764320272 0.27674183249473577 0.13126593828201297 0.17005002145703943 0.17004944558881532 0.13882845640182498 0.020456016063690189 0.1697743897070578 0.17005048033810069 0.058737039566040046 -0.0025492310523986812 0.066051781177520766
decision_type=2 2 2 2 2 2 2 2 2 2 2 2 2 2
left_child=-1 -2 3 4 7 6 -5 -3 -7 10 -9 12 -12 -4
right_child=1 2 13 5 -6 8 -8 9 -10 -11 11 -13 -14 -15
leaf_value=-0.00055680774329983529 0.00015959837472415443 -0.00016807205452083602 2.0017165593715767e-05 -8.6746165691053894e-05 0.00049684171967050432 -0.0027910314214919722 -0.0033014710341124241 -0.0016043654233905639 0.0028845241949847487 0.0022234237401341822 -0.0027212255497729623 -0.00059468389463038869 -0.0053884936854849278 -0.0024060159910253461
leaf_weight=68830 449834 2226 83013 22413 2959 324 1244 4580 1967 375 3348 1078 2741 1486
leaf_count=68830 449834 2226 83013 22413 2959 324 1244 4580 1967 375 3348 1078 2741 1486
internal_value=4.07453e-07 6.68139e-05 -0.000259882 -0.000722994 -0.00173166 -5.00204e-05 -0.000256454 -0.00219126 0.00207754 -0.00256257 -0.00271623 -0.00342514 -0.00392535 -2.27869e-05
internal_weight=646418 577588 127754 43255 17307 25948 23657 14348 2291 12122 11747 7167 6089 84499
internal_count=646418 577588 127754 43255 17307 25948 23657 14348 2291 12122 11747 7167 6089 84499
is_linear=0
shrinkage=0.03


Tree=9
num_leaves=15
num_cat=0
split_feature=9 19 20 18 18 18 21 17 17 5 19 16 21 18
split_gain=26.5915 14.6752 16.5712 13.218 9.70757 7.51034 9.07588 9.42126 7.60309 8.96369 9.30691 8.30809 14.5844 13.9918
threshold=0.044843445313931328 0.11187734827399255 0.63807201385498058 -0.31835636496543879 0.11685323715209962 -0.14736050367355344 0.010665785521268846 -0.10969910025596617 0.15129244327545169 0.048126876724929352 0.43514244258403784 0.03371089696884156 0.011803654953837396 0.16253203153610232
decision_type=2 2 2 2 2 2 2 2 2 2 2 2 2 2
left_child=5 3 -3 -2 -5 -1 7 -7 9 -8 11 -11 13 -13
right_child=1 2 -4 4 -6 6 8 -9 -10 10 -12 12 -14 -15
leaf_value=0.00058791908694504123 -0.0029090087034820086 -0.0010925826565213082 -0.00022978745673623324 -0.00014983011166021462 0.0006507172217089743 -0.0021739136050743352 -0.00076267391893795541 0.00023040932135977071 0.00090715773963748669 0.00010543022448404345 -0.0015261665364538532 -0.0029703156797868738 -0.00017722412917363861 0.0011386376611071682
leaf_weight=29466 1455 35125 46633 95811 15889 1471 16769 235907 6969 128300 3672 3364 25502 955
leaf_count=29466 1455 35125 46633 95811 15889 1471 16769 235907 6969 128300 3672 3364 25502 955
internal_value=-1.34601e-06 -0.000294278 -0.000600507 -7.30008e-05 -3.59306e-05 0.00012487 9.26009e-05 0.000215465 -6.45989e-05 -0.000102549 -3.41095e-05 5.87302e-07 -0.000450424 -0.00206149
internal_weight=647288 194913 81758 113155 111700 452375 422909 237378 185531 178562 161793 158121 29821 4319
internal_count=647288 194913 81758 113155 111700 452375 422909 237378 185531 178562 161793 158121 29821 4319
is_linear=0
shrinkage=0.03


Tree=10
num_leaves=15
num_cat=0
split_feature=6 8 8 19 17 8 8 16 16 20 19 21 17 8
split_gain=23.407 17.6438 15.2625 30.8878 19.3424 11.2372 12.0043 10.2807 9.54887 9.22055 8.84895 8.71984 10.4738 12.0102
threshold=-1.0000000180025095e-35 0.17004137371538716 0.17456039764320272 0.27674183249473577 -0.022584587335586544 0.17005002145703943 0.17004944558881532 0.020456016063690189 0.066051781177520766 0.58848804235458385 0.12058227509260179 0.015086432453244926 0.033350944519042976 0.15608430680869659
decision_type=2 2 2 2 2 2 2 2 2 2 2 2 2 2
left_child=-1 11 3 4 -3 6 -5 -7 10 -6 -4 -2 13 -13
right_child=1 2 8 5 9 7 -8 -9 -10 -11 -12 12 -14 -15
leaf_value=-0.00052322599775312675 0.00020940787506716383 0.00014396200451394621 -0.00014191155786110723 -8.8170588503898734e-05 -0.0019597426203967574 -0.0028411198142338947 -0.0030784285244461365 0.0027793615757134679 -0.0023840599391642754 -0.0044740010452177991 0.00059154366184839872 -0.00052990040407599795 0.00035831064508691621 0.0011406372250343628
leaf_weight=68907 374570 3976 63954 22455 11801 340 1272 1961 1499 1477 19258 46564 25076 4220
leaf_count=68907 374570 3976 63954 22455 11801 340 1272 1961 1499 1477 19258 46564 25076 4220
internal_value=-5.82838e-07 6.16831e-05 -0.000249135 -0.000707406 -0.00169153 -5.48314e-05 -0.000249093 0.00194451 -1.49587e-05 -0.002241 2.78595e-05 0.000150006 -0.000143293 -0.000390985
internal_weight=647330 578423 127993 43282 17254 26028 23727 2301 84711 13278 83212 450430 75860 50784
internal_count=647330 578423 127993 43282 17254 26028 23727 2301 84711 13278 83212 450430 75860 50784
is_linear=0
shrinkage=0.03


Tree=11
num_leaves=15
num_cat=0
split_feature=9 21 17 18 18 20 18 21 21 20 18 18 21 17
split_gain=22.8504 11.8167 12.1375 8.00504 7.5334 11.7564 14.9644 8.27159 13.8287 9.16104 7.90012 7.44045 8.04261 8.8029
threshold=0.044843445313931328 0.01052588550373912 0.015023767948150637 -0.31835636496543879 0.044580459594726569 0.49729374051094061 0.12817311286926272 0.01340160518884659 0.01458967011421919 0.48329274356365209 0.054499804973602302 -0.14736050367355344 0.010665785521268846 -0.10969910025596617
decision_type=2 2 2 2 2 2 2 2 2 2 2 2 2 2
left_child=11 2 -2 -3 -5 6 7 9 10 -6 -9 -1 13 -13
right_child=1 3 -4 4 5 -7 -8 8 -10 -11 -12 12 -14 -15
leaf_value=0.00057951036565888803 0.0004928802579079668 -0.002740017871954725 -0.00024752986148189344 -0.00022246195957405086 -0.00041867556307930429 -0.0004180392003721995 0.00051189304705082377 -0.00060007085461295209 -0.0014501507901729148 -0.0038831088495864113 -0.0049063319069594423 -0.0020942357389131653 -6.0869680768535425e-05 0.00021743525153222889
leaf_weight=29552 27962 1412 69302 51886 4115 30321 2796 459 3876 820 2371 1487 185386 235620
leaf_count=29552 27962 1412 69302 51886 4115 30321 2796 459 3876 820 2371 1487 185386 235620
internal_value=2.19174e-06 -0.000268955 -3.46582e-05 -0.000501346 -0.000468498 -0.00075366 -0.00145815 -0.00193134 -0.00261718 -0.000997674 -0.00421019 0.000119351 8.71575e-05 0.000202894
internal_weight=647365 195320 97264 98056 96644 44758 14437 11641 6706 4935 2830 452045 422493 237107
internal_count=647365 195320 97264 98056 96644 44758 14437 11641 6706 4935 2830 452045 422493 237107
is_linear=0
shrinkage=0.03


Tree=12
num_leaves=15
num_cat=0
split_feature=6 21 17 18 13 18 9 16 17 17 4 18 18 17
split_gain=23.1221 12.6885 10.2819 8.50981 7.76736 7.60614 8.07426 6.817 6.16602 6.06136 5.74531 4.93395 10.8251 7.22937
threshold=-1.0000000180025095e-35 0.01052588550373912 0.14000630378723147 -0.31835636496543879 0.014710390594005843 0.37650859355926519 0.022863849113881458 0.068006396293640151 0.03238117694854737 0.16851127147674563 -0.074729144573211656 0.044580459594726569 0.12926304340362552 0.036723554134368903
decision_type=2 2 2 2 2 2 2 2 2 2 2 2 2 2
left_child=3 7 5 -1 -5 6 -3 8 -2 -6 -10 -8 13 -13
right_child=1 2 -4 4 9 -7 11 -9 10 -11 -12 12 -14 -15
leaf_value=-0.0028679232473848267 0.00036441891869692342 3.335407695878128e-05 0.00082518468666655453 -0.0016518414393854189 -0.00043608956095975339 -0.0014796144517582859 -0.00012930788270495549 -0.0039581324710034355 -0.00014079397243750054 0.0013083870879046975 0.00021635518150353805 -0.0012571797571496123 -2.7093304767625253e-05 -7.0369305490835133e-05
leaf_weight=1357 123144 158528 10746 4675 61133 3653 61108 350 63385 1842 112443 18645 20158 6141
leaf_count=1357 123144 158528 10746 4675 61133 3653 61108 350 63385 1842 112443 18645 20158 6141
internal_value=-9.05328e-07 6.1033e-05 -8.45235e-05 -0.000519935 -0.000472628 -0.000120983 -0.000102197 0.000196696 0.000201626 -0.000384964 8.76046e-05 -0.000304813 -0.000543398 -0.000963208
internal_weight=647308 578301 278979 69007 67650 268233 264580 299322 298972 62975 175828 106052 44944 24786
internal_count=647308 578301 278979 69007 67650 268233 264580 299322 298972 62975 175828 106052 44944 24786
is_linear=0
shrinkage=0.03


Tree=13
num_leaves=15
num_cat=0
split_feature=6 8 8 19 17 8 8 9 20 19 18 3 21 17
split_gain=21.2721 15.737 14.1353 26.2705 17.1117 11.5367 12.1336 9.16901 8.28131 8.00387 7.99087 7.78409 7.64106 9.46251
threshold=-1.0000000180025095e-35 0.17004137371538716 0.17456039764320272 0.27674183249473577 -0.022584587335586544 0.17005002145703943 0.17004944558881532 -8.5723175129292354e-05 0.58848804235458385 0.12058227509260179 -0.31835636496543879 1.4964224100112917 0.015086432453244926 0.025201857089996341
decision_type=2 2 2 2 2 2 2 2 2 2 2 2 2 2
left_child=10 12 3 4 -3 6 -5 -6 -9 -4 -1 -11 -2 -14
right_child=1 2 9 5 7 -7 -8 8 -10 11 -12 -13 13 -15
leaf_value=-0.0027811059575576494 0.00020164704476438166 0.00014067596216594213 -0.00016670500245436132 -0.00010233069187931784 0.0041733586232420867 0.0019839037789650487 -0.0031100207894870268 -0.0019332350645492587 -0.0043626009318212542 0.00062091707516299488 -0.00044906683915853468 -0.0031346777588649485 -0.00037920437073704096 0.00031984323056028993
leaf_weight=1344 374193 3991 64875 22385 202 2244 1271 11615 1417 19183 67659 505 48624 27157
leaf_count=1344 374193 3991 64875 22385 202 2244 1271 11615 1417 19183 67659 505 48624 27157
internal_value=3.13282e-06 6.26023e-05 -0.000231335 -0.000673303 -0.00158107 -6.93986e-05 -0.000264552 -0.00210015 -0.00219896 -5.91653e-06 -0.000494687 0.000523814 0.000146014 -0.000128688
internal_weight=646665 577662 127688 43125 17225 25900 23656 13234 13032 84563 69003 19688 449974 75781
internal_count=646665 577662 127688 43125 17225 25900 23656 13234 13032 84563 69003 19688 449974 75781
is_linear=0
shrinkage=0.03


Tree=14
num_leaves=15
num_cat=0
split_feature=9 8 8 19 8 18 18 19 18 14 21 21 18 21
split_gain=19.9217 13.3436 16.7468 13.2177 11.3328 20.3613 8.93822 8.44296 9.19114 8.22688 7.78698 17.0339 7.0328 6.99446
threshold=0.044843445313931328 0.17004137371538716 0.074186658326354765 -0.16268047690391538 0.17456039764320272 0.10289329290390016 0.20587563514709475 0.051696008071303375 0.083923161029815688 0.0036726455907121207 0.01340160518884659 0.014908227138221266 -0.14736050367355344 0.0089915529824793356
decision_type=2 2 2 2 2 2 2 2 2 2 2 2 2 2
left_child=12 2 6 -4 5 10 9 8 -5 -2 -3 -12 -1 -14
right_child=1 4 3 7 -6 -7 -8 -9 -10 -11 11 -13 13 -15
leaf_value=0.00055667906697770217 -0.0064081442284087339 -0.0014385918665592388 -0.002518067793134314 0.00035759519970748183 -0.00027479518091659143 -0.00060924382384214347 0.00035054376870719873 -4.2703277740285585e-05 0.0015778549674618316 -0.0006551455587000374 -0.0056411296805628248 -0.0013905758359387054 0.00022406183430990386 -2.3733234577863307e-05
leaf_weight=29695 220 3037 1573 29512 39121 20256 9120 40415 6840 41372 1708 1690 175212 247099
leaf_count=29695 220 3037 1573 29512 39121 20256 9120 40415 6840 41372 1708 1690 175212 247099
internal_value=1.14571e-06 -0.000252411 -7.51226e-05 0.000199834 -0.000600027 -0.00107658 -0.000499854 0.000255686 0.000587385 -0.000686343 -0.00254604 -0.00353226 0.000110458 7.90755e-05
internal_weight=646870 194864 129052 78340 65812 26691 50712 76767 36352 41592 6435 3398 452006 422311
internal_count=646870 194864 129052 78340 65812 26691 50712 76767 36352 41592 6435 3398 452006 422311
is_linear=0
shrinkage=0.03


Tree=15
num_leaves=15
num_cat=0
split_feature=8 8 19 18 8 18 12 16 19 8 21 20 21 8
split_gain=19.0115 16.9649 33.232 19.7249 15.806 13.1425 13.0336 11.9302 11.9197 11.6411 12.6265 18.1173 12.0796 11.6409
threshold=0.17004137371538716 0.17456039764320272 0.27674183249473577 0.13126593828201297 0.17005002145703943 -0.31835636496543879 0.037761671192081993 0.020456016063690189 0.13882845640182498 0.17005048033810069 0.01340160518884659 0.57210898399353038 0.011375218164175751 0.17004944558881532
decision_type=2 2 2 2 2 2 2 2 2 2 2 2 2 2
left_child=5 2 3 8 13 -1 -7 -6 -2 12 11 -11 -10 -4
right_child=1 -3 4 -5 7 6 -8 -9 9 10 -12 -13 -14 -15
leaf_value=-0.0020739692532562339 -0.00011521225339626673 -6.0022787933589193e-05 -0.0001910833373219692 0.0003838740341943678 -0.0025609505331877498 -0.0008636600704470496 0.00012112942892744877 0.0028507428402143936 -0.0036297139434813956 -0.00084706113306225823 -0.0043475528921059397 -0.0047333155313685213 -0.00056781973502266774 -0.0029463881140423006
leaf_weight=2518 2396 92333 27149 3516 429 12398 487740 2386 1567 3423 3951 1574 4430 1449
leaf_count=2518 2396 92333 27149 3516 429 12398 487740 2386 1567 3423 3951 1574 4430 1449
internal_value=-1.39125e-06 -0.000304521 -0.000736371 -0.00166455 -0.000119933 8.58146e-05 9.67089e-05 0.00202293 -0.00207987 -0.0023947 -0.00308015 -0.0020747 -0.00137024 -0.000331179
internal_weight=647259 144603 52270 20857 31413 502656 500138 2815 17341 14945 8948 4997 5997 28598
internal_count=647259 144603 52270 20857 31413 502656 500138 2815 17341 14945 8948 4997 5997 28598
is_linear=0
shrinkage=0.03


Tree=16
num_leaves=15
num_cat=0
split_feature=12 19 18 17 18 8 8 8 18 20 9 19 19 8
split_gain=19.2953 15.8641 12.4517 11.1203 9.42592 14.8836 8.46394 6.38158 17.7525 15.3129 8.95691 7.12599 7.09528 8.4676
threshold=0.62951592130007439 0.098680507391691222 0.11117553710937501 -0.30981320142745966 0.13998246192932132 0.047002355992836489 0.15857708621314398 0.17456039764320272 0.11685323715209962 0.68317082524299633 0.0002448022843945658 0.12058227509260179 0.13882845640182498 0.17004944558881532
decision_type=2 2 2 2 2 2 2 2 2 2 2 2 2 2
left_child=1 2 3 -1 5 -3 -2 8 9 10 -8 -9 -12 -14
right_child=6 4 -4 -5 -6 -7 7 11 -10 -11 12 -13 13 -15
leaf_value=-0.0024251152654239422 0.0001873953163188175 -0.0034863232813096929 0.00060660473504854033 -0.00012791074592320432 -0.00026335517409013744 -0.00078653385314949459 0.0027279876257615219 -0.00012897891405875612 -7.0778443570412921e-06 0.00267465009095184 -0.00013237282326536019 0.00062338559643065731 -0.00074083789447233696 -0.002864920339570495
leaf_weight=1923 333589 1938 22356 116285 40028 34130 385 45295 25678 755 1683 15104 2355 6008
leaf_count=1923 333589 1938 22356 116285 40028 34130 385 45295 25678 755 1683 15104 2355 6008
internal_value=-5.3282e-07 -0.000231469 -4.25846e-05 -0.000165383 -0.000580349 -0.000932062 0.000115598 -0.000130647 -0.000441664 -0.00143883 -0.0017377 5.92012e-05 -0.00191012 -0.00226758
internal_weight=647512 216660 140564 118208 76096 36068 430852 97263 36864 11186 10431 60399 10046 8363
internal_count=647512 216660 140564 118208 76096 36068 430852 97263 36864 11186 10431 60399 10046 8363
is_linear=0
shrinkage=0.03


Tree=17
num_leaves=15
num_cat=0
split_feature=12 17 12 9 17 21 18 16 21 18 18 17 21 21
split_gain=17.9843 9.93417 10.1576 7.64655 6.48153 6.31962 6.5248 6.17167 6.67773 6.63752 6.54695 6.15875 6.15422 5.71321
threshold=0.62951592130007439 -0.30981320142745966 0.016986742758211638 0.16430581404834965 0.16851127147674563 0.01154721947386861 0.068363010883331313 0.03371089696884156 0.015086432453244926 -0.13658437132835385 -0.15196397900581357 0.18109416961669925 0.014454654883593323 0.014354951679706575
decision_type=2 2 2 2 2 2 2 2 2 2 2 2 2 2
left_child=1 -1 -3 4 5 -4 -7 8 10 -9 13 -11 -12 -2
right_child=7 2 3 -5 -6 6 -8 9 -10 11 12 -13 -14 -15
leaf_value=-0.0023969328551618988 0.0012641757527830364 -0.0012758347718047373 1.0182135272057356e-05 -0.00071638860930988714 0.0011121370574514388 -0.00018524732538373551 -0.00084610242923485691 0.0011667244162410426 -0.00013161478457022059 -0.00029266432250141087 0.00016856721908443706 0.0010515885551560789 0.0010131413768275316 -0.0013766992638360991
leaf_weight=1874 7997 7696 111050 20476 3847 53429 17965 3243 59719 59940 288515 3228 7975 808
leaf_count=1874 7997 7696 111050 20476 3847 53429 17965 3243 59719 59940 288515 3228 7975 808
internal_value=-1.83413e-06 -0.000225059 -0.000206025 -0.000166176 -0.000105683 -0.000131391 -0.000351587 0.000110103 0.000158501 -0.000155903 0.000215252 -0.000223893 0.000191301 0.00102119
internal_weight=647762 216337 214463 206767 186291 182444 71394 431425 365014 66411 305295 63168 296490 8805
internal_count=647762 216337 214463 206767 186291 182444 71394 431425 365014 66411 305295 63168 296490 8805
is_linear=0
shrinkage=0.03


Tree=18
num_leaves=15
num_cat=0
split_feature=6 8 8 19 17 8 8 17 9 16 18 19 19 3
split_gain=17.2985 12.3602 10.9926 21.9067 15.0408 10.3052 10.0726 9.87909 8.44603 8.42683 7.63585 6.97656 7.74543 7.70186
threshold=-1.0000000180025095e-35 0.17004137371538716 0.17456039764320272 0.27674183249473577 -0.022584587335586544 0.17005002145703943 0.17004944558881532 0.15771311521530154 0.00069485279504113648 0.022417008876800541 0.36091101169586187 0.12058227509260179 -0.072392273694276796 1.4964224100112917
decision_type=2 2 2 2 2 2 2 2 2 2 2 2 2 2
left_child=-1 -2 3 4 -3 6 -5 11 -6 -7 -8 12 -4 -13
right_child=1 2 7 5 8 9 10 -9 -10 -11 -12 13 -14 -15
leaf_value=-0.0004508806788789824 0.00012494291520071102 0.00017743092038675375 0.0012763760737437423 -8.5741147101161592e-05 0.0014699983541476883 -0.0015680741744791063 -0.0042969391254965945 -0.006432942437917687 -0.0020827270778069856 0.0028299690502570285 0.00083908077914320923 0.00059870327369600186 -0.00022005614694843494 -0.0030915562498254564
leaf_weight=69175 450646 4038 3274 22405 629 498 905 210 12624 1792 363 19150 61489 518
leaf_count=69175 450646 4038 3274 22405 629 498 905 210 12624 1792 363 19150 61489 518
internal_value=-2.53903e-06 5.10717e-05 -0.000209213 -0.000598248 -0.00142538 -4.72188e-05 -0.00023325 -1.03809e-05 -0.00191362 0.00187221 -0.00282909 5.97354e-06 -0.000144313 0.000500751
internal_weight=647716 578541 127895 43254 17291 25963 23673 84641 13253 2290 1268 84431 64763 19668
internal_count=647716 578541 127895 43254 17291 25963 23673 84641 13253 2290 1268 84431 64763 19668
is_linear=0
shrinkage=0.03


Tree=19
num_leaves=15
num_cat=0
split_feature=9 8 5 19 8 19 8 21 21 19 14 19 21 19
split_gain=16.2634 11.7068 15.8277 11.2189 9.37412 16.1557 10.6479 10.3194 17.6009 13.0523 7.63857 7.46552 7.29742 5.61058
threshold=0.046128936651549747 0.17004137371538716 0.10392681376192971 -0.16268047690391538 0.17456039764320272 0.27674183249473577 0.17005002145703943 0.01458967011421919 0.01340160518884659 0.2467065900564194 0.0036726455907121207 0.051696008071303375 0.019422533921897415 -0.3114336878061294
decision_type=2 2 2 2 2 2 2 2 2 2 2 2 2 2
left_child=-1 2 10 -4 5 7 -7 8 9 -3 -2 12 -5 -12
right_child=1 4 3 11 -6 6 -8 -9 -10 -11 13 -13 -14 -15
leaf_value=9.6605577945232891e-05 -0.0049009084536168626 -0.00045168735312928866 -0.0023654154886772923 0.00070287653683471108 -0.00026164966842633796 -0.00064266159120156794 0.002031174863610298 -0.00043905545383138067 -0.0052084781022166508 -0.003342893320438689 -0.002284644751391457 -3.5330861647872236e-05 -0.00070656595778926048 -0.00040056205978449634
leaf_weight=456937 346 3207 1496 32930 38668 14599 1471 3032 1685 2499 1463 38931 3671 46193
leaf_count=456937 346 3207 1496 32930 38668 14599 1471 3032 1685 2499 1463 38931 3671 46193
internal_value=-4.22917e-07 -0.000233532 -6.361e-05 0.000202845 -0.000559546 -0.00099421 -0.000397351 -0.00191381 -0.00251808 -0.00171974 -0.000491163 0.000253866 0.000561435 -0.000458635
internal_weight=647128 190191 125030 77028 65161 26493 16070 10423 7391 5706 48002 75532 36601 47656
internal_count=647128 190191 125030 77028 65161 26493 16070 10423 7391 5706 48002 75532 36601 47656
is_linear=0
shrinkage=0.03


Tree=20
num_leaves=15
num_cat=0
split_feature=9 19 20 8 8 8 21 15 17 19 16 8 8 19
split_gain=15.2053 10.6651 13.0709 9.04423 23.0474 8.32333 8.1642 7.25898 6.94895 7.36561 6.61432 7.53497 11.8318 9.27529
threshold=0.044843445313931328 0.11850060522556306 0.63807201385498058 0.17456039764320272 0.17004944558881532 0.047002355992836489 0.019422533921897415 0.0050767930183947575 0.18109416961669925 0.44170798361301428 0.03371089696884156 0.049956620245035159 0.059458218595553891 0.092913702130317702
decision_type=2 2 2 2 2 2 2 2 2 2 2 2 2 2
left_child=8 6 3 4 5 -3 7 -2 9 10 11 13 -13 -1
right_child=1 2 -4 -5 -6 -7 -8 -9 -10 -11 -12 12 -14 -15
leaf_value=6.7176658162082338e-05 -0.0028649386036575008 -0.0029326093889815805 -0.00015845818210828141 0.0003444708026983507 -0.0026045348938257907 -0.00050320597294646976 -0.00077239409396533056 7.0186644605765746e-05 0.0010871220985785891 -0.0013744365083249246 -0.00019171054357461527 0.00049362344128735052 8.2412363106381019e-05 -0.00066450561562383242
leaf_weight=63887 759 1346 45661 4328 7161 21063 12189 102407 6253 3105 63881 91293 202997 20622
leaf_count=63887 759 1346 45661 4328 7161 21063 12189 102407 6253 3105 63881 91293 202997 20622
internal_value=-1.12448e-06 -0.000222608 -0.000489809 -0.000936053 -0.0011235 -0.00064975 -3.83099e-05 4.84549e-05 9.43784e-05 8.04412e-05 9.06613e-05 0.000138283 0.000209982 -0.000111398
internal_weight=646952 194914 79559 33898 29570 22409 115355 103166 452038 445785 442680 378799 294290 84509
internal_count=646952 194914 79559 33898 29570 22409 115355 103166 452038 445785 442680 378799 294290 84509
is_linear=0
shrinkage=0.03


Tree=21
num_leaves=15
num_cat=0
split_feature=12 8 8 19 17 8 17 8 17 8 8 17 20 8
split_gain=14.9832 13.8521 13.385 26.3853 19.3359 12.7122 11.0745 10.6059 10.0888 11.5713 14.3498 16.1964 20.1214 13.2562
threshold=0.045912394180097411 0.17004137371538716 0.17456039764320272 0.27674183249473577 -0.022584587335586544 0.17005002145703943 -0.30981320142745966 0.17004944558881532 0.14384436607360843 0.049956620245035159 0.047001743190392832 0.060070276260375984 0.42202498018741613 0.050384221673779254
decision_type=2 2 2 2 2 2 2 2 2 2 2 2 2 2
left_child=-1 6 3 4 -3 7 -2 -5 9 10 -8 12 -12 -11
right_child=1 2 -4 5 -6 -7 8 -9 -10 13 11 -13 -14 -15
leaf_value=-0.00085233016837002462 -0.0018750431657310362 0.00025682484517867017 -1.9664205023533507e-05 -0.00012857643537894797 -0.0019786155601957379 0.0018877114996204128 0.00023886785662066026 -0.0027886422082842211 0.00083774669736345214 0.00064545752085637333 -1.5990256086614578e-05 0.0002026221171975433 -0.0013290652022155134 9.687148641421258e-05
leaf_weight=18058 2538 4490 90284 26282 15497 2705 42816 1417 16550 45327 17581 21677 26085 315955
leaf_count=18058 2538 4490 90284 26282 15497 2705 42816 1417 16550 45327 17581 21677 26085 315955
internal_value=-4.41019e-07 2.40146e-05 -0.000238294 -0.000629965 -0.00147649 -7.33217e-05 9.95496e-05 -0.000265136 0.000109881 8.42114e-05 -0.000187999 -0.0004677 -0.000800451 0.000165706
internal_weight=647262 629204 140675 50391 19987 30404 488529 27699 485991 469441 108159 65343 43666 361282
internal_count=647262 629204 140675 50391 19987 30404 488529 27699 485991 469441 108159 65343 43666 361282
is_linear=0
shrinkage=0.03


Tree=22
num_leaves=15
num_cat=0
split_feature=12 19 18 21 10 19 14 18 8 8 8 20 16 14
split_gain=14.778 13.6144 12.3543 13.7303 10.5388 9.0736 8.52286 8.21351 12.1871 6.65259 17.9809 31.2071 7.61605 6.86924
threshold=0.62951592130007439 0.098680507391691222 0.11117553710937501 0.008049521595239641 0.018777122154928268 -0.3114336878061294 0.05844958862973746 0.15714359283447268 0.047002355992836489 0.17004944558881532 0.17005587177536233 0.68317082524299633 0.066051781177520766 0.99914052412146581
decision_type=2 2 2 2 2 2 2 2 2 2 2 2 2 2
left_child=1 2 5 4 -4 -1 -5 8 -3 -2 11 13 -12 -11
right_child=9 7 3 6 -6 -7 -8 -9 -10 10 12 -13 -14 -15
leaf_value=-0.0022072453378812773 0.00015645964416987558 -0.0029769537668051728 0.0044987726062863274 -0.0020959101157284592 0.0010716267720035143 -0.00011448550674575804 0.00021126768442659061 -0.00017877027983195882 -0.00068500198044474825 -0.002183186281642322 7.7662786636501586e-05 0.002586348478963287 -0.0023659633610852602 0.0032696990648536967
leaf_weight=1890 358525 2200 868 1711 10901 116286 8988 34144 39571 8302 60759 1541 1165 209
leaf_count=1890 358525 2200 868 1711 10901 116286 8988 34144 39571 8302 60759 1541 1165 209
internal_value=1.9346e-06 -0.000200204 -2.54422e-05 0.000619318 0.00132619 -0.000148047 -0.000158506 -0.000523955 -0.000806057 0.00010362 -0.000159578 -0.00133614 3.15026e-05 -0.00204744
internal_weight=647060 216559 140644 22468 11769 118176 10699 75915 41771 430501 71976 10052 61924 8511
internal_count=647060 216559 140644 22468 11769 118176 10699 75915 41771 430501 71976 10052 61924 8511
is_linear=0
shrinkage=0.03


Tree=23
num_leaves=15
num_cat=0
split_feature=9 19 20 8 21 21 8 16 15 8 17 4 16 19
split_gain=13.0286 9.70129 13.6506 9.97448 9.19143 8.03227 11.0372 10.5155 6.61455 6.11494 5.42304 5.24426 4.83774 8.01353
threshold=0.036152649535428766 0.11187734827399255 0.50039580464363109 0.17005116584446997 0.019422533921897415 0.01340160518884659 0.17456586853135084 -0.027247130870819088 0.0050767930183947575 0.04700215276620924 0.013256847858428957 -0.35022762417793268 0.03371089696884156 0.44170798361301428
decision_type=2 2 2 2 2 2 2 2 2 2 2 2 2 2
left_child=12 4 3 9 8 -5 7 -7 -2 -3 -11 -4 13 -1
right_child=1 2 11 5 -6 6 -8 -9 -10 10 -12 -13 -14 -15
leaf_value=0.00015128526345233929 -0.0027789985140791859 -0.0040457464372357851 -0.0010848093094630721 -0.0003873651518361131 -0.00073668294213682299 -7.0114148595068297e-05 -8.475385546572161e-05 -0.0050016637258310124 8.5596036832469961e-05 -0.000222346925007429 -0.002060049558202512 -0.00018898456494262372 -0.00014333267162241751 -0.0016547572304226245
leaf_weight=354990 725 470 6396 1304 14335 476 805 2131 116857 7905 1764 72513 63921 2220
leaf_count=354990 725 470 6396 1304 14335 476 805 2131 116857 7905 1764 72513 63921 2220
internal_value=-1.53852e-06 -0.000185462 -0.000418756 -0.00125287 -1.96311e-05 -0.00239208 -0.00315655 -0.00410309 6.78158e-05 -0.000722074 -0.000558506 -0.00026166 9.70256e-05 0.000140038
internal_weight=646812 225681 93764 14855 131917 4716 3412 2607 117582 10139 9669 78909 421131 357210
internal_count=646812 225681 93764 14855 131917 4716 3412 2607 117582 10139 9669 78909 421131 357210
is_linear=0
shrinkage=0.03


Tree=24
num_leaves=15
num_cat=0
split_feature=12 19 18 21 14 18 5 5 17 14 19 19 21 19
split_gain=13.5111 11.529 11.411 12.6696 9.80849 7.95663 8.46202 8.17645 7.92941 7.7394 5.93517 5.7359 5.16007 5.4825
threshold=0.62951592130007439 0.098680507391691222 0.11117553710937501 0.008049521595239641 0.013042966197133228 0.19621008634567264 0.048126876724929352 0.046361171027125427 -0.30981320142745966 0.066095421808982854 0.13882845640182498 0.41187657415866857 0.01052588550373912 0.116963729262352
decision_type=2 2 2 2 2 2 2 2 2 2 2 2 2 2
left_child=1 2 8 4 -4 6 10 -7 -1 -5 -3 -9 -2 -14
right_child=12 5 3 9 -6 7 -8 11 -10 -11 -12 -13 13 -15
leaf_value=-0.0020779238381431918 0.00019640848057065106 -0.0024912420609413248 0.0041259753837648806 -0.0019082017288516999 0.0010038593685351379 0.0014579019173656927 -0.00048234920645691154 -4.0147003152247195e-05 -0.00012003964626973182 0.00021245439602761985 -0.00099090062578320397 -0.0015803209822304754 0.00011931550020827215 -0.0001927461214040803
leaf_weight=1887 222808 3184 985 1874 10735 2937 41048 16761 116352 8811 9333 2496 121034 87147
leaf_count=1887 222808 3184 985 1874 10735 2937 41048 16761 116352 8811 9333 2496 121034 87147
internal_value=-1.04275e-06 -0.000194452 -3.37381e-05 0.000586955 0.0012679 -0.000492791 -0.000690675 -1.51511e-05 -0.000151372 -0.000160198 -0.00137339 -0.000240135 9.60709e-05 -1.13186e-05
internal_weight=647392 216403 140644 22405 11720 75759 53565 22194 118239 10685 12517 19257 430989 208181
internal_count=647392 216403 140644 22405 11720 75759 53565 22194 118239 10685 12517 19257 430989 208181
is_linear=0
shrinkage=0.03


Tree=25
num_leaves=15
num_cat=0
split_feature=12 8 18 8 19 18 8 8 18 16 19 8 9 8
split_gain=12.8318 12.2028 10.4087 10.3053 22.2396 15.0672 11.419 10.8139 10.562 10.2922 8.48661 8.2377 8.15831 8.17746
threshold=0.045912394180097411 0.17004137371538716 -0.31835636496543879 0.17456039764320272 0.27674183249473577 0.13126593828201297 0.17005002145703943 0.17004944558881532 0.044580459594726569 0.022417008876800541 0.12058227509260179 0.17005116584446997 -1.0000000180025095e-35 0.17004415557170749
decision_type=2 2 2 2 2 2 2 2 2 2 2 2 2 2
left_child=-1 2 -2 4 5 8 7 -6 -3 11 -5 -8 -10 -14
right_child=1 3 -4 10 6 -7 9 -9 12 -11 -12 -13 13 -15
leaf_value=-0.00079110173073348273 -0.0018462117238282464 4.892476276345504e-05 0.00010424146031403431 -0.00018840339746162177 -9.643093583852001e-05 0.00046115323337948317 0.0010085585768198099 -0.0027913539771527093 0.0035348902671705818 0.0028202046645612287 0.00050462292645870829 -0.0063824089082985007 -0.00042108549276886599 -0.0024454935428006052
leaf_weight=17897 2470 2577 486232 70064 26323 3453 368 1407 228 2061 20567 209 2125 11671
leaf_count=17897 2470 2577 486232 70064 26323 3453 368 1407 228 2061 20567 209 2125 11671
internal_value=9.03323e-07 2.34174e-05 9.43647e-05 -0.000222386 -0.000566149 -0.00134134 -5.41048e-05 -0.000233648 -0.00171628 0.00183008 -3.1115e-05 -0.00170042 -0.00204055 -0.00213394
internal_weight=647652 629755 488702 141053 50422 20054 30368 27730 16601 2638 90631 577 14024 13796
internal_count=647652 629755 488702 141053 50422 20054 30368 27730 16601 2638 90631 577 14024 13796
is_linear=0
shrinkage=0.03


Tree=26
num_leaves=15
num_cat=0
split_feature=12 19 18 21 10 18 18 8 17 13 8 21 8 8
split_gain=12.1198 11.3211 10.5477 11.0557 10.858 8.8121 8.25708 12.0677 11.7255 7.6768 7.35359 6.29887 5.55773 7.15314
threshold=0.73745291890946729 0.098680507391691222 0.11117553710937501 0.008049521595239641 0.018777122154928268 -0.31835636496543879 0.12926304340362552 0.049953523570720804 -0.015046119689941405 0.061933320217479965 0.14479554618942214 0.0085410219617187994 0.047001329397577264 0.047001398658655213
decision_type=2 2 2 2 2 2 2 2 2 2 2 2 2 2
left_child=1 2 5 4 -4 12 7 8 -3 -5 -6 -11 -1 -14
right_child=-2 6 3 9 10 -7 -8 -9 -10 11 -12 -13 13 -15
leaf_value=0.001908087631755267 0.00011437539504119441 -0.0053828128640585849 0.0043926315778873917 -0.002028937671028025 0.00020577422032196782 -7.5166880147705889e-05 -0.00015987081400984542 -0.00054958635588721869 -0.0014392811518559295 -0.0020406131078358524 0.0016492442777732933 0.0004132397247861105 -0.0065786222183402175 -0.0017351509537788727
leaf_weight=270 372854 847 863 1586 6391 147148 54884 39694 3368 1029 6313 10520 338 1407
leaf_count=270 372854 847 863 1586 6391 147148 54884 39694 3368 1029 6313 10520 338 1407
internal_value=2.97943e-06 -0.000148242 -3.88146e-06 0.000545182 0.00114566 -0.000102186 -0.000405211 -0.00071182 -0.00223717 -7.52424e-05 0.000923445 0.000193816 -0.00207019 -0.00268943
internal_weight=647512 274658 175865 26702 13567 149163 98793 43909 4215 13135 12704 11549 2015 1745
internal_count=647512 274658 175865 26702 13567 149163 98793 43909 4215 13135 12704 11549 2015 1745
is_linear=0
shrinkage=0.03


Tree=27
num_leaves=15
num_cat=0
split_feature=12 21 17 5 18 18 8 8 8 20 21 21 19 20
split_gain=12.2907 10.9512 11.576 8.9937 12.9283 18.9953 14.2772 12.6313 30.8359 14.799 14.2165 20.5577 13.2986 11.1433
threshold=0.045912394180097411 0.01052588550373912 0.14000630378723147 0.048126876724929352 0.046836435794830329 0.13793659210205081 0.049955909530085711 0.17004944558881532 0.17456039764320272 0.59436801075935375 0.01340160518884659 0.014671499375253918 0.26110927760601049 0.44771790504455572
decision_type=2 2 2 2 2 2 2 2 2 2 2 2 2 2
left_child=-1 -2 3 4 -3 6 13 -5 9 10 12 -12 -9 -6
right_child=1 2 -4 7 5 -7 -8 8 -10 -11 11 -13 -14 -15
leaf_value=-0.00077105993975156448 0.00014330498195875031 -1.1096630547417409e-05 0.00078652109170392688 3.9492393100140452e-05 -0.0068302299239475861 -0.00038222886060849183 -0.0010747832815086581 0.00014318246869352821 -0.00013841431639167624 -0.0048178263051677373 -0.0041763824627384259 7.4559403371780112e-05 -0.0041073836080359975 -0.0027872744107797112
leaf_weight=18071 325522 18175 12507 191551 804 11643 3805 4779 51765 1340 2966 1562 764 2610
leaf_count=18071 325522 18175 12507 191551 804 11643 3805 4779 51765 1340 2966 1562 764 2610
internal_value=2.22577e-07 2.23594e-05 -0.000107034 -0.00014535 -0.00058213 -0.00113222 -0.00234071 -8.1833e-05 -0.000449668 -0.00186096 -0.00146534 -0.00271149 -0.000445853 -0.00374799
internal_weight=647864 629793 304271 291764 37037 18862 7219 254727 63176 11411 10071 4528 5543 3414
internal_count=647864 629793 304271 291764 37037 18862 7219 254727 63176 11411 10071 4528 5543 3414
is_linear=0
shrinkage=0.03


Tree=28
num_leaves=15
num_cat=0
split_feature=12 12 8 18 8 18 18 8 18 16 21 8 18 8
split_gain=11.7396 8.74589 6.61928 7.28739 7.07187 9.28587 6.65788 7.37239 12.1895 8.56919 7.25475 5.99938 8.91232 8.66746
threshold=0.62951592130007439 0.0050100250702056126 0.17004137371538716 -0.31835636496543879 0.17456039764320272 0.10289329290390016 0.21078896522521975 0.13495106263695886 -0.14736050367355344 0.02257335186004639 0.013552838936448099 0.14479995727065961 -0.11366662383079527 0.14480240943677214
decision_type=2 2 2 2 2 2 2 2 2 2 2 2 2 2
left_child=1 -1 3 -3 5 -4 7 8 -5 -10 -8 12 -9 -13
right_child=-2 2 4 6 -6 -7 10 11 9 -11 -12 13 -14 -15
leaf_value=-0.0018941478931511755 9.0265748605568381e-05 -0.0019131404226597167 -0.0020337672297991681 0.00049552034678110887 -0.00018862392512211429 -0.00051808859835064951 0.00077295839320678779 -0.0010369825225435897 -0.00023623345673932822 -0.00095199827264574519 -0.00070988032165692351 -0.0014940185129652928 0.00084922031211802167 0.00011390438770547302
leaf_weight=2643 431064 1897 4983 15885 31562 13461 15216 2598 60825 20002 3685 3465 16864 23118
leaf_count=2643 431064 1897 4983 15885 31562 13461 15216 2598 60825 20002 3685 3465 16864 23118
internal_value=-2.16889e-07 -0.000180618 -0.000159367 -6.70099e-05 -0.000461405 -0.000928018 -4.52877e-05 -0.000115346 -0.000264099 -0.000413409 0.000483748 0.000197086 0.000597228 -9.59242e-05
internal_weight=647268 216204 213561 163555 50006 18444 161658 142757 96712 80827 18901 46045 19462 26583
internal_count=647268 216204 213561 163555 50006 18444 161658 142757 96712 80827 18901 46045 19462 26583
is_linear=0
shrinkage=0.03


Tree=29
num_leaves=15
num_cat=0
split_feature=12 21 19 20 18 16 19 20 7 21 18 21 16 20
split_gain=11.4959 9.6 9.255 14.9544 16.6969 13.2783 11.7825 9.40575 8.93213 12.1641 13.0404 9.65808 8.7869 8.58451
threshold=0.045912394180097411 0.01052588550373912 0.11187734827399255 0.49729374051094061 0.12926304340362552 -0.027247130870819088 0.12900651991367343 0.76113060116767894 0.00039099507810373869 0.01340160518884659 0.11521542072296144 0.014098464511334898 0.015277266502380373 0.44771790504455572
decision_type=2 2 2 2 2 2 2 2 2 2 2 2 2 2
left_child=-1 -2 7 4 5 -4 -7 -3 -8 12 11 -11 13 -10
right_child=1 2 3 -5 -6 6 8 -9 9 10 -12 -13 -14 -15
leaf_value=-0.00074913104567939212 0.00013517978601225821 -2.3899656761977731e-05 -0.00013395007474900644 -0.00010010702346348708 0.0006818607770064614 0.00086128179763357484 -0.00030767797005158931 0.00085619169409034267 -4.1186275296310144e-05 -0.0041932548888644052 -0.0065547679075575703 -0.0018322661424937778 0.00079408339022710053 -0.0029039635951879691
leaf_weight=17900 324928 176818 7888 84064 5259 1598 2890 11644 1526 2143 772 5759 1644 2462
leaf_count=17900 324928 176818 7888 84064 5259 1598 2890 11644 1526 2143 772 5759 1644 2462
internal_value=4.41786e-07 2.17654e-05 -9.92709e-05 -0.000310085 -0.000862615 -0.0011671 -0.00160057 3.04975e-05 -0.00182953 -0.00213675 -0.0028415 -0.00247481 -0.00104979 -0.00180995
internal_weight=647295 629395 304467 116005 31941 26682 18794 188462 17196 14306 8674 7902 5632 3988
internal_count=647295 629395 304467 116005 31941 26682 18794 188462 17196 14306 8674 7902 5632 3988
is_linear=0
shrinkage=0.03


Tree=30
num_leaves=15
num_cat=0
split_feature=12 13 21 18 18 20 21 8 18 18 14 21 14 8
split_gain=10.9517 7.84107 7.63848 9.0085 8.86736 11.9557 9.46657 6.90063 6.63798 5.54494 10.8541 10.6405 5.80214 5.52527
threshold=0.70756260166025353 0.020277122964749743 0.013346040621399881 -0.14736050367355344 0.044580459594726569 0.48636014759540563 0.01458967011421919 0.047002355992836489 -0.31835636496543879 0.11685323715209962 0.0080523585670286939 0.0076946034096181401 0.77591371476820403 0.047001329397577264
decision_type=2 2 2 2 2 2 2 2 2 2 2 2 2 2
left_child=1 -1 3 -3 8 6 -6 -7 13 12 11 -11 -5 -4
right_child=-2 2 4 9 5 7 -8 -9 -10 10 -12 -13 -14 -15
leaf_value=-0.00097347717210662327 9.9186308127875898e-05 0.0010248179194411403 0.0021629003510329195 -0.00031187010005728104 -0.0031150978270958647 -0.0017623596172316486 -0.00095777073726856904 -8.2171478517645453e-05 -8.4834652978535847e-05 0.00674075023790902 0.0001164686416296835 -0.00069224928785115484 0.00025134963809685996 -0.002465856197055279
leaf_weight=10067 390191 7227 264 80319 3101 2671 4475 12370 48119 434 65402 285 20701 1730
leaf_count=10067 390191 7227 264 80319 3101 2671 4475 12370 48119 434 65402 285 20701 1730
internal_value=-9.87797e-07 -0.000152979 -0.000119532 -1.18047e-05 -0.000377786 -0.000870801 -0.00184228 -0.000381028 -0.000155214 -5.66565e-05 0.000156917 0.00381 -0.000196448 -0.00184914
internal_weight=647356 257165 247098 174368 72730 22617 7576 15041 50113 167141 66121 719 101020 1994
internal_count=647356 257165 247098 174368 72730 22617 7576 15041 50113 167141 66121 719 101020 1994
is_linear=0
shrinkage=0.03


Tree=31
num_leaves=15
num_cat=0
split_feature=8 17 8 18 18 18 21 18 8 17 21 21 19 8
split_gain=10.7323 8.99694 15.3623 12.5325 11.1117 28.6939 27.0572 14.4744 12.9836 13.1518 11.117 11.0401 11.2434 10.4273
threshold=0.15857708621314398 0.14384436607360843 0.049956354981132801 -0.2385444641113281 0.048805534839630134 0.12087261676788331 0.014219570439308883 0.060652792453765876 0.049955909530085711 0.013256847858428957 0.010769030079245569 0.019643629901111129 0.43514244258403784 0.047002355992836489
decision_type=2 2 2 2 2 2 2 2 2 2 2 2 2 2
left_child=1 2 4 -4 -1 6 7 -6 10 -10 -7 12 -5 -12
right_child=-2 -3 3 11 5 8 -8 -9 9 -11 13 -13 -14 -15
leaf_value=2.2749170604627785e-05 -0.00022375240178813558 0.00074101032808639817 -0.0032200369037556332 0.00018922878490921949 -0.003720405211654578 0.00029556033421305892 -0.0051534323684257199 -0.0007722870494770329 -0.0059364937799405455 -0.0010870409607335334 -0.00161811655060358 -0.00083438593492773125 -0.0014907654682669237 0.00042097367887042802
leaf_weight=57557 148874 17182 994 354413 1780 27191 1855 9379 600 3017 6258 10077 3617 3526
leaf_count=57557 148874 17182 994 354413 1780 27191 1855 9379 600 3017 6258 10077 3617 3526
internal_value=-2.92694e-07 6.65852e-05 4.24494e-05 0.000135564 -0.000266716 -0.00057749 -0.00180301 -0.001244 -0.000184407 -0.00189857 -1.64886e-05 0.000144669 0.000172236 -0.000883421
internal_weight=646320 497446 480264 369101 111163 53606 13014 11159 40592 3617 36975 368107 358030 9784
internal_count=646320 497446 480264 369101 111163 53606 13014 11159 40592 3617 36975 368107 358030 9784
is_linear=0
shrinkage=0.03


Tree=32
num_leaves=15
num_cat=0
split_feature=9 13 8 8 18 8 18 18 21 8 8 21 21 21
split_gain=10.1787 8.285 7.78163 8.99172 11.0695 8.56991 16.0845 7.86472 7.26261 8.6206 10.057 14.4486 6.68871 10.7474
threshold=0.020299706630801186 0.020277122964749743 0.15857708621314398 0.13495106263695886 -0.2385444641113281 0.17456039764320272 0.10289329290390016 0.044580459594726569 0.019643629901111129 0.14479995727065961 0.14480240943677214 0.006910797208547593 0.01340160518884659 0.017404322512447837
decision_type=2 2 2 2 2 2 2 2 2 2 2 2 2 2
left_child=-1 -2 3 -3 -5 6 7 -4 9 -6 11 -11 -9 -14
right_child=1 2 5 4 8 -7 -8 12 -10 10 -12 -13 13 -15
leaf_value=0.00010721929121890629 -0.0011708766306874913 -0.00018377285436624508 -2.8493324773774897e-05 -0.0037757711964814295 0.00067842686222299991 -0.00010217508408093611 -0.00034795070535121231 -0.0012626011346677215 -0.0013417062008553645 -0.0030109629865730804 0.00017554003892039364 0.00064386483741386293 -0.0042274606885337167 -0.00066897856819996514
leaf_weight=347689 6741 111541 1703 615 32600 54831 27543 3015 2513 2199 50516 1741 2576 1088
leaf_count=347689 6741 111541 1703 615 32600 54831 27543 3015 2513 2199 50516 1741 2576 1088
internal_value=-3.17409e-06 -0.000131448 -0.000107472 -3.67783e-06 0.000219064 -0.000338165 -0.000698284 -0.00184857 0.000246703 0.000292629 6.1631e-05 -0.00139721 -0.00231229 -0.00317315
internal_weight=646911 299222 292481 201725 90184 90756 35925 8382 89569 87056 54456 3940 6679 3664
internal_count=646911 299222 292481 201725 90184 90756 35925 8382 89569 87056 54456 3940 6679 3664
is_linear=0
shrinkage=0.03


Tree=33
num_leaves=15
num_cat=0
split_feature=8 17 8 8 19 19 8 20 18 17 18 17 18 8
split_gain=9.36453 9.05957 13.8087 13.2739 15.8151 12.1772 10.3314 13.4762 18.0309 17.5349 17.1224 14.8518 12.6976 10.5165
threshold=0.15857708621314398 0.14384436607360843 0.049956620245035159 0.050384221673779254 -0.072392273694276796 0.03014033101499081 0.047001329397577264 0.77947330474853527 0.048805534839630134 -0.031638175249099725 0.060652792453765876 -0.0015747249126434324 -0.31835636496543879 0.047002355992836489
decision_type=2 2 2 2 2 2 2 2 2 2 2 2 2 2
left_child=1 2 6 -4 -5 -6 -1 8 12 13 11 -11 -8 -10
right_child=-2 -3 3 4 5 -7 7 -9 9 10 -12 -13 -14 -15
leaf_value=0.00014152308705288566 -0.00020987164676859095 0.00073799958462817305 0.00060479078016523972 -0.00045817467047193356 0.00056246790808832923 4.934262174365787e-05 -0.0022749596813602269 0.00039555707201119968 -0.0049399495918873429 0.0028971639368683098 -0.00080436601268779628 -0.0058933879319807824 0.00013143865466270238 0.0020861709444796213
leaf_weight=40201 148696 17192 45927 45554 51229 221916 2138 13786 1495 205 32261 1018 24942 217
leaf_count=40201 148696 17192 45927 45554 51229 221916 2138 13786 1495 205 32261 1018 24942 217
internal_value=-9.52196e-07 6.14196e-05 3.72242e-05 0.000128 5.92828e-05 0.000145589 -0.000247463 -0.000453049 -0.000640922 -0.00108863 -0.000936851 -0.00441411 -5.89344e-05 -0.00404589
internal_weight=646777 498081 480889 364626 318699 273145 116263 76062 62276 35196 33484 1223 27080 1712
internal_count=646777 498081 480889 364626 318699 273145 116263 76062 62276 35196 33484 1223 27080 1712
is_linear=0
shrinkage=0.03


Tree=34
num_leaves=15
num_cat=0
split_feature=6 21 8 8 16 21 21 8 20 19 20 8 14 16
split_gain=9.58304 7.46872 8.02373 22.2146 11.7253 7.68626 11.1262 10.1013 9.64671 9.22691 8.91655 8.53638 8.57397 6.99027
threshold=-1.0000000180025095e-35 0.01052588550373912 0.17004944558881532 0.17456281247456851 -0.027247130870819088 0.011803654953837396 0.01340160518884659 0.17456246954903751 0.59436801075935375 0.26110927760601049 0.48636014759540563 0.17456039764320272 0.98929812349028434 -0.0063419640064239493
decision_type=2 2 2 2 2 2 2 2 2 2 2 2 2 2
left_child=-1 -2 -3 4 -4 7 9 8 13 -7 11 12 -8 -6
right_child=1 2 3 -5 5 6 10 -9 -10 -11 -12 -13 -14 -15
leaf_value=-0.00033282074648257779 0.00014530834932263061 1.366398854824306e-05 0.00020819271600986674 5.1921799036850757e-06 -0.0026025224321038769 0.00076732154616279572 -0.0041019293789587245 -0.007389537007360651 -0.0045203845901881576 -0.004185273162250619 0.00016467209825687801 -0.001005343863178181 0.0013493907418385262 0.00026939544122509738
leaf_weight=68990 299294 218829 3905 41547 1736 3035 2604 368 1192 376 1440 1990 286 1356
leaf_count=68990 299294 218829 3905 41547 1736 3035 2604 368 1192 376 1440 1990 286 1356
internal_value=1.35583e-06 4.12485e-05 -7.05156e-05 -0.000378353 -0.00124946 -0.00164515 -0.00116464 -0.00264796 -0.00223251 0.000216062 -0.0019094 -0.00252097 -0.00356106 -0.00134464
internal_weight=646948 577958 278664 59835 18288 14383 9731 4652 4284 3411 6320 4880 2890 3092
internal_count=646948 577958 278664 59835 18288 14383 9731 4652 4284 3411 6320 4880 2890 3092
is_linear=0
shrinkage=0.03


Tree=35
num_leaves=15
num_cat=0
split_feature=12 19 17 21 19 19 8 8 16 8 17 4 8 16
split_gain=9.54061 7.92546 6.60019 5.49361 9.43653 8.4026 5.73485 8.02341 6.22828 5.24305 5.08557 4.87533 4.82709 4.76554
threshold=0.70756260166025353 0.098680507391691222 -0.30981320142745966 0.01340160518884659 0.20765503495931628 0.116963729262352 0.17456074467969648 0.17005116584446997 -0.027247130870819088 0.047002692418188267 0.078395009040832533 -0.14002412557601926 0.047001811744127715 0.03371089696884156
decision_type=2 2 2 2 2 2 2 2 2 2 2 2 2 2
left_child=1 2 -1 9 5 -5 7 -7 -9 10 12 -4 -3 -2
right_child=13 3 11 4 -6 6 -8 8 -10 -11 -12 -13 -14 -15
leaf_value=-0.0017277653798091683 0.00013905610640011098 -0.00325380175413205 -0.00014748468072431516 0.0010261319211740901 -2.5298439065298785e-05 -0.0013949103258432626 -0.00011906694532779176 0.00043638482113324457 -0.0041579324644195831 -0.00030372468558338169 0.0017363094151267961 0.0001812083221583645 0.00038061370918661787 -0.00015184213150897807
leaf_weight=2000 330602 396 88116 1259 8818 7441 2071 310 1811 65310 2307 75327 1825 59857
leaf_count=2000 330602 396 88116 1259 8818 7441 2071 310 1811 65310 2307 75327 1825 59857
internal_value=1.03262e-06 -0.000140916 -1.69835e-05 -0.000364869 -0.000781635 -0.00129875 -0.0015507 -0.00186055 -0.00348699 -0.000235266 0.0007514 4.00303e-06 -0.000273249 9.44603e-05
internal_weight=647450 256991 165443 91548 21710 12892 11633 9562 2121 69838 4528 163443 2221 390459
internal_count=647450 256991 165443 91548 21710 12892 11633 9562 2121 69838 4528 163443 2221 390459
is_linear=0
shrinkage=0.03


Tree=36
num_leaves=15
num_cat=0
split_feature=12 8 8 18 17 17 18 17 8 17 8 18 18 18
split_gain=9.57998 7.83779 8.66947 16.49 9.96539 8.83056 8.37579 10.8628 8.99307 8.17415 10.4502 11.6113 10.4928 25.8501
threshold=0.045912394180097411 0.17004137371538716 0.17456039764320272 0.10289329290390016 -0.026021152734756466 0.15771311521530154 0.044580459594726569 0.058737039566040046 0.17005048033810069 0.14384436607360843 0.049956354981132801 -0.2385444641113281 0.048805534839630134 0.12087261676788331
decision_type=2 2 2 2 2 2 2 2 2 2 2 2 2 2
left_child=-1 9 3 6 -5 -4 -3 8 -8 10 12 -12 -2 -14
right_child=1 2 5 4 -6 -7 7 -9 -10 -11 11 -13 13 -15
leaf_value=-0.00068107730464111148 8.1145921948198215e-05 8.5951014477358349e-05 1.3940908894250622e-05 0.0016107268639804924 -0.00031345140181324177 -0.0061745243607303837 -0.00063542635816629862 0.00089281725879930952 -0.0028040393507553192 0.00073067341791946861 -0.0031285760857628383 0.00013964243712833281 -0.0016972494781105473 -0.00013063260852017085
leaf_weight=17972 54598 2554 90377 2595 35468 203 2378 1150 6258 16683 976 365222 12581 38408
leaf_count=17972 54598 2554 90377 2595 35468 203 2378 1150 6258 16683 976 365222 12581 38408
internal_value=1.7806e-06 2.12827e-05 -0.000175761 -0.000491111 -0.000182073 -2.68188e-07 -0.00144389 -0.00184299 -0.00220761 7.81553e-05 5.50739e-05 0.000130889 -0.000207864 -0.000517307
internal_weight=647423 629451 140983 50403 38063 90580 12340 9786 8636 488468 471785 366198 105587 50989
internal_count=647423 629451 140983 50403 38063 90580 12340 9786 8636 488468 471785 366198 105587 50989
is_linear=0
shrinkage=0.03


Tree=37
num_leaves=15
num_cat=0
split_feature=13 8 8 19 17 8 20 16 17 8 17 8 8 19
split_gain=8.64987 7.93198 8.22652 16.8841 13.7456 10.8123 9.14686 9.11011 8.53724 8.44122 7.50368 10.8322 12.3001 14.0513
threshold=0.020277122964749743 0.17004137371538716 0.17456039764320272 0.27674183249473577 -0.022584587335586544 0.17005002145703943 0.58848804235458385 0.022417008876800541 0.15771311521530154 0.17004944558881532 0.14384436607360843 0.049956620245035159 0.050384221673779254 -0.072392273694276796
decision_type=2 2 2 2 2 2 2 2 2 2 2 2 2 2
left_child=-1 10 3 4 -3 9 -6 -7 -4 -5 11 -2 -13 -14
right_child=1 2 8 5 6 7 -8 -9 -10 -11 -12 12 13 -15
leaf_value=-0.00086610575944327838 -0.00020894608238568806 0.00030138510331669807 2.1904045835572266e-06 -9.8130227791215805e-05 -0.0013192697654722774 -0.0014643739317822518 -0.0036350672624674719 0.0026895845342864676 -0.0058880383392946939 -0.0024616836438060134 0.00069195727746389267 0.00059149285118221054 -0.00042792537096208029 0.00014345910742703845
leaf_weight=10203 112031 4535 91062 26682 14192 609 1719 2114 217 1428 16914 45201 45099 274306
leaf_count=10203 112031 4535 91062 26682 14192 609 1719 2114 217 1428 16914 45201 45099 274306
internal_value=2.54711e-07 1.41576e-05 -0.000182952 -0.000486985 -0.00115536 -4.36569e-05 -0.00157053 0.00175957 -1.21343e-05 -0.000218616 7.10923e-05 4.90532e-05 0.000128329 6.27759e-05
internal_weight=646312 636109 142558 51279 20446 30833 15911 2723 91279 28110 493551 476637 364606 319405
internal_count=646312 636109 142558 51279 20446 30833 15911 2723 91279 28110 493551 476637 364606 319405
is_linear=0
shrinkage=0.03


Tree=38
num_leaves=15
num_cat=0
split_feature=12 9 17 16 5 18 18 18 18 17 5 18 18 5
split_gain=8.77677 7.58931 5.92249 6.17426 6.63635 6.90923 10.7808 6.55435 6.69983 6.70018 5.95879 6.46504 8.76445 8.81383
threshold=0.0050100250702056126 0.0098920756805738076 0.18109416961669925 0.03371089696884156 0.048126876724929352 0.13998246192932132 0.065079033374786391 0.33749294281005865 -0.12065929174423216 -0.13010719418525693 0.15784707091279573 0.044580459594726569 0.11685323715209962 0.17104680150687757
decision_type=2 2 2 2 2 2 2 2 2 2 2 2 2 2
left_child=-1 -2 3 4 5 6 -3 8 9 -5 -6 -12 13 -13
right_child=1 2 -4 7 10 -7 -8 -9 -10 -11 11 12 -14 -15
leaf_value=-0.0017236133877055122 0.00013342286379384449 -9.9229699515245839e-05 0.00092764981033473042 -0.0012098780168820018 0.00011319877316282267 -2.5120138357465933e-05 -0.00162230585406372 0.0010066708503350509 -0.00055761778776405001 0.0011544201739510788 0.00010187212150363028 -0.0014483817912800399 -5.1153099986115127e-05 -0.00030548610771860687
leaf_weight=2631 266969 8301 5218 1455 181922 18467 8427 2936 49676 4130 42104 10919 30371 13683
leaf_count=2631 266969 8301 5218 1455 181922 18467 8427 2936 49676 4130 42104 10919 30371 13683
internal_value=3.93304e-06 1.09978e-05 -7.55572e-05 -8.96266e-05 -3.70507e-05 -0.000425213 -0.000866759 -0.000373446 -0.000446855 0.000537944 1.19217e-05 -0.000177867 -0.00039211 -0.000812924
internal_weight=647209 644578 377609 372391 314194 35195 16728 58197 55261 5585 278999 97077 54973 24602
internal_count=647209 644578 377609 372391 314194 35195 16728 58197 55261 5585 278999 97077 54973 24602
is_linear=0
shrinkage=0.03


Tree=39
num_leaves=15
num_cat=0
split_feature=12 17 21 21 8 16 17 16 5 8 8 16 19 20
split_gain=7.94217 6.97757 7.64121 7.73314 9.9636 7.85561 13.3352 6.75088 11.205 6.51708 22.422 11.0321 7.40989 7.23727
threshold=0.045912394180097411 0.18109416961669925 0.01052588550373912 0.0070861626882106074 0.17856354135326122 -0.034850299358367913 0.008381843566894533 -0.018895655870437619 0.046601488156518343 0.17004944558881532 0.17456281247456851 -0.027247130870819088 0.29046513140201574 0.31452874839305883
decision_type=2 2 2 2 2 2 2 2 2 2 2 2 2 2
left_child=-1 2 3 5 -5 6 -2 8 -7 -4 11 -11 13 -13
right_child=1 -3 9 4 -6 7 -8 -9 -10 10 -12 12 -14 -15
leaf_value=-0.00062004080619151413 -0.0004306253190198951 0.00088240237204914834 -2.7567182409568189e-05 0.00024867952558990707 -0.00099253394440855036 -0.0060687242640046083 -0.0053730809641794105 -0.00012186348157705597 0.001051422728472019 0.00019243003036268115 9.2746883431357422e-06 -0.0030808223186616648 -0.0043310371086417686 -0.0011480324962612192
leaf_weight=17938 1831 8328 233840 208359 5983 200 667 98451 6781 4072 44072 2009 818 13130
leaf_count=17938 1831 8328 233840 208359 5983 200 667 98451 6781 4072 44072 2009 818 13130
internal_value=2.30452e-06 2.00705e-05 8.48438e-06 0.000109731 0.000214011 -9.7361e-05 -0.00175843 -5.79239e-05 0.000843239 -0.000101031 -0.000369003 -0.00120116 -0.00155674 -0.00140545
internal_weight=646479 628541 620213 322272 214342 107930 2498 105432 6981 297941 64101 20029 15957 15139
internal_count=646479 628541 620213 322272 214342 107930 2498 105432 6981 297941 64101 20029 15957 15139
is_linear=0
shrinkage=0.03


Tree=40
num_leaves=15
num_cat=0
split_feature=12 19 18 18 18 8 5 5 8 8 4 2 19 19
split_gain=8.26292 7.22583 7.84641 5.98293 5.82072 11.8059 6.39704 5.62662 5.43654 6.97496 4.64202 11.4673 4.55215 4.35322
threshold=0.71181804845178587 0.098680507391691222 0.11117553710937501 -0.31835636496543879 0.19880378246307376 0.04700215276620924 0.046361171027125427 1.0000000180025095e-35 0.047001329397577264 0.047001398658655213 -0.18350529670715329 0.31081610918045049 0.40323638916015631 0.44170798361301428
decision_type=2 2 2 2 2 2 2 2 2 2 2 2 2 2
left_child=1 2 3 8 5 -3 10 -7 -1 -10 11 -6 -8 -2
right_child=13 4 -4 -5 6 7 12 -9 9 -11 -12 -13 -14 -15
leaf_value=0.0021707748138204415 0.0001002476352896758 -0.0029631489664718545 0.00047251863782561118 -7.5914046116675872e-05 0.0069807366657114673 -0.0014368589514192186 5.7499255249030292e-05 -0.00034914563172521774 -0.0061355457813572403 -0.0013855858985434278 0.0007696505537949283 -0.0019342077122177792 -0.0010676593475694267 -0.0007874082150816687
leaf_weight=275 382045 1689 25471 139543 356 4602 18892 60481 344 1397 2561 200 3900 5033
leaf_count=275 382045 1689 25471 139543 356 4602 18892 60481 344 1397 2561 200 3900 5033
internal_value=8.64266e-07 -0.000130041 -1.21642e-05 -9.93878e-05 -0.000342466 -0.000490552 3.91993e-05 -0.000426162 -0.00171998 -0.002339 0.00131277 0.00378526 -0.000135222 8.86958e-05
internal_weight=646789 259711 167030 141559 92681 66772 25909 65083 2016 1741 3117 556 22792 387078
internal_count=646789 259711 167030 141559 92681 66772 25909 65083 2016 1741 3117 556 22792 387078
is_linear=0
shrinkage=0.03


Tree=41
num_leaves=15
num_cat=0
split_feature=12 17 19 4 19 20 18 8 8 8 18 8 8 18
split_gain=7.78876 6.40697 7.53189 7.02514 6.3781 5.47815 11.5594 7.77304 5.51147 5.07927 5.05485 5.92352 6.31768 5.82345
threshold=0.016986742758211638 0.18109416961669925 0.40323638916015631 -0.10330602526664732 0.11850060522556306 0.50039580464363109 0.12706887722015384 0.04700215276620924 0.17004198318676542 0.056134814079246323 -0.31835636496543879 0.047001329397577264 0.047001398658655213 -0.14736050367355344
decision_type=2 2 2 2 2 2 2 2 2 2 2 2 2 2
left_child=-1 2 3 4 10 6 7 -6 -9 -3 11 -2 -13 -12
right_child=1 9 -4 -5 5 -7 -8 8 -10 -11 13 12 -14 -15
leaf_value=-0.00094668972158488268 0.0022027212957072963 0.0014161535453502186 -0.00067862565853678085 0.00010599405510588648 -0.0047309978304973088 -0.00019271647614167226 0.0008567674410466362 -0.00050146102546367991 -0.0017132643339879705 -8.7527025981547213e-05 0.00042048241880413191 -0.0053389880995021411 -0.0011613633682553597 -5.7258157032452437e-05
leaf_weight=7748 347 5168 14424 340363 524 56888 3107 7849 5933 3318 26469 406 1594 173172
leaf_count=7748 347 5168 14424 340363 524 56888 3107 7849 5933 3318 26469 406 1594 173172
internal_value=-1.53265e-06 9.92481e-06 -1.08913e-06 1.47644e-05 -9.76222e-05 -0.000335269 -0.000800797 -0.00116096 -0.00102356 0.000828514 -1.0198e-05 -0.00139285 -0.00202062 6.09106e-06
internal_weight=647310 639562 631076 616652 276289 74301 17413 14306 13782 8486 201988 2347 2000 199641
internal_count=647310 639562 631076 616652 276289 74301 17413 14306 13782 8486 201988 2347 2000 199641
is_linear=0
shrinkage=0.03


Tree=42
num_leaves=15
num_cat=0
split_feature=13 21 17 8 19 18 18 8 21 19 21 18 19 14
split_gain=7.40975 6.84751 7.99877 8.35129 34.2825 33.4566 9.94124 9.66013 8.34922 7.63809 7.58774 7.45931 7.00959 6.76186
threshold=0.020277122964749743 0.010665785521268846 0.14000630378723147 0.04700282619507299 0.017993674613535408 0.12221527099609376 -0.2385444641113281 0.050384221673779254 0.015189645811915399 0.15070983022451404 0.023354209028184417 -0.0058202147483825675 0.43514244258403784 0.0036726455907121207
decision_type=2 2 2 2 2 2 2 2 2 2 2 2 2 2
left_child=-1 13 3 4 11 -6 -5 8 -8 -7 12 -3 -9 -2
right_child=1 2 -4 6 5 9 7 10 -10 -11 -12 -13 -14 -15
leaf_value=-0.00080608301500549161 0.0033446708558792742 -0.0001209241065092325 0.0006383034661031384 -0.0030798920921931948 -0.0054568020488666028 0.00016848485834820758 0.00077415438168243966 -8.0072345886630659e-05 -0.00012521859812774793 -0.0018504720135309148 -0.0011379697699995816 0.0018188494406107738 -0.001410901030826333 9.7053809513718476e-05
leaf_weight=10171 573 21574 12830 978 2076 2575 21460 204975 16376 4878 6574 1940 3620 336708
leaf_count=10171 573 21574 12830 978 2076 2575 21460 204975 16376 4878 6574 1940 3620 336708
internal_value=-2.93841e-06 9.8889e-06 -9.44166e-05 -0.00012718 -0.000575785 -0.00209322 -6.88063e-05 -5.71062e-05 0.000384927 -0.00115328 -0.000134842 3.94677e-05 -0.000103201 0.000102621
internal_weight=647308 637137 299856 287026 33043 9529 253983 253005 37836 7453 215169 23514 208595 337281
internal_count=647308 637137 299856 287026 33043 9529 253983 253005 37836 7453 215169 23514 208595 337281
is_linear=0
shrinkage=0.03


Tree=43
num_leaves=15
num_cat=0
split_feature=12 19 19 16 19 16 4 21 19 21 19 20 19 19
split_gain=7.44077 6.50472 5.63998 4.84935 6.47654 5.85121 4.66447 4.17625 6.03193 5.36066 5.23831 7.93267 6.34694 5.59149
threshold=0.62951592130007439 0.098680507391691222 -0.3114336878061294 0.03371089696884156 0.42520719766616827 0.010737895965576174 -0.14002412557601926 0.015189645811915399 -0.13447330892086026 0.014454654883593323 -0.083282086998224245 0.45486377179622656 0.03014033101499081 0.3055540025234223
decision_type=2 2 2 2 2 2 2 2 2 2 2 2 2 2
left_child=1 2 -1 4 7 -6 -4 8 -2 10 11 -10 -12 -14
right_child=3 -3 6 -5 5 -7 -8 -9 9 -11 12 -13 13 -15
leaf_value=-0.0016509489635086851 0.00069246725114138091 -0.0003697589890843295 -0.00015899167793030029 -0.00016633670678323226 -0.0023168409432619704 -0.0001405689718878436 0.00019109715735160561 -0.00011058537675737728 0.00018992170179156154 0.00090587372615501369 0.00044587254165780432 -0.0009900243447239106 2.5548301351141659e-05 0.00056687723234300619
leaf_weight=1889 18745 75802 76729 66153 1831 2821 61864 56051 11325 7927 52548 9364 184273 18933
leaf_count=1889 18745 75802 76729 66153 1831 2821 61864 56051 11325 7927 52548 9364 184273 18933
internal_value=-2.27132e-06 -0.000145797 -2.49416e-05 6.99258e-05 0.000112887 -0.000998705 -2.72066e-06 0.000127298 0.000171288 0.000136922 0.000114856 -0.000344241 0.000152 7.59974e-05
internal_weight=646255 216284 140482 429971 363818 4652 138593 359166 303115 284370 276443 20689 255754 203206
internal_count=646255 216284 140482 429971 363818 4652 138593 359166 303115 284370 276443 20689 255754 203206
is_linear=0
shrinkage=0.03


Tree=44
num_leaves=15
num_cat=0
split_feature=9 19 20 18 8 8 18 19 16 17 8 20 20 18
split_gain=6.92572 8.05433 11.213 16.5991 7.89896 7.76351 7.26012 7.21471 9.23655 5.62908 5.58137 27.7729 13.7777 5.55424
threshold=0.0098920756805738076 0.11850060522556306 0.50039580464363109 0.12706887722015384 0.17005275234985087 0.04700215276620924 0.11685323715209962 0.14498201012611392 -0.027247130870819088 0.092377007007598891 0.17004944558881532 0.68317082524299633 0.56024983525276195 0.13637942075729373
decision_type=2 2 2 2 2 2 2 2 2 2 2 2 2 2
left_child=-1 6 3 5 10 -3 -2 -7 -9 -6 -4 12 -12 -5
right_child=1 2 4 13 9 7 -8 8 -10 -11 11 -13 -14 -15
leaf_value=0.00011498857931999027 -3.5257433513938389e-05 -0.0047455883301426097 -0.00017567747668516528 0.0028212076635345403 0.00075162992047734536 -0.00026453996247522614 0.00047289426315853675 -8.1906288608544573e-05 -0.0019647106394579676 -0.00081508927652112085 0.0010428939802350997 0.0023218810941254618 -0.0029780414424911417 0.0002538459606711173
leaf_weight=267653 195627 541 109400 991 12807 6098 29059 3078 9848 2456 948 1621 3963 3184
leaf_count=267653 195627 541 109400 991 12807 6098 29059 3078 9848 2456 948 1621 3963 3184
internal_value=-1.87907e-06 -8.42774e-05 -0.000250682 -0.000850577 -0.000142101 -0.00121698 3.04717e-05 -0.00111542 -0.00151657 0.000499342 -0.000226568 -0.00107811 -0.00220158 0.000865894
internal_weight=647274 379621 154935 23740 131195 19565 224686 19024 12926 15263 115932 6532 4911 4175
internal_count=647274 379621 154935 23740 131195 19565 224686 19024 12926 15263 115932 6532 4911 4175
is_linear=0
shrinkage=0.03


Tree=45
num_leaves=15
num_cat=0
split_feature=13 21 18 17 8 18 20 18 21 20 19 19 17 19
split_gain=7.32538 6.66313 13.0428 5.60022 9.17374 14.3444 23.7404 8.96049 9.0036 6.8493 6.70663 5.61998 5.51127 6.28653
threshold=0.020277122964749743 0.012545560020953419 -0.15196397900581357 0.14000630378723147 0.04700282619507299 0.082270562648773207 0.45847754180431372 -0.2385444641113281 0.023354209028184417 0.92254728078842174 0.15854619443416598 0.43514244258403784 0.18109416961669925 0.22199526429176333
decision_type=2 2 2 2 2 2 2 2 2 2 2 2 2 2
left_child=-1 2 -2 4 5 -3 -7 -6 11 -5 -8 -9 13 -4
right_child=1 3 12 9 7 6 10 8 -10 -11 -12 -13 -14 -15
leaf_value=-0.00079782577231799444 0.0011306772422456641 -0.00018879438823393629 0.00010342852473395945 0.00089034896284631918 -0.0029261739550491246 -0.0055785996211100159 -6.3249917362868819e-05 -2.1898631427237836e-06 -0.0011290131780431064 -0.0010737495554219172 -0.0019696008082261602 -0.0012558474498213714 0.0012698500321149471 -0.00018909681922303431
leaf_weight=10173 10392 15418 332298 8899 990 1232 3206 163173 6945 1943 3442 3278 3329 82538
leaf_count=10173 10392 15418 332298 8899 990 1232 3206 163173 6945 1943 3442 3278 3329 82538
internal_value=6.5317e-07 1.34095e-05 8.10859e-05 -0.000125676 -0.000162089 -0.000721144 -0.00176196 -8.73811e-05 -7.10891e-05 0.000538029 -0.001051 -2.69157e-05 5.49888e-05 4.52245e-05
internal_weight=647256 637083 428557 208526 197684 23298 7880 174386 173396 10842 6648 166451 418165 414836
internal_count=647256 637083 428557 208526 197684 23298 7880 174386 173396 10842 6648 166451 418165 414836
is_linear=0
shrinkage=0.03


Tree=46
num_leaves=15
num_cat=0
split_feature=12 19 18 21 14 14 21 19 20 21 16 19 18 16
split_gain=6.66566 5.38241 6.72054 10.8509 13.076 5.75001 4.85052 10.1335 8.30937 6.50003 4.51815 6.20299 5.70881 5.30184
threshold=0.62951592130007439 0.12900651991367343 0.12087261676788331 0.008049521595239641 0.013042966197133228 0.073585181238741484 0.01340160518884659 0.20765503495931628 0.47368079423904424 0.014908227138221266 0.03371089696884156 0.42520719766616827 -0.13000044226646421 0.010737895965576174
decision_type=2 2 2 2 2 2 2 2 2 2 2 2 2 2
left_child=1 2 -1 4 -4 -5 -3 8 9 -8 11 -2 -12 -13
right_child=10 6 3 5 -6 -7 7 -9 -10 -11 12 13 -14 -15
leaf_value=-0.00012742678230551565 0.00012252622159486938 -0.00021539840899976217 0.0041970824322897834 -0.0016499621906680972 0.00072557336388141792 6.6268417225033639e-05 -0.003765242401401294 2.0248416446264802e-05 -0.00081921653010301259 -0.00092623192865175957 0.0009683417081625329 -0.0022471393094756951 -0.00022926830663602181 -0.00016620685515272336
leaf_weight=127141 359671 48343 1059 2147 11935 9569 1991 7264 5889 1147 3795 1810 62540 2807
leaf_count=127141 359671 48343 1059 2147 11935 9569 1991 7264 5889 1147 3795 1810 62540 2807
internal_value=-1.24075e-06 -0.000137036 -3.94389e-05 0.000413222 0.00101 -0.000248807 -0.000366308 -0.000813925 -0.00148482 -0.00273065 6.70275e-05 0.000108495 -0.000160686 -0.000983542
internal_weight=647108 216485 151851 24710 12994 11716 64634 16291 9027 3138 430623 364288 66335 4617
internal_count=647108 216485 151851 24710 12994 11716 64634 16291 9027 3138 430623 364288 66335 4617
is_linear=0
shrinkage=0.03


Tree=47
num_leaves=15
num_cat=0
split_feature=9 18 8 5 18 21 19 18 14 21 17 8 17 16
split_gain=6.50434 6.06483 5.4988 10.7794 8.85082 5.40965 5.68675 6.11054 5.21766 5.04015 6.08918 5.86392 9.01145 15.5293
threshold=0.047403042479637135 -0.17647090554237363 0.17004137371538716 0.10392681376192971 -0.2385444641113281 0.019643629901111129 0.051696008071303375 -0.087299019098281846 0.0036726455907121207 0.017776912078261379 0.18109416961669925 0.049956354981132801 0.05349236726760865 -0.0030477643013000484
decision_type=2 2 2 2 2 2 2 2 2 2 2 2 2 2
left_child=1 -1 3 8 -5 6 7 -6 -2 10 11 12 13 -3
right_child=2 9 -4 4 5 -7 -8 -9 -10 -11 -12 -13 -14 -15
leaf_value=0.00056441813715976284 -0.0040913707926513374 0.00011047702065213753 -0.00037371656486240073 -0.0038306845530233103 -0.00015245482728931315 -0.00087183829270521889 1.7694239570748602e-05 0.0007832071256786313 -0.00038134639219744213 -0.0003444441006126145 0.0010472333606991379 0.00010691329324668168 0.00020653329998747302 -0.00096830086842741663
leaf_weight=20548 339 23545 64394 486 8335 3937 37981 25478 42325 29085 5588 328309 32580 24506
leaf_count=20548 339 23545 64394 486 8335 3937 37981 25478 42325 29085 5588 328309 32580 24506
internal_value=8.66782e-07 6.06174e-05 -0.000150455 -2.95102e-05 0.000184218 0.000210235 0.000269629 0.000552575 -0.000411302 3.72754e-05 6.40622e-05 5.06149e-05 -0.00017861 -0.000439743
internal_weight=647436 464161 183275 118881 76217 75731 71794 33813 42664 443613 414528 408940 80631 48051
internal_count=647436 464161 183275 118881 76217 75731 71794 33813 42664 443613 414528 408940 80631 48051
is_linear=0
shrinkage=0.03


Tree=48
num_leaves=15
num_cat=0
split_feature=12 19 18 21 21 9 15 19 8 13 20 21 21 18
split_gain=6.69479 6.1676 6.88275 9.29699 6.47472 6.07687 5.39038 6.27392 6.21182 5.35071 5.19185 5.15465 6.32503 5.08841
threshold=0.73745291890946729 0.098680507391691222 0.11117553710937501 0.008049521595239641 0.0083967023529112356 0.0032984270213943585 0.037759726246994273 0.053768506273627288 0.14479554618942214 0.083467144348363997 0.078103616833686842 0.030785156413912777 0.023354209028184417 0.19880378246307376
decision_type=2 2 2 2 2 2 2 2 2 2 2 2 2 2
left_child=1 2 10 6 5 -5 7 -4 -8 -6 -1 12 -12 -3
right_child=-2 13 3 4 9 -7 8 -9 -10 -11 11 -13 -14 -15
leaf_value=-0.001011036200471173 8.2894741029491373e-05 -0.00043610658962004909 -1.1348991376248055e-05 -0.0054462803906093092 -0.0013839987110696567 -0.00052625964891867721 0.0001298534392355628 0.0045890630153942865 0.0014772094484548522 0.0003309946147816758 -3.8723350755368701e-05 0.0017255505782122406 -0.0013793192567561031 4.3522152054069864e-05
leaf_weight=5250 372597 71172 415 377 1947 556 6125 742 6191 10151 139590 1450 3236 27636
leaf_count=5250 372597 71172 415 377 1947 556 6125 742 6191 10151 139590 1450 3236 27636
internal_value=4.18019e-08 -0.000112281 -5.8052e-06 0.000439713 -0.000131612 -0.00253274 0.000992139 0.00294601 0.000807466 5.45332e-05 -8.4787e-05 -5.10482e-05 -6.91444e-05 -0.000301962
internal_weight=647435 274838 176030 26504 13031 933 13473 1157 12316 12098 149526 144276 142826 98808
internal_count=647435 274838 176030 26504 13031 933 13473 1157 12316 12098 149526 144276 142826 98808
is_linear=0
shrinkage=0.03


Tree=49
num_leaves=15
num_cat=0
split_feature=12 8 19 20 16 17 19 16 18 19 8 8 19 19
split_gain=6.45925 5.59469 7.49436 6.78868 13.1021 13.2156 8.44872 7.08592 7.71765 6.02102 9.85312 5.96481 12.8358 10.7266
threshold=0.016986742758211638 0.15857708621314398 -0.072392273694276796 0.42202498018741613 -0.027247130870819088 -0.083188891410827623 0.25348185002803808 0.066051781177520766 0.073675751686096205 1.0000000180025095e-35 0.17005587177536233 0.13495106263695886 -0.16268047690391538 0.036853719502687461
decision_type=2 2 2 2 2 2 2 2 2 2 2 2 2 2
left_child=-1 11 -3 4 -4 -6 9 8 -5 -7 -11 -2 -13 -14
right_child=1 2 3 7 5 6 -8 -9 -10 10 -12 12 13 -15
leaf_value=-0.00086122492896296868 -1.3985808970411896e-05 0.0011686547468814281 0.00023799484685370996 0.00030666723012488768 0.00024494199414562545 -0.0027577055342319465 0.0018569463539237774 -0.0020865705438092496 -0.000225120376627508 -0.0025763099796756797 -0.00068665317660109341 -0.0020895150228308111 0.00061973741825293151 8.1526302303476229e-05
leaf_weight=7727 328405 3770 11647 37046 5482 3257 653 1548 72857 3657 7734 2155 47054 114218
leaf_count=7727 328405 3770 11647 37046 5482 3257 653 1548 72857 3657 7734 2155 47054 114218
internal_value=6.74745e-07 1.10959e-05 -0.000150852 -0.000185466 -0.000567446 -0.00101877 -0.00147146 -7.42969e-05 -4.58601e-05 -0.00162043 -0.00129418 5.97148e-05 0.000207812 0.000238573
internal_weight=647210 639483 147651 143881 32430 20783 15301 111451 109903 14648 11391 491832 163427 161272
internal_count=647210 639483 147651 143881 32430 20783 15301 111451 109903 14648 11391 491832 163427 161272
is_linear=0
shrinkage=0.03


Tree=50
num_leaves=15
num_cat=0
split_feature=12 4 19 19 8 8 16 16 21 21 19 21 19 8
split_gain=7.14136 5.4198 7.46375 4.66775 7.90532 7.57412 4.42631 4.36455 4.89086 4.76175 7.25745 4.99431 4.1427 4.10271
threshold=0.016986742758211638 -0.076629251241683946 0.11187734827399255 -0.3114336878061294 0.047001329397577264 0.047001536825169957 0.039575099945068366 0.0021879673004150395 0.015086432453244926 0.030785156413912777 -0.23306951671838758 0.023354209028184417 -0.19708251953124997 0.047001743190392832
decision_type=2 2 2 2 2 2 2 2 2 2 2 2 2 2
left_child=-1 2 3 4 -2 -6 -7 8 -5 11 -11 12 -9 -10
right_child=1 -3 -4 7 5 6 -8 9 13 10 -12 -13 -14 -15
leaf_value=-0.00090652704931066326 0.0043267388195874024 0.00010518595872672578 -0.00027577551490567937 0.00025951613886294518 -0.0030930752724338548 0.0027034078497349856 -0.0017031767727837127 -0.0014268197149738802 0.0011144548923276145 -0.00056552695368224017 0.003179611495086171 -0.0013185732729241674 -7.0144236024352201e-05 -0.00025049512598034708
leaf_weight=7713 203 297267 108320 98063 1438 410 401 2066 2113 889 970 3121 92653 30853
leaf_count=7713 203 297267 108320 98063 1438 410 401 2066 2113 889 970 3121 92653 30853
internal_value=5.64805e-07 1.15248e-05 -7.00052e-05 2.55859e-05 -0.0012751 -0.00178921 0.000527481 3.9436e-05 0.000153249 -0.000110143 0.00139192 -0.000138752 -9.98096e-05 -0.000162851
internal_weight=646480 638767 341500 233180 2452 2249 811 230728 131029 99699 1859 97840 94719 32966
internal_count=646480 638767 341500 233180 2452 2249 811 230728 131029 99699 1859 97840 94719 32966
is_linear=0
shrinkage=0.03


Tree=51
num_leaves=15
num_cat=0
split_feature=12 17 19 16 18 18 8 8 8 18 8 8 16 18
split_gain=6.36455 5.3726 6.51628 5.8687 8.2032 6.8935 6.45612 9.85984 10.5651 10.1529 13.8357 15.9521 19.3 10.0572
threshold=0.0050100250702056126 0.18109416961669925 0.40323638916015631 0.03371089696884156 0.33749294281005865 -0.13658437132835385 0.049956620245035159 0.059458218595553891 0.074186658326354765 -0.16830378770828244 0.14479995727065961 0.14480240943677214 -0.012318104505538939 -0.15196397900581357
decision_type=2 2 2 2 2 2 2 2 2 2 2 2 2 2
left_child=-1 2 3 6 5 -5 -2 -8 13 -10 -11 12 -12 -9
right_child=1 -3 -4 4 -6 -7 7 8 9 10 11 -13 -14 -15
leaf_value=-0.0014717887559893993 -0.00017022803158815616 0.00074886779085504851 -0.00063035650361027956 0.0006344067638296869 0.0014523139607095963 -0.00034246297826825273 0.00035232987295255401 0.001142148487848469 -0.0014554272478784574 0.00052338305081856842 -0.0050735645045270018 4.7775672988368086e-05 -0.00072437952507216092 -0.00048598329987108272
leaf_weight=2632 99468 8618 14647 7069 2577 80375 104020 3666 3761 58111 1096 206781 5549 48939
leaf_count=2632 99468 8618 14647 7069 2577 80375 104020 3666 3761 58111 1096 206781 5549 48939
internal_value=-9.5517e-07 5.06112e-06 -5.02257e-06 9.72183e-06 -0.000214266 -0.000263461 4.76684e-05 9.78494e-05 1.7117e-05 9.15571e-05 0.00011301 1.26571e-06 -0.00144499 -0.000372422
internal_weight=647309 644677 636059 621412 90021 87444 531391 431923 327903 275298 271537 213426 6645 52605
internal_count=647309 644677 636059 621412 90021 87444 531391 431923 327903 275298 271537 213426 6645 52605
is_linear=0
shrinkage=0.03


Tree=52
num_leaves=15
num_cat=0
split_feature=12 9 19 20 18 8 8 18 19 16 8 8 17 8
split_gain=5.96348 5.50295 6.19043 9.87874 14.9654 7.47909 6.85247 6.68342 6.16352 8.08462 5.82051 8.19614 5.52303 6.10643
threshold=0.0050100250702056126 0.0098920756805738076 0.11850060522556306 0.50039580464363109 0.12706887722015384 0.17005275234985087 0.04700215276620924 0.11685323715209962 0.14498201012611392 -0.022782653570175167 0.17857151720761819 0.14479554618942214 -0.006304144859313964 0.17004944558881532
decision_type=2 2 2 2 2 2 2 2 2 2 2 2 2 2
left_child=-1 -2 7 4 6 12 -4 -3 -8 -10 11 -9 -5 -14
right_child=1 2 3 5 -6 -7 8 10 9 -11 -12 -13 13 -15
leaf_value=-0.0014308115402184636 0.00011001328826216933 -3.0194408204487748e-05 -0.0044132346576062969 0.00096648345003211939 0.00084987513198975825 0.00051382137732429521 -0.00024232585991747571 0.00023325697721952385 -0.00031055413013318255 -0.0019232501806886737 -0.00063701488662912373 0.0013768737220357335 -0.00017877330939098133 -0.0011631736943630126
leaf_weight=2606 267131 194511 551 3569 4174 15180 6045 16476 4127 8695 3783 8573 105759 5988
leaf_count=2606 267131 194511 551 3569 4174 15180 6045 16476 4127 8695 3783 8573 105759 5988
internal_value=2.42674e-08 5.82027e-06 -6.7924e-05 -0.000214194 -0.000779069 -0.000112046 -0.00112935 3.29926e-05 -0.0010323 -0.0014045 0.000459206 0.000624856 -0.000194453 -0.000231572
internal_weight=647168 644562 377431 154088 23592 130496 19418 223343 18867 12822 28832 25049 115316 111747
internal_count=647168 644562 377431 154088 23592 130496 19418 223343 18867 12822 28832 25049 115316 111747
is_linear=0
shrinkage=0.03


Tree=53
num_leaves=15
num_cat=0
split_feature=12 19 18 21 10 21 8 16 13 7 20 18 8 5
split_gain=5.41592 4.66421 6.12464 9.23323 9.34395 6.10958 5.21738 6.69025 5.10892 4.98942 4.52473 4.27065 9.72662 6.28692
threshold=0.70756260166025353 0.098680507391691222 0.11117553710937501 0.008049521595239641 0.018777122154928268 0.0083967023529112356 0.14479554618942214 -0.020031958818435665 0.047074481908127887 0.0016368603106494408 0.72409316897392284 0.19880378246307376 0.04700215276620924 0.046361171027125427
decision_type=2 2 2 2 2 2 2 2 2 2 2 2 2 2
left_child=1 2 -1 4 10 9 7 -6 -7 -5 -4 12 -3 -13
right_child=-2 11 3 5 6 8 -8 -9 -10 -11 -12 13 -14 -15
leaf_value=-8.7775667874063893e-05 7.2272471472874348e-05 -0.0026810309242217851 0.0057711918469854134 -0.005547359784749838 -0.0044532059234756319 -0.0018117788944819718 0.0013806018853074443 0.00035261134009660129 0.00023063297927489786 -0.00079782582465106017 0.0013790729358069205 0.0013185491329415124 -0.00034616512496397222 -0.00012231227237595251
leaf_weight=139742 389779 1642 511 320 268 1229 6076 5786 10320 519 364 3094 64363 22605
leaf_count=139742 389779 1642 511 320 268 1229 6076 5786 10320 519 364 3094 64363 22605
internal_value=1.79464e-06 -0.000105162 -9.89033e-06 0.000418659 0.000976826 -0.000167466 0.000759925 0.000136367 1.25974e-05 -0.00263146 0.00396229 -0.000276711 -0.000404448 5.13812e-05
internal_weight=646618 256839 165135 25393 13005 12388 12130 6054 11549 839 875 91704 66005 25699
internal_count=646618 256839 165135 25393 13005 12388 12130 6054 11549 839 875 91704 66005 25699
is_linear=0
shrinkage=0.03


Tree=54
num_leaves=15
num_cat=0
split_feature=4 18 8 18 16 8 21 21 16 5 5 18 21 16
split_gain=5.40422 4.8672 9.09841 9.43517 7.56704 5.62512 6.78642 5.45767 4.89618 4.89365 8.00759 8.98354 6.60068 13.1937
threshold=-0.076629251241683946 -0.14736050367355344 0.14479221047977611 -0.31835636496543879 -0.023953676223754879 0.047001329397577264 0.030785156413912777 0.023354209028184417 -0.037119865417480462 0.10392681376192971 0.1564589327163822 -0.0072827339172363273 0.006910797208547593 -0.034850299358367913
decision_type=2 2 2 2 2 2 2 2 2 2 2 2 2 2
left_child=1 2 3 5 -4 -1 -7 9 -8 -3 12 -12 13 -11
right_child=-2 7 4 -5 -6 6 8 -9 -10 10 11 -13 -14 -15
leaf_value=0.0021550058621931352 9.2749075285025097e-05 -0.00022160272928219412 -0.0023747277787991498 0.00065365458216324224 2.5324820141367197e-05 0.0029723439116864218 -0.0046472624364800952 -0.0010671854010254711 -0.0013792117096049297 -0.0051596882477808262 0.00029787334595997262 -0.00032718546587416083 0.00045080323385814585 -0.00014550498560479474
leaf_weight=354 298408 153036 1937 25104 3022 223 633 5345 1187 491 29194 71046 46935 9888
leaf_count=354 298408 153036 1937 25104 3022 223 633 5345 1187 491 29194 71046 46935 9888
internal_value=-9.48552e-07 -8.12028e-05 0.000268594 0.000481894 -0.00091359 -0.00131458 -0.00191957 -0.000117146 -0.00252547 -0.000100779 1.65828e-05 -0.000145137 0.000299412 -0.000385081
internal_weight=646803 348395 32460 27501 4959 2397 2043 315935 1820 310590 157554 100240 57314 10379
internal_count=646803 348395 32460 27501 4959 2397 2043 315935 1820 310590 157554 100240 57314 10379
is_linear=0
shrinkage=0.03


Tree=55
num_leaves=15
num_cat=0
split_feature=12 21 17 20 18 18 21 18 17 5 18 18 20 17
split_gain=5.66914 5.41652 6.18206 7.64678 8.37793 7.25824 9.86559 9.62692 6.15452 6.37991 6.49327 11.4774 5.79048 5.56415
threshold=0.0050100250702056126 0.01052588550373912 0.015023767948150637 0.6052089035511018 -0.023500025272369381 0.018278241157531742 0.0069377899635583171 -0.054310053586959832 0.14000630378723147 0.048126876724929352 0.046836435794830329 0.13793659210205081 0.92254728078842174 0.043867051601409919
decision_type=2 2 2 2 2 2 2 2 2 2 2 2 2 2
left_child=-1 2 -2 5 -5 6 7 -4 9 10 -3 -12 -10 -8
right_child=1 8 3 4 -6 -7 13 -9 12 -11 11 -13 -14 -15
leaf_value=-0.0013781701906798222 0.00028536634952065228 -7.6332119435754798e-05 -0.00029814811155487962 0.0010841366751500779 5.2502011109126104e-05 -8.646161410899167e-05 0.00072355317538451793 -0.0029144520084907191 0.00084376356848180241 -5.7579757223636535e-05 -0.001767588099782353 -0.00027629692207807317 -0.00086338875402094538 -0.00081368398717486675
leaf_weight=2666 101938 19020 2055 7377 175996 34035 3174 3296 10714 258983 7584 11978 2142 6353
leaf_count=2666 101938 19020 2055 7377 175996 34035 3174 3296 10714 258983 7584 11978 2142 6353
internal_value=1.08629e-06 6.801e-06 9.06068e-05 5.13292e-06 9.40326e-05 -0.000328124 -0.000880738 -0.0019109 -8.34311e-05 -0.0001112 -0.000471073 -0.00085476 0.000559102 -0.00030143
internal_weight=647311 644645 334224 232286 183373 48913 14878 5351 310421 297565 38582 19562 12856 9527
internal_count=647311 644645 334224 232286 183373 48913 14878 5351 310421 297565 38582 19562 12856 9527
is_linear=0
shrinkage=0.03


Tree=56
num_leaves=15
num_cat=0
split_feature=17 16 19 19 18 18 17 17 16 13 19 20 18 21
split_gain=5.52583 6.72891 6.34964 5.99671 6.96578 5.84414 6.03735 7.28971 5.69089 5.30922 5.04845 9.01196 12.4336 9.006
threshold=0.18109416961669925 0.038406729698181159 0.41187657415866857 0.30137488245964056 0.12519824504852298 -0.11858662962913512 0.012844264507293703 0.098975658416748061 0.025888979434967044 0.0090771581328732819 0.116963729262352 0.50039580464363109 0.12706887722015384 0.01340160518884659
decision_type=2 2 2 2 2 2 2 2 2 2 2 2 2 2
left_child=1 2 3 9 8 6 -3 -8 -5 -1 -11 12 13 -12
right_child=-2 5 -4 4 -6 -7 7 -9 -10 10 11 -13 -14 -15
leaf_value=-0.001034448437558006 0.00075455054790076121 -0.00011201353869689537 -0.00082538989960049506 0.00059329443299316244 0.00030850643127411853 -0.00037219248191136875 0.0020727746875165124 -0.0037625461329228926 0.0035188273147676199 8.9821925415722208e-05 -0.00027615983355690367 -5.6008533827285946e-06 0.00086439771083761548 -0.0013395641040752446
leaf_weight=4316 8624 5166 7781 1260 30116 65712 2527 204 1139 339144 14943 147911 4787 13776
leaf_count=4316 8624 5166 7781 1260 30116 65712 2527 204 1139 339144 14943 147911 4787 13776
internal_value=4.55259e-07 -9.73138e-06 2.54087e-05 3.72928e-05 0.000432613 -0.000279522 0.000491353 0.00163081 0.00198671 1.27997e-05 2.14923e-05 -0.000106243 -0.000550457 -0.000786401
internal_weight=647406 638782 565173 557392 32515 73609 7897 2731 2399 524877 520561 181417 33506 28719
internal_count=647406 638782 565173 557392 32515 73609 7897 2731 2399 524877 520561 181417 33506 28719
is_linear=0
shrinkage=0.03


Tree=57
num_leaves=15
num_cat=0
split_feature=4 19 20 8 8 18 8 19 5 8 19 18 20 17
split_gain=5.32264 4.94009 4.26188 5.55633 9.63132 4.98471 7.45146 5.61766 4.24643 5.27121 8.2529 4.68923 4.94755 6.22654
threshold=-0.10330602526664732 0.11850060522556306 0.078103616833686842 0.047001329397577264 0.047001467801084572 -0.14057180285453794 0.14479221047977611 -0.17249914258718488 0.13389987113666924 0.17456143668391055 -0.072392273694276796 -0.043027967214584344 0.53925326466560375 0.066840410232543959
decision_type=2 2 2 2 2 2 2 2 2 2 2 2 2 2
left_child=1 2 3 -1 -5 6 -4 -8 11 -10 -11 12 -7 -14
right_child=-2 -3 5 4 -6 8 7 -9 9 10 -12 -13 13 -15
leaf_value=0.0040782467693898069 7.3602089045091048e-05 -0.00030008879814893437 0.00059445513747840911 -0.003910004182307668 -0.00047302896739468987 -0.00032505646930756579 -0.0028857822799467068 -0.00021934159636612151 0.00025523981121581169 0.0013838750989455264 -0.00035038022203790701 -1.8031429186179367e-05 -0.0020567348374180478 5.8127392894891041e-05
leaf_weight=205 359347 79868 23314 826 6292 28670 868 3840 58200 2675 31461 45566 3538 1938
leaf_count=205 359347 79868 23314 826 6292 28670 868 3840 58200 2675 31461 45566 3538 1938
internal_value=-3.35403e-06 -9.96213e-05 -2.2415e-05 -0.000733003 -0.000874333 3.61176e-06 0.000374619 -0.000713485 -5.68245e-05 8.16534e-05 -0.000214296 -0.000217228 -0.000483004 -0.0013089
internal_weight=646608 287261 207393 7323 7118 200070 28022 4708 172048 92336 34136 79712 34146 5476
internal_count=646608 287261 207393 7323 7118 200070 28022 4708 172048 92336 34136 79712 34146 5476
is_linear=0
shrinkage=0.03


Tree=58
num_leaves=15
num_cat=0
split_feature=21 18 18 8 18 21 17 17 20 18 8 21 17 8
split_gain=5.10186 6.62716 7.22458 6.60744 5.91094 7.23755 7.00928 6.03284 9.94956 6.04966 6.61938 5.88229 5.81173 7.40709
threshold=0.017776912078261379 -0.2385444641113281 -0.17647090554237363 0.047001329397577264 -0.31835636496543879 0.030785156413912777 -0.048402607440948479 -0.08877015113830565 0.56976988911628734 0.034444153308868415 0.17857040481071743 0.030785156413912777 0.18109416961669925 0.049956354981132801
decision_type=2 2 2 2 2 2 2 2 2 2 2 2 2 2
left_child=1 -1 -3 -2 11 7 -7 -6 9 10 -9 -5 13 -4
right_child=3 2 12 4 5 6 -8 8 -10 -11 -12 -13 -14 -15
leaf_value=-0.0012897694944584636 0.001768786839304331 0.00072131915180072184 -0.00024146840056850073 0.0027696680410991647 0.00010494875395960704 -0.00062053148065435834 0.0029581931331602389 -0.00055206299053914092 0.00014980227304819022 -0.0018751203124714592 -0.0036376071805605068 -0.0023942656540124454 0.00087302337975334455 5.4218548032473516e-05
leaf_weight=3420 1382 13433 90727 217 17857 833 1195 15127 10898 5026 648 1933 7056 477618
leaf_count=3420 1382 13433 90727 217 17857 833 1195 15127 10898 5026 648 1933 7056 477618
internal_value=3.55368e-07 2.6048e-05 3.37013e-05 -0.000275704 -0.000328447 -0.00026411 0.00149032 -0.000336051 -0.000584457 -0.000969091 -0.000679922 -0.00186785 1.76424e-05 7.01525e-06
internal_weight=647370 592254 588834 55116 53734 51584 2028 49556 31699 20801 15775 2150 575401 568345
internal_count=647370 592254 588834 55116 53734 51584 2028 49556 31699 20801 15775 2150 575401 568345
is_linear=0
shrinkage=0.03


Tree=59
num_leaves=15
num_cat=0
split_feature=12 19 17 20 17 16 18 18 21 8 8 16 19 20
split_gain=5.3015 4.63475 6.43586 5.93556 6.17618 5.09879 8.55212 5.79212 6.02214 6.16523 13.9259 7.72578 6.96229 6.07751
threshold=0.045912394180097411 0.40323638916015631 0.18109416961669925 0.91373437643051159 0.023760080337524418 0.03371089696884156 0.33749294281005865 -0.13658437132835385 0.023354209028184417 0.04700282619507299 0.047001743190392832 0.060527086257934577 -0.12436552345752715 0.24092311412096026
decision_type=2 2 2 2 2 2 2 2 2 2 2 2 2 2
left_child=-1 2 5 4 -3 -2 7 -7 9 10 -9 -12 -11 -14
right_child=1 3 -4 -5 -6 6 -8 8 -10 12 11 -13 13 -15
leaf_value=-0.00050887706598776205 5.4350720080275361e-05 -0.0030955774557892527 0.0010559648497248382 -0.0011342542555043726 0.00017714751364250605 0.0005864452972345524 0.0015008924740535314 0.00023136389146430884 -0.0016997071048740109 -0.0018363653607991234 -0.0028988314346316685 0.00079606919672098667 0.0016383617395895693 -0.00016854045726289639
leaf_weight=17944 518274 544 5424 7122 9483 6948 2601 3745 2731 2197 3296 600 1715 64529
leaf_count=17944 518274 544 5424 7122 9483 6948 2601 3745 2731 2197 3296 600 1715 64529
internal_value=-4.91843e-07 1.40104e-05 2.7641e-05 -0.00047234 -1.86368e-06 1.8438e-05 -0.000192194 -0.000243627 -0.000316837 -0.00026709 -0.00107505 -0.00232951 -0.000176815 -0.000121641
internal_weight=647153 629209 612060 17149 10027 606636 88362 85761 78813 76082 7641 3896 68441 66244
internal_count=647153 629209 612060 17149 10027 606636 88362 85761 78813 76082 7641 3896 68441 66244
is_linear=0
shrinkage=0.03


Tree=60
num_leaves=15
num_cat=0
split_feature=19 17 20 17 4 12 18 18 18 8 19 18 8 8
split_gain=5.0854 6.18868 5.6688 5.93523 5.59659 4.88049 4.59597 3.69468 7.41883 7.88911 4.11915 3.73671 3.69879 5.744
threshold=0.40323638916015631 0.18109416961669925 0.91373437643051159 0.023760080337524418 -0.077485769987106309 0.78291322613356529 0.22381854057312014 0.044580459594726569 0.11685323715209962 0.049953523570720804 -0.053845072165131562 -0.31835636496543879 0.047001329397577264 0.047001398658655213
decision_type=2 2 2 2 2 2 2 2 2 2 2 2 2 2
left_child=1 4 3 -2 5 7 -4 11 9 -9 -11 12 -1 -14
right_child=2 -3 6 -5 -6 -7 -8 8 -10 10 -12 -13 13 -15
leaf_value=0.0020184343689570909 -0.0030347766087867618 0.0010012230124776522 0.002136876572014394 0.00011928892571004811 0.00010369478034305446 5.6941668950761059e-05 -0.0013204447305120788 -0.0019843461859100921 -9.2075373418291611e-05 0.00097103242922785078 -0.0005936404988008744 -3.9948973163419645e-05 -0.0052236563917589527 -0.00096643661187471592
leaf_weight=256 563 5663 360 9820 284016 142532 6871 3663 49153 1596 28129 112395 351 1453
leaf_count=256 563 5663 360 9820 284016 142532 6871 3663 49153 1596 28129 112395 351 1453
internal_value=3.21173e-07 1.43972e-05 -0.000502364 -5.31132e-05 5.42695e-06 -7.67746e-05 -0.00114696 -0.000173521 -0.000326505 -0.000671561 -0.000509481 -6.31849e-05 -0.00132778 -0.0018069
internal_weight=646821 629207 17614 10383 623544 339528 7231 196996 82541 33388 29725 114455 2060 1804
internal_count=646821 629207 17614 10383 623544 339528 7231 196996 82541 33388 29725 114455 2060 1804
is_linear=0
shrinkage=0.03


Tree=61
num_leaves=15
num_cat=0
split_feature=12 4 3 16 19 16 17 21 8 8 19 19 8 17
split_gain=4.74731 4.12851 4.10746 3.22194 5.37821 4.901 3.47657 3.49667 3.77689 14.2695 4.8003 4.48702 4.14205 5.52336
threshold=0.72484396945207308 -0.077485769987106309 1.4339040517807009 0.03371089696884156 0.42520719766616827 0.010737895965576174 0.14384436607360843 0.0070861626882106074 0.17004944558881532 0.17005587177536233 0.13168000429868701 0.31583780050277716 0.049956620245035159 0.058737039566040046
decision_type=2 2 2 2 2 2 2 2 2 2 2 2 2 2
left_child=1 2 -1 4 6 -6 7 -2 12 11 -11 -10 13 -9
right_child=3 -3 -4 -5 5 -7 -8 8 9 10 -12 -13 -14 -15
leaf_value=-0.00015098469146311249 -9.8354824612387082e-05 7.3097514050728764e-05 -0.00091880132259548918 -0.00013614887936183752 -0.0021887649472008084 -0.00012377564579115383 0.00095593045625554443 -0.00032347158606101833 -0.0015029978239454234 -5.2757119694477748e-05 0.00075252748158226605 0.0028481026859564192 0.00027105409317654825 0.00049087142305614658
leaf_weight=173418 59702 86857 6501 58644 1714 2599 4410 25347 6553 28655 8675 216 172954 10638
leaf_count=173418 59702 86857 6501 58644 1714 2599 4410 25347 6553 28655 8675 216 172954 10638
internal_value=2.52365e-07 -9.67556e-05 -0.000178753 6.83372e-05 0.000105643 -0.000945993 0.000119959 0.000108156 0.000156881 -9.53952e-05 0.000134456 -0.00136215 0.000210128 -8.26982e-05
internal_weight=646883 266776 179919 380107 321463 4313 317150 312740 253038 44099 37330 6769 208939 35985
internal_count=646883 266776 179919 380107 321463 4313 317150 312740 253038 44099 37330 6769 208939 35985
is_linear=0
shrinkage=0.03


Tree=62
num_leaves=15
num_cat=0
split_feature=13 16 19 18 19 18 19 19 21 19 19 18 21 19
split_gain=4.95521 4.43823 6.63893 5.84024 5.79555 5.59958 6.236 7.2676 6.10843 5.75303 9.98006 14.9114 11.3108 5.44741
threshold=0.014710390594005843 0.03371089696884156 0.41187657415866857 0.33749294281005865 0.51645228266716015 -0.13000044226646421 -0.11407211795449256 -0.14415774494409558 0.023354209028184417 0.011052646208554508 0.03014033101499081 0.0089250206947326678 0.0091423913836479204 0.3055540025234223
decision_type=2 2 2 2 2 2 2 2 2 2 2 2 2 2
left_child=-1 2 13 5 -5 -3 7 -7 9 -8 11 -11 -13 -2
right_child=1 3 -4 4 -6 6 8 -9 -10 10 -12 12 -14 -15
leaf_value=-0.00075607846305015235 3.3547018772136998e-05 0.00052006961813351742 -0.00078732540383800792 0.0010225555355634441 -0.00087490478534945227 -0.00078197112003428146 0.00030321446302825571 -0.0040235818261757286 -0.0016559310670756025 9.9499831663273165e-05 -0.00025170267542640434 -0.00042816379048820187 -0.00560571658313794 0.00045742765377581218
leaf_weight=7699 502862 7883 8520 6354 1872 2522 15486 823 2732 1657 58383 569 1142 28847
leaf_count=7699 502862 7883 8520 6354 1872 2522 15486 823 2732 1657 58383 569 1142 28847
internal_value=2.22184e-07 9.33103e-06 4.32321e-05 -0.000174868 0.000590479 -0.000243931 -0.000316246 -0.00158435 -0.000263107 -0.000213737 -0.000343393 -0.00193008 -0.00389016 5.65481e-05
internal_weight=647351 639652 540229 99423 8226 91197 83314 3345 79969 77237 61751 3368 1711 531709
internal_count=647351 639652 540229 99423 8226 91197 83314 3345 79969 77237 61751 3368 1711 531709
is_linear=0
shrinkage=0.03


Tree=63
num_leaves=15
num_cat=0
split_feature=9 19 20 8 21 8 20 8 17 8 21 16 17 8
split_gain=4.87724 5.14447 8.28378 6.86051 6.7189 5.73687 7.88391 7.28143 8.29633 7.02123 8.61602 8.30793 5.35913 5.64986
threshold=0.0096691923420268461 0.11850060522556306 0.50039580464363109 0.17005275234985087 0.0079559027217328566 0.049955909530085711 0.4512933492660523 0.17005116584446997 0.051521360874176032 0.17456039764320272 0.01340160518884659 -0.027247130870819088 -0.006304144859313964 0.17004944558881532
decision_type=2 2 2 2 2 2 2 2 2 2 2 2 2 2
left_child=-1 -2 4 12 -3 6 -6 8 -7 10 -9 -12 -4 -14
right_child=1 2 3 -5 5 7 -8 9 -10 -11 11 -13 13 -15
leaf_value=0.00010087927829063962 2.4807390719405724e-05 0.0014480192683092416 0.00095439135894990861 0.00048891551059445509 -0.0060026128344018671 -0.000143860455476568 -0.0013746171412413054 -0.00021702757018087377 -0.003502084102726477 0.00031109276690623411 0.00058161198969717317 -0.0035447774790887993 -0.00017041340137952438 -0.0011089806816650305
leaf_weight=265326 226290 1223 3597 15395 420 13597 1525 1558 691 1447 517 2863 106924 6097
leaf_count=265326 226290 1223 3597 15395 420 13597 1525 1558 691 1447 517 2863 106924 6097
internal_value=2.06555e-06 -6.65421e-05 -0.000199172 -0.000106214 -0.000713775 -0.000830962 -0.00238681 -0.000684039 -0.00030744 -0.00152587 -0.00206394 -0.00291368 -0.000184796 -0.000221092
internal_weight=647470 382144 155854 132013 23841 22618 1945 20673 14288 6385 4938 3380 116618 113021
internal_count=647470 382144 155854 132013 23841 22618 1945 20673 14288 6385 4938 3380 116618 113021
is_linear=0
shrinkage=0.03


Tree=64
num_leaves=15
num_cat=0
split_feature=12 20 21 21 8 8 19 18 20 20 19 14 21 8
split_gain=4.54596 4.45491 6.14141 6.54204 5.17926 8.30796 4.9268 7.44336 6.13772 6.98976 15.4652 5.63139 8.60269 6.35108
threshold=0.016986742758211638 0.078103616833686842 0.030785156413912777 0.023354209028184417 0.047001329397577264 0.047001398658655213 0.017993674613535408 -0.10218307375907897 0.60102671384811412 0.53925326466560375 -0.044675609096884721 0.0080523585670286939 0.0076946034096181401 0.04700282619507299
decision_type=2 2 2 2 2 2 2 2 2 2 2 2 2 2
left_child=-1 4 3 6 -2 -6 8 -8 9 -3 -11 12 -9 -13
right_child=1 2 -4 -5 5 -7 7 11 -10 10 -12 13 -14 -15
leaf_value=-0.00072398391616575598 0.0039487855137059812 0.00012286427191227683 0.0016776591700266811 -0.00091890630697756635 -0.004078394300228899 -0.00052748223775916968 -0.0015657525409222997 0.0042343022799832394 0.000494609495719996 -0.001172137927707276 0.0014540409610135016 -0.00044741639425460901 -0.00071256919092858861 1.4142509872862786e-06
leaf_weight=7719 205 146520 1993 6720 643 7020 2836 685 36963 9663 2546 30581 582 392395
leaf_count=7719 205 146520 1993 6720 643 7020 2836 685 36963 9663 2546 30581 582 392395
internal_value=-5.39425e-07 8.20043e-06 1.70425e-05 1.17716e-05 -0.000701018 -0.000827903 2.18213e-05 -3.52967e-05 0.000146474 6.53906e-05 -0.000624117 -2.50475e-05 0.00196807 -3.10409e-05
internal_weight=647071 639352 631484 629491 7868 7663 622771 427079 195692 158729 12209 424243 1267 422976
internal_count=647071 639352 631484 629491 7868 7663 622771 427079 195692 158729 12209 424243 1267 422976
is_linear=0
shrinkage=0.03


Tree=65
num_leaves=15
num_cat=0
split_feature=21 16 21 16 17 16 21 17 9 17 12 20 19 17
split_gain=4.72306 5.86541 5.50506 7.16994 10.2395 5.49893 5.25939 6.06489 5.14841 5.04809 5.18806 5.16587 4.88971 4.42827
threshold=0.01052588550373912 0.068006396293640151 0.0070861626882106074 -0.034850299358367913 0.008381843566894533 -0.018895655870437619 0.0057082085404545077 0.16284620761871341 1.0000000180025095e-35 0.14000630378723147 0.31205922433429828 0.92254728078842174 0.43514244258403784 0.14000630378723147
decision_type=2 2 2 2 2 2 2 2 2 2 2 2 2 2
left_child=1 2 3 4 -1 8 -7 -8 -5 10 -2 -11 -12 -4
right_child=9 -3 13 5 -6 6 7 -9 -10 11 12 -13 -14 -15
leaf_value=-0.00052166447230032702 -0.00041699489919233421 -0.0036395421875329904 0.00018908319779669278 -0.0024973072196977832 -0.0048533381880866569 0.00017729964999470369 -0.00032657554874952142 0.0011409586308335736 0.00095058080673377616 0.00075784510921482094 -4.4872700697521157e-05 -0.00085735653547875312 -0.0011690648686914339 -0.00064397492257112546
leaf_weight=1853 42895 377 215861 409 664 37015 64094 2634 6725 10845 251657 2128 3526 5895
leaf_count=1853 42895 377 215861 409 664 37015 64094 2634 6725 10845 251657 2128 3526 5895
internal_value=-2.3202e-06 7.57475e-05 7.9981e-05 -9.00463e-05 -0.00167174 -5.40667e-05 -0.000109482 -0.000268565 0.000751299 -8.65308e-05 -0.000111747 0.000492671 -6.04289e-05 0.000166924
internal_weight=646578 335527 335150 113394 2517 110877 103743 66728 7134 311051 298078 12973 255183 221756
internal_count=646578 335527 335150 113394 2517 110877 103743 66728 7134 311051 298078 12973 255183 221756
is_linear=0
shrinkage=0.03


Tree=66
num_leaves=15
num_cat=0
split_feature=12 19 8 19 18 18 17 16 17 20 18 8 18 17
split_gain=4.42614 3.67505 7.43908 12.4352 6.57438 5.52095 5.48264 6.55074 6.23324 6.12233 6.53867 5.40133 22.8918 8.89623
threshold=0.31205922433429828 0.017993674613535408 0.074182358524838385 -0.0054402768146246663 -0.10218307375907897 -0.2385444641113281 -0.005437523126602172 -0.017288386821746823 0.012001276016235353 0.45486377179622656 0.051418125629425056 0.04700282619507299 0.12706887722015384 -0.020930498838424679
decision_type=2 2 2 2 2 2 2 2 2 2 2 2 2 2
left_child=-1 2 6 5 -3 -4 9 8 -8 10 -2 12 13 -6
right_child=1 4 3 -5 11 -7 7 -9 -10 -11 -12 -13 -14 -15
leaf_value=-0.00018550865002777699 0.00016359736285148578 -0.0014956176283795746 -0.0028283438824911571 0.00060909426983851852 -0.0039128370358725365 -0.00019201385801805479 0.0042523823856201494 0.00046538984210350496 0.0012035090474976811 -0.0010596770151322279 0.0022422381587274406 1.9676190911768435e-05 0.00010604402883175936 -0.0013314837641620575
leaf_weight=98922 39258 2696 717 21017 1647 73245 695 31741 4448 3567 1406 346113 17282 4444
leaf_count=98922 39258 2696 717 21017 1647 73245 695 31741 4448 3567 1406 346113 17282 4444
internal_value=-8.13306e-07 3.25115e-05 0.000145426 -3.47711e-05 -2.09141e-05 -0.00021776 0.000356412 0.000626478 0.00161925 0.000131159 0.000235735 -1.01337e-05 -0.000451476 -0.00203212
internal_weight=647198 548276 176094 94979 372182 73962 81115 36884 5143 44231 40664 369486 23373 6091
internal_count=647198 548276 176094 94979 372182 73962 81115 36884 5143 44231 40664 369486 23373 6091
is_linear=0
shrinkage=0.03


Tree=67
num_leaves=15
num_cat=0
split_feature=12 4 3 16 20 18 21 20 17 6 21 16 17 6
split_gain=4.42875 3.74107 4.10201 2.61901 3.98868 5.54223 2.92639 3.95331 3.6947 6.87023 5.90322 5.14465 5.53646 4.06591
threshold=0.71181804845178587 -0.077485769987106309 1.4339040517807009 0.03371089696884156 0.91373437643051159 0.24216228723526004 0.0070861626882106074 0.64014825224876415 0.030467569828033451 0.059346798456602283 0.015086432453244926 0.026919543743133548 0.094644248485565199 0.074058102136832074
decision_type=2 2 2 2 2 2 2 2 2 2 2 2 2 2
left_child=1 2 -1 4 6 -6 -2 8 10 -10 -8 12 13 -11
right_child=3 -3 -4 -5 5 -7 7 -9 9 11 -12 -13 -14 -15
leaf_value=-0.00015112207258472472 -8.1971887359941364e-05 6.4260459597439436e-05 -0.0009248694039657835 -0.00012398878602883103 0.0013748484057592915 -0.0015755418222496709 0.00025217212059996827 0.00032751350639913078 0.00025407637310634177 -0.0015742863851655581 -0.00017913734770116127 0.00073554478624065676 -0.0028372282644133291 -0.00038376289428144773
leaf_weight=169234 62029 83832 6395 59262 728 2631 109270 77197 16913 3165 38661 2423 1057 13947
leaf_count=169234 62029 83832 6395 59262 728 2631 109270 77197 16913 3165 38661 2423 1057 13947
internal_value=-4.70909e-06 -0.00010062 -0.000179321 5.95472e-05 9.27072e-05 -0.000935007 0.000103354 0.000147126 7.20233e-05 -0.000193909 0.000139449 -0.000561828 -0.000735 -0.000604355
internal_weight=646744 259461 175629 387283 328021 3359 324662 262633 185436 37505 147931 20592 18169 17112
internal_count=646744 259461 175629 387283 328021 3359 324662 262633 185436 37505 147931 20592 18169 17112
is_linear=0
shrinkage=0.03


Tree=68
num_leaves=15
num_cat=0
split_feature=21 17 18 18 18 17 17 8 20 19 16 16 20 21
split_gain=4.53687 6.56226 8.29457 6.38302 6.43651 5.09098 5.06632 5.92953 12.3057 17.5694 8.50271 11.7841 7.75366 6.77253
threshold=0.017776912078261379 0.05349236726760865 0.025925219058990482 -0.2385444641113281 -0.17647090554237363 0.044415950775146491 0.18109416961669925 0.049956354981132801 0.77947330474853527 0.12900651991367343 0.00077223777770996105 0.0037913918495178227 0.90306514501571666 0.01458967011421919
decision_type=2 2 2 2 2 2 2 2 2 2 2 2 2 2
left_child=3 2 -2 -1 -5 -4 7 8 9 13 -11 -12 -9 -6
right_child=1 -3 5 4 6 -7 -8 12 -10 10 11 -13 -14 -15
leaf_value=-0.0012574163272454216 -0.0002148481578928994 0.00038288957029834883 -0.0010686162855800762 0.00068360775742199213 -6.4892886470291949e-05 -0.0042658957938775657 0.00081346588782278304 6.6235646054782594e-05 0.00042975725363555089 -0.0003050123354638414 -0.0051812077676995482 -0.0014572699534698421 -0.00095231652971904037 -0.0017103486268173651
leaf_weight=3457 34763 11415 8494 13431 51106 469 7136 470360 20705 5638 823 10200 6819 2350
leaf_count=3457 34763 11415 8494 13431 51106 469 7136 470360 20705 5638 823 10200 6819 2350
internal_value=2.73283e-06 -0.000257525 -0.000424734 2.69751e-05 3.45297e-05 -0.0012382 1.93661e-05 9.3825e-06 -0.000212789 -0.000402545 -0.00125301 -0.00173753 5.16705e-05 -0.000137383
internal_weight=647166 55141 43726 592025 588568 8963 575137 568001 90822 70117 16661 11023 477179 53456
internal_count=647166 55141 43726 592025 588568 8963 575137 568001 90822 70117 16661 11023 477179 53456
is_linear=0
shrinkage=0.03


Tree=69
num_leaves=15
num_cat=0
split_feature=20 21 21 8 8 19 12 19 18 18 19 21 21 20
split_gain=4.30163 5.99798 5.29096 4.85936 7.742 4.51841 4.22389 4.13506 6.51771 6.17394 6.81211 8.46098 7.88325 8.79376
threshold=0.078103616833686842 0.030785156413912777 0.023354209028184417 0.047001329397577264 0.047001467801084572 -0.23306951671838758 0.0050100250702056126 0.017993674613535408 -0.091015726327896104 -0.017013311386108395 0.021072055213153366 0.0091423913836479204 0.012731026858091356 0.62318328022956859
decision_type=2 2 2 2 2 2 2 2 2 2 2 2 2 2
left_child=3 2 6 -1 -5 -3 -2 -8 -9 -10 11 -11 13 -13
right_child=1 5 -4 4 -6 -7 7 8 9 10 -12 12 -14 -15
leaf_value=0.0036733563971651441 -0.0011926128228842818 -0.0004984497361900617 -0.00082764792214643488 -0.0034870396209296622 -0.00047950485782997655 0.0025891760996875346 0.0001332812773887609 -0.0012743355139437456 0.00044889731435780202 0.00020307579312286506 -3.8493619615602091e-05 -0.0068842342493791453 0.00056292971528122183 -0.0017119830378103426
leaf_weight=218 2593 612 6781 864 6808 1392 197232 3766 23699 1454 399801 567 423 622
leaf_count=218 2593 612 6781 864 6808 1392 197232 3766 23699 1454 399801 567 423 622
internal_value=2.1272e-06 1.07269e-05 5.56464e-06 -0.00069385 -0.000820256 0.00164735 1.45372e-05 1.95344e-05 -3.25996e-05 -2.16219e-05 -4.93059e-05 -0.00145685 -0.00295007 -0.00419698
internal_weight=646832 638942 636938 7890 7672 2004 630157 627564 430332 426566 402867 3066 1612 1189
internal_count=646832 638942 636938 7890 7672 2004 630157 627564 430332 426566 402867 3066 1612 1189
is_linear=0
shrinkage=0.03


Tree=70
num_leaves=15
num_cat=0
split_feature=4 18 8 18 16 13 8 21 16 14 19 8 16 17
split_gain=4.20152 3.93514 6.38297 6.69797 5.93919 4.33242 3.93555 5.53619 3.98133 3.76818 4.92948 3.69677 3.66637 4.38445
threshold=-0.10330602526664732 -0.14736050367355344 0.14479221047977611 -0.31835636496543879 -0.023953676223754879 0.020277122964749743 0.047001329397577264 0.030785156413912777 -0.037119865417480462 0.041708935801752438 -0.20948871225118634 0.047001398658655213 0.017815053462982181 -0.095995694398879991
decision_type=2 2 2 2 2 2 2 2 2 2 2 2 2 2
left_child=1 2 3 6 -4 -5 -1 -8 -9 10 -7 -11 13 -3
right_child=-2 12 4 5 -6 9 7 8 -10 11 -12 -13 -14 -15
leaf_value=0.0018447761020051409 6.6237622222278675e-05 -0.00048996167403764516 -0.0021267723644362805 -0.0017231938387835537 8.3663769353699809e-05 0.0060863319238604503 0.0027917562611807774 -0.0041303714924130356 -0.0011395012129548619 6.7462591928291009e-05 0.0010561583264367307 0.00088058020806142969 -0.00029852329668655366 -1.4294816865209029e-06
leaf_weight=344 359650 18412 1810 708 2753 253 224 608 1173 8033 556 13470 77173 161689
leaf_count=344 359650 18412 1810 708 2753 253 224 608 1173 8033 556 13470 77173 161689
internal_value=-2.08659e-06 -8.76444e-05 0.000237892 0.000423706 -0.000794516 0.000579467 -0.00110073 -0.00160942 -0.00216923 0.000652904 0.00265698 0.000576905 -0.000125522 -5.13851e-05
internal_weight=646856 287206 29932 25369 4563 23020 2349 2005 1781 22312 809 21503 257274 180101
internal_count=646856 287206 29932 25369 4563 23020 2349 2005 1781 22312 809 21503 257274 180101
is_linear=0
shrinkage=0.03


Tree=71
num_leaves=15
num_cat=0
split_feature=21 20 21 21 17 16 19 17 17 17 21 21 16 21
split_gain=4.25255 4.09717 5.89686 5.32885 4.38469 4.27754 7.8867 5.48619 7.51547 5.13852 6.32243 11.0755 9.43174 5.47612
threshold=0.0036215113941580061 0.078103616833686842 0.030785156413912777 0.023354209028184417 -0.048402607440948479 0.017815053462982181 0.43514244258403784 0.063907980918884291 0.078395009040832533 -0.090055823326110826 0.018002801574766639 0.01427654502913356 0.022092044353485111 0.018363822251558307
decision_type=2 2 2 2 2 2 2 2 2 2 2 2 2 2
left_child=-1 -2 3 5 -4 6 -3 9 -9 -7 11 -11 -13 -12
right_child=1 2 4 -5 -6 7 -8 8 -10 10 13 12 -14 -15
leaf_value=0.0012087998583869451 -0.00068691454327613139 7.16694303196613e-05 -0.0004547016027256706 -0.00084294028343401565 0.0025486072693038891 0.00060014251781797233 -0.0016908008092991562 0.00052483580405090081 -8.4099996083019556e-05 -0.00035944281456824583 -0.0027604458827788577 -0.0014500769724652457 0.00072298572900351564 -0.00072776791523492391
leaf_weight=2590 7899 405390 634 6750 1397 6217 2293 23958 76392 88021 1444 2031 15363 6788
leaf_count=2590 7899 405390 634 6750 1397 6217 2293 23958 76392 88021 1444 2031 15363 6788
internal_value=-3.20585e-06 -8.0852e-06 3.42087e-07 -4.82909e-06 0.00161228 4.18739e-06 6.17359e-05 -0.000102351 6.12989e-05 -0.000239356 -0.000285305 -0.000222745 0.000468906 -0.00108579
internal_weight=647167 644577 636678 634647 2031 627897 407683 220214 100350 119864 113647 105415 17394 8232
internal_count=647167 644577 636678 634647 2031 627897 407683 220214 100350 119864 113647 105415 17394 8232
is_linear=0
shrinkage=0.03


Tree=72
num_leaves=15
num_cat=0
split_feature=17 16 16 8 8 19 19 8 5 18 19 8 8 19
split_gain=4.17111 5.33078 4.71934 5.95186 6.69639 4.55689 5.42287 11.365 4.82286 8.57082 11.2847 6.61065 10.6468 13.3862
threshold=0.18109416961669925 0.038406729698181159 0.055708527565002448 0.1785670142462881 0.17857349761315727 0.41187657415866857 0.30137488245964056 0.17005002145703943 0.15784707091279573 -0.0072827339172363273 -0.019111051224172112 0.074186658326354765 0.074182358524838385 -0.11027873307466506
decision_type=2 2 2 2 2 2 2 2 2 2 2 2 2 2
left_child=1 5 -3 -4 -5 6 8 -8 11 -10 -11 12 -1 -14
right_child=-2 2 3 4 -6 -7 7 -9 9 10 -12 -13 13 -15
leaf_value=4.8910908405910977e-05 0.00065310196391597363 -0.00041983219103639447 0.00020686410988811252 -0.0029272851918740817 0.0016564208900972423 -0.00069530855801172293 0.00029066896475541266 0.0030886559074868466 0.00024363888089326508 -0.002314877345213098 -0.00024235762722116781 0.00021898199735600923 0.00016464262588931642 -0.0010002270769742451
leaf_weight=204736 8661 49014 23204 1106 383 7859 31069 1359 36762 2420 94883 149122 15374 21006
leaf_count=204736 8661 49014 23204 1106 383 7859 31069 1359 36762 2420 94883 149122 15374 21006
internal_value=-6.44846e-07 -9.52053e-06 -0.00024946 8.87354e-05 -0.00174667 2.18054e-05 3.19345e-05 0.000408386 8.64745e-06 -0.000146584 -0.000294019 6.1978e-05 -3.51262e-05 -0.000508004
internal_weight=646958 638297 73707 24693 1489 564590 556731 32428 524303 134065 97303 390238 241116 36380
internal_count=646958 638297 73707 24693 1489 564590 556731 32428 524303 134065 97303 390238 241116 36380
is_linear=0
shrinkage=0.03


Tree=73
num_leaves=15
num_cat=0
split_feature=12 21 16 8 8 16 19 19 8 21 19 20 8 14
split_gain=4.1327 3.81191 5.29163 4.97821 18.2253 9.8521 7.33758 6.89582 7.11605 6.89581 15.387 8.62877 6.38881 7.04386
threshold=0.0050100250702056126 0.01052588550373912 0.068006396293640151 0.17004944558881532 0.17456281247456851 -0.027247130870819088 0.29046513140201574 0.02525273431092501 0.17456246954903751 0.013552838936448099 0.25642377138137823 0.48636014759540563 0.17456039764320272 0.99075565511258445
decision_type=2 2 2 2 2 2 2 2 2 2 2 2 2 2
left_child=-1 2 -2 -3 5 -5 7 8 -7 10 -9 12 13 -11
right_child=1 3 -4 4 -6 6 -8 9 -10 11 -12 -13 -14 -15
leaf_value=-0.0011773113888059851 7.8483705097618625e-05 -9.3009267006085119e-06 -0.003459067103997474 0.00026235826927937015 3.1169507204991276e-05 -0.0019193178529721198 -0.004095596243925941 7.2382435845443069e-05 -0.006829337692867231 -0.0036051333309701644 -0.0039112917780126464 0.00030276543598718595 -0.00093185831186627665 0.0016761227001727795
leaf_weight=2671 333552 244871 376 4115 45425 959 845 6803 366 2863 996 1399 1781 244
leaf_count=2671 333552 244871 376 4115 45425 959 845 6803 366 2863 996 1399 1781 244
internal_value=-8.02135e-07 4.08205e-06 7.44487e-05 -7.15533e-05 -0.000303218 -0.00104869 -0.00138054 -0.00123039 -0.00329617 -0.00103497 -0.000438547 -0.0017739 -0.00236797 -0.00318836
internal_weight=647266 644595 333928 310667 65796 20371 16256 15411 1325 14086 7799 6287 4888 3107
internal_count=647266 644595 333928 310667 65796 20371 16256 15411 1325 14086 7799 6287 4888 3107
is_linear=0
shrinkage=0.03


Tree=74
num_leaves=15
num_cat=0
split_feature=21 16 19 17 17 8 20 20 8 19 8 21 21 8
split_gain=3.84567 3.77252 7.26897 5.12236 6.70715 6.84381 7.17215 7.32137 4.96104 5.59625 4.64921 9.77207 13.6267 7.97926
threshold=0.0036215113941580061 0.017815053462982181 0.43514244258403784 0.063907980918884291 0.078395009040832533 0.15608314425242525 0.70182275772094738 0.65305504202842724 0.17005048033810069 0.30137488245964056 0.050382606220033939 0.018002801574766639 0.01427654502913356 0.17004944558881532
decision_type=2 2 2 2 2 2 2 2 2 2 2 2 2 2
left_child=-1 2 -2 10 8 -6 7 -7 -5 -10 -3 12 13 -12
right_child=1 3 -4 4 5 6 -8 -9 9 -11 11 -13 -14 -15
leaf_value=0.0011572480060964446 5.865809425150434e-05 -0.00058304345274920813 -0.0016451018754196252 0.00024940656286864213 0.00016178378603184433 -0.00090028258165103774 -0.00061075717252384446 0.0013757501697552168 0.00079186310603025409 0.0031290694847247438 -4.2358781050721654e-05 -0.0009932476205723492 0.00075371897672637503 -0.00081019776655175514
leaf_weight=2572 415800 26602 2261 18435 44342 1963 27187 3594 4683 1145 55852 10664 16202 15573
leaf_count=2572 415800 26602 2261 18435 44342 1963 27187 3594 4683 1145 55852 10664 16202 15573
internal_value=6.48056e-07 -3.97793e-06 4.94241e-05 -0.000102656 5.58066e-05 -8.11186e-05 -0.000410032 0.000571659 0.000490759 0.00125333 -0.000231243 -0.000136005 -3.16297e-05 -0.000209818
internal_weight=646875 644303 418061 226242 101349 77086 32744 5557 24263 5828 124893 98291 87627 71425
internal_count=646875 644303 418061 226242 101349 77086 32744 5557 24263 5828 124893 98291 87627 71425
is_linear=0
shrinkage=0.03


Tree=75
num_leaves=15
num_cat=0
split_feature=13 16 18 19 21 21 18 18 18 21 21 21 17 16
split_gain=3.92906 3.6457 5.13128 5.45429 4.68549 6.63624 8.53887 6.03243 5.93671 5.33834 5.68488 5.92226 5.42712 13.7054
threshold=0.014710390594005843 0.03371089696884156 0.33749294281005865 0.51645228266716015 0.015086432453244926 0.014454654883593323 -0.15196397900581357 -0.16830378770828244 -0.17647090554237363 0.012545560020953419 0.006910797208547593 0.0057082085404545077 0.0044819116592407235 -0.027247130870819088
decision_type=2 2 2 2 2 2 2 2 2 2 2 2 2 2
left_child=-1 4 -3 -4 5 6 -2 8 -7 10 11 -8 -13 -14
right_child=1 2 3 -5 -6 7 9 -9 -10 -11 -12 12 13 -15
leaf_value=-0.0006688179266649165 0.00075304820577956361 -0.00022136835660132253 0.00097711159429082523 -0.00084614820512751981 -0.00015703041322056931 -3.0361289617127118e-05 0.00016094471543152183 0.00095837699315682039 -0.004584963542771269 -0.00025555597731226885 0.00014141925098872015 0.00023927194668267449 -0.0047538567824719257 -0.00041935046114311114
leaf_weight=7756 15443 91360 6399 1915 89640 1093 37248 11956 332 50160 279569 11816 662 42083
leaf_count=7756 15443 91360 6399 1915 89640 1093 37248 11956 332 50160 279569 11816 662 42083
internal_value=2.12904e-06 1.02694e-05 -0.000156427 0.000556896 4.10395e-05 8.04646e-05 6.03084e-05 0.000738434 -0.00110382 3.49213e-05 7.41574e-05 -0.000130659 -0.000329729 -0.000487028
internal_weight=647432 639676 99674 8314 540002 450362 436981 13381 1425 421538 371378 91809 54561 42745
internal_count=647432 639676 99674 8314 540002 450362 436981 13381 1425 421538 371378 91809 54561 42745
is_linear=0
shrinkage=0.03


Tree=76
num_leaves=15
num_cat=0
split_feature=12 2 4 12 8 8 18 18 20 16 18 8 8 18
split_gain=3.88643 3.43671 3.54945 2.80669 2.35165 4.44477 8.30716 4.87594 4.21942 4.86151 3.55864 2.58718 5.2538 4.65441
threshold=0.73745291890946729 0.76040637493133556 -0.068363606929779039 0.045912394180097411 0.047001743190392832 0.047002355992836489 0.30291891098022466 0.052498102188110359 0.62861502170562755 0.036273062229156501 -0.2385444641113281 0.05945654474792491 0.074186658326354765 0.15047955513000491
decision_type=2 2 2 2 2 2 2 2 2 2 2 2 2 2
left_child=1 2 -1 -3 -2 6 7 -6 -9 -10 -7 13 -13 -12
right_child=4 3 -4 -5 5 10 -8 8 9 -11 11 12 -14 -15
leaf_value=-0.00012845356672502986 0.00049087461898721042 -0.0016428840413587637 0.00011939269273701792 -0.00036162953560092773 0.00017622514534715593 -0.0022316301174261284 0.0013830948919714766 -0.0023546794336128519 0.00020023831112330503 -0.0024799069130755588 0.000311250314596489 -0.00027935141273159364 8.1041376067570177e-05 -0.0001112353281969157
leaf_weight=183179 11136 1683 72616 17485 2202 601 1566 2640 1861 900 80018 44849 193268 33204
leaf_count=183179 11136 1683 72616 17485 2202 601 1566 2640 1861 900 80018 44849 193268 33204
internal_value=-1.59549e-06 -8.71313e-05 -5.80931e-05 -0.000474526 6.15868e-05 4.83417e-05 -0.000603556 -0.00101339 -0.00149811 -0.000676309 6.53337e-05 6.92946e-05 1.31575e-05 0.000187351
internal_weight=647208 274963 255795 19168 372245 361109 9169 7603 5401 2761 351940 351339 238117 113222
internal_count=647208 274963 255795 19168 372245 361109 9169 7603 5401 2761 351940 351339 238117 113222
is_linear=0
shrinkage=0.03


Tree=77
num_leaves=15
num_cat=0
split_feature=9 19 20 18 17 17 18 21 18 20 21 19 17 16
split_gain=3.93408 4.21037 7.31252 11.9984 5.91165 9.03953 4.872 4.79827 9.21734 7.74986 6.49882 6.27125 5.5019 7.29602
threshold=0.0098920756805738076 0.11850060522556306 0.50039580464363109 0.12706887722015384 -0.0015747249126434324 1.0000000180025095e-35 0.11685323715209962 0.01340160518884659 0.071617543697357192 0.477847769856453 0.01458967011421919 0.12900651991367343 -0.0096815824508666975 0.010978341102600099
decision_type=2 2 2 2 2 2 2 2 2 2 2 2 2 2
left_child=-1 6 3 7 -4 -6 -2 9 11 -3 -10 -9 13 -13
right_child=1 2 4 -5 5 -7 -8 8 10 -11 -12 12 -14 -15
leaf_value=8.582132937618345e-05 -3.518644933674818e-05 0.00016500845310437183 0.00080862307046986048 0.00079630251658185751 -0.0029915575524585947 -0.00011919936427053928 0.00038193691754739113 0.0021137260648399973 -0.0033288778448736581 -0.001656228378827003 -0.0010551557002298152 0.00034569113027791754 -0.0027289188589871651 -0.0027478229655795447
leaf_weight=267622 195336 5912 6173 4135 989 123910 28929 668 2787 3258 1913 2834 1208 900
leaf_count=267622 195336 5912 6173 4135 989 123910 28929 668 2787 3258 1913 2834 1208 900
internal_value=-2.23493e-06 -6.4422e-05 -0.000184824 -0.000670713 -9.72598e-05 -0.000142063 1.86276e-05 -0.00098224 -0.00142618 -0.000482607 -0.00240553 -0.000604275 -0.000973427 -0.000402611
internal_weight=646574 378952 154687 23615 131072 124899 224265 19480 10310 9170 4700 5610 4942 3734
internal_count=646574 378952 154687 23615 131072 124899 224265 19480 10310 9170 4700 5610 4942 3734
is_linear=0
shrinkage=0.03


Tree=78
num_leaves=15
num_cat=0
split_feature=20 8 8 13 18 8 19 19 18 19 8 14 19 17
split_gain=3.82994 4.5447 6.94893 3.82042 4.6008 8.82048 5.33401 5.09273 6.88766 3.5208 3.20542 4.55629 5.28617 3.17914
threshold=0.078103616833686842 0.047001329397577264 0.047001467801084572 0.020277122964749743 -0.14057180285453794 0.14479221047977611 -0.16268047690391538 -0.17249914258718488 -0.11858662962913512 -0.16596393287181851 0.047001398658655213 0.041708935801752438 -0.20948871225118634 0.18109416961669925
decision_type=2 2 2 2 2 2 2 2 2 2 2 2 2 2
left_child=1 -1 -3 -2 5 10 -7 8 -6 -9 11 12 -5 -11
right_child=3 2 -4 4 7 6 -8 9 -10 13 -12 -13 -14 -15
leaf_value=0.0037194521778012492 -0.00057225219334755962 -0.0033123129736387946 -0.0004544251101363466 0.005963046031061515 -0.0023724860541768783 -0.0020976555713815644 -0.00014282267560524427 0.0017440412421137034 -6.4828244692045458e-05 -6.9313503615328719e-06 0.00076904043590174007 -1.2785796806190364e-06 0.00071297266663336177 0.00060626661051862562
leaf_weight=203 10061 858 6817 244 1908 1766 4325 1040 2974 577554 19891 11480 568 7706
leaf_count=203 10061 858 6817 244 1908 1766 4325 1040 2974 577554 19891 11480 568 7706
internal_value=-5.2002e-07 -0.00065774 -0.000775861 7.58114e-06 1.68535e-05 0.000335591 -0.000710855 -3.78477e-06 -0.00096822 4.25407e-06 0.000533723 0.000152773 0.00231742 1.14761e-06
internal_weight=647395 7878 7675 639517 629456 38274 6091 591182 4882 586300 32183 12292 812 585260
internal_count=647395 7878 7675 639517 629456 38274 6091 591182 4882 586300 32183 12292 812 585260
is_linear=0
shrinkage=0.03


Tree=79
num_leaves=15
num_cat=0
split_feature=12 21 16 19 18 17 8 21 21 19 8 8 19 8
split_gain=3.77117 3.52834 3.06743 6.73261 5.95574 6.94032 5.68715 10.6146 11.3238 8.71962 11.0714 22.1708 9.8168 7.65673
threshold=0.0050100250702056126 0.0036215113941580061 0.017815053462982181 0.43514244258403784 -0.14057180285453794 0.045801818370819099 0.050382606220033939 0.018002801574766639 0.014412706252187492 -0.077803269028663621 0.17004944558881532 0.17456074467969648 0.059525052085518844 0.050384221673779254
decision_type=2 2 2 2 2 2 2 2 2 2 2 2 2 2
left_child=-1 -2 3 -3 -4 6 -6 8 9 -8 13 -12 -13 -11
right_child=1 2 4 -5 5 -7 7 -9 -10 10 11 12 -14 -15
leaf_value=-0.0011311790830344202 0.0011104750370967195 5.7925740276958309e-05 0.00058613258494395921 -0.0015825098747215115 -0.0008596645770772214 2.1461573127414109e-05 -0.0013943428586801582 -0.0011740113143253034 0.0007946899221643772 0.0022823876597584331 -0.002867365021454201 -0.0021782814596836924 0.00034504713900862386 4.6327174351246018e-05
leaf_weight=2634 2584 414120 11191 2259 14906 124387 5491 9169 10974 1430 3648 1689 7667 34839
leaf_count=2634 2584 414120 11191 2259 14906 124387 5491 9169 10974 1430 3648 1689 7667 34839
internal_value=5.75639e-07 5.21078e-06 7.51971e-07 4.90069e-05 -8.83915e-05 -0.000123645 -0.000324602 -0.000218078 -8.46668e-05 -0.000260935 -0.000134499 -0.000885333 -0.000111399 0.000134792
internal_weight=646988 644354 641770 416379 225391 214200 89813 74907 65738 54764 49273 13004 9356 36269
internal_count=646988 644354 641770 416379 225391 214200 89813 74907 65738 54764 49273 13004 9356 36269
is_linear=0
shrinkage=0.03


Tree=80
num_leaves=15
num_cat=0
split_feature=4 19 16 12 21 18 17 10 21 17 19 17 18 21
split_gain=3.53302 4.37051 3.47342 4.31381 4.06313 5.15005 7.52832 6.38396 5.81614 4.06423 5.73718 7.68373 6.34929 4.10328
threshold=-0.076629251241683946 0.11187734827399255 0.0063090324401855477 0.0050100250702056126 0.015086432453244926 -0.16426745057106015 -0.10020053386688231 0.054146232808906632 0.01427654502913356 0.025201857089996341 -0.13447330892086026 -0.091123223304748521 0.060652792453765876 0.030785156413912777
decision_type=2 2 2 2 2 2 2 2 2 2 2 2 2 2
left_child=1 2 4 -4 5 7 -7 -1 -8 10 11 13 -12 -6
right_child=-2 -3 3 -5 9 6 8 -9 -10 -11 12 -13 -14 -15
leaf_value=0.0038138595239525608 7.5004447048520139e-05 -0.00022109670843081011 -0.0027711810378957188 -0.00012287505223112729 -1.6866120555958646e-05 -0.00079756095343287529 0.0001466778804361109 0.00065699119996751043 0.0012589869196205923 0.00076825276668088076 3.1419247825062418e-05 -0.0022736938379290098 -0.0033038579396528281 -0.0020826741999329028
leaf_weight=614 297915 110999 552 90074 5280 7346 89065 8479 4437 3698 23849 2673 520 1030
leaf_count=614 297915 110999 552 90074 5280 7346 89065 8479 4437 3698 23849 2673 520 1030
internal_value=-8.57387e-07 -6.56864e-05 6.91419e-06 -0.000139158 9.69752e-05 0.000188537 0.000126859 0.000872136 0.000199525 -0.00017471 -0.000279363 -0.000927198 -4.0414e-05 -0.000355456
internal_weight=646531 348616 237617 90626 146991 109941 100848 9093 93502 37050 33352 8983 24369 6310
internal_count=646531 348616 237617 90626 146991 109941 100848 9093 93502 37050 33352 8983 24369 6310
is_linear=0
shrinkage=0.03


Tree=81
num_leaves=15
num_cat=0
split_feature=21 12 3 18 18 8 21 14 13 19 19 20 19 16
split_gain=3.54795 3.4672 3.18129 3.44078 5.91079 6.09399 4.20161 9.32606 6.76864 5.17774 3.76811 3.69133 3.49904 3.23089
threshold=0.0036215113941580061 0.62951592130007439 1.1513252258300783 0.11685323715209962 0.044580459594726569 0.049956443568717292 0.008049521595239641 0.0080523585670286939 0.0090771581328732819 0.071578439325094237 0.031464634463191039 0.24510423094034198 0.038725109770894058 0.035840809345245368
decision_type=2 2 2 2 2 2 2 2 2 2 2 2 2 2
left_child=-1 2 3 4 -2 13 7 8 -5 12 11 -7 -9 -6
right_child=1 -3 -4 6 5 10 -8 9 -10 -11 -12 -13 -14 -15
leaf_value=0.0011120974874048832 -4.55496016029368e-05 4.2825720110966087e-05 -0.00055733847754071693 0.00040642271398955696 -0.0010973330377717617 -0.0028595181247898878 -9.0146605745506517e-05 0.00014090145299774988 0.0051908415477627942 -6.2538967089873775e-05 -0.00047113198472894922 0.00069192096097540911 0.0013286392920790425 -0.0030788389779870936
leaf_weight=2557 104871 429051 13113 469 4425 276 37948 3775 613 14707 25164 4223 5462 888
leaf_count=2557 104871 429051 13113 469 4425 276 37948 3775 613 14707 25164 4223 5462 888
internal_value=-2.09334e-06 -6.51906e-06 -0.000104564 -7.52773e-05 -0.000158193 -0.000495886 0.000108853 0.000410562 0.00312841 0.000287119 -0.000328165 0.000471118 0.00084357 -0.0014311
internal_weight=647542 644985 215934 202821 139847 34976 62974 25026 1082 23944 29663 4499 9237 5313
internal_count=647542 644985 215934 202821 139847 34976 62974 25026 1082 23944 29663 4499 9237 5313
is_linear=0
shrinkage=0.03


Tree=82
num_leaves=15
num_cat=0
split_feature=12 19 18 20 20 16 18 19 15 8 18 19 19 20
split_gain=3.34108 2.98507 4.69552 4.53988 4.31177 4.24997 4.80511 4.76003 4.58943 4.96956 7.96632 7.57628 6.22802 5.54373
threshold=0.086297893053334282 0.40323638916015631 0.42142248153686529 0.91373437643051159 0.91373437643051159 0.032302618026733405 -0.12065929174423216 0.3055540025234223 0.024076389693988533 0.049952765041665688 0.19621008634567264 -0.02530502155423164 -0.11664577946066855 0.79263052344322216
decision_type=2 2 2 2 2 2 2 2 2 2 2 2 2 2
left_child=-1 2 4 -3 5 7 -7 -2 -8 10 11 -10 -11 -13
right_child=1 3 -4 -5 -6 6 8 -9 9 12 -12 13 -14 -15
leaf_value=-0.00030547360034676515 2.818099553115597e-05 3.5762364183948637e-05 0.001083458868570118 -0.00096198855853902069 0.00105203244329855 0.00050288366657551926 0.0028000035968483582 0.00046649850240491685 -0.00022654196174327969 -0.0016712926649569541 0.00046419072201303363 -0.0028948454168591718 -0.00011816610468043852 -0.00069138265192112054
leaf_weight=30597 474111 9913 3756 6999 3617 8650 440 23394 3114 2396 2949 3017 72221 1563
leaf_count=30597 474111 9913 3756 6999 3617 8650 440 23394 3114 2396 2949 3017 72221 1563
internal_value=4.85781e-07 1.56818e-05 2.67765e-05 -0.000377317 2.01023e-05 1.37871e-05 -0.000170809 4.87963e-05 -0.000238832 -0.000254678 -0.000860976 -0.00136887 -0.000168147 -0.00214445
internal_weight=646737 616140 599228 16912 595472 591855 94350 497505 85700 85260 10643 7694 74617 4580
internal_count=646737 616140 599228 16912 595472 591855 94350 497505 85700 85260 10643 7694 74617 4580
is_linear=0
shrinkage=0.03


Tree=83
num_leaves=15
num_cat=0
split_feature=12 18 19 20 18 16 16 19 6 18 20 21 18 19
split_gain=3.34564 3.40525 3.1985 6.58539 5.16748 5.07736 3.84907 3.59778 5.97642 8.06036 6.69742 8.76168 3.43508 4.85074
threshold=0.31205922433429828 -0.31835636496543879 0.017993674613535408 0.60102671384811412 -0.10218307375907897 -0.009914427995681761 -0.071125239133834825 -0.0054402768146246663 0.051344255221206218 -0.011628687381744383 0.53925326466560375 0.014354951679706575 -0.017013311386108395 0.021072055213153366
decision_type=2 2 2 2 2 2 2 2 2 2 2 2 2 2
left_child=1 -1 3 7 -4 -5 -6 8 -2 10 -10 -12 -8 -14
right_child=2 -3 4 5 6 -7 12 -9 9 -11 11 -13 13 -15
leaf_value=-0.0018851822186052997 0.00016029468881680276 -0.00014107767275756938 -0.0013236960093806387 0.0016239139913549483 -0.0011137566386172821 0.00039893648031031281 0.00035992379011487159 0.00044216789891326228 -6.6666529236278528e-05 -0.0017228085328808156 -0.0025927227383528576 0.00089722831112083398 -0.0013847713852295543 -1.5372933088172322e-05
leaf_weight=1013 77164 98099 2709 3429 2816 26971 22244 18546 43628 3174 2105 931 2339 342031
leaf_count=1013 77164 98099 2709 3429 2816 26971 22244 18546 43628 3174 2105 931 2339 342031
internal_value=1.39722e-06 -0.000158998 3.04031e-05 0.000135799 -1.94292e-05 0.000537353 -9.84737e-06 5.19119e-05 -5.09206e-06 -0.00026115 -0.000161557 -0.0015228 -1.35306e-06 -2.4694e-05
internal_weight=647199 99112 548087 175948 372139 30400 369430 145548 127002 49838 46664 3036 366614 344370
internal_count=647199 99112 548087 175948 372139 30400 369430 145548 127002 49838 46664 3036 366614 344370
is_linear=0
shrinkage=0.03


Tree=84
num_leaves=15
num_cat=0
split_feature=4 19 3 0 20 8 8 8 20 20 20 8 8 20
split_gain=3.30766 3.89142 3.17344 4.09281 3.39475 4.41361 5.1792 4.85122 5.00769 4.89307 3.296 3.50773 2.97013 2.93404
threshold=-0.077485769987106309 0.11187734827399255 1.4964224100112917 57.500000000000007 0.50039580464363109 0.17005116584446997 0.17456039764320272 0.04700215276620924 0.46103633940219885 0.44434559345245367 0.54341050982475292 0.047002355992836489 0.049956443568717292 0.53385579586029064
decision_type=2 2 2 2 2 2 2 2 2 2 2 2 2 2
left_child=1 -1 4 -4 5 7 -7 8 -3 12 11 13 -9 -6
right_child=-2 2 3 -5 10 6 -8 9 -10 -11 -12 -13 -14 -15
leaf_value=5.8900189439099829e-06 7.3416251784117457e-05 -0.0047031094725076498 -0.0030677150856190482 -0.00060097273615276469 0.00061039075232883989 -0.0017986177665010844 0.00065761429432764412 0.001847557140057565 -0.00023602487913404517 -0.0007396509484267292 -0.00014425999578011038 0.00069560266009272204 0.00010957727575854212 -0.0037583255350788231
leaf_weight=236745 300480 437 688 4825 251 3842 964 986 463 7380 74438 6992 8279 300
leaf_count=236745 300480 437 688 4825 251 3842 964 986 463 7380 74438 6992 8279 300
internal_value=5.70771e-07 -6.25836e-05 -0.000210156 -0.000911313 -0.000173064 -0.000500758 -0.00130577 -0.000279937 -0.00241904 -0.000163583 -8.36978e-05 0.00051366 0.000295433 -0.00178063
internal_weight=647070 346590 109845 5513 104332 22351 4806 17545 900 16645 81981 7543 9265 551
internal_count=647070 346590 109845 5513 104332 22351 4806 17545 900 16645 81981 7543 9265 551
is_linear=0
shrinkage=0.03


Tree=85
num_leaves=15
num_cat=0
split_feature=17 16 16 21 19 11 19 16 19 9 21 10 21 16
split_gain=3.17898 4.06657 4.56954 3.62065 6.86385 6.6816 5.13449 7.8163 10.8874 7.45665 5.12715 5.22986 4.9054 6.94751
threshold=0.18109416961669925 0.038406729698181159 0.055708527565002448 0.012545560020953419 -0.15099362283945081 0.048104282019402193 -0.083282086998224245 0.0063090324401855477 -0.094228208065032945 0.00011200257833525117 0.012369677424430849 0.048015147841838517 0.0070861626882106074 -0.034850299358367913
decision_type=2 2 2 2 2 2 2 2 2 2 2 2 2 2
left_child=1 3 -3 4 5 -1 7 -6 -9 -10 11 -7 13 -8
right_child=-2 2 -4 -5 6 10 12 8 9 -11 -12 -13 -14 -15
leaf_value=-0.002183654301684042 0.00057133684311204413 -0.00038221008984760647 0.00011881971733502988 -9.4481284887132567e-05 -2.8597848335655891e-05 0.0031796224170933273 -0.0020729647087930217 -0.00041736147701382063 0.00054285046016810002 -0.003493558398405931 0.002301905116352458 0.00047293168678462901 0.00015444867726256901 -6.3779435086325556e-05
leaf_weight=695 8740 48906 24631 166968 27460 672 1569 7210 513 2060 1830 12691 245911 97288
leaf_count=695 8740 48906 24631 166968 27460 672 1569 7210 513 2060 1830 12691 245911 97288
internal_value=3.22866e-06 -4.55338e-06 -0.000214395 2.27664e-05 7.1967e-05 0.00068284 4.65519e-05 -0.000288061 -0.00101596 -0.00268929 0.000814643 0.000610184 8.27016e-05 -9.57713e-05
internal_weight=647144 638404 73537 564867 397899 15888 382011 37243 9783 2573 15193 13363 344768 98857
internal_count=647144 638404 73537 564867 397899 15888 382011 37243 9783 2573 15193 13363 344768 98857
is_linear=0
shrinkage=0.03


Tree=86
num_leaves=15
num_cat=0
split_feature=20 8 8 12 8 19 7 20 17 18 18 17 18 18
split_gain=3.46101 4.32795 6.67955 3.184 3.26527 7.41745 4.84277 4.56776 8.76619 6.47257 5.20337 4.7726 4.26406 7.23272
threshold=0.078103616833686842 0.047001329397577264 0.047001398658655213 0.0050100250702056126 0.15857708621314398 -0.072392273694276796 -0.044751975729346007 0.42202498018741613 -0.044473618268966668 0.071617543697357192 -0.023500025272369381 0.022863328456878666 0.093716859817504897 0.056053757667541511
decision_type=2 2 2 2 2 2 2 2 2 2 2 2 2 2
left_child=1 -1 -3 -2 -5 -6 -7 8 9 -8 11 -9 13 -10
right_child=3 2 -4 4 5 6 7 10 12 -11 -12 -13 -14 -15
leaf_value=0.0036265941325940988 -0.0010432224683009799 -0.0036523291207358486 -0.00047129935146513515 4.8998271479499255e-05 0.0012236977959216384 0.00030210424405871267 -0.00022586558311702692 0.002014028691009266 -0.00091501640304069679 0.0021873047458188539 -0.00016667061725527738 0.00015676913905014373 0.00022297974205127434 -0.002714260800698583
leaf_weight=205 2581 644 7055 488625 3646 18906 15359 1862 9151 1065 90003 3742 1892 2576
leaf_count=205 2581 644 7055 488625 3646 18906 15359 1862 9151 1065 90003 3742 1892 2576
internal_value=-3.94482e-07 -0.000624118 -0.000739581 7.32046e-06 1.15864e-05 -0.000111759 -0.000145483 -0.000212839 -0.000535483 -6.87676e-05 -0.00011143 0.000775112 -0.00109809 -0.00131123
internal_weight=647312 7904 7699 639408 636827 148202 144556 125650 30043 16424 95607 5604 13619 11727
internal_count=647312 7904 7699 639408 636827 148202 144556 125650 30043 16424 95607 5604 13619 11727
is_linear=0
shrinkage=0.03


Tree=87
num_leaves=15
num_cat=0
split_feature=21 19 18 8 18 18 17 18 16 20 16 8 19 16
split_gain=3.24159 3.14914 4.33953 5.31057 10.9575 13.8214 14.283 11.5835 10.6676 9.12527 9.96076 9.06757 7.85703 8.28387
threshold=0.0036215113941580061 0.40323638916015631 0.22061973810195926 0.049956354981132801 0.048805534839630134 0.060652792453765876 -0.020930498838424679 0.13793659210205081 0.0019783377647399907 0.79263052344322216 0.038849771022796638 0.050384221673779254 0.14245050400495532 0.0037913918495178227
decision_type=2 2 2 2 2 2 2 2 2 2 2 2 2 2
left_child=-1 2 3 4 -2 -6 7 -7 -8 10 12 -5 -10 -14
right_child=1 -3 -4 11 5 6 8 -9 9 -11 -12 -13 13 -15
leaf_value=0.0010655456679513884 4.4626776411233024e-05 -0.00040033207996559202 0.00025382844558833511 0.00040148816591138682 -0.0031649353691909402 -0.0035661298769574098 0.00044979436707357016 0.0018518655228078888 -7.5986568180257957e-05 0.00020740407652113977 -0.002812692521192461 -2.2402967056489754e-05 -0.0048492978155374473 -0.0011272519413197753
leaf_weight=2550 60782 17646 57721 50994 1783 2099 11265 424 8113 7902 2394 414996 573 7950
leaf_count=2550 60782 17646 57721 50994 1783 2099 11265 424 8113 7902 2394 414996 573 7950
internal_value=-9.16999e-07 -5.14382e-06 5.98135e-06 -1.91508e-05 -0.000213771 -0.000583259 -0.00046984 -0.00265375 -0.00032526 -0.000649469 -0.00100524 2.39879e-05 -0.000744369 -0.00138018
internal_weight=647192 644642 626996 569275 103285 42503 40720 2523 38197 26932 19030 465990 16636 8523
internal_count=647192 644642 626996 569275 103285 42503 40720 2523 38197 26932 19030 465990 16636 8523
is_linear=0
shrinkage=0.03


Tree=88
num_leaves=15
num_cat=0
split_feature=10 19 19 8 19 8 8 8 20 8 8 19 20 19
split_gain=3.34508 3.19949 3.3364 6.88721 3.41123 6.42691 12.1417 4.63786 4.63325 7.05015 5.8384 4.8405 4.49038 5.38438
threshold=0.8426080044238613 0.40323638916015631 0.30137488245964056 0.17005002145703943 0.116963729262352 0.17456074467969648 0.17004944558881532 0.15608545759224152 0.77701869606971752 0.049956354981132801 0.049955909530085711 0.21586795151233676 0.68317082524299633 0.25642377138137823
decision_type=2 2 2 2 2 2 2 2 2 2 2 2 2 2
left_child=1 2 4 -4 -1 6 7 8 9 11 -10 -6 13 -8
right_child=-2 -3 3 -5 5 -7 12 -9 10 -11 -12 -13 -14 -15
leaf_value=-5.4035985580056981e-07 8.4516618538599085e-05 -0.0005878866938696278 0.00021276215464634165 0.0029136422152042738 -0.00092903852232806966 0.00040040310062836471 -0.00098953006589028842 0.00018026777720697723 0.00098124577960251118 -0.00023762874365760501 -0.00030282611130844577 -0.003371486210326716 0.0027505777896769646 -0.0026487355301637013
leaf_weight=244715 266702 9837 20253 882 11265 13728 7292 23485 4982 32326 8824 777 237 2321
leaf_count=244715 266702 9837 20253 882 11265 13728 7292 23485 4982 32326 8824 777 237 2321
internal_value=3.03426e-06 -5.40156e-05 -3.98557e-05 0.000326137 -6.19638e-05 -0.000204789 -0.000295596 -0.000175539 -0.000319183 -0.000468518 0.000160728 -0.00108797 -0.0012903 -0.0013913
internal_weight=647626 380924 371087 21135 349952 105237 91509 81659 58174 44368 13806 12042 9850 9613
internal_count=647626 380924 371087 21135 349952 105237 91509 81659 58174 44368 13806 12042 9850 9613
is_linear=0
shrinkage=0.03


Tree=89
num_leaves=15
num_cat=0
split_feature=17 16 16 8 8 16 8 17 16 21 8 21 19 8
split_gain=3.22839 3.73856 3.86812 5.08728 5.94894 4.07317 3.56918 7.51161 9.2136 7.304 7.00252 7.89608 7.44735 7.27912
threshold=0.18109416961669925 0.038406729698181159 0.055708527565002448 0.1785670142462881 0.17857349761315727 0.068006396293640151 0.049956620245035159 0.054259479045867927 -0.0030477643013000484 0.014219570439308883 0.047001329397577264 0.016505588777363304 0.033874820917844779 0.047002490904381543
decision_type=2 2 2 2 2 2 2 2 2 2 2 2 2 2
left_child=1 6 -3 -4 5 -5 7 8 9 -1 -10 12 13 -12
right_child=-2 2 3 4 -6 -7 -8 -9 10 -11 11 -13 -14 -15
leaf_value=0.00030498447819419421 0.000571662232678503 -0.00036393030719817352 0.00020610913084540233 -0.0012390496716259201 0.0015996942430202535 -0.0049740258831417854 5.3618978637068275e-05 0.00024005746349593167 -9.5442858175863866e-05 -0.00054763713969665064 -0.0020712688757560408 0.00021861057567263632 -0.0010510609031813636 -0.0064778849851865302
leaf_weight=25091 8748 48931 23173 671 384 432 460598 32140 11638 14131 1734 3821 14905 417
leaf_count=25091 8748 48931 23173 671 384 432 460598 32140 11638 14131 1734 3821 14905 417
internal_value=-5.76452e-07 -8.42637e-06 -0.000209537 9.68267e-05 -0.00160118 -0.00271773 1.77942e-05 -0.000141051 -0.000311802 -2.23081e-06 -0.000685171 -0.00101382 -0.0012899 -0.00293859
internal_weight=646814 638066 73591 24660 1487 1103 564475 103877 71737 39222 32515 20877 17056 2151
internal_count=646814 638066 73591 24660 1487 1103 564475 103877 71737 39222 32515 20877 17056 2151
is_linear=0
shrinkage=0.03


Tree=90
num_leaves=15
num_cat=0
split_feature=4 18 21 17 2 19 15 21 21 5 19 17 18 19
split_gain=3.00727 3.49352 5.43243 8.06466 4.76359 4.6752 4.57841 3.91294 3.53051 3.54498 8.18342 5.89925 5.12212 6.27617
threshold=-0.070325583219528184 -0.14736050367355344 0.012974901590496303 0.008381843566894533 -0.76261195540428151 -0.1538436487317085 0.13980087180503273 0.009490834083408119 0.023354209028184417 0.13389987113666924 0.036853719502687461 0.091680586338043227 0.11232835054397584 0.18417666107416156
decision_type=2 2 2 2 2 2 2 2 2 2 2 2 2 2
left_child=1 2 4 -4 -1 6 -6 -8 9 -3 -11 12 13 -12
right_child=-2 8 3 -5 5 -7 7 -9 -10 10 11 -13 -14 -15
leaf_value=-0.002929922303070757 7.2483440160274592e-05 -0.00017383374332278456 -0.00036899376148536957 0.0009537733446652578 0.0040363590421054404 0.0001728820358365748 -3.9922081780847172e-05 0.0017032148340474101 -0.00084521500540264715 0.00030172251920621435 -0.00012795585634736267 -0.00080070363540769884 0.00021129301118390481 -0.0011260297802791921
leaf_weight=298 281989 162613 16454 5541 550 4667 1665 3807 5434 60313 49337 10812 37354 6402
leaf_count=298 281989 162613 16454 5541 550 4667 1665 3807 5434 60313 49337 10812 37354 6402
internal_value=-1.11172e-06 -5.79311e-05 0.000236531 -3.56201e-05 0.000781123 0.000885905 0.00143789 0.00117327 -8.71638e-05 -7.45474e-05 2.37708e-05 -0.000137577 -6.05209e-05 -0.000242682
internal_weight=647236 365247 32982 21995 10987 10689 6022 5472 332265 326831 164218 103905 93093 55739
internal_count=647236 365247 32982 21995 10987 10689 6022 5472 332265 326831 164218 103905 93093 55739
is_linear=0
shrinkage=0.03


Tree=91
num_leaves=15
num_cat=0
split_feature=21 13 14 21 18 20 21 17 21 19 8 8 8 20
split_gain=3.2308 2.9006 4.13043 6.85342 11.7704 2.73394 4.45877 4.43052 3.72777 3.37425 4.64664 7.49168 10.5211 26.7632
threshold=0.0036215113941580061 0.026883988126596193 0.013042966197133228 0.0076946034096181401 0.13637942075729373 0.078103616833686842 0.030785156413912777 -0.048402607440948479 0.023354209028184417 0.032259128987789161 0.17856609631409046 0.17456074467969648 0.17004944558881532 0.68317082524299633
decision_type=2 2 2 2 2 2 2 2 2 2 2 2 2 2
left_child=-1 -2 3 4 -3 -4 8 -8 9 -7 11 12 -11 -14
right_child=1 2 5 -5 -6 6 7 -9 -10 10 -12 -13 13 -15
leaf_value=0.0010618493000729542 -0.00044953662619901316 -0.00063683839700663127 -0.00055659408255248762 8.2354989649733519e-05 0.0062182614233250956 0.00010818299824906704 -0.00063417279893320422 0.0023650470734434864 -0.0006962215207688122 -1.7583109235257359e-05 -0.00044137236924062721 0.00038244217596910353 -0.0011675585654839105 0.0023149151101268012
leaf_weight=2578 12730 393 7762 1746 521 216323 648 1386 6741 315217 24257 38659 16506 2253
leaf_count=2578 12730 393 7762 1746 521 216323 648 1386 6741 315217 24257 38659 16506 2253
internal_value=2.96956e-06 -1.26994e-06 7.75683e-06 0.00118632 0.00328329 2.76933e-06 9.75421e-06 0.00141033 5.14775e-06 1.28634e-05 -3.90905e-05 -1.2898e-05 -5.86652e-05 -0.0007488
internal_weight=647720 645142 632412 2660 914 629752 621990 2034 619956 613215 396892 372635 333976 18759
internal_count=647720 645142 632412 2660 914 629752 621990 2034 619956 613215 396892 372635 333976 18759
is_linear=0
shrinkage=0.03


Tree=92
num_leaves=15
num_cat=0
split_feature=13 14 21 18 16 19 11 16 18 19 18 19 19 8
split_gain=2.89177 4.3275 5.5584 10.6668 3.60587 3.59258 2.92852 2.74706 4.80726 4.70561 4.40424 5.97294 6.29457 5.83557
threshold=0.026883988126596193 0.013042966197133228 0.0076946034096181401 0.13637942075729373 -0.0025492310523986812 -0.094228208065032945 0.56058331058331068 0.03371089696884156 0.33749294281005865 0.51645228266716015 -0.13000044226646421 -0.11407211795449256 -0.14415774494409558 0.04700282619507299
decision_type=2 2 2 2 2 2 2 2 2 2 2 2 2 2
left_child=6 2 3 -2 5 -4 -1 -3 10 -10 -9 12 -12 -13
right_child=1 7 4 -5 -6 -7 -8 8 9 -11 11 13 -14 -15
leaf_value=-0.00036852088336900544 -0.00067011228411552738 3.2402180529187803e-05 0.0039623795178803526 0.0058458524867402665 -0.00089403147521972468 -0.00026079328421533838 -0.0031400710191754437 0.00047841543292144478 0.00095053018690624135 -0.00074479302067062504 -0.0007463936330444499 -0.0010324979152252084 -0.0037393048753361097 -0.00013413719900666699
leaf_weight=12420 390 533575 358 530 1051 361 348 7787 6298 1919 2477 7150 846 71958
leaf_count=12420 390 533575 358 530 1051 361 348 7787 6298 1919 2477 7150 846 71958
internal_value=1.65931e-06 1.06533e-05 0.00121025 0.00309496 0.000224674 0.00185483 -0.000445261 5.53791e-06 -0.000140076 0.000554392 -0.000203355 -0.000267785 -0.00151283 -0.000215394
internal_weight=647468 634700 2690 920 1770 719 12768 632010 98435 8217 90218 82431 3323 79108
internal_count=647468 634700 2690 920 1770 719 12768 632010 98435 8217 90218 82431 3323 79108
is_linear=0
shrinkage=0.03


Tree=93
num_leaves=15
num_cat=0
split_feature=4 19 12 2 4 19 18 20 8 17 18 6 18 19
split_gain=2.89534 3.20189 2.986 2.67902 2.53182 2.16074 3.8697 3.40967 4.73254 3.36458 4.98735 6.68896 3.10124 4.80264
threshold=-0.096046298742294298 0.38113558292388922 0.63548890930252699 0.96348571777343761 -0.3654146790504455 0.017993674613535408 -0.084935694932937608 0.60102671384811412 0.074182358524838385 0.041536927223205573 -0.096063733100891099 0.074058102136832074 -0.023500025272369381 0.021072055213153366
decision_type=2 2 2 2 2 2 2 2 2 2 2 2 2 2
left_child=1 2 3 -1 -3 7 -7 8 -2 -10 -11 -12 -8 -14
right_child=5 4 -4 -5 -6 6 12 -9 9 10 11 -13 13 -15
leaf_value=-0.0001318280750519836 0.00035487545839914535 -0.0024386507860954449 3.6011339963486139e-05 -0.00092985988909040124 -0.00053247324814146234 -0.0011214176919720532 0.00063817344679989126 0.00053166900651882966 -9.8714312356181329e-05 0.00017644711053223868 -0.0037924741304065945 0.001854764734505027 -0.0015377167575171637 2.6888096479090976e-05
leaf_weight=133114 28260 721 160996 3892 4646 2632 7415 20704 25664 1061 934 233 1773 254938
leaf_count=133114 28260 721 160996 3892 4646 2632 7415 20704 25664 1061 934 233 1773 254938
internal_value=2.86359e-06 -6.4678e-05 -5.15915e-05 -0.000154531 -0.00079058 6.24946e-05 2.2113e-05 0.000202644 8.12909e-05 -0.000195917 -0.00131286 -0.00266186 3.35293e-05 1.60523e-05
internal_weight=646983 303369 298002 137006 5367 343614 266758 76856 56152 27892 2228 1167 264126 256711
internal_count=646983 303369 298002 137006 5367 343614 266758 76856 56152 27892 2228 1167 264126 256711
is_linear=0
shrinkage=0.03


Tree=94
num_leaves=15
num_cat=0
split_feature=19 20 20 16 18 8 19 8 18 16 16 19 19 16
split_gain=3.27916 4.26527 4.14143 3.62475 3.58331 4.75462 8.15344 7.49103 6.36882 5.43251 4.38299 5.96148 8.39127 9.01053
threshold=0.40323638916015631 0.91373437643051159 0.91373437643051159 0.040961444377899177 0.42142248153686529 0.049956354981132801 0.15346421301364901 0.050384221673779254 -0.2385444641113281 -0.040304034948348992 0.036926388740539558 -0.019111051224172112 0.03014033101499081 0.03371089696884156
decision_type=2 2 2 2 2 2 2 2 2 2 2 2 2 2
left_child=2 -2 4 -3 5 6 -1 -7 -9 -8 11 -10 13 -13
right_child=1 3 -4 -5 -6 7 9 8 10 -11 -12 12 -14 -15
leaf_value=-8.5540268245528259e-05 -1.1802622483133839e-05 -0.0015253299302983002 0.00099912046307562216 -0.00016304065722154881 0.00089900022643930205 0.00038586567915095953 0.0029166769606291973 -0.0026253660845086679 -0.00021705327072037744 -0.001003688399674808 -0.00025145343373779287 0.00055349486866720509 3.4004777518089227e-05 -0.0020915609360955024
leaf_weight=100586 10359 4237 3803 3004 4020 50760 322 824 67611 12077 52459 42216 293219 1187
leaf_count=100586 10359 4237 3803 3004 4020 50760 322 824 67611 12077 52459 42216 293219 1187
internal_value=1.47346e-06 -0.000402349 1.27744e-05 -0.000960673 6.76744e-06 9.86869e-07 -0.000175037 4.01166e-05 1.75299e-06 -0.000900742 6.52173e-06 4.00029e-05 9.16355e-05 0.000480924
internal_weight=646684 17600 629084 7241 625281 621261 112985 508276 457516 12399 456692 404233 336622 43403
internal_count=646684 17600 629084 7241 625281 621261 112985 508276 457516 12399 456692 404233 336622 43403
is_linear=0
shrinkage=0.03


Tree=95
num_leaves=15
num_cat=0
split_feature=13 21 21 8 16 17 16 16 8 18 8 21 21 8
split_gain=2.82274 2.69754 4.8765 8.02879 6.77739 9.32006 4.54565 4.11054 6.58434 4.4099 5.39665 4.30978 4.51131 7.23772
threshold=0.026883988126596193 0.01052588550373912 0.0070861626882106074 0.17456887110338701 -0.034850299358367913 0.008381843566894533 0.068006396293640151 -0.018408626317977902 0.050383421524732137 0.22061973810195926 0.15857084465958085 0.0057082085404545077 0.0063020500820130118 0.14480405194738963
decision_type=2 2 2 2 2 2 2 2 2 2 2 2 2 2
left_child=-1 2 4 -4 5 -2 -5 8 -6 11 -11 -9 13 -13
right_child=1 -3 3 6 7 -7 -8 9 -10 10 -12 12 -14 -15
leaf_value=-0.00043935005091125674 -0.0005058295745838491 -5.3916757065091861e-05 0.00018419449409802982 -0.00074148267019701205 -0.0017589561351299583 -0.0046092057349647626 -0.0050393905547528482 0.00011662002504689627 0.00098115413564233518 0.001530584495956757 9.3342646635257386e-05 -0.00038600097843927307 -0.00015278519058023631 -0.001754604473865661
leaf_weight=12822 1811 305993 210931 6133 898 683 225 27770 6278 2871 12892 14369 38797 4585
leaf_count=12822 1811 305993 210931 6133 898 683 225 27770 6278 2871 12892 14369 38797 4585
internal_value=1.25193e-06 1.01627e-05 6.98985e-05 0.000152526 -9.19162e-05 -0.00163654 -0.00089742 -5.63242e-05 0.000637273 -0.000105495 0.000355518 -0.000190483 -0.000338153 -0.000717444
internal_weight=647058 634236 328243 217289 110954 2494 6358 108460 7176 101284 15763 85521 57751 18954
internal_count=647058 634236 328243 217289 110954 2494 6358 108460 7176 101284 15763 85521 57751 18954
is_linear=0
shrinkage=0.03


Tree=96
num_leaves=15
num_cat=0
split_feature=12 19 18 20 8 8 18 19 17 19 19 18 18 8
split_gain=2.78737 2.75491 3.77627 3.67662 4.36832 7.83615 6.42997 6.42798 7.62913 7.52221 6.68829 5.31029 14.2699 9.59842
threshold=0.0050100250702056126 0.40323638916015631 0.42142248153686529 0.91373437643051159 0.049956620245035159 0.050384221673779254 -0.2385444641113281 0.15070983022451404 0.05349236726760865 0.053768506273627288 -0.0083581972867250425 0.048805534839630134 0.11946159601211549 0.049955640231798409
decision_type=2 2 2 2 2 2 2 2 2 2 2 2 2 2
left_child=-1 2 3 4 7 -6 -7 8 11 10 -10 -2 -13 -14
right_child=1 -3 -4 -5 5 6 -8 -9 9 -11 -12 12 13 -15
leaf_value=-0.00098131460329500884 -5.666648685967683e-05 -0.00036761208979737669 0.00093177616505844287 0.00093987457850044898 0.00041443842520420419 -0.0026509944432118373 7.9540845767916291e-06 -0.00070804359271869801 0.00048981171549687078 0.001193379398737679 -0.00055182319872379892 -0.0017866999074524282 0.00018224170594684637 -0.0016630371475165706
leaf_weight=2592 46791 17508 4003 3782 45890 815 454929 16674 13681 6952 9325 6646 14088 3089
leaf_count=2592 46791 17508 4003 3782 45890 815 454929 16674 13681 6952 9325 6646 14088 3089
internal_value=-4.50636e-07 3.50372e-06 1.38749e-05 7.96645e-06 2.26398e-06 4.07971e-05 3.1701e-06 -0.000162594 -7.2132e-05 0.000328986 6.75787e-05 -0.000242317 -0.000606868 -0.000149989
internal_weight=646765 644173 626665 622662 618880 501634 455744 117246 100572 29958 23006 70614 23823 17177
internal_count=646765 644173 626665 622662 618880 501634 455744 117246 100572 29958 23006 70614 23823 17177
is_linear=0
shrinkage=0.03


Tree=97
num_leaves=15
num_cat=0
split_feature=20 8 8 16 21 17 21 17 3 8 20 19 16 19
split_gain=2.73652 4.3571 6.09057 7.62009 3.98452 4.08746 3.71408 2.87937 2.59726 2.71946 11.6033 8.62139 8.05944 7.58673
threshold=0.078103616833686842 0.047001329397577264 0.047001536825169957 -0.11381205916404723 0.030785156413912777 -0.048402607440948479 0.023354209028184417 0.075743973255157485 0.78271865844726574 0.049956620245035159 0.78978112339973461 0.13717792928218844 0.00077223777770996105 0.14850962907075885
decision_type=2 2 2 2 2 2 2 2 2 2 2 2 2 2
left_child=1 -1 -3 -4 6 -6 8 -8 9 10 11 -2 -13 -14
right_child=4 2 3 -5 5 -7 7 -9 -10 -11 -12 12 13 -15
leaf_value=0.0036845649573358898 -0.00011608820176736726 -0.002401629483119133 0.0018022816643329825 -0.00079760034319720989 -0.00066016657131358336 0.0022680489720059457 -0.00054458067300714114 -0.0031940763676323752 -0.00016665741418808101 6.0263204228143676e-05 0.0005263530218097888 0.00015593997032518385 -0.0029570585985979852 -0.00094914235315822883
leaf_weight=207 71786 1480 1273 4919 624 1355 6434 387 69436 452342 21040 4784 2059 9498
leaf_count=207 71786 1480 1273 4919 624 1355 6434 387 69436 452342 21040 4784 2059 9498
internal_value=-3.7752e-06 -0.00055928 -0.000676109 -0.000262073 3.07062e-06 0.00134541 -1.10521e-06 -0.000697133 6.42485e-06 2.78294e-05 -0.000106559 -0.000257686 -0.000879498 -0.001308
internal_weight=647624 7879 7672 6192 639745 1979 637766 6821 630945 561509 109167 88127 16341 11557
internal_count=647624 7879 7672 6192 639745 1979 637766 6821 630945 561509 109167 88127 16341 11557
is_linear=0
shrinkage=0.03


Tree=98
num_leaves=15
num_cat=0
split_feature=21 12 21 21 16 16 19 16 20 18 18 20 19 18
split_gain=2.91985 2.75972 2.48208 6.12156 7.36443 4.95844 8.8302 6.06652 4.87669 4.81603 3.51919 4.58465 3.35592 4.64491
threshold=0.0036215113941580061 0.0050100250702056126 0.006910797208547593 0.0089915529824793356 -0.045350998640060418 -0.034850299358367913 0.037870280444622047 -0.018408626317977902 0.37266817688941961 0.23828417062759402 -0.040273398160934441 0.36850669980049139 0.41187657415866857 0.33749294281005865
decision_type=2 2 2 2 2 2 2 2 2 2 2 2 2 2
left_child=-1 -2 5 4 -4 6 -3 -7 10 -9 -6 -12 -10 -14
right_child=1 2 3 -5 8 7 -8 9 12 -11 11 -13 13 -15
leaf_value=0.0010132831639709081 -0.00097117977636382205 -7.5511739588999367e-05 -0.0015357249577619106 -3.5689915071682467e-05 0.00093094828399846821 0.00078025984604530429 -0.0044592062237206846 -0.00024110975664020198 0.00016888222794801777 0.00054241284807756405 -8.9316085648851005e-05 0.0025746853657273236 -0.0020122425296657761 0.00029770990816078687
leaf_weight=2553 2630 1108 2191 393722 13384 6437 655 81311 124630 7727 7130 628 1519 1610
leaf_count=2553 2630 1108 2191 393722 13384 6437 655 81311 124630 7727 7130 628 1519 1610
internal_value=1.72317e-06 -2.29053e-06 1.68581e-06 2.66056e-05 0.000188934 -0.000137931 -0.00171217 -0.000108774 0.000214362 -0.000173087 0.000636354 0.000127851 0.000144507 -0.000825098
internal_weight=647235 644682 642052 544814 151092 97238 1763 95475 148901 89038 21142 7758 127759 3129
internal_count=647235 644682 642052 544814 151092 97238 1763 95475 148901 89038 21142 7758 127759 3129
is_linear=0
shrinkage=0.03


Tree=99
num_leaves=15
num_cat=0
split_feature=12 4 3 18 21 17 2 18 11 4 0 21 16 15
split_gain=2.71945 2.67801 3.00318 2.17555 4.00373 6.01288 4.89236 3.00926 2.46653 2.16814 2.79106 2.98591 2.14996 4.32915
threshold=0.78663333815233505 -0.077485769987106309 1.4964224100112917 -0.14736050367355344 0.012731026858091356 0.008381843566894533 -0.76261195540428151 -0.10885652899742125 0.10979693193840369 -0.44597592949867243 98.500000000000014 0.0078770248219370859 -0.071125239133834825 0.18926365266649542
decision_type=2 2 2 2 2 2 2 2 2 2 2 2 2 2
left_child=1 2 3 4 6 -6 -1 -5 -8 10 -9 -12 13 -10
right_child=-2 -3 -4 7 5 -7 8 9 12 -11 11 -13 -14 -15
leaf_value=-0.0029644745186338806 5.8111366960192938e-05 5.8096246559182028e-05 -0.0007702872286611996 -0.00054777542792346025 -0.00043702449959034955 0.00093612791138949071 -0.00066095175439168455 -0.00080884121670573054 0.004495317770312519 -7.0316925878542288e-05 0.0010850135438126862 -0.00039854446649407305 0.00096275204984081842 -0.00065708719285814752
leaf_weight=294 339510 104735 6356 15120 11473 3822 740 8382 437 144975 1740 4061 4961 218
leaf_count=294 339510 104735 6356 15120 11473 3822 740 8382 437 144975 1740 4061 4961 218
internal_value=-4.12191e-07 -6.50669e-05 -0.000128743 -0.000107943 0.000173532 -9.36997e-05 0.000787775 -0.000143391 0.000963531 -0.000104958 -0.000458901 4.69974e-05 0.00117798 0.00278848
internal_weight=646824 307314 202579 196223 21945 15295 6650 174278 6356 159158 14183 5801 5616 655
internal_count=646824 307314 202579 196223 21945 15295 6650 174278 6356 159158 14183 5801 5616 655
is_linear=0
shrinkage=0.03


Tree=100
num_leaves=15
num_cat=0
split_feature=10 19 18 18 8 21 8 19 16 19 19 19 19 8
split_gain=2.93001 3.02281 4.33888 5.84963 9.97503 5.4056 8.14986 7.35861 6.44237 5.33216 4.08336 3.96637 6.99309 10.5145
threshold=0.8426080044238613 0.3876600861549378 0.11685323715209962 0.044580459594726569 0.049953523570720804 0.009490834083408119 0.047002084793682279 0.015317082405090334 0.032302618026733405 0.032259128987789161 0.0017996453680098059 0.27674183249473577 0.25642377138137823 0.17004944558881532
decision_type=2 2 2 2 2 2 2 2 2 2 2 2 2 2
left_child=1 2 3 -1 5 8 7 -7 -5 -6 -4 12 -11 -14
right_child=-2 -3 10 4 9 6 -8 -9 -10 11 -12 -13 13 -15
leaf_value=-1.5613249954575725e-05 7.5426950216626255e-05 -0.00050664698032357896 0.0012929648461169052 0.00024525668468471757 0.00043551295503046475 0.0007801242233545383 -0.0046418316628711225 -0.002863068492982668 -0.0022419221921630211 -0.00031998288266738917 9.0878202663658241e-05 0.00083003697756588027 0.00075536432668331106 -0.0039836126645147324
leaf_weight=184939 266344 12840 2600 2499 9592 876 962 1149 1494 52661 107364 2535 669 1127
leaf_count=184939 266344 12840 2600 2499 9592 876 962 1149 1494 52661 107364 2535 669 1127
internal_value=-9.20846e-07 -5.42503e-05 -3.84789e-05 -0.000105622 -0.000331886 -0.00141043 -0.00237478 -0.00128901 -0.000686973 -0.000218724 0.000119358 -0.000328864 -0.000382883 -0.00222117
internal_weight=647651 381307 368467 258503 73564 6980 2987 2025 3993 66584 109964 56992 54457 1796
internal_count=647651 381307 368467 258503 73564 6980 2987 2025 3993 66584 109964 56992 54457 1796
is_linear=0
shrinkage=0.03


Tree=101
num_leaves=15
num_cat=0
split_feature=21 17 21 16 18 19 17 17 19 19 21 17 19 8
split_gain=2.62247 2.49768 3.29279 3.17012 5.30579 4.93366 5.07205 5.93537 5.75289 4.77084 4.47147 4.18809 7.37388 3.43708
threshold=0.0036215113941580061 0.18109416961669925 0.017263215035200122 0.017815053462982181 -0.13658437132835385 -0.087885994464158998 0.032913744449615485 0.030467569828033451 -0.094228208065032945 0.43514244258403784 0.022266084328293804 0.008381843566894533 -0.11963026970624922 0.049956620245035159
decision_type=2 2 2 2 2 2 2 2 2 2 2 2 2 2
left_child=-1 3 -3 9 11 6 7 -6 -8 -2 13 -5 -13 -7
right_child=1 2 -4 4 5 10 8 -9 -10 -11 -12 12 -14 -15
leaf_value=0.00095490571201650048 4.5053624071365085e-05 0.00082007053934306565 -0.00057937751146618511 9.2627214665506446e-05 -0.0010056718018940716 -0.00036013547245067334 0.00044299385709751111 -0.0050013762735562697 -0.0034050373829813906 -0.0015304770323951342 -0.00099962913475593485 0.0022276281751385709 -0.00035582128500476185 -2.1000543869562473e-05
leaf_weight=2576 414684 6680 1952 7588 7356 32384 3906 346 379 1732 4859 2672 1580 158594
leaf_count=2576 414684 6680 1952 7588 7356 32384 3906 346 379 1732 4859 2672 1580 158594
internal_value=5.4062e-07 -3.28e-06 0.000503454 -1.01606e-05 -0.000102371 -0.000137567 -0.000728254 -0.0011883 9.9071e-05 3.84822e-05 -0.000101394 0.000515213 0.00126835 -7.85153e-05
internal_weight=647288 644712 8632 636080 219664 207824 11987 7702 4285 416416 195837 11840 4252 190978
internal_count=647288 644712 8632 636080 219664 207824 11987 7702 4285 416416 195837 11840 4252 190978
is_linear=0
shrinkage=0.03


Tree=102
num_leaves=15
num_cat=0
split_feature=12 4 2 18 18 8 19 8 10 16 8 16 21 18
split_gain=2.66605 2.60247 2.58575 2.01914 3.04501 4.25012 3.04589 2.95182 3.46338 6.66862 2.45478 3.60199 2.40407 2.3304
threshold=0.77922732509426063 -0.077485769987106309 1.0025597810745241 -0.31835636496543879 -0.14736050367355344 0.14479221047977611 -0.17249914258718488 0.047001398658655213 0.054146232808906632 -0.0082809031009674055 0.047001811744127715 -0.11381205916404723 0.023354209028184417 -0.11366662383079527
decision_type=2 2 2 2 2 2 2 2 2 2 2 2 2 2
left_child=1 2 3 10 5 7 13 8 9 -5 11 -1 -8 -6
right_child=-2 -3 -4 4 6 -7 12 -9 -10 -11 -12 -13 -14 -15
leaf_value=-0.0042702130435601521 5.6741690869605147e-05 5.7827366222459565e-05 -0.00078071543727397438 0.0040302318289224147 -0.0016171055726650315 -0.00091717286145345182 -0.00010685028849279043 0.00079306041351428938 -0.00023669352449567997 -0.00058353597370121996 0.0012363569084313357 -0.00081679564236753985 -0.00096331848223258352 -0.00010592741768105489
leaf_weight=340 344863 102233 5316 519 2187 2444 166259 9025 7124 608 342 1299 2998 1582
leaf_count=340 344863 102233 5316 519 2187 2444 166259 9025 7124 608 342 1299 2998 1582
internal_value=-2.65825e-07 -6.53049e-05 -0.000128232 -0.0001104 -0.000100591 0.000252569 -0.000140848 0.000418268 8.08452e-06 0.00154959 -0.00106209 -0.00154399 -0.000122049 -0.000983784
internal_weight=647139 302276 200043 194727 192746 19720 173026 17276 8251 1127 1981 1639 169257 3769
internal_count=647139 302276 200043 194727 192746 19720 173026 17276 8251 1127 1981 1639 169257 3769
is_linear=0
shrinkage=0.03


Tree=103
num_leaves=15
num_cat=0
split_feature=12 21 10 19 20 17 12 20 19 8 21 8 8 8
split_gain=2.52694 2.36378 2.1922 2.36587 2.6511 2.85226 2.59183 2.73512 3.70771 6.10097 4.7936 3.90277 4.388 9.30406
threshold=0.0050100250702056126 0.0036215113941580061 0.8426080044238613 0.40323638916015631 0.91373437643051159 0.093851745128631606 0.94234498491095031 0.62573286890983593 0.116963729262352 0.047002355992836489 0.0065225677099078902 0.047002692418188267 0.17456074467969648 0.17004944558881532
decision_type=2 2 2 2 2 2 2 2 2 2 2 2 2 2
left_child=-1 -2 3 6 5 -5 7 8 -3 -10 -11 -12 13 -13
right_child=1 2 -4 4 -6 -7 -8 -9 9 10 11 12 -14 -15
leaf_value=-0.00093290415815756725 0.00092111296359149834 -4.9235263013796376e-05 6.4790098874769938e-05 -0.00074837543413043225 -0.001071325081884771 0.00059857053673679963 0.00030960125161594494 6.0820541767071367e-05 -0.0016098423637372068 -0.0016703356790686501 0.0011787435973671133 -0.00010636167126319539 0.00061883221733342213 -0.0012067529016610437
leaf_weight=2606 2505 175058 265172 2844 4246 2806 18598 121886 3180 2057 1792 31464 4712 8859
leaf_count=2606 2505 175058 265172 2844 4246 2806 18598 121886 3180 2057 1792 31464 4712 8859
internal_value=-1.4991e-06 2.27022e-06 -1.31836e-06 -4.77557e-05 -0.000505378 -7.94942e-05 -3.54298e-05 -5.382e-05 -0.000115342 -0.000337592 -0.000254674 -0.000192315 -0.000246996 -0.000348238
internal_weight=647785 645179 642674 377502 9896 5650 367606 349008 227122 52064 48884 46827 45035 40323
internal_count=647785 645179 642674 377502 9896 5650 367606 349008 227122 52064 48884 46827 45035 40323
is_linear=0
shrinkage=0.03


Tree=104
num_leaves=15
num_cat=0
split_feature=17 16 16 8 18 8 18 20 17 8 8 20 8 18
split_gain=2.35044 3.14367 3.54759 4.39908 5.49404 3.33349 9.56304 7.64348 4.74862 4.67493 4.42473 3.5315 3.53087 4.07616
threshold=0.18109416961669925 0.038406729698181159 0.055708527565002448 0.1785670142462881 -0.032545417547225945 0.047002016705506557 0.19621008634567264 0.53925326466560375 -0.057850301265716546 0.04700215276620924 0.17456451697147671 0.51217663288116466 0.049953523570720804 0.11685323715209962
decision_type=2 2 2 2 2 2 2 2 2 2 2 2 2 2
left_child=1 -1 5 -4 -5 6 7 -3 -7 -10 11 -11 -13 -14
right_child=-2 2 3 4 -6 8 -8 -9 9 10 -12 12 13 -15
leaf_value=1.7702687076196072e-05 0.00049132406158661267 -0.00036509684476974675 0.00020219332628757094 0.0027970007039900672 -0.0022753820622458368 0.00091173757603812749 0.0011507731475727879 -0.0032720948506832267 0.0018029214916800785 -0.0011742886909004095 0.00038363662905028644 -0.0016219375939279166 0.00016997693063510073 -0.00058583561136936598
leaf_weight=564729 8652 1488 23292 223 1236 2905 1218 1796 890 6057 5724 1911 10575 16340
leaf_count=564729 8652 1488 23292 223 1236 2905 1218 1796 890 6057 5724 1911 10575 16340
internal_value=3.17998e-07 -6.34039e-06 -0.000190673 0.000101974 -0.00149319 -0.00033878 -0.00111621 -0.00195747 -0.000259839 -0.000341955 -0.000389182 -0.000516031 -0.000377537 -0.000288898
internal_weight=647036 638384 73655 24751 1459 48904 4502 3284 44402 41497 40607 34883 28826 26915
internal_count=647036 638384 73655 24751 1459 48904 4502 3284 44402 41497 40607 34883 28826 26915
is_linear=0
shrinkage=0.03


Tree=105
num_leaves=15
num_cat=0
split_feature=21 13 14 21 20 18 20 8 8 16 21 19 21 20
split_gain=2.52752 2.49233 2.66427 6.5403 2.25871 2.68411 2.22479 4.03551 5.68229 7.4805 3.91633 3.45847 3.0672 2.52492
threshold=0.0036215113941580061 0.0090771581328732819 0.0036726455907121207 0.007499577011913062 0.14574660360813144 -0.010608285665512083 0.078103616833686842 0.047001329397577264 0.047001398658655213 -0.11381205916404723 0.030785156413912777 -0.23306951671838758 0.023354209028184417 0.71949371695518505
decision_type=2 2 2 2 2 2 2 2 2 2 2 2 2 2
left_child=-1 4 3 -3 -2 -6 7 -4 -9 -10 12 -12 -8 -14
right_child=1 2 6 -5 5 -7 10 8 9 -11 11 -13 13 -15
leaf_value=0.00093400713630965599 -0.0028907550087657516 0.0050246045512158596 0.003569819623654426 5.4752639905807637e-05 0.00058398548499563922 -0.00095581280573649738 7.4184948146082656e-06 -0.0033371894032697982 0.0017331425896757282 -0.00082765688801744448 -0.00055357318417623364 0.0021619859456842002 -0.00049532901624654152 -0.0030236899278581197
leaf_weight=2590 374 323 208 872 1466 3315 621598 629 1245 5744 605 1378 6321 372
leaf_count=2590 374 323 208 872 1466 3315 621598 629 1245 5744 605 1378 6321 372
internal_value=-3.81534e-07 -4.14399e-06 1.15632e-06 0.00141341 -0.000660824 -0.000483547 -1.49953e-06 -0.000504045 -0.000617545 -0.000370571 4.74444e-06 0.00133418 5.37925e-07 -0.000638009
internal_weight=647040 644450 639295 1195 5155 4781 638100 7826 7618 6989 630274 1983 628291 6693
internal_count=647040 644450 639295 1195 5155 4781 638100 7826 7618 6989 630274 1983 628291 6693
is_linear=0
shrinkage=0.03


Tree=106
num_leaves=15
num_cat=0
split_feature=4 19 3 0 20 21 8 20 21 8 8 21 21 8
split_gain=2.28732 2.95893 2.84342 3.49538 3.02591 4.79465 4.31563 3.51719 5.61993 4.08667 4.66304 5.06969 3.61099 4.67608
threshold=-0.076629251241683946 0.11187734827399255 1.4964224100112917 57.500000000000007 0.50039580464363109 0.0076946034096181401 0.047002355992836489 0.26972113549709326 0.018002801574766639 0.17005116584446997 0.17456039764320272 0.01340160518884659 0.012492358684539797 0.15608740348509517
decision_type=2 2 2 2 2 2 2 2 2 2 2 2 2 2
left_child=1 -1 4 -4 5 -3 -7 -8 9 12 11 -11 13 -9
right_child=-2 2 3 -5 -6 6 7 8 -10 10 -12 -13 -14 -15
leaf_value=1.1161503153363548e-05 6.4513825830818928e-05 0.0012375351876590889 -0.0027557731205122564 -0.00054180128064473788 -5.7558142400146294e-05 -0.0021562684300407975 0.0012066283247310192 -2.1964043009675711e-05 -0.0026353001027668186 -0.00010379397752177029 0.00064447240288668191 -0.0024309072402471381 0.00028006581006455766 -0.0018705358536832712
leaf_weight=237754 298017 1417 734 4915 83238 1421 1089 3141 1084 1271 1011 2497 7633 2021
leaf_count=237754 298017 1417 734 4915 83238 1421 1089 3141 1084 1271 1011 2497 7633 2021
internal_value=3.46466e-06 -4.86327e-05 -0.00017616 -0.000831655 -0.000141131 -0.000449062 -0.000562229 -0.000447005 -0.000543819 -0.000414099 -0.00116216 -0.00164712 -0.000134349 -0.000746817
internal_weight=647243 349226 111472 5649 105823 22585 21168 19747 18658 17574 4779 3768 12795 5162
internal_count=647243 349226 111472 5649 105823 22585 21168 19747 18658 17574 4779 3768 12795 5162
is_linear=0
shrinkage=0.03


Tree=107
num_leaves=15
num_cat=0
split_feature=8 17 21 8 21 8 21 17 8 18 8 8 18 18
split_gain=2.32394 4.79321 6.98587 4.33648 7.83781 5.91812 8.52999 5.80653 5.6517 5.32629 4.75189 7.52993 7.21647 6.87698
threshold=0.15857708621314398 0.14000630378723147 0.0077461719047278174 0.15608545759224152 0.014051720499992372 0.15608095336344516 0.0063310079276561746 0.11553937196731569 0.15608247457911475 0.015887141227722171 0.13495106263695886 0.074182358524838385 -0.16830378770828244 -0.14416092634201047
decision_type=2 2 2 2 2 2 2 2 2 2 2 2 2 2
left_child=3 -2 -3 5 -5 10 -7 8 9 -8 11 -1 -12 -13
right_child=1 2 -4 4 -6 6 7 -9 -10 -11 12 13 -14 -15
leaf_value=3.5057984170192065e-05 -7.6501060995790699e-05 -0.00026860336671432689 -0.0029468112968694927 0.0001338894682774074 0.0011308321092122916 -0.0031586835448945555 -0.0041355384405407656 -0.002016625485056709 0.00013100376204076101 -0.00074593154049915186 -0.00097569399781242559 0.00050097634448961813 0.00029201625883903666 -0.00047568408584703812
leaf_weight=275632 145172 2743 1284 55426 8135 1027 456 1730 12905 4444 4259 7480 77453 48775
leaf_count=275632 145172 2743 1284 55426 8135 1027 456 1730 12905 4444 4259 7480 77453 48775
internal_value=-9.90507e-07 -0.000104841 -0.00112514 3.0141e-05 0.000261564 -3.74195e-06 -0.000500437 -0.000359914 -0.000198421 -0.00106527 2.09569e-05 -2.94999e-05 0.000225885 -0.000345789
internal_weight=646921 149199 4027 497722 63561 434161 20562 19535 17805 4900 413599 331887 81712 56255
internal_count=646921 149199 4027 497722 63561 434161 20562 19535 17805 4900 413599 331887 81712 56255
is_linear=0
shrinkage=0.03


Tree=108
num_leaves=15
num_cat=0
split_feature=12 3 8 7 8 8 8 8 16 18 8 8 18 16
split_gain=2.3682 2.40755 3.16367 2.47039 2.23649 2.52021 2.70586 4.01791 3.64257 3.10123 2.76182 2.87577 8.55025 5.80876
threshold=0.045912394180097411 0.64986586570739757 0.049955998956961241 0.050814689451141627 0.17857673709457347 0.1785741515716307 0.17857349761315727 0.17857151720761819 0.0031585693359375004 0.13306850194931033 0.17857107330118496 0.17856678531421863 -0.0072827339172363273 0.068006396293640151
decision_type=2 2 2 2 2 2 2 2 2 2 2 2 2 2
left_child=1 -1 3 -3 5 6 7 10 -9 -10 11 -2 -13 -14
right_child=4 2 -4 -5 -6 -7 -8 8 9 -11 -12 12 13 -15
leaf_value=-0.00014969030315356555 2.3673767108409646e-05 -0.00077425424352024828 -0.0005662045783144862 -0.0041574733954791148 0.0012166934146407664 -0.00057369211430240532 0.00086495770573471185 -7.145693046554364e-06 -0.0026409316450134728 -0.0007205436601985108 0.00075056961472751258 0.00028668240592056904 -0.00089073371106261861 -0.0045132586262310514
leaf_weight=13936 590503 349 3279 441 1378 6606 3349 3103 1214 2011 4596 8447 7569 416
leaf_count=13936 590503 349 3279 441 1378 6606 3349 3103 1214 2011 4596 8447 7569 416
internal_value=1.90335e-06 -0.000337289 -0.000978825 -0.00267713 1.16123e-05 8.95756e-06 1.51581e-05 1.05449e-05 -0.000741216 -0.00144641 1.833e-05 1.2779e-05 -0.000378625 -0.00108217
internal_weight=647197 18005 4069 790 629192 627814 621208 617859 6328 3225 611531 606935 16432 7985
internal_count=647197 18005 4069 790 629192 627814 621208 617859 6328 3225 611531 606935 16432 7985
is_linear=0
shrinkage=0.03


Tree=109
num_leaves=15
num_cat=0
split_feature=4 19 16 21 18 18 20 18 18 16 21 19 8 12
split_gain=2.29452 2.59593 2.94156 3.18881 4.68468 3.92309 6.15359 4.16755 4.53709 3.65493 3.47669 3.15002 5.00402 3.04892
threshold=-0.077485769987106309 0.11850060522556306 -0.0017975866794586179 0.015086432453244926 0.060652792453765876 -0.16426745057106015 0.21769738197326663 -0.11858662962913512 -0.033935964107513421 -0.076362758874893175 0.01427654502913356 -0.13447330892086026 0.14479403107226038 0.0050100250702056126
decision_type=2 2 2 2 2 2 2 2 2 2 2 2 2 2
left_child=1 2 3 5 11 -1 7 9 -9 -7 -8 12 -5 -4
right_child=-2 -3 13 4 -6 6 10 8 -10 -11 -12 -13 -14 -15
leaf_value=0.00079582919113650188 6.135992388645541e-05 -0.00017538555272604309 -0.0019865961014882724 -0.00026438548776669228 -0.0029970427635673653 0.00078209291797427501 0.00022325100851726583 0.00013756102820746934 -0.0016262626904752036 -0.0014622898065746917 0.0013455921808997878 9.7018401655198154e-05 -0.0021476259705670302 -9.2573188834419817e-05
leaf_weight=8906 300210 106291 765 8921 505 772 60886 10854 1488 4136 2585 22873 1476 116397
leaf_count=8906 300210 106291 765 8921 505 772 60886 10854 1488 4136 2585 22873 1476 116397
internal_value=6.37278e-07 -5.19195e-05 2.63532e-06 0.000104851 -0.00014356 0.000198465 0.000132512 -0.000369857 -7.56649e-05 -0.00110882 0.000269063 -9.98032e-05 -0.000532642 -0.000105024
internal_weight=647065 346855 240564 123402 33775 89627 80721 17250 12342 4908 63471 33270 10397 117162
internal_count=647065 346855 240564 123402 33775 89627 80721 17250 12342 4908 63471 33270 10397 117162
is_linear=0
shrinkage=0.03


Tree=110
num_leaves=15
num_cat=0
split_feature=13 14 21 17 16 18 18 8 18 18 17 21 8 18
split_gain=2.29764 2.50555 5.60624 2.27967 2.19977 3.65106 3.89853 5.1753 7.66851 5.29976 4.11985 4.55592 3.93102 4.01916
threshold=0.0090771581328732819 0.0036726455907121207 0.007499577011913062 0.091680586338043227 0.038406729698181159 0.33749294281005865 -0.11858662962913512 0.04700282619507299 0.19621008634567264 -0.087299019098281846 -0.030156701803207394 0.013682227581739427 0.056133422145505034 -0.11614787578582762
decision_type=2 2 2 2 2 2 2 2 2 2 2 2 2 2
left_child=3 2 -2 -1 -3 6 10 8 9 -8 -6 -12 -9 -14
right_child=1 4 -4 -5 5 -7 7 12 -10 -11 11 -13 13 -15
leaf_value=-0.0004269169881220943 0.004793742624528659 1.9844241022592548e-05 0.00014129251703932848 -0.0025764379847904059 -0.00029903272367372795 0.00046122104586778542 0.0004554637325971009 0.00033599359596583477 0.00069637461269400765 -0.0022832797361606377 -0.00070939511025085926 0.0016616758406089497 -0.0035157184744261669 -0.00030205838267568656
leaf_weight=4779 312 563287 882 485 3735 7874 773 9756 1498 3542 959 3009 348 45815
leaf_count=4779 312 563287 882 485 3735 7874 773 9756 1498 3542 959 3009 348 45815
internal_value=-3.30926e-06 1.81294e-06 0.00137193 -0.000627221 -7.51493e-07 -0.000150807 -0.00022024 -0.00029965 -0.00115122 -0.0017927 0.000415938 0.00108846 -0.000211032 -0.000326663
internal_weight=647054 641790 1194 5264 640596 77309 69435 61732 5813 4315 7703 3968 55919 46163
internal_count=647054 641790 1194 5264 640596 77309 69435 61732 5813 4315 7703 3968 55919 46163
is_linear=0
shrinkage=0.03


Tree=111
num_leaves=15
num_cat=0
split_feature=19 19 8 8 19 8 17 20 18 17 17 19 17 19
split_gain=2.1724 3.52232 10.2627 5.20657 3.61097 13.6967 9.16218 8.68619 8.81972 7.99374 7.42657 5.01927 8.52873 4.86673
threshold=0.40323638916015631 0.30137488245964056 0.17005002145703943 0.17004944558881532 0.2396708279848099 0.17004944558881532 0.0074962377548217782 0.68317082524299633 0.085777342319488539 -0.022584587335586544 0.029623746871948246 0.25348185002803808 0.07262670993804933 0.27298025786876684
decision_type=2 2 2 2 2 2 2 2 2 2 2 2 2 2
left_child=1 4 3 -3 -1 9 -7 8 10 -6 -8 12 -11 -10
right_child=-2 2 -4 -5 5 6 7 -9 13 11 -12 -13 -14 -15
leaf_value=1.3936805754547062e-05 -0.00032691672491263921 0.00022522040909932824 0.0026693283068094423 -0.0031067725164576955 0.0011981240439982649 0.0018432473722444654 0.003112961559330761 0.0014768524029526177 -0.0044058469879239733 -2.338758526606931e-05 -0.0017396210634615273 -1.3955969206471754e-06 -0.0018339190664813463 -0.0021700835272236716
leaf_weight=541846 17723 36683 1557 422 4077 629 397 586 1572 5507 961 29037 4069 2018
leaf_count=541846 17723 36683 1557 422 4077 629 397 586 1572 5507 961 29037 4069 2018
internal_value=5.9662e-07 9.82202e-06 0.000287216 0.000186912 -8.33605e-06 -0.000255348 -0.0015768 -0.00196684 -0.00237576 -6.44124e-05 -0.000314793 -0.000197857 -0.000793268 -0.00315385
internal_weight=647084 629361 38662 37105 590699 48853 6163 5534 4948 42690 1358 38613 9576 3590
internal_count=647084 629361 38662 37105 590699 48853 6163 5534 4948 42690 1358 38613 9576 3590
is_linear=0
shrinkage=0.03


Tree=112
num_leaves=15
num_cat=0
split_feature=19 20 17 18 18 17 18 8 19 8 8 7 8 8
split_gain=2.26221 3.67628 4.33352 4.48195 4.10973 3.66641 3.04257 4.84704 2.99622 9.18428 4.8097 3.62166 5.4278 16.881
threshold=0.40323638916015631 0.91373437643051159 0.093851745128631606 0.33749294281005865 0.22381854057312014 0.023760080337524418 0.29149478673934942 0.17004439492538878 0.30137488245964056 0.17005002145703943 0.17004944558881532 -0.059821932499156509 0.17004944558881532 0.17005320232440474
decision_type=2 2 2 2 2 2 2 2 2 2 2 2 2 2
left_child=8 2 3 -2 -3 -5 7 -6 11 10 -10 -1 -13 -14
right_child=1 4 -4 5 6 -7 -8 -9 9 -11 -12 12 13 -15
leaf_value=0.00049668800424047387 -0.0026087603420881485 0.0022539376253377296 0.00068302437218042283 -0.0024516255116883603 -0.0053311174996823318 0.000115951463361296 -0.00073422421395685084 -0.0011180716831196346 0.00020697440834765285 0.0025395745412426507 -0.0029843837918421294 2.2198691157586248e-05 -0.0012751480747014265 -7.5446395903264635e-05
leaf_weight=12500 805 359 4823 564 352 4157 5728 801 36797 1528 425 479689 12030 85896
leaf_count=12500 805 359 4823 564 352 4157 5728 801 36797 1528 425 479689 12030 85896
internal_value=-1.02373e-06 -0.00033654 2.62856e-05 -0.000547004 -0.000854831 -0.000193056 -0.00101854 -0.00242174 8.36308e-06 0.000263887 0.00017014 -8.41806e-06 -1.93531e-05 -0.000222885
internal_weight=646454 17589 10349 5526 7240 4721 6881 1153 628865 38750 37222 590115 577615 97926
internal_count=646454 17589 10349 5526 7240 4721 6881 1153 628865 38750 37222 590115 577615 97926
is_linear=0
shrinkage=0.03


Tree=113
num_leaves=15
num_cat=0
split_feature=4 21 17 16 21 16 8 19 5 18 18 8 21 18
split_gain=2.32823 2.53077 3.44508 6.90238 3.33621 3.74961 3.27703 6.34845 4.115 5.10498 4.78056 4.20174 3.58559 3.3475
threshold=-0.10330602526664732 0.006910797208547593 -0.012127548456192015 -0.033479183912277215 0.0057082085404545077 -0.018408626317977902 0.15857708621314398 -0.072392273694276796 0.13389987113666924 -0.2385444641113281 -0.15196397900581357 0.074182358524838385 0.023354209028184417 -0.31835636496543879
decision_type=2 2 2 2 2 2 2 2 2 2 2 2 2 2
left_child=1 2 -1 -4 -5 -6 8 -8 10 -10 13 -12 -11 -3
right_child=-2 6 3 4 5 -7 7 -9 9 12 11 -13 -14 -15
leaf_value=0.00043121434521480354 4.9169412009098377e-05 -0.00074071670299926556 -0.0043002080921381572 2.9183616725553752e-05 0.0012040783397324029 -0.00072466299449324236 0.0010861493457838855 -0.00029518233028646079 -0.0023028964733031549 0.00025543109021281668 -6.3541425223472367e-05 -0.00053424259892241436 -0.0015580304265376203 0.00044680459362809424
leaf_weight=4923 359559 2392 403 11489 953 17274 3153 57856 718 71507 74488 22137 990 19675
leaf_count=4923 359559 2392 403 11489 953 17274 3153 57856 718 71507 74488 22137 990 19675
internal_value=-1.73851e-06 -6.53045e-05 -0.000304219 -0.000424479 -0.000371202 -0.000623516 -3.2197e-05 -0.000223711 2.86912e-05 0.000205561 -8.04146e-05 -0.000171402 0.000230561 0.000317942
internal_weight=647517 287958 35042 30119 29716 18227 252916 61009 191907 73215 118692 96625 72497 22067
internal_count=647517 287958 35042 30119 29716 18227 252916 61009 191907 73215 118692 96625 72497 22067
is_linear=0
shrinkage=0.03


Tree=114
num_leaves=15
num_cat=0
split_feature=10 2 18 18 8 5 5 8 20 20 8 17 20 18
split_gain=2.23692 2.91389 3.44969 4.36649 8.19756 5.67707 6.6589 4.49416 4.17475 4.11894 4.71043 4.0143 5.6921 4.70298
threshold=0.8426080044238613 0.76040637493133556 0.11685323715209962 0.044580459594726569 0.049956443568717292 0.15608899966217701 0.046765603721770972 0.17456074467969648 0.81459549069404613 0.65088853240013134 0.17004944558881532 -0.035688757896423333 0.49439771473407751 0.060652792453765876
decision_type=2 2 2 2 2 2 2 2 2 2 2 2 2 2
left_child=1 2 3 -1 11 6 -6 9 -9 10 -7 -5 -13 -14
right_child=-2 -3 -4 4 5 7 -8 8 -10 -11 -12 12 13 -15
leaf_value=-9.2296338188757179e-06 6.4693767655659849e-05 -0.00034048174400866539 0.00011660239911375805 -0.0032335299027217565 -0.00093927141321508507 -0.00044061679488684521 0.00024038758239171423 8.6029787632962877e-07 -0.0029868427523490663 -1.6791213835108826e-05 -0.0018335310554562403 0.0011546194716653977 -0.0030412961771462766 -0.00091324790168193686
leaf_weight=177523 266741 28474 107565 781 5020 3727 30118 11438 432 3279 5290 974 1144 5060
leaf_count=177523 266741 28474 107565 781 5020 3727 30118 11438 432 3279 5290 974 1144 5060
internal_value=-1.92832e-06 -4.85926e-05 -2.50001e-05 -8.72249e-05 -0.000293057 -0.000171679 7.17456e-05 -0.000525567 -0.000109087 -0.00092741 -0.00125836 -0.00119679 -0.000973086 -0.00130779
internal_weight=647566 380825 352351 244786 67263 59304 35138 24166 11870 12296 9017 7959 7178 6204
internal_count=647566 380825 352351 244786 67263 59304 35138 24166 11870 12296 9017 7959 7178 6204
is_linear=0
shrinkage=0.03


Tree=115
num_leaves=15
num_cat=0
split_feature=17 8 8 20 19 20 18 19 17 17 19 17 17 13
split_gain=2.10136 2.90818 6.57578 6.40871 12.0591 9.67738 5.74248 4.9452 11.5345 4.38942 4.18538 4.63101 4.10402 3.72197
threshold=0.18109416961669925 0.049956354981132801 0.050384221673779254 0.78978112339973461 0.13717792928218844 0.42202498018741613 -0.2385444641113281 0.14498201012611392 0.013256847858428957 -0.027458101511001583 0.11850060522556306 0.083332538604736342 -0.022584587335586544 0.047074481908127887
decision_type=2 2 2 2 2 2 2 2 2 2 2 2 2 2
left_child=1 3 -3 4 -1 -6 -4 8 -7 -9 13 -12 -11 -5
right_child=-2 2 6 10 5 7 -8 9 -10 12 11 -13 -14 -15
leaf_value=-9.1844027265518629e-05 0.00046170534825166554 0.00034673716576216052 -0.0024801641972826238 -0.0029312246551868454 0.0016302854419329247 -0.0059871065031841652 -7.76312697802274e-06 0.0019458840120789456 -0.0010385307651835174 -0.0052359008209082467 0.0022196317601352895 0.00049575739028289031 -0.0010133197909915903 5.1634189378422558e-05
leaf_weight=80190 8708 50880 842 387 1174 614 471568 441 1354 206 1730 7345 12449 9510
leaf_count=80190 8708 50880 842 387 1174 614 471568 441 1354 206 1730 7345 12449 9510
internal_value=-1.04322e-06 -7.35598e-06 2.27064e-05 -0.000143671 -0.000242837 -0.000988245 -1.2196e-05 -0.00119279 -0.00259371 -0.00098136 0.000360285 0.000825427 -0.0010841 -6.6425e-05
internal_weight=647398 638690 523290 115400 96428 16238 472410 15064 1968 13096 18972 9075 12655 9897
internal_count=647398 638690 523290 115400 96428 16238 472410 15064 1968 13096 18972 9075 12655 9897
is_linear=0
shrinkage=0.03


Tree=116
num_leaves=15
num_cat=0
split_feature=21 19 20 17 20 18 21 16 16 17 8 20 18 8
split_gain=2.13023 2.05219 3.24655 3.0839 4.19577 3.40222 3.58865 3.15374 3.07205 2.99167 2.95242 2.80571 2.80067 3.12035
threshold=0.0036215113941580061 0.40323638916015631 0.91373437643051159 0.023760080337524418 0.91373437643051159 0.22381854057312014 0.012793232686817648 0.040961444377899177 0.026555836200714115 0.2282751798629761 0.17004875158168056 0.93631440401077282 0.47816962003707891 0.049956620245035159
decision_type=2 2 2 2 2 2 2 2 2 2 2 2 2 2
left_child=-1 2 12 -3 9 -6 10 -8 -4 -5 11 -7 13 -2
right_child=1 3 8 4 5 6 7 -9 -10 -11 -12 -13 -14 -15
leaf_value=0.0008612283402711857 -0.00013973564697486901 -0.0024718149324034285 -0.001012515668325425 2.4918260420704221e-05 0.0020276474264810779 -0.0045360648513631391 -0.0011933826505906892 0.00028282725902559728 0.001261765212165608 0.0022588852828786662 -4.0013482900383971e-05 -0.0015086528631218243 0.001183569718980496 3.0164196673618609e-05
leaf_weight=2572 120715 576 639 9234 360 553 3129 2226 3166 568 406 559 1791 501216
leaf_count=2572 120715 576 639 9234 360 553 3129 2226 3166 568 406 559 1791 501216
internal_value=4.09316e-07 -3.0292e-06 5.93552e-06 -0.000322377 -0.000248995 -0.000796827 -0.000946136 -0.000580051 0.000879002 0.000155456 -0.00223142 -0.00302776 6.02399e-07 -2.81373e-06
internal_weight=647710 645138 627527 17611 17035 7233 6873 5355 3805 9802 1518 1112 623722 621931
internal_count=647710 645138 627527 17611 17035 7233 6873 5355 3805 9802 1518 1112 623722 621931
is_linear=0
shrinkage=0.03


Tree=117
num_leaves=15
num_cat=0
split_feature=12 2 18 18 8 19 21 16 19 20 17 4 21 5
split_gain=2.05568 2.2798 2.63137 4.70035 6.2207 5.01404 3.60486 6.06347 5.1888 4.03906 3.47501 2.96147 3.31201 3.8198
threshold=0.77922732509426063 0.76040637493133556 0.11685323715209962 0.044580459594726569 0.049956443568717292 -0.053845072165131562 0.009490834083408119 0.0059695839881896981 0.015317082405090334 0.55520582199096691 0.082776486873626723 -0.31838786602020258 0.0079559027217328566 0.046369955354854449
decision_type=2 2 2 2 2 2 2 2 2 2 2 2 2 2
left_child=1 2 3 -1 6 -6 9 8 -8 -5 -9 12 13 -4
right_child=-2 -3 11 4 5 -7 7 10 -10 -11 -12 -13 -14 -15
leaf_value=-1.1104931317639382e-05 4.7648056852364357e-05 -0.00036210155280610648 0.0034983771177722472 0.0011711577030803753 0.0010697307872187662 -0.00029553642302989914 0.00090259023771907846 -0.0059247770688783093 -0.0022448621482441256 -0.0011161610264020644 -0.0013168650106294081 0.00016451612372100598 -0.00081302860479163771 3.5292595412051132e-05
leaf_weight=146095 344478 20866 316 888 2568 41012 697 463 1437 3133 220 75383 6056 2680
leaf_count=146095 344478 20866 316 888 2568 41012 697 463 1437 3133 220 75383 6056 2680
internal_value=-2.43267e-06 -5.95926e-05 -3.71192e-05 -9.73003e-05 -0.000347041 -0.000214973 -0.00118796 -0.00201012 -0.00121714 -0.000610201 -0.00446089 0.000102943 -0.000409631 0.000405778
internal_weight=646292 301814 280948 196513 50418 43580 6838 2817 2134 4021 683 84435 9052 2996
internal_count=646292 301814 280948 196513 50418 43580 6838 2817 2134 4021 683 84435 9052 2996
is_linear=0
shrinkage=0.03


Tree=118
num_leaves=15
num_cat=0
split_feature=19 20 16 20 18 21 20 21 16 16 18 8 8 18
split_gain=2.12457 3.27409 3.20479 2.93118 3.71223 3.59276 4.64683 3.47884 3.31291 3.1656 2.90677 3.40861 6.4501 5.50814
threshold=0.40323638916015631 0.91373437643051159 0.026555836200714115 0.91373437643051159 0.22381854057312014 0.012793232686817648 0.92254728078842174 0.016675567254424099 0.040961444377899177 -0.0040970444679260245 0.42142248153686529 0.049956620245035159 0.050384221673779254 0.048805534839630134
decision_type=2 2 2 2 2 2 2 2 2 2 2 2 2 2
left_child=1 10 -3 7 -5 6 -6 9 -7 -2 11 13 -13 -1
right_child=3 2 -4 4 5 8 -8 -9 -10 -11 -12 12 -14 -15
leaf_value=4.8289166574061976e-05 -0.0021471570562464522 -0.00099686778912012951 0.0012888499428271212 0.0022100153309741943 -0.0064300617514768746 -0.0011978933355668204 -0.0015634842999819041 0.0010303046367173177 0.00030677829829527277 -0.00010239023753909316 0.00080757676847964608 0.00037299882611939396 -4.0793413590423583e-07 -0.0003625332451701168
leaf_weight=62213 746 666 3134 350 200 3167 1325 2294 2249 7361 4028 45796 457575 55636
leaf_count=62213 746 666 3134 350 200 3167 1325 2294 2249 7361 4028 45796 457575 55636
internal_value=9.96106e-07 1.01161e-05 0.000887464 -0.000323181 -0.000784167 -0.000936631 -0.00222065 1.87288e-07 -0.00057337 -0.000291756 4.77688e-06 -4.34947e-07 3.35675e-05 -0.000145665
internal_weight=646740 629048 3800 17692 7291 6941 1525 10401 5416 8107 625248 621220 503371 117849
internal_count=646740 629048 3800 17692 7291 6941 1525 10401 5416 8107 625248 621220 503371 117849
is_linear=0
shrinkage=0.03


Tree=119
num_leaves=15
num_cat=0
split_feature=12 16 8 21 21 8 20 20 8 17 8 20 8 21
split_gain=2.06916 2.19551 2.45054 1.9771 5.41695 4.65853 4.44096 4.7266 3.10646 2.68852 3.56196 6.53928 9.60764 6.46516
threshold=0.0050100250702056126 0.031760573387146003 0.056135549147686141 0.017776912078261379 0.018363822251558307 0.14480554323282804 0.26049001514911657 0.46103633940219885 0.047001329397577264 0.18109416961669925 0.049956354981132801 0.77947330474853527 0.047001948501386649 0.0065225677099078902
decision_type=2 2 2 2 2 2 2 2 2 2 2 2 2 2
left_child=1 -1 -3 9 5 -5 -7 -8 -6 10 11 12 -2 -14
right_child=3 2 -4 4 8 6 7 -9 -10 -11 -12 -13 13 -15
leaf_value=-0.00041419478262380631 2.1184743968754429e-05 -0.0042765615097877961 -2.9336822445274911e-05 -0.00030033547719087529 0.0014922839695574921 0.00042675377845466459 -0.0030895719528002386 0.00034344002067035982 -9.152509803638179e-05 0.0005991986045901503 4.4803605057821728e-05 0.00031291515192299256 0.0016812219701949069 -0.00072548081553810095
leaf_weight=2154 42235 305 202 4273 1137 611 1903 444 46390 7085 484829 21194 1031 33505
leaf_count=2154 42235 305 202 4273 1137 611 1903 444 46390 7085 484829 21194 1031 33505
internal_value=-9.28438e-07 -0.000834979 -0.00260119 2.52089e-06 -0.00016991 -0.000934585 -0.00184874 -0.00244077 -5.34823e-05 1.85288e-05 1.14645e-05 -0.000153524 -0.000282305 -0.000653401
internal_weight=647298 2661 507 644637 54758 7231 2958 2347 47527 589879 582794 97965 76771 34536
internal_count=647298 2661 507 644637 54758 7231 2958 2347 47527 589879 582794 97965 76771 34536
is_linear=0
shrinkage=0.03


Tree=120
num_leaves=15
num_cat=0
split_feature=7 8 8 20 20 18 19 21 16 16 19 16 19 18
split_gain=2.09878 3.88068 7.69698 25.7025 10.1677 8.07356 11.0212 16.0827 7.99443 6.6951 5.1002 5.94346 5.08195 7.98611
threshold=-0.059821932499156509 0.17004944558881532 0.17456039764320272 0.68317082524299633 0.58848804235458385 0.12087261676788331 0.26110927760601049 0.01340160518884659 -0.027247130870819088 -0.010801672935485838 -0.072392273694276796 0.050805926322937019 -0.019111051224172112 -0.0038126111030578609
decision_type=2 2 2 2 2 2 2 2 2 2 2 2 2 2
left_child=-1 -2 3 4 5 6 7 9 -9 -3 -4 12 13 -12
right_child=1 2 10 -5 -6 -7 -8 8 -10 -11 11 -13 -14 -15
leaf_value=0.0003230387158630921 2.2507967106439009e-05 -0.0004449513456023477 0.001007516523246413 0.0022069733397890629 -0.0027955663348715504 0.0012855847663678841 -0.0036009999220114599 0.00061332552202050003 -0.0027250484675818984 0.0017892848760572163 -0.00017672524154811032 -0.0012883800895541872 3.7851224544236748e-05 -0.0021452178589100208
leaf_weight=17504 529180 3216 3832 2286 2909 1438 1382 792 3449 1926 6895 3683 66167 2533
leaf_count=17504 529180 3216 3832 2286 2909 1438 1382 792 3449 1926 6895 3683 66167 2533
internal_value=-9.41268e-07 -9.94972e-06 -0.000180834 -0.000754535 -0.00120311 -0.000822499 -0.00110456 -0.000735149 -0.00210162 0.000392835 -6.06988e-05 -0.000112393 -5.50169e-05 -0.000706453
internal_weight=647192 629688 100508 17398 15112 12203 10765 9383 4241 5142 83110 79278 75595 9428
internal_count=647192 629688 100508 17398 15112 12203 10765 9383 4241 5142 83110 79278 75595 9428
is_linear=0
shrinkage=0.03


Tree=121
num_leaves=15
num_cat=0
split_feature=21 21 21 19 17 8 8 18 18 17 20 18 8 18
split_gain=1.97495 2.34412 5.47544 6.82463 5.16231 7.53416 9.93372 7.35431 6.13864 5.21669 5.40639 4.06775 3.94884 5.56099
threshold=0.0036215113941580061 0.006910797208547593 0.0089915529824793356 -0.17249914258718488 0.030928909778594974 0.049956354981132801 0.049954914554612005 0.15547895431518557 0.15714359283447268 -0.0046885013580322257 0.42930668592453008 0.23828417062759402 0.15608314425242525 0.21240985393524173
decision_type=2 2 2 2 2 2 2 2 2 2 2 2 2 2
left_child=-1 11 3 -3 5 6 9 -8 -9 -5 -11 -2 13 -6
right_child=1 2 -4 4 12 -7 7 8 -10 10 -12 -13 -14 -15
leaf_value=0.00083094077669494247 -0.00019560040269922193 -0.0026395632569589287 -3.7882231694849884e-05 -0.00050638237381306383 2.8810677725933984e-05 0.00056860697826766201 -9.0990843017639685e-05 -0.0062182323791973868 -0.0019995480338681018 0.0035461739316845209 0.00051672245227000362 0.00051687866813230634 -0.00024407209940819824 0.00074294475105819745
leaf_weight=2560 89919 767 394839 4881 45682 49487 1488 396 1418 583 5424 7836 29452 12494
leaf_count=2560 89919 767 394839 4881 45682 49487 1488 396 1418 583 5424 7836 29452 12494
internal_value=1.47494e-07 -3.15805e-06 2.10278e-05 0.000173978 0.000188327 0.000393879 -0.000215461 -0.00165549 -0.00293506 0.000221817 0.000813446 -0.000138465 3.89432e-05 0.00018223
internal_weight=647226 644666 546911 152072 151305 63677 14190 3302 1814 10888 6007 97755 87628 58176
internal_count=647226 644666 546911 152072 151305 63677 14190 3302 1814 10888 6007 97755 87628 58176
is_linear=0
shrinkage=0.03


Tree=122
num_leaves=15
num_cat=0
split_feature=16 18 17 17 8 20 18 8 16 8 18 8 8 8
split_gain=2.20696 4.03329 5.80179 5.00279 5.59714 5.92932 8.66205 6.82437 6.50486 6.04478 5.74001 5.46724 5.5462 5.13641
threshold=0.017815053462982181 -0.13658437132835385 0.046451270580291755 -0.098878264427185045 0.050382606220033939 0.48329274356365209 -0.060822546482086175 0.17857085082263505 0.026555836200714115 0.17005207463644165 0.048146724700927741 0.050384221673779254 0.15608899966217701 0.17456039764320272
decision_type=2 2 2 2 2 2 2 2 2 2 2 2 2 2
left_child=-1 -2 3 -3 -5 7 8 9 -7 10 -6 -12 -13 -11
right_child=1 2 -4 4 5 6 -8 -9 -10 13 11 12 -14 -15
leaf_value=4.210591270616413e-05 0.00046055003610566821 0.00083823666490873074 2.8663910933667005e-05 -0.00088513444728790451 -0.00066503548330714769 -0.0044627769494372986 0.00011695938592841698 0.0015312666919326415 -0.00088098636588784481 -0.0026916273499310748 0.0028060713771084745 -0.00060531356172615562 0.0016041474149243251 -0.0009221251573890755
leaf_weight=419188 12034 3421 125264 13784 14692 558 40012 1355 2430 1864 770 3254 1485 7084
leaf_count=419188 12034 3421 125264 13784 14692 558 40012 1355 2430 1864 770 3254 1485 7084
internal_value=1.24866e-06 -7.38662e-05 -0.000103654 -0.000286369 -0.00033049 -0.000226426 5.25951e-07 -0.000546296 -0.00155621 -0.000643118 -0.000355432 0.000470107 8.79981e-05 -0.00129204
internal_weight=647195 228007 215973 90709 87288 73504 43000 30504 2988 29149 20201 5509 4739 8948
internal_count=647195 228007 215973 90709 87288 73504 43000 30504 2988 29149 20201 5509 4739 8948
is_linear=0
shrinkage=0.03


Tree=123
num_leaves=15
num_cat=0
split_feature=10 19 19 19 18 19 18 18 17 18 18 18 20 20
split_gain=2.0611 2.61901 3.40957 2.24181 3.76518 2.81152 3.8746 3.39449 6.53532 4.79333 3.39501 3.19064 3.47911 3.28373
threshold=0.8426080044238613 0.3876600861549378 0.31069883704185491 0.16613280028104785 0.12343180179595949 0.031464634463191039 0.091953456401824965 0.056053757667541511 -0.037859857082366936 0.051418125629425056 0.11521542072296144 0.059148192405700691 0.80096659064292919 0.36850669980049139
decision_type=2 2 2 2 2 2 2 2 2 2 2 2 2 2
left_child=1 2 3 4 5 6 -1 9 10 -7 -9 -10 13 -13
right_child=-2 -3 -4 -5 -6 7 -8 8 11 -11 -12 12 -14 -15
leaf_value=-4.1064280932513489e-06 6.4109298101552197e-05 -0.0004675763034446973 0.00040472377198615193 -0.00020566292468670539 0.00022315378091574599 -0.00012728159680445018 0.0011477017614252363 -0.0013108871972140645 -0.001471701315071082 0.0010802940431154171 -0.0040745751710618925 -0.0026049511613226357 -0.0015109940979786112 -6.1266517691675897e-05
leaf_weight=145107 266202 12736 15541 66825 50220 53652 2672 2957 1928 3126 460 461 1711 23044
leaf_count=145107 266202 12736 15541 66825 50220 53652 2672 2957 1928 3126 460 461 1711 23044
internal_value=8.09777e-08 -4.47213e-05 -3.00689e-05 -4.92618e-05 -1.26303e-05 -6.29963e-05 1.67576e-05 -0.000197934 -0.000452831 -6.07074e-05 -0.00168835 -0.000297017 -0.000206927 -0.000111699
internal_weight=646642 380440 367704 352163 285338 235118 147779 87339 30561 56778 3417 27144 25216 23505
internal_count=646642 380440 367704 352163 285338 235118 147779 87339 30561 56778 3417 27144 25216 23505
is_linear=0
shrinkage=0.03


Tree=124
num_leaves=15
num_cat=0
split_feature=20 8 8 16 21 20 21 20 3 10 21 20 16 8
split_gain=2.02081 3.86471 5.19245 7.35585 3.36253 3.36551 2.70343 2.79107 1.98252 2.11187 3.5843 2.08098 5.2604 5.4688
threshold=0.078103616833686842 0.047001329397577264 0.047001398658655213 -0.11381205916404723 0.030785156413912777 0.14073652774095538 0.023354209028184417 0.71949371695518505 0.78271865844726574 0.54269237348528987 0.022266084328293804 0.60873651504516613 -0.0030477643013000484 0.049952765041665688
decision_type=2 2 2 2 2 2 2 2 2 2 2 2 2 2
left_child=1 -1 -3 -4 6 -6 8 -8 11 -10 -11 12 -2 -14
right_child=4 2 3 -5 5 -7 7 -9 9 10 -12 -13 13 -15
leaf_value=0.0035402085025395664 9.3435959011644527e-05 -0.0031408451285483384 0.0017009409573172803 -0.00080346083604230232 -0.00059224582088756423 0.002056425236302015 -0.00044190038465563629 -0.0030318197858828148 -0.00035991749439362469 -4.0752324591811124e-05 0.0030883106551631368 9.4156860513380073e-05 -0.00063955055367404326 -8.4063718274040653e-05
leaf_weight=205 168944 650 1285 5805 625 1378 6411 393 25667 43263 327 234914 18000 139843
leaf_count=205 168944 650 1285 5805 625 1378 6411 393 25667 43263 327 234914 18000 139843
internal_value=-1.08464e-06 -0.000476441 -0.000585042 -0.000348681 4.82231e-06 0.00123054 9.63119e-07 -0.000593611 7.37942e-06 -0.000144058 -1.69275e-05 2.60526e-05 -2.29055e-05 -0.000147428
internal_weight=647710 7945 7740 7090 639765 2003 637762 6804 630958 69257 43590 561701 326787 157843
internal_count=647710 7945 7740 7090 639765 2003 637762 6804 630958 69257 43590 561701 326787 157843
is_linear=0
shrinkage=0.03


Tree=125
num_leaves=15
num_cat=0
split_feature=8 18 21 8 18 19 16 21 17 8 16 21 8 21
split_gain=1.94637 7.61707 6.95031 4.77526 5.37792 4.55592 4.57044 4.47937 4.59306 4.43639 4.22377 4.08781 3.80274 11.0456
threshold=0.17856678531421863 -0.0072827339172363273 0.0057082085404545077 0.17456586853135084 -0.031008362770080563 -0.027647828683257099 0.068006396293640151 0.0078390771523118036 0.11033922433853151 0.17857040481071743 0.027627170085906986 0.0073550757952034482 0.17004944558881532 0.01052588550373912
decision_type=2 2 2 2 2 2 2 2 2 2 2 2 2 2
left_child=3 -2 10 12 -5 9 -7 8 -6 -4 -3 -10 -1 -14
right_child=1 2 5 4 7 6 -8 -9 11 -11 -12 -13 13 -15
leaf_value=1.5175392562865332e-05 0.00034381668905686537 0.00074588332100155848 0.0014453049831692469 0.0020437443629998595 -0.00013849607905249764 -0.00057029885273678462 -0.0032640399073432676 0.00052439859867265076 -0.005185238446578133 -0.003326250908507977 -0.0020605817262765338 -0.00050081902513237741 0.00031461485773888703 -0.00062107501262782892
leaf_weight=535929 14455 4698 208 1723 3643 18604 580 16774 330 1034 533 338 18379 29693
leaf_count=535929 14455 4698 208 1723 3643 18604 580 16774 330 1034 533 338 18379 29693
internal_value=-4.49941e-06 -0.00020688 -0.000517145 8.88016e-06 0.000434682 -0.000766985 -0.000652569 0.000302741 -0.00055933 -0.00252456 0.000458231 -0.00283631 -7.753e-06 -0.000263344
internal_weight=646921 40112 25657 606809 22808 20426 19184 21085 4311 1242 5231 668 584001 48072
internal_count=646921 40112 25657 606809 22808 20426 19184 21085 4311 1242 5231 668 584001 48072
is_linear=0
shrinkage=0.03


Tree=126
num_leaves=15
num_cat=0
split_feature=20 8 8 16 21 17 21 16 20 16 8 21 16 8
split_gain=2.0339 3.3279 5.08955 7.25012 3.1082 3.22592 2.70619 2.35933 3.65956 2.97933 1.94889 2.17107 4.77824 8.2939
threshold=0.078103616833686842 0.047001329397577264 0.047001398658655213 -0.11381205916404723 0.030785156413912777 -0.048402607440948479 0.023354209028184417 0.03371089696884156 0.18934015184640887 0.076932072639465346 0.17857673709457347 0.006910797208547593 -0.034850299358367913 0.14479995727065961
decision_type=2 2 2 2 2 2 2 2 2 2 2 2 2 2
left_child=1 -1 -3 -4 6 -6 10 8 -8 -9 11 12 13 -2
right_child=4 2 3 -5 5 -7 7 9 -10 -11 -12 -13 -14 -15
leaf_value=0.0032749439923065748 -5.9237661948427558e-05 -0.0030890970517131952 0.0016967378067785147 -0.00079753172864414359 -0.00056316927827131786 0.0019889740398349237 -0.0014359208624173502 -0.0017650289308226046 0.00051430836530347822 0.00060846338127679405 0.0010990443602438252 2.9169896105587142e-05 -9.5477506493242699e-05 -0.0042445182267219087
leaf_weight=202 1120 660 1278 5744 653 1387 1279 2217 2655 603 1464 529366 97147 683
leaf_count=202 1120 660 1278 5744 653 1387 1279 2217 2655 603 1464 529366 97147 683
internal_value=-9.59783e-07 -0.00047971 -0.000580505 -0.000342692 4.9547e-06 0.00117266 1.2032e-06 -0.000595889 -0.000120757 -0.00125733 7.61131e-06 5.05951e-06 -0.000123922 -0.00165203
internal_weight=646458 7884 7682 7022 638574 2040 636534 6754 3934 2820 629780 628316 98950 1803
internal_count=646458 7884 7682 7022 638574 2040 636534 6754 3934 2820 629780 628316 98950 1803
is_linear=0
shrinkage=0.03


Tree=127
num_leaves=15
num_cat=0
split_feature=8 8 18 19 8 20 18 18 8 8 20 19 21 20
split_gain=1.87694 2.40341 8.91612 5.42988 4.56329 6.54813 4.98187 4.6016 4.28939 4.13866 11.6592 19.4917 9.86633 8.06177
threshold=0.17857673709457347 0.17856678531421863 -0.0072827339172363273 -0.027647828683257099 0.1745648558586618 0.75160956382751476 0.063742578029632582 -0.031008362770080563 0.17857040481071743 0.17004944558881532 0.66566389799118053 0.2467065900564194 0.014671499375253918 0.50421237945556652
decision_type=2 2 2 2 2 2 2 2 2 2 2 2 2 2
left_child=1 4 -3 8 9 7 -7 -6 -4 -1 11 13 -13 -11
right_child=-2 2 3 -5 5 6 -8 -9 -10 10 -12 12 -14 -15
leaf_value=2.0412812007951974e-05 0.001081949037593769 0.00035994601040565197 0.001420342970101866 -0.00047759722985109222 0.0020263508713665281 -0.0040324633998469897 -0.00027479149572066941 0.00041624355926735119 -0.0032618728822300497 -0.00051781247398610588 0.00089265535751065683 -0.0026177776366610732 0.0020183797510786002 0.00047315488698720156
leaf_weight=536619 1439 14379 208 22777 1723 480 922 21247 1060 24149 6601 4621 450 10640
leaf_count=536619 1439 14379 208 22777 1723 480 922 21247 1060 24149 6601 4621 450 10640
internal_value=1.56612e-06 -8.49307e-07 -0.000230933 -0.000584282 1.37063e-05 0.000415846 -0.00157106 0.000537434 -0.00249125 -3.10606e-06 -0.000274719 -0.00046813 -0.00220478 -0.000214707
internal_weight=647315 645876 38424 24045 607452 24372 1402 22970 1268 583080 46461 39860 5071 34789
internal_count=647315 645876 38424 24045 607452 24372 1402 22970 1268 583080 46461 39860 5071 34789
is_linear=0
shrinkage=0.03


Tree=128
num_leaves=15
num_cat=0
split_feature=10 19 18 18 8 5 5 17 20 18 16 17 19 19
split_gain=1.98373 2.44172 3.39268 4.30057 7.42314 4.82308 6.5984 3.94333 5.25781 5.06889 4.5502 5.03673 3.87009 3.43643
threshold=0.8426080044238613 0.3876600861549378 0.11685323715209962 0.044580459594726569 0.049956443568717292 0.15667412519184529 0.046765603721770972 -0.035688757896423333 0.49439771473407751 0.066007673740386977 0.0066521167755126962 0.021776735782623294 0.0017996453680098059 0.013919774908572437
decision_type=2 2 2 2 2 2 2 2 2 2 2 2 2 2
left_child=1 2 3 -1 7 6 -6 -5 -9 10 -10 -12 -4 -14
right_child=-2 -3 12 4 5 -7 -8 8 9 -11 11 -13 13 -15
leaf_value=-1.1675821423900232e-05 6.3088644984078451e-05 -0.00045160297362033388 0.0012535744045533337 -0.0030027342558997566 -0.00087652913190017765 -0.0004957521172815442 0.00019946695225647412 0.0010278714705167886 -0.00079962483242410553 -0.00061925259134481929 -0.0062817202156892193 -0.00222848047100273 -0.0011195268586813643 0.00010639722908869095
leaf_weight=184510 266360 12757 2596 886 6055 25403 33394 1096 947 4377 408 862 2094 105127
leaf_count=184510 266360 12757 2596 886 6055 25403 33394 1096 947 4377 408 862 2094 105127
internal_value=2.97521e-07 -4.36568e-05 -2.94996e-05 -8.89546e-05 -0.000283127 -0.000173394 3.42229e-05 -0.00111234 -0.000892731 -0.00121249 -0.0023797 -0.00355015 0.000110146 8.24041e-05
internal_weight=646872 380512 367755 257938 73428 64852 39449 8576 7690 6594 2217 1270 109817 107221
internal_count=646872 380512 367755 257938 73428 64852 39449 8576 7690 6594 2217 1270 109817 107221
is_linear=0
shrinkage=0.03


Tree=129
num_leaves=15
num_cat=0
split_feature=18 8 8 16 21 17 21 16 19 18 8 18 21 8
split_gain=1.94123 4.29496 3.22379 2.80975 2.37906 3.57161 1.89826 2.08319 4.56782 3.47285 8.41652 6.38017 6.08389 4.64378
threshold=-0.31835636496543879 0.047001260017545059 0.047001811744127715 -0.037119865417480462 0.030785156413912777 -0.048402607440948479 0.0036215113941580061 0.017815053462982181 0.43514244258403784 0.22381854057312014 0.15857510203229694 0.2565417885780335 0.0077461719047278174 0.05038290447509787
decision_type=2 2 2 2 2 2 2 2 2 2 2 2 2 2
left_child=1 -1 3 -3 6 -6 -2 8 -8 13 -11 12 -12 -9
right_child=4 2 -4 -5 5 -7 7 9 -10 10 11 -13 -14 -15
leaf_value=0.0032591677837256112 0.0008158106971482323 -0.0033307462214120249 0.0011459478290269669 -0.00089188953877644619 -0.00056610952772218938 0.0019115703844019307 4.2912502070285403e-05 -0.00042828347616452052 -0.0013130634099246358 0.00044244380342558099 -0.00059447636651619969 -0.00015787394083370166 -0.003710143652433215 -5.5850502721896998e-05
leaf_weight=207 2547 647 425 1238 836 1388 414676 37954 2243 28889 1306 8265 991 146126
leaf_count=207 2547 647 425 1238 836 1388 414676 37954 2243 28889 1306 8265 991 146126
internal_value=-6.17024e-07 -0.00083131 -0.00120411 -0.00173559 2.62992e-06 0.000981032 -7.61784e-07 -4.01555e-06 3.56018e-05 -7.7907e-05 0.000177506 -0.000547012 -0.00194381 -0.000132649
internal_weight=647738 2517 2310 1885 645221 2224 642997 640450 416919 223531 39451 10562 2297 184080
internal_count=647738 2517 2310 1885 645221 2224 642997 640450 416919 223531 39451 10562 2297 184080
is_linear=0
shrinkage=0.03


Tree=130
num_leaves=15
num_cat=0
split_feature=4 19 19 18 20 8 17 18 6 19 18 8 16 17
split_gain=1.79039 2.92492 2.51998 4.44585 3.84675 4.58396 5.56392 7.1389 6.60313 3.51225 3.86817 3.4532 3.41146 2.82279
threshold=-0.16336873173713681 0.38113558292388922 0.017993674613535408 -0.10218307375907897 0.60102671384811412 0.074182358524838385 0.041536927223205573 -0.096063733100891099 0.074058102136832074 -0.0054402768146246663 -0.011628687381744383 0.17456417741620403 0.026919543743133548 -0.017095148563385006
decision_type=2 2 2 2 2 2 2 2 2 2 2 2 2 2
left_child=1 -1 4 -4 5 -2 9 -8 -9 10 11 -7 13 -6
right_child=2 -3 3 -5 12 6 7 8 -10 -11 -12 -13 -14 -15
leaf_value=-6.6354774503273265e-05 0.00028518126108548626 -0.0011465309318377788 -0.0012946888218245349 -8.5467143506623287e-07 -0.0024146743002710033 -0.00024219314883470043 0.00010672622871071178 -0.003436364930667886 0.0017467790261090498 0.00041285212741372135 -0.0014864362346609778 0.00078344338992514663 -2.3721759562330186e-05 0.00075399270342101587
leaf_weight=185204 41767 2279 2402 343129 252 26640 1619 1472 257 10740 2010 3318 8464 17479
leaf_count=185204 41767 2279 2402 343129 252 26640 1619 1472 257 10740 2010 3318 8464 17479
internal_value=-1.38677e-06 -7.95154e-05 3.0488e-05 -9.86752e-06 0.00015278 5.76027e-05 -0.000148791 -0.00132554 -0.00266312 -5.6398e-05 -0.000214088 -0.000128487 0.000471807 0.00070829
internal_weight=647032 187483 459549 345531 114018 87823 46056 3348 1729 42708 31968 29958 26195 17731
internal_count=647032 187483 459549 345531 114018 87823 46056 3348 1729 42708 31968 29958 26195 17731
is_linear=0
shrinkage=0.03


Tree=131
num_leaves=15
num_cat=0
split_feature=19 17 19 8 19 21 8 17 17 19 18 17 17 21
split_gain=1.81676 2.4707 2.43198 3.83661 2.71073 9.98876 6.06895 8.94241 9.61584 11.7686 9.54887 5.90846 5.49806 4.60026
threshold=0.40323638916015631 0.023760080337524418 0.31069883704185491 0.17005048033810069 0.2396708279848099 0.013837319798767568 0.17004944558881532 0.061502158641815192 0.094644248485565199 0.27298025786876684 0.085777342319488539 0.029623746871948246 0.0074962377548217782 0.015652791596949104
decision_type=2 2 2 2 2 2 2 2 2 2 2 2 2 2
left_child=2 -2 4 -4 -1 6 -6 10 9 -9 11 -8 -12 -7
right_child=1 -3 3 -5 5 13 7 8 -10 -11 12 -13 -14 -15
leaf_value=1.1929871626433252e-05 -0.0022524601379911293 -0.00023778537411818932 0.0002119135250746873 0.0026734159137077169 -0.00024064105609359159 0.0015558910888744059 0.003090080491426732 -0.0029933674787595036 -0.0035152515152606268 0.0017401433298707594 0.0015603891229969042 -0.0014179981009089064 -0.0035680889556817582 0.00015771013900225042
leaf_weight=542052 561 17178 32862 575 38054 3496 386 602 589 2134 201 786 2450 5364
leaf_count=542052 561 17178 32862 575 38054 3496 386 602 589 2134 201 786 2450 5364
internal_value=-2.74633e-06 -0.000302117 5.69143e-06 0.000254636 -8.2743e-06 -0.000210834 -0.000391379 -0.00119314 -5.4915e-05 0.000695072 -0.00218172 7.35641e-05 -0.00317704 0.000709974
internal_weight=647290 17739 629551 33437 596114 54062 45202 7148 3325 2736 3823 1172 2651 8860
internal_count=647290 17739 629551 33437 596114 54062 45202 7148 3325 2736 3823 1172 2651 8860
is_linear=0
shrinkage=0.03


Tree=132
num_leaves=15
num_cat=0
split_feature=12 2 8 21 18 20 19 16 21 16 17 21 16 20
split_gain=2.01453 2.10404 2.10369 5.3894 3.62982 4.45012 3.20613 2.18368 1.80462 5.8194 6.63216 4.9388 5.4358 4.9392
threshold=0.045912394180097411 0.76040637493133556 0.047002355992836489 0.008049521595239641 0.097311317920684828 0.70525074005126964 -0.16268047690391538 0.038849771022796638 0.0070861626882106074 -0.034850299358367913 0.008381843566894533 0.0089915529824793356 -0.045350998640060418 0.37266817688941961
decision_type=2 2 2 2 2 2 2 2 2 2 2 2 2 2
left_child=1 2 3 4 -1 -6 -5 -8 9 10 -2 12 -10 -14
right_child=8 -3 -4 6 5 -7 7 -9 11 -11 -12 -13 13 -15
leaf_value=-0.00092681066098692982 -0.00059753216880629426 -0.0013197402120951076 9.9439154032916265e-06 0.00049198242862257241 0.0059161501400474756 0.00074536921681871832 -0.0015218677748296172 -0.0044923298552109886 -0.0013614611267032662 -6.5973635291376919e-05 -0.0040944572491151791 -2.0015087172420799e-05 0.00064843108302167405 0.00013726393080530579
leaf_weight=503 1836 1681 11628 692 217 466 2568 241 1993 107405 661 385054 20068 111622
leaf_count=503 1836 1681 11628 692 217 466 2568 241 1993 107405 661 385054 20068 111622
internal_value=2.17153e-06 -0.000310746 -0.000206413 -0.000742611 0.00100221 0.00241926 -0.00133427 -0.00178425 1.11318e-05 -9.92948e-05 -0.00152956 3.4528e-05 0.000191626 0.000215181
internal_weight=646635 17996 16315 4687 1186 683 3501 2809 628639 109902 2497 518737 133683 131690
internal_count=646635 17996 16315 4687 1186 683 3501 2809 628639 109902 2497 518737 133683 131690
is_linear=0
shrinkage=0.03


Tree=133
num_leaves=15
num_cat=0
split_feature=16 16 8 8 16 17 19 8 8 17 20 8 8 8
split_gain=1.83955 2.91619 3.7597 4.90647 3.17344 2.84605 3.35518 3.16487 4.33234 7.08039 6.69694 6.71602 5.77696 5.20234
threshold=0.038406729698181159 0.055708527565002448 0.1785670142462881 0.17857349761315727 0.068006396293640151 0.14384436607360843 0.42520719766616827 0.049956354981132801 0.047001329397577264 0.060070276260375984 0.42202498018741613 0.047001536825169957 0.049954455345178769 0.047002016705506557
decision_type=2 2 2 2 2 2 2 2 2 2 2 2 2 2
left_child=5 -2 -3 4 -4 7 -7 8 -1 10 11 -10 -11 -13
right_child=1 2 3 -5 -6 6 -8 -9 9 12 -12 13 -14 -15
leaf_value=0.00010773735100933732 -0.00026884648724062225 0.00020259741252770674 -0.0010083350413802087 0.0015308974599583616 -0.0042846399406741755 0.00069847866412716373 -0.00092054194137656338 4.2539283076245415e-05 -0.0018492569684130419 -0.0001094996484017759 -0.00081447808881524009 0.0013550028723652711 0.0011632291118915069 -0.00010215276324449707
leaf_weight=37071 51241 25438 647 390 452 9474 1307 460781 1648 12833 25876 2703 4275 11871
leaf_count=37071 51241 25438 647 390 452 9474 1307 460781 1648 12833 25876 2703 4275 11871
internal_value=4.15456e-07 -0.000136024 0.000116734 -0.00134592 -0.00236913 1.91986e-05 0.000501866 9.85291e-06 -0.000146578 -0.000305809 -0.000514931 -3.70149e-05 0.000208781 0.000168474
internal_weight=646007 78168 26927 1489 1099 567839 10781 557058 96277 59206 42098 16222 17108 14574
internal_count=646007 78168 26927 1489 1099 567839 10781 557058 96277 59206 42098 16222 17108 14574
is_linear=0
shrinkage=0.03


Tree=134
num_leaves=15
num_cat=0
split_feature=21 21 8 20 19 8 3 17 8 20 16 19 21 8
split_gain=1.72992 4.55089 3.8275 4.02222 4.23134 2.52562 2.28955 2.62741 2.38624 9.62564 8.48713 7.34735 7.01416 5.46512
threshold=0.017776912078261379 0.018363822251558307 0.14480554323282804 0.26049001514911657 0.23724578320980075 0.047001329397577264 0.78271865844726574 0.030928909778594974 0.049956620245035159 0.78978112339973461 -0.0030477643013000484 0.14245050400495532 0.015086432453244926 0.050384221673779254
decision_type=2 2 2 2 2 2 2 2 2 2 2 2 2 2
left_child=6 2 -2 -4 -5 -3 8 -8 9 10 12 -12 -1 -10
right_child=1 5 3 4 -6 -7 7 -9 13 -11 11 -13 -14 -15
leaf_value=0.00023582151808270338 -0.00028940243740698869 0.0013136442439987451 0.00043779784742714682 -0.0028718998644649469 0.00039704551097881092 -9.0048956532125983e-05 5.472187179833025e-05 -0.00032937356522970754 0.00038280588632096172 0.00047179933926587452 -0.00028944894312942323 -0.0011573293982117317 -0.0015311168451253277 2.9150981637403857e-05
leaf_weight=30408 4316 1178 629 1900 437 46474 29415 35212 43793 21016 33664 11874 2161 385187
leaf_count=30408 4316 1178 629 1900 437 46474 29415 35212 43793 21016 33664 11874 2161 385187
internal_value=-9.48904e-07 -0.000161994 -0.000860219 -0.00168896 -0.00226109 -5.52142e-05 1.39779e-05 -0.000154562 3.46043e-05 -9.80554e-05 -0.000251405 -0.00051585 0.000118366 6.52584e-05
internal_weight=647664 54934 7282 2966 2337 47652 592730 64627 528103 99123 78107 45538 32569 428980
internal_count=647664 54934 7282 2966 2337 47652 592730 64627 528103 99123 78107 45538 32569 428980
is_linear=0
shrinkage=0.03


Tree=135
num_leaves=15
num_cat=0
split_feature=20 8 8 16 16 17 18 8 16 13 19 18 19 16
split_gain=1.72309 3.07975 4.05077 5.48792 2.01103 1.91616 1.6861 5.1405 6.03241 4.09752 3.60089 6.24658 3.66408 2.75743
threshold=0.078103616833686842 0.047001329397577264 0.047001536825169957 -0.11381205916404723 -0.037119865417480462 -0.12636098265647885 -0.14057180285453794 0.14479221047977611 -0.023953676223754879 0.020277122964749743 -0.17249914258718488 -0.11858662962913512 -0.16596393287181851 0.038406729698181159
decision_type=2 2 2 2 2 2 2 2 2 2 2 2 2 2
left_child=1 -1 4 -4 -3 -5 7 9 -9 -2 11 -8 -12 -14
right_child=6 2 3 5 -6 -7 10 8 -10 -11 12 -13 13 -15
leaf_value=0.0030765688228378192 -0.0017381493277806937 -0.002872745040936773 0.0015570438252932972 -0.00036634065938028507 -0.00065916762041107429 -0.0018787177904451737 -0.002096243058377923 -0.001945613145272368 4.7572967976341752e-05 0.0003981201242351273 0.0017369555209639457 4.9718951305411582e-05 1.97988938916937e-05 -0.00017948844994026099
leaf_weight=213 824 864 1268 3986 649 926 2018 2008 4255 32215 1085 3078 523179 70957
leaf_count=213 824 864 1268 3986 649 926 2018 2008 4255 32215 1085 3078 523179 70957
internal_value=-5.95706e-07 -0.000440634 -0.000539951 -0.000198712 -0.00192853 -0.000653071 4.84678e-06 0.000195198 -0.000592511 0.000344586 -7.61679e-06 -0.000801297 -8.15007e-07 -4.00308e-06
internal_weight=647525 7906 7693 6180 1513 4912 639619 39302 6263 33039 600317 5096 595221 594136
internal_count=647525 7906 7693 6180 1513 4912 639619 39302 6263 33039 600317 5096 595221 594136
is_linear=0
shrinkage=0.03


Tree=136
num_leaves=15
num_cat=0
split_feature=8 8 19 17 8 20 19 4 8 20 19 17 20 17
split_gain=1.75645 2.25106 6.30356 4.11612 3.67051 6.27661 4.86741 4.55345 3.54107 10.8128 16.9808 8.91411 7.56477 6.33554
threshold=0.17857673709457347 0.17856678531421863 -0.072392273694276796 0.15771311521530154 0.1745648558586618 0.75160956382751476 0.11381612345576288 -0.52457308769226063 0.17004944558881532 0.66566389799118053 0.2467065900564194 0.0074962377548217782 0.50421237945556652 0.025201857089996341
decision_type=2 2 2 2 2 2 2 2 2 2 2 2 2 2
left_child=1 4 -3 -4 8 7 -7 -6 -1 10 12 -12 13 -10
right_child=-2 2 3 -5 5 6 -8 -9 9 -11 11 -13 -14 -15
leaf_value=1.915069240045421e-05 0.0010460985087373427 0.00092197720164939416 -0.00032481088313532423 -0.0043692568188998847 0.0037481429294763703 -0.0039593332343987424 -0.00028693705338117521 0.00044023669768322873 -0.00068112101633902174 0.00087048420362454402 0.0019622926629644087 -0.002447816219579894 0.00046475522697485153 0.00077024048540723204
leaf_weight=536545 1438 3885 34618 223 376 489 951 22416 21144 6604 449 4641 10614 3100
leaf_count=536545 1438 3885 34618 223 376 489 951 22416 21144 6604 449 4641 10614 3100
internal_value=6.03439e-07 -1.73172e-06 -0.000223481 -0.000351321 1.24097e-05 0.000374154 -0.00154341 0.000495617 -2.62653e-06 -0.0002536 -0.000439513 -0.00205725 -0.000203029 -0.00049542
internal_weight=647493 646055 38726 34841 607329 24232 1440 22792 583097 46552 39948 5090 34858 24244
internal_count=647493 646055 38726 34841 607329 24232 1440 22792 583097 46552 39948 5090 34858 24244
is_linear=0
shrinkage=0.03


Tree=137
num_leaves=15
num_cat=0
split_feature=7 8 8 8 17 16 16 21 18 18 21 19 16 19
split_gain=1.74518 3.04839 2.97896 6.45673 13.2017 15.4157 8.12526 8.32692 6.22515 8.93291 6.12777 4.35961 4.9363 4.64308
threshold=-0.059821932499156509 0.17005093771648075 0.17004944558881532 0.17005587177536233 0.058737039566040046 0.0021879673004150395 0.010022163391113283 0.011434975080192091 0.095197141170501723 0.044580459594726569 0.014671499375253918 -0.072392273694276796 0.050805926322937019 -0.019111051224172112
decision_type=2 2 2 2 2 2 2 2 2 2 2 2 2 2
left_child=1 -1 -2 4 6 -6 8 -8 9 -4 -9 -5 13 -13
right_child=2 -3 3 11 5 -7 7 10 -10 -11 -12 12 -14 -15
leaf_value=-0.00018108529536307497 1.9224784029071047e-05 0.0006223149664295359 0.00071281855491228826 0.00093077242593355206 -0.0033364657236117064 0.001296749999017649 -0.0050468594642624149 -0.0020822377964102049 0.00066965433559337025 -0.0022597914261797765 0.0017405150242711361 -0.00066859936024915004 -0.0011807801959037285 3.7431256048432288e-05
leaf_weight=7188 529226 10390 1350 3853 760 4164 787 3441 2264 2773 420 9570 3637 67338
leaf_count=7188 529226 10390 1350 3853 760 4164 787 3441 2264 2773 420 9570 3637 67338
internal_value=-9.59931e-07 0.00029383 -9.19276e-06 -0.000159044 -0.000712316 0.000578972 -0.00128851 -0.00224216 -0.000593302 -0.00128678 -0.00166469 -5.43889e-05 -0.000101571 -5.0461e-05
internal_weight=647161 17578 629583 100357 15959 4924 11035 4648 6387 4123 3861 84398 80545 76908
internal_count=647161 17578 629583 100357 15959 4924 11035 4648 6387 4123 3861 84398 80545 76908
is_linear=0
shrinkage=0.03


Tree=138
num_leaves=15
num_cat=0
split_feature=4 21 16 8 20 21 8 19 5 8 19 21 19 21
split_gain=1.78132 2.6426 3.37498 4.47576 3.72207 3.14246 2.93147 4.61768 3.67729 4.35944 4.30411 6.19657 5.56506 5.06588
threshold=-0.076629251241683946 0.006910797208547593 -0.034850299358367913 0.14479995727065961 0.42202498018741613 0.0057082085404545077 0.15857708621314398 -0.072392273694276796 0.13389987113666924 0.074182358524838385 -0.11027873307466506 0.017404322512447837 -0.072392273694276796 0.010899702552706005
decision_type=2 2 2 2 2 2 2 2 2 2 2 2 2 2
left_child=1 2 3 -1 -4 -6 8 -8 9 -3 11 -11 -12 -14
right_child=-2 6 4 -5 5 -7 7 -9 -10 10 12 -13 13 -15
leaf_value=-0.00031287187090412984 5.1534365684886104e-05 2.5593977738079892e-05 0.00048839093955222845 -0.0040584663781442452 3.6374853834167567e-06 -0.00055481368819565544 0.00091311514512579597 -0.00023140742828441354 0.00019052821904730994 0.00033198520269470572 -0.0014787624510978563 -0.0012146481360977676 0.00037573435246089664 -0.0010395413315381645
leaf_weight=706 298541 114335 5773 480 15208 22459 3316 71064 86680 10694 5693 2976 4880 4258
leaf_count=706 298541 114335 5773 480 15208 22459 3316 71064 86680 10694 5693 2976 4880 4258
internal_value=-2.2465e-06 -4.83148e-05 -0.000263872 -0.00183947 -0.000220649 -0.000329369 -1.66572e-05 -0.000180325 3.63858e-05 -5.71589e-05 -0.000389078 -5.04252e-06 -0.000742929 -0.000283944
internal_weight=647063 348522 44626 1186 43440 37667 303896 74380 229516 142836 28501 13670 14831 9138
internal_count=647063 348522 44626 1186 43440 37667 303896 74380 229516 142836 28501 13670 14831 9138
is_linear=0
shrinkage=0.03


Tree=139
num_leaves=15
num_cat=0
split_feature=21 21 21 19 18 19 19 8 20 18 20 8 19 21
split_gain=1.78603 1.97949 4.67843 7.19321 4.1256 4.46954 5.53435 6.65987 4.13965 3.86517 3.63853 6.62813 6.62449 6.29944
threshold=0.0036215113941580061 0.006910797208547593 0.0089915529824793356 -0.17249914258718488 -0.047174662351608269 -0.09028365463018416 -0.035213582217693322 0.07418551394894371 0.3562405407428742 0.23828417062759402 0.77701869606971752 0.059458701176885835 0.19647118449211123 0.0067909993231296548
decision_type=2 2 2 2 2 2 2 2 2 2 2 2 2 2
left_child=-1 9 3 -3 8 -6 7 -7 -5 10 13 -12 -13 -2
right_child=1 2 -4 4 5 6 -8 -9 -10 -11 11 12 -14 -15
leaf_value=0.00078561935088957671 1.7390611165620101e-05 -0.0027035612185909311 -3.8709296278832507e-05 0.00094624590410740978 -0.00084216894753117659 0.0015263846422196475 0.00010533722053013217 -0.00084269567587856088 -0.0001074875047512224 0.00050746801664153945 0.00033495076653423527 -0.00044519848867476775 -0.0017441438306075943 -0.0010628407844527116
leaf_weight=2567 59959 782 395326 11126 4220 4948 124727 1358 4802 7840 6333 13208 4822 5282
leaf_count=2567 59959 782 395326 11126 4220 4948 124727 1358 4802 7840 6333 13208 4822 5282
internal_value=-3.36097e-06 -6.50835e-06 1.56728e-05 0.000157142 0.000172029 0.000118236 0.000149197 0.00101594 0.000628631 -0.000131082 -0.000186978 -0.000499773 -0.00079298 -7.01411e-05
internal_weight=647300 644733 547289 151963 151181 135253 131033 6306 15928 97444 89604 24363 18030 65241
internal_count=647300 644733 547289 151963 151181 135253 131033 6306 15928 97444 89604 24363 18030 65241
is_linear=0
shrinkage=0.03


Tree=140
num_leaves=15
num_cat=0
split_feature=12 14 21 11 21 21 21 20 20 17 19 19 19 21
split_gain=1.75807 1.67164 6.49855 2.2094 1.66942 2.00591 4.36056 4.87212 5.99868 3.2351 4.39701 6.10022 5.48333 3.17167
threshold=0.0050100250702056126 0.0036726455907121207 0.007499577011913062 0.50111112635289934 0.0036215113941580061 0.0070861626882106074 0.0089915529824793356 0.20907204598188403 0.37266817688941961 0.12710314989089969 0.30137488245964056 0.31870637834072119 0.26953855156898504 0.0083697289228439348
decision_type=2 2 2 2 2 2 2 2 2 2 2 2 2 2
left_child=-1 2 -2 -4 -3 -6 7 -7 -9 10 12 -12 -10 -14
right_child=1 4 3 -5 5 6 -8 8 9 -11 11 -13 13 -15
leaf_value=-0.00077056286457908121 0.0041126077084782733 0.00076410218197650278 -0.00097471924952630476 0.0018258126991597479 -0.00011961627636880546 -0.00095366459480488613 -2.9922584851204961e-05 0.00069090315748613295 0.00015166234696825274 -0.00042764849358134695 0.0021792848500408412 0.00036459948389757258 -0.00055170073188291703 -0.0026630283020092878
leaf_weight=2655 428 2557 870 352 110310 3404 392732 18849 91761 9143 2150 7378 4098 755
leaf_count=2655 428 2557 870 352 110310 3404 392732 18849 91761 9143 2150 7378 4098 755
internal_value=-8.93227e-07 2.28195e-06 0.000954498 -0.000163867 -1.68415e-07 -3.22509e-06 2.09882e-05 0.000166357 0.000194815 0.000113678 0.000160326 0.000775013 9.9669e-05 -0.000882571
internal_weight=647442 644787 1650 1222 643137 640580 530270 137538 134134 115285 106142 9528 96614 4853
internal_count=647442 644787 1650 1222 643137 640580 530270 137538 134134 115285 106142 9528 96614 4853
is_linear=0
shrinkage=0.03


Tree=141
num_leaves=15
num_cat=0
split_feature=10 19 19 8 20 18 19 18 21 10 9 8 8 13
split_gain=1.74023 2.00021 3.2378 1.95737 2.00999 1.90415 1.84146 2.95587 5.98224 7.46647 6.72811 4.96438 4.27819 3.69962
threshold=0.8426080044238613 0.3876600861549378 0.31069883704185491 0.17005048033810069 0.92254728078842174 0.47816962003707891 0.16613280028104785 0.12343180179595949 0.0080034928396344202 0.029589871190802954 0.03190105425917926 0.14479554618942214 0.1785712954292368 0.039673459009843454
decision_type=2 2 2 2 2 2 2 2 2 2 2 2 2 2
left_child=1 2 5 4 -4 6 7 -1 9 10 -9 -11 -13 -10
right_child=-2 -3 3 -5 -6 -7 -8 8 13 11 -12 12 -14 -15
leaf_value=-6.1806857595730173e-05 5.9471239624735372e-05 -0.00041008509650493417 0.00027565282194390669 0.0027685656455642745 0.0019835232821046873 0.0010996995384804904 -0.0001927669972212986 0.0041951941961440664 -0.0013964722340539669 -4.8608019838684168e-05 0.00015001968534643104 0.0010845504436213735 -0.0011405044776291132 -5.447644489458156e-06
leaf_weight=235368 266399 12732 14561 302 643 1295 66469 921 1837 10286 617 9022 847 26153
leaf_count=235368 266399 12732 14561 302 643 1295 66469 921 1837 10286 617 9022 847 26153
internal_value=6.48795e-07 -4.0475e-05 -2.7693e-05 0.000396521 0.00034851 -4.63423e-05 -5.05799e-05 -1.74215e-05 0.000192835 0.000566705 0.00257813 0.000412614 0.000893106 -9.69745e-05
internal_weight=647452 381053 368321 15506 15204 352815 351520 285051 49683 21693 1538 20155 9869 27990
internal_count=647452 381053 368321 15506 15204 352815 351520 285051 49683 21693 1538 20155 9869 27990
is_linear=0
shrinkage=0.03


Tree=142
num_leaves=15
num_cat=0
split_feature=13 17 20 14 21 18 15 11 16 16 20 17 18 8
split_gain=1.61366 2.14288 2.47513 1.94642 8.13721 8.44415 4.25235 2.72577 1.70637 1.67457 2.73611 4.2415 3.12945 4.30011
threshold=0.0090771581328732819 0.091680586338043227 0.14574660360813144 0.013042966197133228 0.0076516245026141414 0.13637942075729373 0.10351380986703883 0.50111112635289934 0.051587820053100593 0.038406729698181159 0.24092311412096026 -0.18475124239921567 0.33749294281005865 0.04700282619507299
decision_type=2 2 2 2 2 2 2 2 2 2 2 2 2 2
left_child=1 2 -1 4 5 -2 7 -6 -4 -5 11 -11 13 -12
right_child=3 -3 8 9 6 -7 -8 -9 -10 10 12 -13 -14 -15
leaf_value=-0.0026594005295644979 -0.00032291405355795456 -0.0024476333458941161 -0.00028374637250847662 1.6377613202691426e-05 -0.0010219207485137945 0.0048437378472234822 0.0038089691904874944 0.0012670016313500421 0.0021834169557234996 -0.00098878736988126546 -0.00095699934109857185 0.00098938336082180531 0.00038280564947775863 -0.00016524425634821928
leaf_weight=374 477 471 4063 560627 2120 699 216 596 264 1275 6918 4102 7872 57072
leaf_count=374 477 471 4063 560627 2120 699 216 596 264 1275 6918 4102 7872 57072
internal_value=-1.72439e-06 -0.00052925 -0.000334648 2.52966e-06 0.000653055 0.00275559 -0.000193507 -0.000518234 -0.000130873 -1.66496e-06 -0.000132617 0.000519835 -0.000181468 -0.000250909
internal_weight=647146 5172 4701 641974 4108 1176 2932 2716 4327 637866 77239 5377 71862 63990
internal_count=647146 5172 4701 641974 4108 1176 2932 2716 4327 637866 77239 5377 71862 63990
is_linear=0
shrinkage=0.03


Tree=143
num_leaves=15
num_cat=0
split_feature=16 16 8 8 17 8 8 8 12 9 19 17 19 8
split_gain=1.7081 2.67905 3.20892 4.15239 2.5777 3.5052 3.44178 2.79418 2.68739 2.63625 3.49021 2.52708 3.10476 2.68461
threshold=0.038406729698181159 0.055708527565002448 0.1785670142462881 0.17857349761315727 -0.057850301265716546 0.17456451697147671 0.17456246954903751 0.049952765041665688 0.011037054380808041 1.0000000180025095e-35 0.11850060522556306 0.14384436607360843 0.42520719766616827 0.049956354981132801
decision_type=2 2 2 2 2 2 2 2 2 2 2 2 2 2
left_child=11 4 -3 -4 7 6 8 -2 -6 10 -10 13 -13 -1
right_child=1 2 3 -5 5 -7 -8 -9 9 -11 -12 12 -14 -15
leaf_value=-0.00013444556242806898 -0.00094936005441051559 0.00019162586254130692 -0.002185731353980599 0.0014693925768169093 -0.0027513404187047854 0.00037905092278685737 -0.001898881842818938 0.00093304143684787679 -0.00056200981810097144 -0.00040645485897940615 0.0015261647624592771 0.0006654257933433709 -0.00087916960402420821 3.9577816231616426e-05
leaf_weight=96448 928 25249 1088 372 415 5700 1354 2966 1368 37199 1512 9422 1333 461608
leaf_count=96448 928 25249 1088 372 415 5700 1354 2966 1368 37199 1512 9422 1333 461608
internal_value=2.12274e-07 -0.000131292 0.000112461 -0.00125259 -0.000257849 -0.000318631 -0.000413694 0.000483794 -0.000363805 -0.000338743 0.000535027 1.82811e-05 0.000473665 9.50068e-06
internal_weight=646962 78151 26709 1460 51442 47548 41848 3894 40494 40079 2880 568811 10755 558056
internal_count=646962 78151 26709 1460 51442 47548 41848 3894 40494 40079 2880 568811 10755 558056
is_linear=0
shrinkage=0.03


Tree=144
num_leaves=15
num_cat=0
split_feature=7 8 8 8 20 20 18 21 21 18 21 17 17 21
split_gain=1.70614 2.62192 2.52909 5.84557 20.5618 5.79546 7.72821 7.95048 8.76536 4.80387 5.9301 5.40355 4.19225 3.49228
threshold=-0.059821932499156509 0.17005116584446997 0.17004944558881532 0.17005320232440474 0.68317082524299633 0.58848804235458385 0.11946159601211549 0.010665785521268846 0.01340160518884659 0.11521542072296144 0.01154721947386861 0.013256847858428957 0.029623746871948246 0.015539382584393026
decision_type=2 2 2 2 2 2 2 2 2 2 2 2 2 2
left_child=1 -1 -2 4 5 6 7 -4 9 10 11 -9 -7 -10
right_child=2 -3 3 -5 -6 12 -8 8 13 -11 -12 -13 -14 -15
leaf_value=-0.00014605573186916734 2.0262051915045349e-05 0.00059607801197055822 -0.0040950480943275948 -5.0438612839550097e-05 0.0019121477882162881 -0.0046369878600041065 0.0010464515536682691 0.00094634448958832811 -0.0023814767299764573 -0.0030239529276056398 0.0019477156179921312 -0.0021903305279118478 -0.0017872893014595121 0.0016170366821338382
leaf_weight=7247 529108 10470 777 85881 2270 580 1628 990 2800 398 1379 978 2336 208
leaf_count=7247 529108 10470 777 85881 2270 580 1628 990 2800 398 1379 978 2336 208
internal_value=2.26184e-06 0.000292558 -5.91285e-06 -0.00014409 -0.000704588 -0.00119714 -0.000825448 -0.00123058 -0.000898211 7.08009e-05 0.000442767 -0.00061403 -0.00236107 -0.00210276
internal_weight=647050 17717 629333 100225 14344 12074 9158 7530 6753 3745 3347 1968 2916 3008
internal_count=647050 17717 629333 100225 14344 12074 9158 7530 6753 3745 3347 1968 2916 3008
is_linear=0
shrinkage=0.03


Tree=145
num_leaves=15
num_cat=0
split_feature=17 21 16 16 17 16 21 17 5 16 17 21 16 20
split_gain=1.51571 2.44266 2.01937 2.99548 2.68788 4.16856 3.06316 2.93801 2.82075 2.53501 3.5207 3.48057 3.67013 3.44422
threshold=0.18109416961669925 0.017263215035200122 0.038406729698181159 0.055708527565002448 0.15129244327545169 0.043483257293701179 0.0077136056497693071 0.11186760663986207 0.16948972617205371 0.066051781177520766 0.098975658416748061 0.023354209028184417 0.063977003097534194 0.77430722117424022
decision_type=2 2 2 2 2 2 2 2 2 2 2 2 2 2
left_child=2 -2 -1 4 7 -6 -7 8 -4 11 -11 12 -5 -12
right_child=1 -3 3 9 5 6 -8 -9 -10 10 13 -13 -14 -15
leaf_value=1.5014533281682581e-05 0.00066602180887083407 -0.00053913006977616463 -0.00044739871306370016 0.00028155641703857503 -0.0021921615407094119 0.0015344176322255724 -0.0013817789481800845 0.00036639316783138514 0.00020610046802741567 0.00011156757119885453 -0.0022567450313063352 -0.0021909162743917912 0.0016709097597758776 -0.00023441387623815372
leaf_weight=565102 6722 1949 32457 8571 1604 653 634 6363 7274 10216 1247 426 2134 1924
leaf_count=565102 6722 1949 32457 8571 1604 653 634 6363 7274 10216 1247 426 2134 1924
internal_value=1.12509e-06 0.000394983 -4.22577e-06 -0.000152139 -0.000287621 -0.00117421 9.80573e-05 -0.000231894 -0.000327744 0.000118547 -0.000159595 0.000452983 0.000559169 -0.001032
internal_weight=647276 8671 638605 73503 48985 2891 1287 46094 39731 24518 13387 11131 10705 3171
internal_count=647276 8671 638605 73503 48985 2891 1287 46094 39731 24518 13387 11131 10705 3171
is_linear=0
shrinkage=0.03


Tree=146
num_leaves=15
num_cat=0
split_feature=7 8 8 8 20 19 17 20 16 17 18 19 17 8
split_gain=1.71538 2.61299 2.24634 5.2601 14.5796 8.69141 7.24749 6.60763 7.7169 7.50145 5.65541 8.61721 5.1305 8.1119
threshold=-0.059821932499156509 0.17005093771648075 0.17004944558881532 0.17456281247456851 0.6798815429210664 0.25642377138137823 0.018004298210144046 0.50421237945556652 -0.027247130870819088 0.027054488658905033 -0.0072827339172363273 -0.01535371085628867 0.086226642131805434 0.17456787610186644
decision_type=2 2 2 2 2 2 2 2 2 2 2 2 2 2
left_child=1 -1 -2 4 5 7 -7 8 -4 -10 -5 -12 -13 -14
right_child=2 -3 3 10 -6 6 -8 -9 9 -11 11 12 13 -15
leaf_value=-0.00015113935908115815 1.521119878010346e-05 0.00059408879674032714 0.00022584003003107408 0.0004333632997526187 0.0015696919877910113 0.0017501542939541953 -0.0023570534199819091 0.00036540299412001745 -0.0015592146849443137 0.00099455099610630082 -0.00183765983467298 8.7972511454641799e-05 0.00038071774089925491 -0.0012499792567411802
leaf_weight=7131 529229 10414 4494 19395 2779 426 3863 6095 9014 1166 2630 38791 4427 7215
leaf_count=7131 529229 10414 4494 19395 2779 426 3863 6095 9014 1166 2630 38791 4427 7215
internal_value=-1.30374e-06 0.000291241 -9.45929e-06 -0.000139633 -0.000490111 -0.000718816 -0.00194755 -0.000464664 -0.000809448 -0.00126637 -4.96134e-06 -0.000165199 -7.78089e-05 -0.000629991
internal_weight=647069 17545 629524 100295 27837 25058 4289 20769 14674 10180 72458 53063 50433 11642
internal_count=647069 17545 629524 100295 27837 25058 4289 20769 14674 10180 72458 53063 50433 11642
is_linear=0
shrinkage=0.03


Tree=147
num_leaves=15
num_cat=0
split_feature=4 19 5 18 18 21 16 18 13 18 19 16 21 17
split_gain=1.81104 2.18328 2.10729 4.8583 2.74475 2.84959 2.60126 2.34882 2.60827 2.301 3.05812 3.63111 3.26389 2.88124
threshold=-0.161749392747879 0.38113558292388922 0.13389987113666924 -0.14416092634201047 -0.2385444641113281 0.023354209028184417 0.03371089696884156 -0.31835636496543879 0.020277122964749743 -0.043027967214584344 -0.11027873307466506 -0.018895655870437619 0.017404322512447837 0.0026450753211975102
decision_type=2 2 2 2 2 2 2 2 2 2 2 2 2 2
left_child=1 2 3 7 -4 -6 -7 -1 -9 10 12 -12 13 -5
right_child=-2 -3 4 9 5 6 -8 8 -10 -11 11 -13 -14 -15
leaf_value=-0.00067294533118517237 3.1912675116635043e-05 -0.0009922311500014918 -0.001939312127192048 -0.00032050983472722236 8.4536903249055918e-05 -0.00021460810328103211 -0.0019724728226598086 -0.0015033488075926224 0.00041689564870893073 -0.00015410876445773767 -0.00021404297411952946 -0.0012939507874256523 -0.001268723623159207 0.00066905968362916224
leaf_weight=2262 457245 2319 623 9065 86399 2283 1130 655 18101 49082 4660 7033 2253 3735
leaf_count=2262 457245 2319 623 9065 86399 2283 1130 655 18101 49082 4660 7033 2253 3735
internal_value=-4.11645e-07 -7.83647e-05 -6.70226e-05 -0.000164263 3.71148e-05 5.09319e-05 -0.000798648 0.000239287 0.000349454 -0.000276128 -0.000499976 -0.000863852 -0.000217128 -3.1608e-05
internal_weight=646845 189600 187281 96846 90435 89812 3413 21018 18756 75828 26746 11693 15053 12800
internal_count=646845 189600 187281 96846 90435 89812 3413 21018 18756 75828 26746 11693 15053 12800
is_linear=0
shrinkage=0.03


Tree=148
num_leaves=15
num_cat=0
split_feature=14 21 16 8 16 18 21 19 17 8 8 21 17 20
split_gain=1.68986 1.80406 4.35053 6.62943 4.26288 4.19487 3.60884 6.48065 4.16294 5.72924 9.83083 9.94127 4.95738 5.30019
threshold=0.9956862462930377 0.006910797208547593 -0.034850299358367913 0.14479995727065961 -0.018408626317977902 0.23828417062759402 0.0089915529824793356 -0.17249914258718488 0.030928909778594974 0.049956177304760742 0.049955640231798409 0.0080034928396344202 -0.0046885013580322257 0.42930668592453008
decision_type=2 2 2 2 2 2 2 2 2 2 2 2 2 2
left_child=1 2 3 -1 -4 -6 7 -3 9 10 12 -12 -9 -14
right_child=-2 6 4 -5 5 -7 -8 8 -10 -11 11 -13 13 -15
leaf_value=-0.00014004620351971045 0.00017688957822569476 -0.0027419000109330485 0.00066308829286683337 -0.0039993314891289293 -0.00022972194677128055 0.00052685955231739176 -4.2863218179969743e-05 -0.00055776757549884978 1.0415910951113327e-05 0.00050103583382261842 -0.0044892409000850935 -0.0004360716784432759 0.0033550912977962366 0.00043272632510975555
leaf_weight=1025 44016 696 5990 653 76960 7209 370137 4812 81229 45747 877 1427 615 5662
leaf_count=1025 44016 696 5990 653 76960 7209 370137 4812 81229 45747 877 1427 615 5662
internal_value=-2.54979e-06 -1.56485e-05 -0.000138067 -0.00164932 -0.000109851 -0.000164894 6.34509e-06 0.000135459 0.000149823 0.000341281 -0.000204382 -0.00198526 0.000166365 0.000721493
internal_weight=647055 603039 91837 1678 90159 84169 511202 141065 140369 59140 13393 2304 11089 6277
internal_count=647055 603039 91837 1678 90159 84169 511202 141065 140369 59140 13393 2304 11089 6277
is_linear=0
shrinkage=0.03


Tree=149
num_leaves=15
num_cat=0
split_feature=19 21 20 14 17 18 8 17 18 18 18 17 18 8
split_gain=1.6223 2.95445 3.70569 2.79588 2.51813 2.33037 1.93661 5.3225 4.98565 4.92465 10.9898 10.507 8.66491 7.01478
threshold=0.41876702010631567 0.016113452613353733 0.92254728078842174 0.99722863682213625 0.076457023620605483 0.36091101169586187 0.049956354981132801 0.14384436607360843 -0.2385444641113281 0.048805534839630134 0.060652792453765876 -0.020930498838424679 0.13793659210205081 0.049955909530085711
decision_type=2 2 2 2 2 2 2 2 2 2 2 2 2 2
left_child=5 3 -3 4 -2 6 7 9 -8 -1 -11 12 -12 -13
right_child=1 2 -4 -5 -6 -7 8 -9 -10 10 11 13 -14 -15
leaf_value=2.9161712677059037e-05 -0.0022781516277341233 0.00076899855046976603 -0.0010964406759945843 0.0017461337071953869 -0.00060516947882114454 0.00051314119931936239 -0.0020973017500847818 0.00073208256384944511 3.0492386340238425e-05 -0.0026945039893852131 -0.0029823149335389755 -7.0782676494349567e-05 0.001798713247775861 -0.0013459170362097252
leaf_weight=57606 914 3502 1314 403 6887 8109 988 6369 510826 1772 2065 41656 405 4277
leaf_count=57606 914 3502 1314 403 6887 8109 988 6369 510826 1772 2065 41656 405 4277
internal_value=1.1842e-06 -0.000330238 0.000259422 -0.000676334 -0.000802517 7.99215e-06 1.44419e-06 -0.000110287 2.63645e-05 -0.000160096 -0.000377364 -0.000292266 -0.00219633 -0.000189649
internal_weight=647093 13020 4816 8204 7801 634073 625964 114150 511814 107781 50175 48403 2470 45933
internal_count=647093 13020 4816 8204 7801 634073 625964 114150 511814 107781 50175 48403 2470 45933
is_linear=0
shrinkage=0.03


Tree=150
num_leaves=15
num_cat=0
split_feature=8 8 8 8 16 18 8 8 19 16 8 20 4 18
split_gain=1.69395 1.99182 2.30443 3.57939 3.31438 3.00271 2.4498 2.33297 6.32229 5.59548 3.5386 5.74954 4.66762 4.32275
threshold=0.17857673709457347 0.1785741515716307 0.17857349761315727 0.17857151720761819 0.0031585693359375004 0.13306850194931033 0.17857107330118496 0.17856678531421863 -0.072392273694276796 0.068006396293640151 0.1745648558586618 0.75160956382751476 -0.52457308769226063 0.063742578029632582
decision_type=2 2 2 2 2 2 2 2 2 2 2 2 2 2
left_child=1 2 3 6 -5 -6 7 10 -9 -10 -1 12 -12 -13
right_child=-2 -3 -4 4 5 -7 -8 8 9 -11 11 13 -14 -15
leaf_value=-5.4358507742454374e-06 0.0010324712221131817 -0.00051503918655774539 0.00077708874274947835 -1.3765168836357482e-05 -0.0025068187151447716 -0.00065013563057782773 0.00068521774718485035 0.0016783117087007997 -0.00041456505315659928 -0.0038536621646139105 0.0036829605212594981 -0.0038305325839739241 0.00042112172625151563 -0.00031046519121260017
leaf_weight=582933 1418 6780 3426 3208 1273 2041 4721 1280 15406 433 397 469 22484 933
leaf_count=582933 1418 6780 3426 3208 1273 2041 4721 1280 15406 433 397 469 22484 933
internal_value=-1.45789e-06 -3.73614e-06 1.6929e-06 -2.49285e-06 -0.000701412 -0.00136604 4.75901e-06 -3.91824e-07 -0.000345722 -0.000509768 9.34669e-06 0.000364141 0.000478509 -0.00149743
internal_weight=647202 645784 639004 635578 6522 3314 629056 624335 17119 15839 607216 24283 22881 1402
internal_count=647202 645784 639004 635578 6522 3314 629056 624335 17119 15839 607216 24283 22881 1402
is_linear=0
shrinkage=0.03


Tree=151
num_leaves=15
num_cat=0
split_feature=4 0 19 18 0 8 5 9 19 15 19 17 17 19
split_gain=1.78252 3.82135 2.87786 2.73181 3.26549 2.46625 2.09237 2.03791 1.93421 2.53881 1.80137 8.097 3.4619 2.18153
threshold=-0.31838786602020258 41.500000000000007 0.116963729262352 -0.14057180285453794 94.500000000000014 0.047001467801084572 0.050123087128659143 8.7053936424493647e-05 -0.10565783828496932 0.13980087180503273 -0.19708251953124997 -0.080735892057418809 -0.064699828624725328 -0.14415774494409558
decision_type=2 2 2 2 2 2 2 2 2 2 2 2 2 2
left_child=1 2 5 -3 6 8 -5 10 9 -1 11 -2 -13 -12
right_child=7 3 -4 4 -6 -7 -8 -9 -10 -11 13 12 -14 -15
leaf_value=0.00085860397458019421 0.00051589700596614118 0.0003148603162571982 -0.002134082427866277 -0.00090994874765609735 7.3257922586491382e-05 -8.054726723833827e-05 -0.00026076313241421919 -9.3107423285382529e-07 -0.0026884044354673429 -0.0022435797919565306 0.00077968949671116978 -0.0058720759496740677 -0.0017101588274657216 0.00016771050972086643
leaf_weight=501 2078 12680 1252 6170 22248 3493 16192 534658 693 443 6044 248 647 39357
leaf_count=501 2078 12680 1252 6170 22248 3493 16192 534658 693 443 6044 248 647 39357
internal_value=-5.1935e-07 -0.000151228 -0.000847264 -7.36243e-05 -0.000184071 -0.000531437 -0.000440046 1.59405e-05 -0.00149036 -0.000601338 0.000202396 -0.00051244 -0.00288962 0.000249257
internal_weight=646704 63672 6382 57290 44610 5130 22362 583032 1637 944 48374 2973 895 45401
internal_count=646704 63672 6382 57290 44610 5130 22362 583032 1637 944 48374 2973 895 45401
is_linear=0
shrinkage=0.03


Tree=152
num_leaves=15
num_cat=0
split_feature=12 18 21 14 9 4 2 21 9 5 14 4 19 10
split_gain=1.61196 2.83978 3.23963 5.65157 6.6173 2.60655 2.68946 2.83309 4.63528 2.54243 6.49293 4.81841 2.36099 2.27924
threshold=0.32078158161433556 0.11685323715209962 0.0079250158742070215 0.013042966197133228 0.048482306361108743 -0.31838786602020258 0.76040637493133556 0.0083967023529112356 0.00098842413576151846 0.046361171027125427 0.026635840941227482 -0.24727025628089902 0.16613280028104785 0.18408046644069306
decision_type=2 2 2 2 2 2 2 2 2 2 2 2 2 2
left_child=1 -1 3 4 -3 -4 7 8 -7 10 -9 -12 13 -5
right_child=-2 2 5 12 -6 6 -8 9 -10 -11 11 -13 -14 -15
leaf_value=-0.00022388573028818488 2.2612383240189945e-05 0.0040502248029137371 -0.00081321376742319088 0.0010182589159625284 -0.00012541301638702862 -0.0046381858884861678 -0.00079106634640080235 -0.00049768172615120116 -0.00026663183362286976 0.00010272063352087154 0.0060418585724892181 0.0016068212501986058 -0.00023437338319799229 -2.5061929699596719e-05
leaf_weight=66046 545762 796 4031 4599 595 257 2939 1373 1313 9356 251 1650 5192 3190
leaf_count=66046 545762 796 4031 4599 595 257 2939 1373 1313 9356 251 1650 5192 3190
internal_value=2.18777e-06 -0.000107535 0.000108674 0.00045621 0.00227004 -0.000127315 3.41952e-05 0.000205219 -0.000994683 0.000354711 0.00107356 0.00220672 0.000261047 0.000591223
internal_weight=647350 101588 35542 14372 1391 21170 17139 14200 1570 12630 3274 1901 12981 7789
internal_count=647350 101588 35542 14372 1391 21170 17139 14200 1570 12630 3274 1901 12981 7789
is_linear=0
shrinkage=0.03


Tree=153
num_leaves=15
num_cat=0
split_feature=13 17 14 18 11 16 18 18 19 7 8 8 8 17
split_gain=1.51435 1.92932 1.8281 3.08778 1.9689 1.73395 1.60129 1.54906 1.44777 1.39543 2.52126 2.06856 5.58493 10.6168
threshold=0.0090771581328732819 0.091680586338043227 0.0036726455907121207 0.13637942075729373 0.50111112635289934 0.051587820053100593 -0.13658437132835385 0.17264014482498172 -0.15856501460075376 -0.059821932499156509 0.17005116584446997 0.17004944558881532 0.17005320232440474 0.061502158641815192
decision_type=2 2 2 2 2 2 2 2 2 2 2 2 2 2
left_child=1 5 3 4 -2 6 8 -5 -1 10 -4 -11 13 -13
right_child=2 -3 9 7 -6 -7 -8 -9 -10 11 -12 12 -14 -15
leaf_value=-0.00024643924243364943 -0.0017813222788674015 -0.0022796002691988079 -0.00016609187905182422 0.0047429532692352984 0.0014221035061795686 0.0020518885618466742 -0.00025723845146979115 0.001405942279403984 -0.0035081370800081305 1.8838311187487371e-05 0.000565627873670467 -0.0012261650266194939 -3.8840288705908878e-05 0.0005547215890302124
leaf_weight=221 334 496 7168 228 347 257 3943 284 272 523749 10357 9844 85634 4337
leaf_count=221 334 496 7168 228 347 257 3943 284 272 523749 10357 9844 85634 4337
internal_value=4.67638e-07 -0.000509725 4.59342e-06 0.00117541 -0.000150565 -0.000320441 -0.000460038 0.00292345 -0.00206315 2.40551e-06 0.000266381 -5.01548e-06 -0.000130176 -0.00068151
internal_weight=647471 5189 642282 1193 681 4693 4436 512 493 641089 17525 623564 99815 14181
internal_count=647471 5189 642282 1193 681 4693 4436 512 493 641089 17525 623564 99815 14181
is_linear=0
shrinkage=0.03


Tree=154
num_leaves=15
num_cat=0
split_feature=14 19 21 16 19 8 16 16 17 8 16 19 2 8
split_gain=1.51387 1.72866 3.36124 2.803 2.24763 6.33202 2.88264 5.96416 5.90712 5.9456 3.05251 2.32823 2.42078 2.21742
threshold=0.9956862462930377 0.41876702010631567 0.016113452613353733 0.030321240425109867 0.30137488245964056 0.17005002145703943 0.032302618026733405 0.048341512680053718 0.068121373653411879 0.17004439492538878 0.032985925674438484 0.3310238122940064 -0.082477957010269151 0.047003026017622115
decision_type=2 2 2 2 2 2 2 2 2 2 2 2 2 2
left_child=1 4 3 -3 -1 6 11 8 10 13 -8 -6 -13 -10
right_child=-2 2 -4 -5 5 -7 7 -9 9 -11 -12 12 -14 -15
leaf_value=-2.0754549397041818e-05 0.00017015264594619307 -0.0013826236540246954 0.00029793554343578464 -0.00022259727267354392 0.00070827863931598948 0.0021434113789764102 0.0014321990412895613 0.00076559842380503418 0.001516442009372799 0.0012894901078266464 -0.0024309239204734186 -0.0010599545534329023 0.00021184888089293875 -0.001065612823038834
leaf_weight=550435 44070 3442 4310 4115 8656 1464 200 3453 322 1652 1947 1449 18302 3611
leaf_count=550435 44070 3442 4310 4115 8656 1464 200 3453 322 1652 1947 1449 18302 3611
internal_value=4.22174e-07 -1.19765e-05 -0.000370402 -0.000751521 -4.78234e-06 0.000209332 0.000137554 -0.000270314 -0.000733134 -0.000218371 -0.00206857 0.000298168 0.0001183 -0.00085256
internal_weight=647428 603358 11867 7557 591491 41056 39592 11185 7732 5585 2147 28407 19751 3933
internal_count=647428 603358 11867 7557 591491 41056 39592 11185 7732 5585 2147 28407 19751 3933
is_linear=0
shrinkage=0.03


Tree=155
num_leaves=15
num_cat=0
split_feature=12 2 8 21 18 20 19 12 21 16 17 21 20 20
split_gain=1.52492 1.94483 2.08222 4.23642 3.04609 4.1262 3.022 2.23746 1.60841 4.85065 5.58384 3.71507 4.69503 4.43116
threshold=0.045912394180097411 0.9270644783973695 0.047002355992836489 0.008049521595239641 0.097311317920684828 0.74543252587318432 -0.16268047690391538 0.0050100250702056126 0.0070861626882106074 -0.034850299358367913 0.008381843566894533 0.0089915529824793356 0.18934015184640887 0.37266817688941961
decision_type=2 2 2 2 2 2 2 2 2 2 2 2 2 2
left_child=1 2 3 4 -1 -6 -5 -8 9 10 -2 12 -10 -14
right_child=8 -3 -4 6 5 -7 7 -9 11 -11 -12 -13 13 -15
leaf_value=-0.00092847310030175852 -0.0005696210180761032 -0.0014152124525196514 2.6022707000829706e-05 0.00053212036938372301 0.0045181358659278541 -0.00013460678682829973 -0.0037294370199311114 -0.001320312792474204 -0.0011038123400616364 -6.456214007945934e-05 -0.0038335049600435756 -1.5849017383602787e-05 0.00061519525633739588 0.00012058901467700081
leaf_weight=504 1844 1240 11906 699 330 351 402 2461 2559 107500 630 385061 19068 112239
leaf_count=504 1844 1240 11906 699 330 351 402 2461 2559 107500 630 385061 19068 112239
internal_value=1.62273e-06 -0.000271431 -0.000185865 -0.000716771 0.000834506 0.00213652 -0.00123329 -0.0016645 9.39355e-06 -9.48204e-05 -0.00140682 3.14799e-05 0.000167615 0.000192435
internal_weight=646794 17893 16653 4747 1185 681 3562 2863 628901 109974 2474 518927 133866 131307
internal_count=646794 17893 16653 4747 1185 681 3562 2863 628901 109974 2474 518927 133866 131307
is_linear=0
shrinkage=0.03


Tree=156
num_leaves=15
num_cat=0
split_feature=17 19 16 8 8 17 19 18 12 8 18 20 20 20
split_gain=1.45693 1.85391 2.21834 1.99986 1.89879 4.80017 5.87022 4.48278 4.27499 4.25675 3.9487 5.47787 9.28279 4.11741
threshold=0.18109416961669925 0.41876702010631567 -0.013630300760269163 0.056134814079246323 0.049956354981132801 0.05349236726760865 0.092913702130317702 -0.2385444641113281 0.030225612647533536 0.050384221673779254 0.082270562648773207 0.39597824215888983 0.41778817772865301 0.46103633940219885
decision_type=2 2 2 2 2 2 2 2 2 2 2 2 2 2
left_child=1 4 -3 -4 5 6 -1 -6 -7 -9 -8 -12 -13 -14
right_child=-2 2 3 -5 7 8 10 9 -10 -11 11 12 13 -15
leaf_value=-0.00011161214417596499 0.00038756230495013018 -0.0019793581192777522 0.00078979090972260027 -0.00046757253812896568 -0.0019794520902028673 -0.001427863157242111 0.00046583073185254095 0.00029050714381486178 0.00021974024068395609 1.3776798810535851e-06 -0.0036922006510999917 0.0027901543821095488 -0.0023666889168052962 -0.0007733600841179619
leaf_weight=59479 8622 747 1329 7774 996 1467 2063 50881 38194 461103 617 610 1679 11061
leaf_count=59479 8622 747 1329 7774 996 1467 2063 50881 38194 461103 617 610 1679 11061
internal_value=3.09397e-07 -4.92698e-06 -0.000413206 -0.00028367 1.47847e-06 -0.000108599 -0.000248959 2.61929e-05 0.000158626 3.01139e-05 -0.000758389 -0.000939315 -0.00081075 -0.00098419
internal_weight=646622 638000 9850 9103 628150 115170 75509 512980 39661 511984 16030 13967 13350 12740
internal_count=646622 638000 9850 9103 628150 115170 75509 512980 39661 511984 16030 13967 13350 12740
is_linear=0
shrinkage=0.03


Tree=157
num_leaves=15
num_cat=0
split_feature=21 21 18 18 10 2 5 20 17 16 18 20 18 16
split_gain=1.57365 4.35028 4.20548 3.67252 3.3802 3.80472 3.35195 3.41119 3.31745 5.32099 6.25897 4.42933 4.17492 4.0336
threshold=0.017776912078261379 0.018363822251558307 -0.2385444641113281 -0.17647090554237363 0.01413150201640863 -0.76261195540428151 0.15667412519184529 0.26049001514911657 -0.084358960390090929 -0.037814199924468987 -0.16830378770828244 0.3562405407428742 0.25191706418991094 -0.0060153305530548087
decision_type=2 2 2 2 2 2 2 2 2 2 2 2 2 2
left_child=2 6 -1 4 -4 -6 -2 -8 11 12 -11 13 -10 -5
right_child=1 -3 3 8 5 -7 7 -9 9 10 -12 -13 -14 -15
leaf_value=-0.0010393347115522904 -0.00044048489846017756 -4.9291966668061e-05 0.0035387677834606383 -0.0004485940487049992 -0.0026638733552801033 0.00052033814091755656 0.00052920752240379336 -0.0025255181284572839 0.0004533238880925878 -0.0023498747853950845 5.9468780997623636e-06 -0.0044535502471186993 -0.0013588500843954847 0.00053704279390809134
leaf_weight=3382 5237 47821 319 21971 342 12761 414 1569 32624 1012 512718 226 1181 4498
leaf_count=3382 5237 47821 319 21971 342 12761 414 1569 32624 1012 512718 226 1181 4498
internal_value=4.56813e-07 -0.000152961 1.47453e-05 2.08204e-05 0.000511271 0.000436243 -0.000839093 -0.00188804 9.3523e-06 2.52752e-05 1.2833e-06 -0.000317182 0.000389823 -0.00028103
internal_weight=646075 55041 591034 587652 13422 13103 7220 1983 574230 547535 513730 26695 33805 26469
internal_count=646075 55041 591034 587652 13422 13103 7220 1983 574230 547535 513730 26695 33805 26469
is_linear=0
shrinkage=0.03


Tree=158
num_leaves=15
num_cat=0
split_feature=8 8 21 8 20 8 19 16 8 20 8 21 21 16
split_gain=1.44071 1.77865 2.72909 2.45957 2.03525 2.03263 5.84141 5.03461 3.66045 8.48117 3.08925 8.02838 8.81018 6.22237
threshold=0.17857673709457347 0.17857151720761819 0.0045985071919858464 0.17857107330118496 0.81459549069404613 0.17856678531421863 -0.072392273694276796 0.068006396293640151 0.17456586853135084 0.75160956382751476 0.17004944558881532 0.01052588550373912 0.011803654953837396 0.023439705371856693
decision_type=2 2 2 2 2 2 2 2 2 2 2 2 2 2
left_child=1 3 -3 5 -4 8 -7 -8 10 -10 -1 -12 13 -13
right_child=-2 2 4 -5 -6 6 7 -9 9 -11 11 12 -14 -15
leaf_value=1.7497933171359831e-05 0.00094557798084116997 0.0017809282539631138 -0.0002467897109912532 0.00069119347971627223 -0.0012517139361486003 0.0016041310647547193 -0.00038649179521058719 -0.0036445470575024726 0.00049876264243397216 -0.0025591506201536108 0.00025976653465979249 -0.00078578505264286272 -0.00024825324653002657 -0.0026296721666915074
leaf_weight=536143 1446 541 14165 4693 2076 1310 15579 434 21886 843 18400 4534 22733 2588
leaf_count=536143 1446 541 14165 4693 2076 1310 15579 434 21886 843 18400 4534 22733 2588
internal_value=1.32341e-06 -7.97745e-07 -0.00030556 7.33397e-06 -0.000375589 2.18899e-06 -0.000318191 -0.000475905 1.13329e-05 0.000384809 -3.19594e-06 -0.000233096 -0.000536845 -0.00145719
internal_weight=647371 645925 16782 629143 16241 624450 17323 16013 607127 22729 584398 48255 29855 7122
internal_count=647371 645925 16782 629143 16241 624450 17323 16013 607127 22729 584398 48255 29855 7122
is_linear=0
shrinkage=0.03


Tree=159
num_leaves=15
num_cat=0
split_feature=4 19 19 18 20 8 17 18 8 16 8 19 18 8
split_gain=1.52388 2.25207 1.98897 4.16137 3.52801 4.46244 4.91848 6.5471 4.78468 3.14928 2.82873 2.71204 3.23481 2.90645
threshold=-0.16336873173713681 0.38113558292388922 0.017993674613535408 -0.084935694932937608 0.60102671384811412 0.074182358524838385 0.041536927223205573 -0.096063733100891099 0.13494896611522589 0.026919543743133548 0.047002016705506557 -0.0054402768146246663 -0.011628687381744383 0.17456417741620403
decision_type=2 2 2 2 2 2 2 2 2 2 2 2 2 2
left_child=1 -1 4 -4 5 -2 11 -8 -9 -6 -11 12 13 -7
right_child=2 -3 3 -5 9 6 7 8 -10 10 -12 -13 -14 -15
leaf_value=-5.9766995356038263e-05 0.00027063926155104805 -0.00099989488400638901 -0.0010568911377072925 4.5145577926890648e-06 0.00067218580211857138 -0.00023621430465396991 0.00010564238615826193 -0.00323005019936129 0.0013533021540176201 -0.00071577568006095306 0.00040193288015992457 0.00034442317589424248 -0.0013726914819190347 0.00070093943644548135
leaf_weight=185375 41981 2317 3352 342521 17701 26537 1581 1441 236 3304 5300 10590 2011 3350
leaf_count=185375 41981 2317 3352 342521 17701 26537 1581 1441 236 3304 5300 10590 2011 3350
internal_value=6.36894e-07 -7.13989e-05 3.00359e-05 -5.7871e-06 0.000138687 4.73028e-05 -0.00015766 -0.0012801 -0.00258294 0.000443386 -2.7442e-05 -7.14501e-05 -0.000209551 -0.00013107
internal_weight=647597 187692 459905 345873 114032 87727 45746 3258 1677 26305 8604 42488 31898 29887
internal_count=647597 187692 459905 345873 114032 87727 45746 3258 1677 26305 8604 42488 31898 29887
is_linear=0
shrinkage=0.03


Tree=160
num_leaves=15
num_cat=0
split_feature=21 21 16 17 21 20 20 20 18 8 8 18 8 16
split_gain=1.50416 1.90225 4.88718 5.40338 3.58713 4.68238 5.07186 3.39407 3.95929 3.64253 3.35287 5.76365 5.28608 8.10926
threshold=0.0036215113941580061 0.0070861626882106074 -0.034850299358367913 0.008381843566894533 0.0089915529824793356 0.20907204598188403 0.37266817688941961 0.42202498018741613 0.22061973810195926 0.15857084465958085 0.17456586853135084 0.083923161029815688 0.14479995727065961 -0.015572756528854368
decision_type=2 2 2 2 2 2 2 2 2 2 2 2 2 2
left_child=-1 2 3 -2 5 -3 -7 -4 10 -10 12 -12 -9 -14
right_child=1 4 7 -5 -6 6 -8 8 9 -11 11 -13 13 -15
leaf_value=0.00072498383241704296 -0.00058597220731411112 -0.00094683619534554426 0.00045227517389888008 -0.003724827671482021 -2.781882363770778e-05 0.00063058402934587339 0.00010277708970083355 -0.00014553546394962242 0.0012047092573444903 6.7626157340519024e-05 0.000621413215572772 -0.00067776908830969403 -0.00470750373672537 -0.00063624159240933769
leaf_weight=2544 1861 3415 9539 668 395428 19069 116272 49012 3141 13069 9435 4552 446 18876
leaf_count=2544 1861 3415 9539 668 395428 19069 116272 49012 3141 13069 9435 4552 446 18876
internal_value=-2.33882e-06 -5.21408e-06 -0.000118456 -0.00142077 1.82327e-05 0.000149467 0.000177164 -8.79154e-05 -0.000140233 0.000288261 -0.000224621 0.00019851 -0.000311238 -0.00073141
internal_weight=647327 644783 110599 2529 534184 138756 135341 108070 98531 16210 82321 13987 68334 19322
internal_count=647327 644783 110599 2529 534184 138756 135341 108070 98531 16210 82321 13987 68334 19322
is_linear=0
shrinkage=0.03


Tree=161
num_leaves=15
num_cat=0
split_feature=8 8 8 8 16 21 8 20 8 16 8 20 4 21
split_gain=1.47049 1.85445 1.84804 2.84018 2.9634 2.45967 1.97453 3.60414 2.83117 5.12128 3.38591 5.32859 4.79691 3.44218
threshold=0.17857673709457347 0.1785741515716307 0.17857349761315727 0.17857151720761819 0.0031585693359375004 0.012213602662086489 0.17857085082263505 0.83440363407135021 0.17856678531421863 0.068006396293640151 0.1745648558586618 0.70525074005126964 -0.52457308769226063 0.0073550757952034482
decision_type=2 2 2 2 2 2 2 2 2 2 2 2 2 2
left_child=1 2 3 6 5 -5 8 -8 10 -10 -1 12 -12 -13
right_child=-2 -3 -4 4 -6 -7 7 -9 9 -11 11 13 -14 -15
leaf_value=-5.5773499590521506e-06 0.00095176962112502878 -0.00049502670463691726 0.00069815795749391611 -0.00050450115119053543 -0.0012468669847927689 0.0013235131716510052 0.00061416623167963866 -0.0023872813420686206 -0.00032102629265252485 -0.0036471322528739748 0.0040162599524690727 -0.0024575309815639619 0.00046923813676565433 -0.0002074191658710574
leaf_weight=582055 1451 6808 3414 2256 3342 932 7640 373 13477 425 344 817 20847 2398
leaf_count=582055 1451 6808 3414 2256 3342 932 7640 373 13477 425 344 817 20847 2398
internal_value=-5.5016e-07 -2.69945e-06 2.55531e-06 -1.19054e-06 -0.000623383 3.11477e-05 5.28011e-06 0.000473049 -7.65652e-07 -0.000423984 8.93926e-06 0.000355074 0.000527752 -0.000782149
internal_weight=646579 645128 638320 634906 6530 3188 628376 8013 620363 13902 606461 24406 21191 3215
internal_count=646579 645128 638320 634906 6530 3188 628376 8013 620363 13902 606461 24406 21191 3215
is_linear=0
shrinkage=0.03


Tree=162
num_leaves=15
num_cat=0
split_feature=21 18 21 19 17 21 20 18 20 18 21 21 19 19
split_gain=1.42537 4.44457 4.04271 3.5797 6.47473 5.59762 4.82986 3.86467 4.52122 3.5509 4.03028 4.19295 5.55914 5.93956
threshold=0.017776912078261379 -0.2385444641113281 0.018363822251558307 -0.12736545503139493 -0.084358960390090929 0.017263215035200122 0.16481976956129077 -0.012789845466613768 0.21769738197326663 -0.067922085523605333 0.016231059096753601 0.00992018496617675 -0.09028365463018416 -0.085373524576425538
decision_type=2 2 2 2 2 2 2 2 2 2 2 2 2 2
left_child=1 -1 -2 -3 5 7 -6 8 -5 10 11 -8 -13 -14
right_child=2 3 -4 4 6 -7 9 -9 -10 -11 -12 12 13 -15
leaf_value=-0.0010669174415543301 -0.00080070909643738697 0.00027437831993996052 -4.2836001651986864e-05 -0.00084566746402791216 0.00086461907975818558 0.0014442992189676828 4.6979082526860019e-05 -0.0015563261378478258 0.00055065075583704407 3.2695743068826208e-05 0.00089598214929305462 1.5727469221802045e-05 -0.0034489280012476808 -0.0007714575528043583
leaf_weight=3386 7302 46684 47608 7500 5996 1110 17045 3985 2887 476461 2614 9422 780 15109
leaf_count=3386 7302 46684 47608 7500 5996 1110 17045 3985 2887 476461 2614 9422 780 15109
internal_value=2.53777e-06 1.60789e-05 -0.000143683 2.23075e-05 6.29942e-07 -0.000603965 1.83827e-05 -0.000762606 -0.000457492 8.64349e-06 -0.000246168 -0.000316753 -0.000561659 -0.00090394
internal_weight=647889 592979 54910 589593 542909 15482 527427 14372 10387 521431 44970 42356 25311 15889
internal_count=647889 592979 54910 589593 542909 15482 527427 14372 10387 521431 44970 42356 25311 15889
is_linear=0
shrinkage=0.03


Tree=163
num_leaves=15
num_cat=0
split_feature=10 19 19 4 20 20 20 8 8 8 19 8 17 17
split_gain=1.64698 1.83433 2.73794 1.91483 1.8444 3.72973 1.75707 1.62798 1.62299 5.56096 8.88333 7.49171 8.92885 8.34431
threshold=0.8426080044238613 0.3876600861549378 0.31069883704185491 -0.35022762417793268 0.91373437643051159 0.864854395389557 0.92254728078842174 0.17004793769654655 0.13495106263695886 0.14479995727065961 -0.13447330892086026 0.14480240943677214 0.036723554134368903 0.0068089962005615243
decision_type=2 2 2 2 2 2 2 2 2 2 2 2 2 2
left_child=1 2 8 -3 5 -5 7 -4 -1 10 -10 12 13 -11
right_child=-2 3 6 4 -6 -7 -8 -9 9 11 -12 -13 -14 -15
leaf_value=-0.00010959859209331558 5.4194245120450721e-05 -0.0019828582540476836 0.00021003830701856702 -0.00061436439990572914 -0.00076995217437660752 0.0007440406562473277 0.001882655506037339 0.0014925730475414554 -0.0010975833145739598 -7.0009655658124907e-05 0.00050593811363115759 -2.5319051965142746e-05 0.001332524218308463 -0.0028842397280757714
leaf_weight=183824 266230 645 13901 4106 4777 3258 648 947 3436 1516 32281 127361 998 2528
leaf_count=183824 266230 645 13901 4106 4777 3258 648 947 3436 1516 32281 127361 998 2528
internal_value=-3.03051e-06 -4.30988e-05 -3.08043e-05 -0.000396264 -0.000311194 -1.32782e-05 0.000359402 0.000292313 -4.79899e-05 1.93749e-05 0.000351546 -7.02414e-05 -0.00120383 -0.00183064
internal_weight=646456 380226 367440 12786 12141 7364 15496 14848 351944 168120 35717 132403 5042 4044
internal_count=646456 380226 367440 12786 12141 7364 15496 14848 351944 168120 35717 132403 5042 4044
is_linear=0
shrinkage=0.03


Tree=164
num_leaves=15
num_cat=0
split_feature=20 8 8 16 21 17 21 17 17 19 8 20 19 16
split_gain=1.51641 2.72904 4.10883 5.68453 2.32754 2.87493 1.97505 3.68036 1.68437 1.47606 1.46812 7.47774 6.56244 7.27103
threshold=0.078103616833686842 0.047001329397577264 0.047001398658655213 -0.11381205916404723 0.030785156413912777 -0.048402607440948479 0.023354209028184417 0.11980545520782472 -0.12636098265647885 -0.18656601011753079 0.049956620245035159 0.78978112339973461 0.13521633297204974 0.0012366771697998049
decision_type=2 2 2 2 2 2 2 2 2 2 2 2 2 2
left_child=1 -1 -3 -4 6 -6 10 -8 9 -5 11 12 -2 -14
right_child=4 2 3 8 5 -7 7 -9 -10 -11 -12 -13 13 -15
leaf_value=0.0029034539499461719 -8.2943040677230514e-05 -0.0027832895061033224 0.0015179691499970925 -0.00078836605442153182 -0.0006682255549137206 0.0017772476412837833 -0.00038529982420537325 -0.0044580945669157991 -0.0018621436516957309 0.00039164341041281507 2.7036370477876099e-05 0.00038992781545231573 0.00020703255664268521 -0.0010776634445746665
leaf_weight=212 75484 649 1268 3539 624 1390 6594 201 931 1302 512461 23396 5590 13622
leaf_count=212 75484 649 1268 3539 624 1390 6594 201 931 1302 512461 23396 5590 13622
internal_value=-2.30702e-06 -0.000415242 -0.000508572 -0.000297045 2.79909e-06 0.00101979 -4.22528e-07 -0.000508965 -0.000696738 -0.000470923 5.06165e-06 -9.02949e-05 -0.000208955 -0.000703907
internal_weight=647263 7901 7689 7040 639362 2014 637348 6795 5772 4841 630553 118092 94696 19212
internal_count=647263 7901 7689 7040 639362 2014 637348 6795 5772 4841 630553 118092 94696 19212
is_linear=0
shrinkage=0.03


Tree=165
num_leaves=15
num_cat=0
split_feature=16 16 17 8 18 19 7 8 8 19 19 18 19 8
split_gain=1.43652 2.55694 2.49345 3.02421 3.70636 4.38913 2.96194 6.45077 5.56122 2.59046 2.52608 3.20935 2.63123 2.47547
threshold=0.038406729698181159 0.055708527565002448 -0.057850301265716546 0.17456451697147671 0.34940153360366827 0.51645228266716015 0.00034835209033056916 0.047002490904381543 0.047001743190392832 -0.13936970382928845 0.015317082405090334 0.0025635361671447758 0.037870280444622047 0.049952765041665688
decision_type=2 2 2 2 2 2 2 2 2 2 2 2 2 2
left_child=-1 2 13 4 6 -6 -4 8 -8 -9 11 -11 -12 -2
right_child=1 -3 3 -5 5 -7 7 9 -10 10 12 -13 -14 -15
leaf_value=1.7194826475191705e-05 -0.00085811406874094121 0.00011732881025450299 -2.8529034429874239e-05 0.00034317741797197106 0.0010964491099790937 -0.00097833691503101602 0.00024894124681759574 -0.00311483121295748 -0.0031221905882202663 -0.00041411976977860057 -0.0026640806736319533 0.0012184224754120689 -0.00056196662121943798 0.00091961165565240441
leaf_weight=568712 925 26832 9468 5720 2923 1332 606 334 1600 3157 546 1644 20150 2915
leaf_count=568712 925 26832 9468 5720 2923 1332 606 334 1600 3157 546 1644 20150 2915
internal_value=6.21781e-07 -0.000119974 -0.000244044 -0.000303522 -0.000392133 0.000446565 -0.000487332 -0.000642235 -0.00219765 -0.000509001 -0.000474261 0.000145595 -0.000618054 0.000490824
internal_weight=646864 78152 51320 47480 41760 4255 37505 28037 2206 25831 25497 4801 20696 3840
internal_count=646864 78152 51320 47480 41760 4255 37505 28037 2206 25831 25497 4801 20696 3840
is_linear=0
shrinkage=0.03


Tree=166
num_leaves=15
num_cat=0
split_feature=4 0 20 18 17 8 16 9 20 20 17 4 3 0
split_gain=1.42971 3.30877 2.85918 1.86006 2.39399 2.09891 1.76258 1.68222 2.11395 3.05079 2.52585 1.78544 2.95142 1.63007
threshold=-0.31838786602020258 63.500000000000007 0.40303626656532293 -0.13658437132835385 -0.14586991071701047 0.14479221047977611 -0.024966210126876828 8.7053936424493647e-05 0.27814985811710363 0.28661482036113745 -0.023647725582122799 -0.26819533109664911 0.097366094589233412 94.500000000000014
decision_type=2 2 2 2 2 2 2 2 2 2 2 2 2 2
left_child=1 2 -1 4 -3 -6 -7 8 10 -10 -2 12 -11 -5
right_child=7 3 -4 13 5 6 -8 -9 9 11 -12 -13 -14 -15
leaf_value=-0.00019032851961270095 -6.3261947127375703e-05 -0.00058756464623780085 -0.0010148731886513219 -0.0003408145525208716 0.00082861064183498243 -0.0015944550273354087 0.00038609625715754905 8.6107233253533351e-07 0.0022616746433727413 0.00032432281325865702 -0.0019122352752498721 0.00021468093372890073 0.0033772129907106369 6.0811369397760201e-05
leaf_weight=9873 10069 1959 6136 15515 6425 638 1086 534969 689 845 707 35855 426 21967
leaf_count=9873 10069 1959 6136 15515 6425 638 1086 534969 689 845 707 35855 426 21967
internal_value=1.49181e-06 -0.000133572 -0.000506582 -8.05355e-06 0.00035301 0.000579343 -0.000349337 1.62127e-05 0.000185211 0.000290833 -0.000185401 0.000253958 0.00135678 -0.000105458
internal_weight=647159 63599 16009 47590 10108 8149 1724 583560 48591 37815 10776 37126 1271 37482
internal_count=647159 63599 16009 47590 10108 8149 1724 583560 48591 37815 10776 37126 1271 37482
is_linear=0
shrinkage=0.03


Tree=167
num_leaves=15
num_cat=0
split_feature=18 18 9 2 20 20 19 19 11 11 17 4 17 19
split_gain=1.27567 1.79181 3.64708 2.67173 2.9995 2.89376 2.51335 2.10265 1.93583 1.78346 1.73496 1.58578 2.47373 2.32089
threshold=-0.31835636496543879 -0.17647090554237363 0.083532616755681938 -0.76261195540428151 0.16712734103202823 0.38013716042041784 -0.21585970371961591 -0.16268047690391538 0.60463221123598487 0.26545497561550818 0.012844264507293703 -0.17587012052536008 0.086226642131805434 0.017993674613535408
decision_type=2 2 2 2 2 2 2 2 2 2 2 2 2 2
left_child=9 2 3 4 -2 -5 -3 -4 10 -1 -7 12 -8 -13
right_child=1 6 7 5 -6 8 11 -9 -10 -11 -12 13 -14 -15
leaf_value=-0.0018168110889807017 -0.0044759614503709598 -0.00097827262449839839 -0.0019950810069066295 0.00052817128780656777 0.0005964613527201278 -0.0026931906306911935 -4.3756468944561276e-05 0.00011496993277710556 0.00021266341330005215 -0.00011785488461474551 -0.00038373122845971057 0.00014724794825981543 -0.00043865413979331057 -1.0693072749046866e-05
leaf_weight=818 211 2373 966 19605 202 532 136904 755 1409 1717 648 109454 15934 356301
leaf_count=818 211 2373 966 19605 202 532 136904 755 1409 1717 648 109454 15934 356301
internal_value=2.42171e-06 5.06285e-06 0.000257598 0.000359012 -0.00201756 0.000403681 -4.8329e-06 -0.00107175 -0.000538209 -0.000668575 -0.00143192 -1.09078e-06 -8.49392e-05 2.64248e-05
internal_weight=647829 645294 24328 22607 413 22194 620966 1721 2589 2535 1180 618593 152838 465755
internal_count=647829 645294 24328 22607 413 22194 620966 1721 2589 2535 1180 618593 152838 465755
is_linear=0
shrinkage=0.03


Tree=168
num_leaves=15
num_cat=0
split_feature=21 21 18 17 16 16 21 16 17 8 8 18 21 17
split_gain=1.52103 1.55972 3.33666 3.09593 8.31077 4.66107 3.07372 5.24239 4.72046 5.51878 9.64782 8.47322 7.80293 4.46579
threshold=0.0036215113941580061 0.006910797208547593 0.23828417062759402 -0.012127548456192015 -0.033479183912277215 -0.018408626317977902 0.0089915529824793356 -0.045350998640060418 0.030928909778594974 0.049956177304760742 0.049954914554612005 0.15547895431518557 0.0079559027217328566 -0.0046885013580322257
decision_type=2 2 2 2 2 2 2 2 2 2 2 2 2 2
left_child=-1 2 3 -2 -5 -6 7 -3 9 10 13 -12 -13 -9
right_child=1 6 -4 4 5 -7 -8 8 -10 -11 11 12 -14 -15
leaf_value=0.0007335140490664833 0.00035555184868947575 -0.0013082965813539327 0.00048216300046763182 -0.0035136760381614639 0.0009134711597979906 -0.0002424782885414789 -2.5441091126502519e-05 -0.0004787749939468389 1.2633457001009447e-05 0.00050295547375001711 7.5430429474659017e-05 -0.0058604905983883635 -0.0015290878697470458 0.00076473491260357614
leaf_weight=2542 9270 2232 7829 680 3269 76457 395389 4512 87457 48793 1309 602 990 6118
leaf_count=2542 9270 2232 7829 680 3269 76457 395389 4512 87457 48793 1309 602 990 6118
internal_value=1.83671e-06 -1.05297e-06 -0.000111594 -0.000163455 -0.000223309 -0.000195027 1.86378e-05 0.000133285 0.00015481 0.000354304 -0.000181723 -0.00171357 -0.00318019 0.000236939
internal_weight=647449 644907 97505 89676 80406 79726 547402 152013 149781 62324 13531 2901 1592 10630
internal_count=647449 644907 97505 89676 80406 79726 547402 152013 149781 62324 13531 2901 1592 10630
is_linear=0
shrinkage=0.03


Tree=169
num_leaves=15
num_cat=0
split_feature=16 19 18 19 21 17 13 17 21 20 6 21 17 17
split_gain=1.31815 3.24131 3.19738 5.40757 5.48372 4.43143 4.21649 3.50333 3.50049 4.14033 3.35096 3.19881 3.18092 3.48845
threshold=0.017815053462982181 0.43514244258403784 -0.12307077646255492 -0.083282086998224245 0.007499577011913062 -0.030156701803207394 0.020277122964749743 0.018510937690734867 0.022266084328293804 0.24092311412096026 0.074799885124564272 0.014189747627824547 0.05610859394073487 -0.068759590387344346
decision_type=2 2 2 2 2 2 2 2 2 2 2 2 2 2
left_child=1 -1 5 4 -4 -2 7 -6 9 -5 12 -7 13 -8
right_child=2 -3 3 8 6 11 10 -9 -10 -11 -12 -13 -14 -15
leaf_value=3.9350209872306323e-05 -0.00020990217243632825 -0.0011008619009620732 -0.005418186146390001 0.0012255269919362215 -0.00033441494801590081 0.00018227272345489398 0.00043956183811494858 0.005032494719678037 -0.00084838423311434541 -4.4501675557047971e-05 0.0013988740331575471 0.0013721675198685487 2.4258248726354397e-05 -0.0013978795975272823
leaf_weight=416455 6579 2251 213 2333 224 3710 1071 208 4807 194333 627 4499 2784 6953
leaf_count=416455 6579 2251 213 2333 224 3710 1071 208 4807 194333 627 4499 2784 6953
internal_value=1.58653e-06 3.32073e-05 -5.63955e-05 -8.59395e-05 -0.000702322 0.000370134 -0.000615431 0.00227767 -4.89657e-05 -2.94049e-05 -0.000725676 0.000834841 -0.000849516 -0.00115251
internal_weight=647047 418706 228341 213553 12080 14788 11867 432 201473 196666 11435 8209 10808 8024
internal_count=647047 418706 228341 213553 12080 14788 11867 432 201473 196666 11435 8209 10808 8024
is_linear=0
shrinkage=0.03


Tree=170
num_leaves=15
num_cat=0
split_feature=4 21 21 16 20 19 19 8 8 19 18 8 20 20
split_gain=1.35684 2.02862 2.46617 3.10565 2.71513 2.15109 2.62146 2.08591 3.84732 3.00182 3.02828 5.43018 4.65831 3.46108
threshold=-0.068363606929779039 0.006910797208547593 0.0067909993231296548 -0.010220110416412352 0.46297898888587957 -0.083282086998224245 -0.085373524576425538 0.15857708621314398 0.17004271097691862 -0.072392273694276796 0.11685323715209962 0.17005587177536233 0.68317082524299633 0.56024983525276195
decision_type=2 2 2 2 2 2 2 2 2 2 2 2 2 2
left_child=1 2 4 -4 -1 6 -6 -3 -9 -10 11 12 13 -11
right_child=-2 7 3 -5 5 -7 -8 8 9 10 -12 -13 -14 -15
leaf_value=0.00028439296145342844 5.1349321684616308e-05 3.432415006562617e-05 -0.002938845421719764 -0.00056444848791149967 -0.00078226293747740727 -0.00023149506925220783 -0.0039324678772503568 -0.00093777212436428365 0.00077695622609317834 -0.00079140442760979274 0.00019008567302719319 -0.000108037389034347 0.0018349986517004848 -0.0023265070445506906
leaf_weight=9674 277351 242597 611 2560 1322 33777 286 5125 3437 6841 19239 41874 516 1637
leaf_count=9674 277351 242597 611 2560 1322 33777 286 5125 3437 6841 19239 41874 516 1637
internal_value=1.19943e-06 -3.64443e-05 -0.000217856 -0.00102586 -0.000160885 -0.000282644 -0.00135301 -9.20691e-06 -0.00014344 -8.80264e-05 -0.000130485 -0.000251736 -0.000920329 -0.00108901
internal_weight=646847 369496 48230 3171 45059 35385 1608 321266 78669 73544 70107 50868 8994 8478
internal_count=646847 369496 48230 3171 45059 35385 1608 321266 78669 73544 70107 50868 8994 8478
is_linear=0
shrinkage=0.03


Tree=171
num_leaves=15
num_cat=0
split_feature=12 21 17 18 21 7 10 8 14 20 5 21 7 10
split_gain=1.48978 1.91293 2.06063 2.38238 2.47047 5.76727 2.93597 2.25396 3.06022 2.44081 2.39677 1.89238 3.9684 1.84354
threshold=0.086297893053334282 0.01154721947386861 0.083332538604736342 0.10481703281402589 0.0074284304864704618 0.00034835209033056916 0.01413150201640863 0.056132327008265807 0.066095421808982854 0.74317669868469249 0.046361171027125427 0.014454654883593323 0.00027689112854261544 0.14399055861526358
decision_type=2 2 2 2 2 2 2 2 2 2 2 2 2 2
left_child=1 2 3 -1 5 6 -5 8 -6 -9 -10 -3 -13 -4
right_child=-2 11 13 4 7 -7 -8 9 10 -11 -12 12 -14 -15
leaf_value=-0.00021855762894541284 9.2786258522020417e-06 -0.00094353483507857248 -0.00039396450560237644 0.0068136763452756694 -0.0010091509210462153 0.00051081848895247911 0.0022715580757949653 0.00019487883081580932 0.0034453168842342816 0.0024237732881942976 -0.00083725554427904324 0.0028036402968241204 -0.00036018108222165472 -0.0023135217319034769
leaf_weight=8670 616715 5121 3153 200 2048 2041 364 1625 275 603 200 377 5408 521
leaf_count=8670 616715 5121 3153 200 2048 2041 364 1625 275 603 200 377 5408 521
internal_value=-8.60834e-07 -0.00020514 -2.86387e-05 0.000118316 0.000515244 0.00125676 0.00392796 0.000107774 -0.000505829 0.000802197 0.00165219 -0.000523804 -0.000151756 -0.000668946
internal_weight=647321 30606 19700 16026 7356 2605 564 4751 2523 2228 475 10906 5785 3674
internal_count=647321 30606 19700 16026 7356 2605 564 4751 2523 2228 475 10906 5785 3674
is_linear=0
shrinkage=0.03


Tree=172
num_leaves=15
num_cat=0
split_feature=20 20 21 21 21 16 16 20 20 21 21 20 21 17
split_gain=1.32801 3.55725 4.778 4.40379 3.41459 3.07021 3.90636 3.6063 3.55933 6.43843 3.52288 6.63171 3.50056 5.1552
threshold=0.60873651504516613 0.56976988911628734 0.0067099106963723907 0.0053354662377387294 0.0067909993231296548 -0.017288386821746823 0.026919543743133548 0.89643543958663952 0.77199095487594616 0.0074284304864704618 0.0070861626882106074 0.77701869606971752 0.0065809618681669244 0.032913744449615485
decision_type=2 2 2 2 2 2 2 2 2 2 2 2 2 2
left_child=1 -1 3 -3 -4 -2 7 10 9 -8 11 12 -7 -14
right_child=5 2 4 -5 -6 6 8 -9 -10 -11 -12 -13 13 -15
leaf_value=-1.1884544747983156e-06 -0.00041046245136588109 0.00050329653974660481 0.0015793758192725244 -0.0014318597371365551 -0.00020308403675529821 0.000578638382895632 -0.0013691185060032882 -0.0006388060544332743 9.6486411771831202e-05 -0.00015922344344687346 0.00027367993602085819 -0.00040717395938713239 0.001287560646345394 -0.000465800408581122
leaf_weight=332073 12338 1328 987 5166 38838 15621 4410 4944 45759 38302 114665 22550 1848 8130
leaf_count=332073 12338 1328 987 5166 38838 15621 4410 4944 45759 38302 114665 22550 1848 8130
internal_value=6.67203e-07 -3.55435e-05 -0.000281817 -0.00103604 -0.000158716 5.16853e-05 7.39463e-05 0.00015901 -8.73505e-05 -0.00028429 0.000183255 -3.20937e-05 0.000298327 -0.000140583
internal_weight=646959 378392 46319 6494 39825 268567 256229 167758 88471 42712 162814 48149 25599 9978
internal_count=646959 378392 46319 6494 39825 268567 256229 167758 88471 42712 162814 48149 25599 9978
is_linear=0
shrinkage=0.03


Tree=173
num_leaves=15
num_cat=0
split_feature=3 20 11 20 16 16 19 8 19 19 8 5 4 16
split_gain=1.38876 2.1153 2.18684 2.07081 3.36781 4.77534 3.97086 2.82429 2.97527 7.21656 4.02217 3.87011 11.4751 3.31474
threshold=0.78271865844726574 0.71421277523040783 0.041402185082504213 0.60873651504516613 -0.0030477643013000484 -0.0053139030933380118 -0.19156824052333829 0.17857151720761819 0.096569418907165541 0.10765461996197702 0.17456787610186644 0.046361171027125427 -0.24727025628089902 0.026555836200714115
decision_type=2 2 2 2 2 2 2 2 2 2 2 2 2 2
left_child=3 -2 -3 4 5 -1 -7 8 13 10 -10 12 -11 -5
right_child=1 2 -4 7 -6 6 -8 -9 9 11 -12 -13 -14 -15
leaf_value=2.3484148846211419e-05 -2.1123992031658735e-05 -0.0017716183076346473 -0.00031406433848438372 0.00037089523799005886 -0.00012855543778900839 -0.0022568264723287343 0.00085253577073097434 -0.00057185981305504113 -0.00056838338631540956 0.005225863202657435 -0.0025244323944007725 2.7218225307548124e-05 0.00041653001600170736 -6.2995973618307059e-05
leaf_weight=167933 50788 969 19108 57112 164129 381 8872 5741 3123 480 1355 139618 5643 21929
leaf_count=167933 50788 969 19108 57112 164129 381 8872 5741 3123 480 1355 139618 5643 21929
internal_value=1.13135e-06 -0.000124188 -0.000384836 1.65418e-05 -3.06446e-05 6.00522e-05 0.000723355 8.50745e-05 0.000101537 2.31405e-05 -0.00116242 5.96064e-05 0.000797504 0.000250521
internal_weight=647181 70865 20077 576316 341315 177186 9253 235001 229260 150219 4478 145741 6123 79041
internal_count=647181 70865 20077 576316 341315 177186 9253 235001 229260 150219 4478 145741 6123 79041
is_linear=0
shrinkage=0.03


Tree=174
num_leaves=15
num_cat=0
split_feature=8 8 18 19 8 8 8 20 18 4 3 8 20 19
split_gain=1.57322 1.57091 5.97651 4.70508 3.90991 3.43414 3.16611 8.2067 4.0426 3.26852 2.9664 2.40224 7.09531 10.3907
threshold=0.17857673709457347 0.17856678531421863 -0.0072827339172363273 -0.027647828683257099 0.17857040481071743 0.17856747101374584 0.17456586853135084 0.75160956382751476 -0.043027967214584344 -0.52457308769226063 2.7410563230514531 0.17004944558881532 0.72117123007774364 0.2467065900564194
decision_type=2 2 2 2 2 2 2 2 2 2 2 2 2 2
left_child=1 6 -3 4 -4 -5 11 8 -8 -10 -11 -1 13 -13
right_child=-2 2 3 5 -6 -7 7 -9 9 10 -12 12 -14 -15
leaf_value=1.4304203563331699e-05 0.00099777300591862624 0.00029472213180127045 0.0014942267402606579 -0.001348775267626259 -0.0029699411250083073 -0.00023805967085679399 0.0024259704269320808 -0.0024689057243710167 0.0033261801585530749 0.00038368919858501507 -0.0025232453321155147 -0.00015625260253313681 0.00083233322865273692 -0.0015580493649611934
leaf_weight=535952 1414 14502 208 2856 1072 20181 908 884 330 20306 316 37360 5259 5449
leaf_count=535952 1414 14502 208 2856 1072 20181 908 884 330 20306 316 37360 5259 5449
internal_value=-3.70429e-08 -2.23023e-06 -0.000187233 -0.00047466 -0.00224152 -0.000376023 9.60717e-06 0.000356828 0.000471636 0.000386383 0.000338544 -3.91788e-06 -0.000207072 -0.000334843
internal_weight=646997 645583 38819 24317 1280 23037 606764 22744 21860 20952 20622 584020 48068 42809
internal_count=646997 645583 38819 24317 1280 23037 606764 22744 21860 20952 20622 584020 48068 42809
is_linear=0
shrinkage=0.03


Tree=175
num_leaves=15
num_cat=0
split_feature=12 3 8 17 21 18 5 16 9 19 16 20 8 16
split_gain=1.25911 1.49228 2.14784 1.21736 2.18933 1.68284 1.62233 1.59702 1.47666 1.41511 1.90342 1.77325 1.68684 1.59494
threshold=0.0050100250702056126 0.39193773269653326 0.047002692418188267 0.18109416961669925 0.017263215035200122 0.47816962003707891 0.073151714188464681 0.083214819431304946 0.00011200257833525117 0.41876702010631567 -0.013630300760269163 0.9427877962589265 0.056134814079246323 0.030321240425109867
decision_type=2 2 2 2 2 2 2 2 2 2 2 2 2 2
left_child=1 -1 -3 9 6 -6 7 8 -5 11 -11 -2 -12 -14
right_child=3 2 -4 4 5 -7 -8 -9 -10 10 12 -13 13 -15
leaf_value=-0.00015594629737036958 8.5786989245370041e-07 -0.0042621720236541557 -0.00080535927625883521 -0.0015291487655317263 3.6832589899284465e-05 -0.0018966771097814633 -0.0012930832870825535 -0.0002685917072887208 0.0010619493550185993 -0.0018091521435621809 0.00074149695517100557 0.0020243843283544545 -0.00096504686339642792 -7.5935202550153107e-05
leaf_weight=1770 625618 212 649 202 1394 566 374 1172 4909 749 1338 385 2906 4829
leaf_count=1770 625618 212 649 202 1394 566 374 1172 4909 749 1338 385 2906 4829
internal_value=-1.36395e-06 -0.000655691 -0.00167621 1.31248e-06 0.000355393 -0.000524923 0.000614781 0.000729286 0.000958148 -3.48895e-06 -0.000360699 2.11852e-06 -0.000240195 -0.000410378
internal_weight=647073 2631 861 644442 8617 1960 6657 6283 5111 635825 9822 626003 9073 7735
internal_count=647073 2631 861 644442 8617 1960 6657 6283 5111 635825 9822 626003 9073 7735
is_linear=0
shrinkage=0.03


Tree=176
num_leaves=15
num_cat=0
split_feature=7 8 18 20 8 8 20 20 18 19 21 16 16 18
split_gain=1.4442 2.2842 1.95441 1.85917 1.77403 4.51438 15.3932 6.40722 6.01186 8.41981 12.2708 6.63051 5.87132 4.15415
threshold=-0.059821932499156509 0.17005093771648075 0.024368286132812503 0.37266817688941961 0.17004944558881532 0.17456039764320272 0.68317082524299633 0.58848804235458385 0.12087261676788331 0.26110927760601049 0.01340160518884659 -0.027247130870819088 -0.010801672935485838 0.11836916208267213
decision_type=2 2 2 2 2 2 2 2 2 2 2 2 2 2
left_child=1 -1 -3 -4 -2 6 7 8 9 10 12 -12 -6 -11
right_child=4 2 3 -5 5 -7 -8 -9 -10 13 11 -13 -14 -15
leaf_value=-0.00014689917109156239 1.3501145538899739e-05 -0.00023404627665733172 0.0024175868379254948 0.00063889949255369624 -0.00034330875546718101 -3.1792703958143226e-05 0.0017268248237207759 -0.0021662420912432526 0.0011907203461392782 -0.004093949164776893 0.00073086184450292242 -0.0023039540728995783 0.0017358225508381149 -0.00052049376839799261
leaf_weight=7152 529070 2256 564 7686 3194 83118 2292 2935 1470 974 797 3412 1974 420
leaf_count=7152 529070 2256 564 7686 3194 83118 2292 2935 1470 974 797 3412 1974 420
internal_value=-9.50629e-07 0.000266594 0.000548017 0.000761888 -8.45567e-06 -0.000123941 -0.000562274 -0.000908447 -0.000606107 -0.000851772 -0.000527554 -0.00172911 0.000451759 -0.00302301
internal_weight=647314 17658 10506 8250 629656 100586 17468 15176 12241 10771 9377 4209 5168 1394
internal_count=647314 17658 10506 8250 629656 100586 17468 15176 12241 10771 9377 4209 5168 1394
is_linear=0
shrinkage=0.03


Tree=177
num_leaves=15
num_cat=0
split_feature=7 8 18 8 8 20 20 18 19 21 21 18 5 8
split_gain=1.35743 2.10539 1.77585 1.6391 4.27813 14.6725 5.61033 6.66299 7.34858 9.60217 5.07986 5.01506 3.19943 9.0597
threshold=-0.059821932499156509 0.17005093771648075 0.024368286132812503 0.17004944558881532 0.17005587177536233 0.68317082524299633 0.58848804235458385 0.12087261676788331 0.26605354249477392 0.01340160518884659 0.01154721947386861 0.046836435794830329 0.10392681376192971 0.074182358524838385
decision_type=2 2 2 2 2 2 2 2 2 2 2 2 2 2
left_child=1 -1 -3 12 5 6 7 8 9 10 -5 -11 13 -2
right_child=3 2 -4 4 -6 -7 -8 -9 -10 11 -12 -13 -14 -15
leaf_value=-0.00013402026358708344 2.8232371840977985e-05 -0.00021216446462761829 0.00073901269293680336 -0.00067276736293634992 -3.1806180987358767e-05 0.0016492810677696534 -0.0021084361457883762 0.0012720630543060483 -0.0033567338123363846 0.00048257331394406419 0.001388675772344335 -0.0022110272321459504 0.00010483182326709596 -0.00039675924485157548
leaf_weight=7176 260239 2251 8171 2149 84213 2293 2914 1439 989 770 2145 3199 214063 54613
leaf_count=7176 260239 2251 8171 2149 84213 2293 2914 1439 989 770 2145 3199 214063 54613
internal_value=1.55094e-06 0.000261383 0.000533569 -5.72029e-06 -0.000117029 -0.00056831 -0.000942534 -0.000623912 -0.000919328 -0.000625741 0.000357411 -0.00168851 1.53487e-05 -4.54901e-05
internal_weight=646624 17598 10422 629026 100111 15898 13605 10691 9252 8263 4294 3969 528915 314852
internal_count=646624 17598 10422 629026 100111 15898 13605 10691 9252 8263 4294 3969 528915 314852
is_linear=0
shrinkage=0.03


Tree=178
num_leaves=15
num_cat=0
split_feature=21 21 18 7 8 18 20 8 8 20 19 20 16 17
split_gain=1.31778 1.68712 2.50817 1.2908 1.94386 1.8061 1.595 1.39141 4.34613 10.55 6.39042 6.29472 6.57223 6.16912
threshold=0.0036215113941580061 0.0037365164607763295 0.085777342319488539 -0.059821932499156509 0.17005093771648075 0.024368286132812503 0.37266817688941961 0.17004944558881532 0.17456281247456851 0.6798815429210664 0.25642377138137823 0.50421237945556652 -0.027247130870819088 0.018004298210144046
decision_type=2 2 2 2 2 2 2 2 2 2 2 2 2 2
left_child=-1 2 -2 4 -3 -6 -7 -5 9 10 11 12 -9 -12
right_child=1 3 -4 7 5 6 -8 8 -10 -11 13 -13 -14 -15
leaf_value=0.00067420391004991483 -0.0018588533730778917 -0.00013080479357810686 -8.0902623655693341e-06 1.1268542101655259e-05 -0.00025033670213697224 0.0022458902913905783 0.00060124285302219193 0.00021368473852047219 1.1713415182852328e-05 0.0013187495878200191 0.0016862540695351557 0.00040248809285294376 -0.0011644767165330692 -0.0020649577677356776
leaf_weight=2581 1091 7106 1653 523628 2207 566 7711 4482 72460 2791 436 6105 10190 3835
leaf_count=2581 1091 7106 1653 523628 2207 566 7711 4482 72460 2791 436 6105 10190 3835
internal_value=-1.65812e-06 -4.37093e-06 -0.000745987 -1.19298e-06 0.000252213 0.00051176 0.000714996 -8.33908e-06 -0.000110699 -0.000429263 -0.000624262 -0.000406786 -0.000743547 -0.0016805
internal_weight=646842 644261 2744 641517 17590 10484 8277 623927 100299 27839 25048 20777 14672 4271
internal_count=646842 644261 2744 641517 17590 10484 8277 623927 100299 27839 25048 20777 14672 4271
is_linear=0
shrinkage=0.03


Tree=179
num_leaves=15
num_cat=0
split_feature=21 21 18 19 17 21 16 19 18 18 19 16 9 18
split_gain=1.41035 4.06174 3.82575 3.27182 6.15146 5.16253 4.31927 5.11763 4.64047 9.664 5.55693 3.85814 5.27321 3.79617
threshold=0.017776912078261379 0.018363822251558307 -0.2385444641113281 -0.12736545503139493 -0.084358960390090929 0.017263215035200122 -0.037814199924468987 -0.083282086998224245 -0.088332533836364732 -0.010608285665512083 -0.098115656524896608 -0.0014421045780181883 0.00011200257833525117 -0.012789845466613768
decision_type=2 2 2 2 2 2 2 2 2 2 2 2 2 2
left_child=2 -2 -1 -4 5 13 -6 8 -8 10 -10 -12 -13 -5
right_child=1 -3 3 4 6 -7 7 -9 9 -11 11 12 -14 -15
leaf_value=-0.00099071123918029538 -0.00080384950418940044 -4.4522754657391988e-05 0.00026024876406927598 -0.00043689283286275189 0.00036065884515397364 0.0013949079966942936 0.0001256507381130979 1.8279085668952827e-05 -0.00058578033420259674 0.0002398181291663337 -0.0010543029705728441 0.00032188317691298575 -0.003198204549995187 -0.0015206360730194894
leaf_weight=3391 7308 47663 46623 10369 30755 1091 10088 466611 6525 6718 2669 454 2415 4042
leaf_count=3391 7308 47663 46623 10369 30755 1091 10088 466611 6525 6718 2669 454 2415 4042
internal_value=-1.86403e-07 -0.000145534 1.33168e-05 1.91119e-05 -1.64306e-06 -0.000590541 1.57103e-05 -5.70443e-06 -0.000393287 -0.000671988 -0.00117967 -0.00187825 -0.00264158 -0.000741283
internal_weight=646722 54971 591751 588360 541737 15502 526235 495480 28869 18781 12063 5538 2869 14411
internal_count=646722 54971 591751 588360 541737 15502 526235 495480 28869 18781 12063 5538 2869 14411
is_linear=0
shrinkage=0.03


Tree=180
num_leaves=15
num_cat=0
split_feature=10 2 18 19 19 17 16 18 8 21 20 18 20 16
split_gain=1.23293 1.89345 2.14325 3.1682 3.41341 3.25465 5.87022 2.80469 6.43232 3.33555 4.86277 5.10743 4.03174 3.73181
threshold=0.8426080044238613 0.76040637493133556 0.11685323715209962 0.0017996453680098059 0.013919774908572437 0.097276329994201674 0.0079048275947570818 0.044580459594726569 0.049956443568717292 0.014219570439308883 0.45847754180431372 0.066007673740386977 0.6126590669155122 0.0076478123664855966
decision_type=2 2 2 2 2 2 2 2 2 2 2 2 2 2
left_child=1 2 7 -4 5 6 -5 -1 9 10 -9 12 13 -12
right_child=-2 -3 3 4 -6 -7 -8 8 -10 -11 11 -13 -14 -15
leaf_value=-2.3325576954331365e-06 4.9348455200542491e-05 -0.00026976299743437836 0.0011474425612876889 -0.00048308731141752788 9.4936240311736101e-05 0.00018117285477577469 -0.0048835552998519102 0.0012386753712016756 -0.00012222012325685915 -0.0028904070593220436 -0.0021426707886629684 -0.00046665669454450066 -0.0011385833857447002 -0.0058923016347595157
leaf_weight=177691 266155 28549 2513 701 103032 936 443 894 59308 778 602 3973 1316 402
leaf_count=177691 266155 28549 2513 701 103032 936 443 894 59308 778 602 3973 1316 402
internal_value=-1.97707e-07 -3.47968e-05 -1.57681e-05 9.58171e-05 7.06217e-05 -0.00113113 -0.00220095 -6.47941e-05 -0.000229764 -0.00102996 -0.0008267 -0.00112086 -0.00223778 -0.00366578
internal_weight=647293 381138 352589 107625 105112 2080 1144 244964 67273 7965 7187 6293 2320 1004
internal_count=647293 381138 352589 107625 105112 2080 1144 244964 67273 7965 7187 6293 2320 1004
is_linear=0
shrinkage=0.03


Tree=181
num_leaves=15
num_cat=0
split_feature=16 17 16 20 18 17 17 18 18 20 20 20 20 5
split_gain=1.28347 2.22788 2.22977 3.243 2.19476 4.28724 5.11496 2.50434 2.28184 2.96826 2.13447 7.5134 5.31475 5.60584
threshold=0.038406729698181159 0.14384436607360843 0.026555836200714115 0.92254728078842174 -0.11858662962913512 0.098975658416748061 0.030928909778594974 -0.11366662383079527 0.33749294281005865 0.92254728078842174 0.71129190921783458 0.76253154873847973 0.75932526588439953 0.057399984070305103
decision_type=2 2 2 2 2 2 2 2 2 2 2 2 2 2
left_child=1 -1 3 -3 5 6 -2 -6 10 -10 -9 12 13 -12
right_child=4 2 -4 -5 7 -7 -8 8 9 -11 11 -13 -14 -15
leaf_value=8.8324244002612986e-06 0.00012154038067315743 0.00048690586329833125 0.0012724031815357418 -0.0010697740355171096 -0.0017327345472441321 -0.003855516126294404 0.0021628768424497638 -5.4040650526415441e-05 0.00070945566514587718 -0.00056878152778854591 -0.00193448431817884 -0.00012943903436142849 -0.0035840463336941574 -1.2834229046634247e-06
leaf_weight=558652 6296 6993 2298 1450 901 206 1335 35239 5577 2308 2733 20112 809 2663
leaf_count=558652 6296 6993 2298 1450 901 206 1335 35239 5577 2308 2733 20112 809 2663
internal_value=1.41264e-06 1.70627e-05 0.000444927 0.000219087 -0.000112564 0.0003635 0.000479843 -0.000165626 -0.000145169 0.000335182 -0.000206722 -0.000411115 -0.00132326 -0.000981308
internal_weight=647572 569393 10741 8443 78179 7837 7631 70342 69441 7885 61556 26317 6205 5396
internal_count=647572 569393 10741 8443 78179 7837 7631 70342 69441 7885 61556 26317 6205 5396
is_linear=0
shrinkage=0.03


Tree=182
num_leaves=15
num_cat=0
split_feature=8 21 21 8 8 18 8 17 8 17 17 16 9 16
split_gain=1.28421 1.54164 3.1257 4.49808 17.3819 9.58344 7.77928 5.62803 5.44242 3.37359 3.2787 3.24419 4.29411 2.83798
threshold=0.17857673709457347 0.006910797208547593 0.0057082085404545077 0.14479995727065961 0.14480240943677214 0.083923161029815688 0.14479595543951088 0.036723554134368903 0.15608659678098549 0.080727875232696547 0.008381843566894533 0.028420686721801761 0.0012239057942214188 0.013371527194976808
decision_type=2 2 2 2 2 2 2 2 2 2 2 2 2 2
left_child=1 2 -1 6 7 -6 9 10 -7 11 -5 -4 -13 -10
right_child=-2 -3 3 4 5 8 -8 -9 13 -11 -12 12 -14 -15
leaf_value=0.00010097286968113114 0.00089411155054058562 1.7203020061091193e-05 -0.0002196249437392414 -0.0012694681685033761 0.00045229866759032564 -0.0024768440393230094 0.0015220143206335017 0.00067821399749975943 0.0005258356119792495 0.00039487686295825857 -0.003426692606256269 0.00028301751178601276 -0.0024059299371032832 -0.00086047857772673193
leaf_weight=38165 1436 547374 24991 866 9707 1607 2650 457 1689 7631 2450 852 1425 6181
leaf_count=38165 1436 547374 24991 866 9707 1607 2650 457 1689 7631 2450 852 1425 6181
internal_value=-4.77748e-07 -2.47311e-06 -0.000111621 -0.000245715 -0.000576474 -0.000210126 -4.34428e-05 -0.00243645 -0.000888507 -0.000162514 -0.00286608 -0.000318545 -0.00140137 -0.000562813
internal_weight=647481 646045 98671 60506 22957 19184 37549 3773 9477 34899 3316 27268 2277 7870
internal_count=647481 646045 98671 60506 22957 19184 37549 3773 9477 34899 3316 27268 2277 7870
is_linear=0
shrinkage=0.03


Tree=183
num_leaves=15
num_cat=0
split_feature=21 17 21 17 17 21 8 19 18 19 17 19 19 21
split_gain=1.16679 3.24248 2.8637 3.97178 4.04199 3.45365 3.79518 12.2955 14.5541 7.14366 6.93938 5.6242 8.07902 5.61692
threshold=0.0070861626882106074 -0.064699828624725328 0.0089915529824793356 0.12710314989089969 -0.11454957723617552 0.0094074779190123099 0.04700282619507299 0.015317082405090334 0.12343180179595949 0.15854619443416598 0.038491010665893562 -0.02982065454125404 -0.047712462022900574 0.010569317266345026
decision_type=2 2 2 2 2 2 2 2 2 2 2 2 2 2
left_child=1 -1 3 4 -2 -4 7 11 10 -10 -9 12 -7 -13
right_child=2 -3 5 -5 -6 6 -8 8 9 -11 -12 13 -14 -15
leaf_value=-0.0021320301961749119 -0.00231636059755681 -7.5124977228611435e-05 -0.00037637020034897737 -0.00046816333174537868 0.00018942997441916874 -1.8379992909018742e-05 3.7451123523462859e-05 -0.0034670937443287992 0.00013253383709421458 -0.0014232339042334963 -0.00088961658456782392 -0.0010153484674639117 -0.0059223203169448029 0.0018229306177750754
leaf_weight=689 577 112833 23405 9157 128963 31328 321147 2497 7695 4051 1513 804 205 2810
leaf_count=689 577 112833 23405 9157 128963 31328 321147 2497 7695 4051 1513 804 205 2810
internal_value=-3.60705e-07 -8.77023e-05 1.82024e-05 0.000135492 0.00017818 -2.29353e-05 -6.96629e-07 -0.000241351 -0.000937582 -0.000404402 -0.00249691 7.08507e-05 -5.76951e-05 0.00119097
internal_weight=647674 113522 534152 138697 129540 395455 372050 50903 15756 11746 4010 35147 31533 3614
internal_count=647674 113522 534152 138697 129540 395455 372050 50903 15756 11746 4010 35147 31533 3614
is_linear=0
shrinkage=0.03


Tree=184
num_leaves=15
num_cat=0
split_feature=8 8 8 8 16 18 21 8 16 21 8 19 16 8
split_gain=1.15704 1.40039 1.87093 2.61498 2.4741 2.5896 2.05727 1.97418 1.7507 2.11451 1.54341 5.15457 4.16807 2.99219
threshold=0.17857673709457347 0.1785741515716307 0.17857349761315727 0.17857151720761819 0.0031585693359375004 0.13306850194931033 0.012213602662086489 0.17857107330118496 0.024130702018737796 0.0051010823808610448 0.17856678531421863 -0.072392273694276796 0.068006396293640151 0.1745648558586618
decision_type=2 2 2 2 2 2 2 2 2 2 2 2 2 2
left_child=1 2 3 7 6 -6 -5 10 9 -4 13 -12 -13 -1
right_child=-2 -3 8 4 5 -7 -8 -9 -10 -11 11 12 -14 -15
leaf_value=-3.6284167510556324e-06 0.00084377200971384834 -0.00042983349379159563 0.0014940276699117415 -0.00048347998309475408 -0.0022377845287030649 -0.00051248842948603936 0.0011992299945667777 0.00061909634288482012 0.0019419559287695695 -0.00028521106669585463 0.0015375412250695627 -0.00034379401139984073 -0.0033018272810023228 0.00033507271052833252
leaf_weight=582125 1460 6754 915 2268 1261 2063 913 4697 785 1731 1297 15523 436 24456
leaf_count=582125 1460 6754 915 2268 1261 2063 913 4697 785 1731 1297 15523 436 24456
internal_value=1.63266e-06 -2.79443e-07 4.26789e-06 4.90384e-07 -0.000597683 -0.00116938 6.09898e-07 6.68588e-06 0.000702423 0.000331716 2.06998e-06 -0.000277658 -0.000425616 1.00299e-05
internal_weight=646684 645224 638470 635039 6505 3324 3181 628534 3431 2646 623837 17256 15959 606581
internal_count=646684 645224 638470 635039 6505 3324 3181 628534 3431 2646 623837 17256 15959 606581
is_linear=0
shrinkage=0.03


Tree=185
num_leaves=15
num_cat=0
split_feature=14 19 20 17 18 19 18 18 18 18 17 20 16 17
split_gain=1.30727 1.37522 2.61869 3.14661 2.81061 2.48366 3.80801 3.76235 2.77653 2.30729 3.78759 2.13298 2.70834 3.09866
threshold=0.99722863682213625 0.40323638916015631 0.91373437643051159 0.023760080337524418 0.22381854057312014 0.30137488245964056 0.12519824504852298 0.13637942075729373 0.11836916208267213 0.29149478673934942 0.16284620761871341 0.864854395389557 0.022417008876800541 0.094644248485565199
decision_type=2 2 2 2 2 2 2 2 2 2 2 2 2 2
left_child=1 5 3 -3 -4 -1 8 -8 -7 10 -6 12 -5 -14
right_child=-2 2 4 11 9 6 7 -9 -10 -11 -12 -13 13 -15
leaf_value=-1.7433918585674618e-05 0.00018895755174373754 -0.0022089665454857071 0.0019042671175050381 0.00047800484263235427 -0.0034017351300086977 0.00082199549001862426 -0.0015048104017618316 0.00021242719773213902 0.0032079363535412481 -0.00060916263428308288 0.00025989538963203221 0.00075360565645706901 -0.0015505394504964647 0.00044913433055991339
leaf_weight=561718 31492 526 343 2839 715 1959 1184 33542 563 5454 392 3471 1889 1101
leaf_count=561718 31492 526 343 2839 715 1959 1184 33542 563 5454 392 3471 1889 1101
internal_value=4.4713e-07 -9.19637e-06 -0.000277429 3.72331e-05 -0.000724968 -1.702e-06 0.000235513 0.000153669 0.00135992 -0.000863766 -0.00210978 0.000165395 -0.000185213 -0.000814684
internal_weight=647188 615696 16730 9826 6904 598966 37248 34726 2522 6561 1107 9300 5829 2990
internal_count=647188 615696 16730 9826 6904 598966 37248 34726 2522 6561 1107 9300 5829 2990
is_linear=0
shrinkage=0.03


Tree=186
num_leaves=15
num_cat=0
split_feature=16 16 8 17 18 8 18 17 19 20 19 20 8 8
split_gain=1.26793 2.30575 2.82734 3.21339 3.16669 4.2762 8.00691 3.38864 3.96517 3.32753 3.58504 3.37506 4.95037 3.10376
threshold=0.038849771022796638 0.055708527565002448 0.17456417741620403 -0.057850301265716546 0.22381854057312014 0.04700282619507299 0.19621008634567264 0.062959194183349623 0.51645228266716015 0.51217663288116466 0.22793282568454745 0.65305504202842724 0.17004415557170749 0.049952765041665688
decision_type=2 2 2 2 2 2 2 2 2 2 2 2 2 2
left_child=-1 2 3 13 5 6 -5 -6 -9 -7 -11 -12 -13 -2
right_child=1 -3 -4 4 7 9 -8 8 -10 10 11 12 -14 -15
leaf_value=1.4498648358322862e-05 -0.00097669476639019497 0.00010765663248572762 0.00033267840257566252 -0.002129669299699188 -0.001271053875320405 -0.0010460520288409006 0.0012684371502788535 0.00063185273516028564 -0.0012925341328078282 0.00013856761390002606 0.00021021539156981908 -0.0014809103294434133 0.00036208620477330418 0.0013482076597927024
leaf_weight=571459 713 26741 6714 3173 1372 5723 773 6482 1127 11124 2897 5125 1760 1845
leaf_count=571459 713 26741 6714 3173 1372 5723 773 6482 1127 11124 2897 5125 1760 1845
internal_value=-7.73365e-07 -0.000116255 -0.00023888 -0.000330029 -0.000396689 -0.000542147 -0.00146324 9.85354e-05 0.000346162 -0.000405407 -0.000229823 -0.00064861 -0.00100987 0.000699539
internal_weight=647028 75569 48828 42114 39556 30575 3946 8981 7609 26629 20906 9782 6885 2558
internal_count=647028 75569 48828 42114 39556 30575 3946 8981 7609 26629 20906 9782 6885 2558
is_linear=0
shrinkage=0.03


Tree=187
num_leaves=15
num_cat=0
split_feature=12 8 21 19 4 0 4 3 19 10 17 11 18 9
split_gain=1.34678 1.65751 2.28791 1.62979 1.55339 1.65208 2.7808 2.43852 1.75319 3.83763 1.62826 1.5262 1.45007 1.93367
threshold=0.73745291890946729 0.047001329397577264 0.0062555579934269199 0.045440852642059333 -0.077485769987106309 92.500000000000014 -0.59663864970207203 1.8259958028793337 -0.15856501460075376 0.054146232808906632 0.074907600879669203 0.055071290743286143 -0.17647090554237363 0.047649088670227914
decision_type=2 2 2 2 2 2 2 2 2 2 2 2 2 2
left_child=4 2 -2 -4 5 6 8 12 9 -1 -9 -11 13 -8
right_child=1 -3 3 -5 -6 -7 7 10 -10 11 -12 -13 -14 -15
leaf_value=0.0036798357156686903 0.0032020543629769234 2.9058838298892907e-05 0.00052167806942596381 -0.0011951077189965441 5.2163865188329924e-05 1.7212821689542156e-05 0.00050247814826876879 -0.00073405277746249273 -0.0011417881147029866 -0.002947388682413685 -0.0029019555706847793 0.00010685451437034424 -0.00015357765985885515 -0.00046733092254937691
leaf_weight=224 265 365263 6248 536 90412 68471 6771 1277 3972 203 410 503 100056 2541
leaf_count=224 265 365263 6248 536 90412 68471 6771 1277 3972 203 410 503 100056 2541
internal_value=6.72118e-07 3.78557e-05 0.000493345 0.000385256 -4.96984e-05 -9.96343e-05 -0.000168629 -0.000137741 -0.000867533 0.000303645 -0.00126795 -0.0007859 -0.000120251 0.000237734
internal_weight=647152 372312 7049 6784 274840 184428 115957 111055 4902 930 1687 706 109368 9312
internal_count=647152 372312 7049 6784 274840 184428 115957 111055 4902 930 1687 706 109368 9312
is_linear=0
shrinkage=0.03


Tree=188
num_leaves=15
num_cat=0
split_feature=7 8 18 8 8 17 16 16 17 18 8 17 18 18
split_gain=1.12365 1.92667 1.73566 1.39462 4.02115 5.24894 10.6157 4.65375 4.98009 7.41889 6.25789 4.76668 4.22595 3.51782
threshold=-0.059821932499156509 0.17005116584446997 0.024368286132812503 0.17004944558881532 0.17456281247456851 0.058737039566040046 0.0021879673004150395 0.020095944404602054 -0.019075006246566769 0.030438125133514408 0.17456074467969648 0.057508289813995368 -0.0072827339172363273 0.082270562648773207
decision_type=2 2 2 2 2 2 2 2 2 2 2 2 2 2
left_child=1 -1 -3 -2 5 7 -7 11 -9 -10 -11 13 -6 -5
right_child=3 2 -4 4 12 6 -8 8 9 10 -12 -13 -14 -15
leaf_value=-0.00014427499360574955 1.0130141494730523e-05 -0.00023543483133648283 0.00069871293293421869 -0.0005101320886972447 0.00038438338514226858 -0.0028743398845263368 0.00090087380905258573 0.00082418081105409312 -0.0059130073662685308 -0.0019905779028076957 0.00040171061051777674 -0.0036923036215891947 -0.00013268998171903971 0.00058386298617451552
leaf_weight=7193 528879 2291 8148 12238 19443 770 4963 841 340 3739 1333 371 52967 3370
leaf_count=7193 528879 2291 8148 12238 19443 770 4963 841 340 3739 1333 371 52967 3370
internal_value=-2.70755e-06 0.000233461 0.000493685 -9.32692e-06 -0.000111842 -0.000417353 0.000391762 -0.000626041 -0.00131959 -0.00165317 -0.00136207 -0.000354312 6.16771e-06 -0.000273811
internal_weight=646886 17632 10439 629254 100375 27965 5733 22232 6253 5412 5072 15979 72410 15608
internal_count=646886 17632 10439 629254 100375 27965 5733 22232 6253 5412 5072 15979 72410 15608
is_linear=0
shrinkage=0.03


Tree=189
num_leaves=15
num_cat=0
split_feature=19 20 21 16 8 16 16 20 21 20 16 16 20 18
split_gain=1.26731 1.98439 2.6774 2.41348 2.27439 2.15556 2.23953 2.84056 3.75931 1.9565 2.76645 1.92031 1.82663 1.80625
threshold=0.40323638916015631 0.91373437643051159 0.016675567254424099 0.040961444377899177 0.056135340141251551 -0.0040970444679260245 0.022417008876800541 0.85759356617927562 0.0074284304864704618 0.91373437643051159 0.026555836200714115 0.020252764225006107 0.92254728078842174 0.47816962003707891
decision_type=2 2 2 2 2 2 2 2 2 2 2 2 2 2
left_child=9 2 5 4 11 -2 -7 8 -8 13 -11 -3 -6 -1
right_child=1 3 -4 -5 12 6 7 -9 -10 10 -12 -13 -14 -15
leaf_value=1.6180352608308326e-06 -0.001743475897240475 -0.0009163005832389015 0.00092474089822338246 2.1937796682025895e-05 -0.0037112184716286238 0.00057369828565864884 -0.0028615078134047369 0.00023412596967989287 -0.00029432693588814235 -0.0010535978234349338 0.001060504119120399 0.001162179225036623 -0.0013725346162891457 0.00095384368993432821
leaf_weight=624004 770 1533 2275 2994 359 2870 827 2306 1344 673 3135 536 1818 1793
leaf_count=624004 770 1533 2275 2994 359 2870 827 2306 1344 673 3135 536 1818 1793
internal_value=1.45604e-06 -0.000249357 1.63356e-05 -0.00063047 -0.00108999 -0.000238681 -7.98931e-05 -0.000499053 -0.00127657 8.48195e-06 0.00068598 -0.000376341 -0.00176582 4.3539e-06
internal_weight=647237 17632 10392 7240 4246 8117 7347 4477 2171 629605 3808 2069 2177 625797
internal_count=647237 17632 10392 7240 4246 8117 7347 4477 2171 629605 3808 2069 2177 625797
is_linear=0
shrinkage=0.03


Tree=190
num_leaves=15
num_cat=0
split_feature=14 13 2 4 13 21 17 20 21 20 21 19 20 21
split_gain=1.11239 1.5876 1.42765 1.94134 1.781 1.46352 2.10295 3.36863 2.54865 3.41298 3.03844 2.60023 2.31836 3.18174
threshold=0.97000365764447705 0.87218347315233424 0.7364565134048463 -0.52457308769226063 0.069132615522374999 0.017776912078261379 0.060527324676513679 0.25811980664730078 0.018363822251558307 0.31014402210712438 0.019296364858746532 -0.056600293144583695 0.69881540536880504 0.023354209028184417
decision_type=2 2 2 2 2 2 2 2 2 2 2 2 2 2
left_child=2 -2 5 -4 -5 -1 7 -7 9 -9 -10 -12 -8 -14
right_child=1 -3 3 4 -6 6 12 8 10 -11 11 -13 13 -15
leaf_value=9.9839636899777703e-06 0.00043331329967954616 4.5474508698861841e-05 0.0024250939187122527 -0.0010755637484558536 -0.00016962912167137954 -4.9607089551439555e-05 0.00090572226337988732 -0.003001974405625388 0.00046130004732001796 -0.00078819374418856978 -0.0017566658035609768 -0.00041152741532799028 5.0255812155989378e-05 -0.0031713950710264586
leaf_weight=415089 10163 144423 246 2070 33312 21344 3091 872 2542 2217 1729 5109 4259 290
leaf_count=415089 10163 144423 246 2070 33312 21344 3091 872 2542 2217 1729 5109 4259 290
internal_value=7.84498e-07 7.09855e-05 -2.12655e-05 -0.000204154 -0.000222775 -6.99098e-06 -0.00017695 -0.000278516 -0.000670176 -0.00141697 -0.000423621 -0.000752683 0.000272445 -0.000158382
internal_weight=646756 154586 492170 35628 35382 456542 41453 33813 12469 3089 9380 6838 7640 4549
internal_count=646756 154586 492170 35628 35382 456542 41453 33813 12469 3089 9380 6838 7640 4549
is_linear=0
shrinkage=0.03


Tree=191
num_leaves=15
num_cat=0
split_feature=21 16 17 20 21 21 19 19 20 19 21 16 20 20
split_gain=1.17619 4.03571 4.11897 2.98378 2.9099 4.06255 7.11905 5.06139 3.91905 3.15293 5.73687 4.29712 3.64623 4.89571
threshold=0.0070861626882106074 -0.034850299358367913 0.008381843566894533 0.42202498018741613 0.0057082085404545077 0.0063020500820130118 -0.083282086998224245 -0.085373524576425538 0.44235378503799444 0.059525052085518844 0.007040260126814247 -0.013310998678207396 0.5362147092819215 0.49439771473407751
decision_type=2 2 2 2 2 2 2 2 2 2 2 2 2 2
left_child=1 2 -1 -3 -5 -6 7 -7 -8 10 11 -10 13 -11
right_child=-2 3 -4 4 5 6 8 -9 9 12 -12 -13 -14 -15
leaf_value=-0.00053982978147978119 2.1353961542275578e-05 0.00044767430030632246 -0.0032668565030712468 0.00010503502125519018 -0.00056925049171773401 -0.00053128403558572114 -0.0023019946865475501 -0.0041971459241526773 0.0020064901999300674 5.3118677990430727e-05 -0.0030972744751546137 0.00032747098393860047 -3.4433736415429986e-05 -0.0026873779612751562
leaf_weight=1893 534231 9598 673 37298 21088 753 645 614 1548 1214 401 11792 24882 1130
leaf_count=1893 534231 9598 673 37298 21088 753 645 614 1548 1214 401 11792 24882 1130
internal_value=2.71828e-06 -8.49723e-05 -0.00126003 -5.77439e-05 -0.00010562 -0.000228257 -6.08984e-05 -0.00218713 9.20513e-06 4.587e-05 0.000416249 0.000522986 -0.000141103 -0.00127093
internal_weight=647760 113529 2566 110963 101365 64067 42979 1367 41612 40967 13741 13340 27226 2344
internal_count=647760 113529 2566 110963 101365 64067 42979 1367 41612 40967 13741 13340 27226 2344
is_linear=0
shrinkage=0.03


Tree=192
num_leaves=15
num_cat=0
split_feature=8 8 8 8 17 18 21 21 8 8 19 8 4 17
split_gain=1.17625 1.5502 1.97597 2.49956 2.19222 2.33847 2.15298 1.80656 1.71466 1.70403 4.60134 2.72273 4.31163 2.60264
threshold=0.17857673709457347 0.1785741515716307 0.17857349761315727 0.17857151720761819 -0.076159238815307603 0.12817311286926272 0.012115741148591043 0.0085410219617187994 0.17857107330118496 0.17856678531421863 -0.072392273694276796 0.17856424266173929 -0.52457308769226063 -0.077686101198196397
decision_type=2 2 2 2 2 2 2 2 2 2 2 2 2 2
left_child=1 2 3 8 -5 6 -6 -7 9 11 -11 -1 -13 -14
right_child=-2 -3 -4 4 5 7 -8 -9 -10 10 -12 12 13 -15
leaf_value=1.7806371643185251e-06 0.00084823718972827579 -0.00045493780005730007 0.0007172496889905559 0.0023360480817615349 -0.0010370232183188304 -0.0010511991735971959 -0.0034877672376847457 0.00024656637647308733 0.00057475614930056524 0.0014275369267039463 -0.00043561079827021757 0.0045194499896570048 0.0012487418932651052 -0.00022149631654621552
leaf_weight=602670 1457 6774 3444 218 1832 1582 389 2461 4685 1285 15879 251 2155 2172
leaf_count=602670 1457 6774 3444 218 1832 1582 389 2461 4685 1285 15879 251 2155 2172
internal_value=-1.73885e-06 -3.66305e-06 1.12423e-06 -2.76183e-06 -0.000588635 -0.000692202 -0.00147313 -0.000261912 3.27943e-06 -1.01296e-06 -0.000295749 7.32019e-06 0.000735777 0.000511331
internal_weight=647254 645797 639023 635579 6482 6264 2221 4043 629097 624412 17164 607248 4578 4327
internal_count=647254 645797 639023 635579 6482 6264 2221 4043 629097 624412 17164 607248 4578 4327
is_linear=0
shrinkage=0.03


Tree=193
num_leaves=15
num_cat=0
split_feature=12 3 8 16 21 21 8 8 18 8 8 17 17 17
split_gain=1.20474 1.60984 1.9212 1.27345 1.17222 2.99275 3.74248 16.223 8.28439 7.6079 5.45446 5.07746 3.00134 4.33453
threshold=0.0050100250702056126 0.39193773269653326 0.047002692418188267 0.036273062229156501 0.006910797208547593 0.0057082085404545077 0.14479995727065961 0.14480240943677214 0.083923161029815688 0.14479595543951088 0.15608659678098549 0.036723554134368903 0.062959194183349623 0.043063819408416755
decision_type=2 2 2 2 2 2 2 2 2 2 2 2 2 2
left_child=1 3 -3 -1 5 -2 9 11 -9 12 -10 -8 13 -7
right_child=4 2 -4 -5 -6 6 7 8 10 -11 -12 -13 -14 -15
leaf_value=0.00022663298166062881 0.00011080466478803103 -0.0041243147570639849 -0.00087001724904531253 -0.0020316016297646849 1.9017746043770758e-05 -0.00012762878997165153 -0.0027369554263462249 0.00043767566962945079 -0.0023955263713739123 0.0015032240365849834 -0.0004799202001838987 0.00061765210847941154 0.00024635145392772273 -0.0010904552442475763
leaf_weight=1475 39396 215 649 260 544827 18260 3304 9792 1609 2664 7842 461 11191 5464
leaf_count=1475 39396 215 649 260 544827 18260 3304 9792 1609 2664 7842 461 11191 5464
internal_value=-9.1094e-07 -0.000644892 -0.0016989 -0.000116642 1.6897e-06 -9.27305e-05 -0.000225075 -0.000526362 -0.000173753 -4.05647e-05 -0.00080714 -0.00232593 -0.000158554 -0.000349565
internal_weight=647409 2599 864 1735 644810 99983 60587 23008 19243 37579 9451 3765 34915 23724
internal_count=647409 2599 864 1735 644810 99983 60587 23008 19243 37579 9451 3765 34915 23724
is_linear=0
shrinkage=0.03


Tree=194
num_leaves=15
num_cat=0
split_feature=17 21 21 8 16 20 17 16 16 21 17 20 8 8
split_gain=1.15874 4.34309 3.23998 3.34997 3.26355 3.13143 2.74217 1.75258 3.26356 1.70521 3.06205 5.49194 4.55267 4.29921
threshold=-0.13010719418525693 0.030785156413912777 0.0094074779190123099 0.047001536825169957 -0.11381205916404723 0.078103616833686842 -0.12127032876014708 -0.11381205916404723 -0.076362758874893175 0.017776912078261379 -0.08877015113830565 0.56976988911628734 0.14479444656819357 0.15608430680869659
decision_type=2 2 2 2 2 2 2 2 2 2 2 2 2 2
left_child=2 5 -1 7 -5 -2 -7 -4 -9 -8 -11 12 -12 -14
right_child=1 -3 3 4 -6 6 9 8 -10 10 11 -13 13 -15
leaf_value=-0.0021714400931613039 -0.0017104585832980455 0.0016947090358837413 -0.002565631693731221 0.0014499248306047876 -0.00013652315686536628 0.00073308892831997678 1.2999507066818513e-05 0.002805293772542137 -0.0012659627071699136 0.00029760238661291594 -0.00015038269671353058 0.00022892020019204477 -0.0017865098152670014 -0.00056680312613256343
leaf_weight=750 954 1363 646 1291 11722 4618 583105 202 1233 9196 10518 10838 4140 7002
leaf_count=750 954 1363 646 1291 11722 4618 583105 202 1233 9196 10518 10838 4140 7002
internal_value=-1.69272e-07 6.18692e-06 -0.000253526 -0.00015754 2.13624e-05 2.52255e-06 5.13246e-06 -0.00127363 -0.000685115 -2.53817e-07 -0.000185585 -0.000322338 -0.000598161 -0.0010206
internal_weight=647578 631734 15844 15094 13013 630371 629417 2081 1435 624799 41694 32498 21660 11142
internal_count=647578 631734 15844 15094 13013 630371 629417 2081 1435 624799 41694 32498 21660 11142
is_linear=0
shrinkage=0.03


Tree=195
num_leaves=15
num_cat=0
split_feature=4 19 18 8 0 18 9 10 4 21 4 20 21 21
split_gain=1.18214 2.12375 1.49664 2.48727 2.2615 2.33387 5.08231 2.23784 4.61197 4.25472 2.81025 3.81113 2.20972 2.90416
threshold=-0.16336873173713681 0.38113558292388922 -0.14736050367355344 0.074186658326354765 66.500000000000014 0.20228135585784915 0.05595994347997682 0.054146232808906632 -0.72585123777389515 0.0095941103063523787 -0.72585123777389515 0.18934015184640887 0.012844345066696407 0.017263215035200122
decision_type=2 2 2 2 2 2 2 2 2 2 2 2 2 2
left_child=1 2 7 4 -4 -6 -7 8 -1 -10 11 -9 -12 -14
right_child=-2 -3 3 -5 5 6 -8 10 9 -11 12 -13 13 -15
leaf_value=0.0050841958482104399 2.4953866353044991e-05 -0.00097913801648069274 -0.00044735804423117311 1.9689728728435008e-05 -0.00016105713790187046 0.00013593523627371067 0.003032455205216336 -0.0037372235468841487 0.0044062908785417673 -0.00020380996127251135 0.00061860964283182911 0.00041237726235942944 -0.00049334179848452883 0.00032224998404064724
leaf_weight=236 459836 2252 25130 88495 42564 3557 639 393 211 1084 6497 397 7028 8899
leaf_count=236 459836 2252 25130 88495 42564 3557 639 393 211 1084 6497 397 7028 8899
internal_value=-9.27877e-07 -6.44407e-05 -5.32878e-05 -8.67931e-05 -0.000217863 -9.44924e-05 0.000580124 0.000163851 0.00127285 0.000561392 9.04519e-05 -0.00166244 0.000152563 -3.76826e-05
internal_weight=647218 187382 185130 160385 71890 46760 4196 24745 1531 1295 23214 790 22424 15927
internal_count=647218 187382 185130 160385 71890 46760 4196 24745 1531 1295 23214 790 22424 15927
is_linear=0
shrinkage=0.03


Tree=196
num_leaves=15
num_cat=0
split_feature=21 21 17 21 20 20 8 19 20 5 19 21 8 21
split_gain=1.24906 1.28016 3.23821 2.85876 3.86718 4.06065 2.97796 13.2274 10.4218 5.75358 4.64725 4.17111 4.24747 3.78152
threshold=0.0036215113941580061 0.0070861626882106074 -0.064699828624725328 0.0089915529824793356 0.20907204598188403 0.37266817688941961 0.04700282619507299 0.015317082405090334 0.4512933492660523 0.049184724078648913 0.15854619443416598 0.0094074779190123099 0.050384221673779254 0.015189645811915399
decision_type=2 2 2 2 2 2 2 2 2 2 2 2 2 2
left_child=-1 2 -2 4 -3 -6 7 -5 -9 10 -10 -8 13 -13
right_child=1 3 -4 6 5 -7 11 8 9 -11 -12 12 -14 -15
leaf_value=0.00065714872021181302 -0.0021500178086727518 -0.00086587011654788953 -8.2418160274414708e-05 9.4082602361002371e-05 0.00056655130267266427 9.2875555840910877e-05 -0.00043850713493648016 -0.0039329628944382369 -2.6703175765704232e-05 -0.0016096537086600978 -0.0012950194143444016 0.00048549075697725534 -1.16677667212032e-05 -7.5462502456268598e-05
leaf_weight=2590 681 3390 109905 38055 18940 116176 17722 952 9171 4740 3624 31692 272401 16416
leaf_count=2590 681 3390 109905 38055 18940 116176 17722 952 9171 4740 3624 31692 272401 16416
internal_value=2.90802e-07 -2.35655e-06 -9.52473e-05 1.69069e-05 0.00013417 0.000159292 -2.42361e-05 -0.000225751 -0.000883966 -0.000717358 -0.000386301 9.45389e-06 3.42296e-05 0.000294087
internal_weight=646455 643865 110586 533279 138506 135116 394773 56542 18487 17535 12795 338231 320509 48108
internal_count=646455 643865 110586 533279 138506 135116 394773 56542 18487 17535 12795 338231 320509 48108
is_linear=0
shrinkage=0.03


Tree=197
num_leaves=15
num_cat=0
split_feature=10 19 19 4 12 20 16 19 8 18 8 20 20 8
split_gain=1.16391 1.60852 2.53954 1.62911 1.59364 1.54132 3.21606 2.76666 3.84541 3.11304 2.86273 2.6568 7.53949 5.0829
threshold=0.8426080044238613 0.3876600861549378 0.31069883704185491 -0.35022762417793268 0.98535275439890169 0.60873651504516613 0.0063090324401855477 0.116963729262352 0.04700215276620924 0.14310121536254886 0.047002692418188267 0.55275747179985057 0.49729374051094061 0.13495796795168299
decision_type=2 2 2 2 2 2 2 2 2 2 2 2 2 2
left_child=1 2 4 -3 5 6 7 -1 9 -9 -10 12 -8 -13
right_child=-2 3 -4 -5 -6 -7 11 8 10 -11 -12 13 -14 -15
leaf_value=5.4209028426114431e-05 4.9441381950301001e-05 -0.0018480498178808985 0.00035509469489259531 -0.00028557716889492861 0.00055592175373187934 4.213309231215532e-05 -0.0003219388012661774 -0.0031867725920019436 0.0010807142158337278 2.9548743310392935e-05 -0.00028464829732915818 -0.0011434063112228897 0.00048826826272850137 -9.4619312357652801e-05
leaf_weight=120284 266064 627 15486 12184 4023 121180 50028 715 1461 434 24168 7735 13024 8991
leaf_count=120284 266064 627 15486 12184 4023 121180 50028 715 1461 434 24168 7735 13024 8991
internal_value=1.31119e-06 -3.23581e-05 -2.08372e-05 -0.000362739 -3.73789e-05 -4.42451e-05 -9.03891e-05 -7.18877e-06 -0.00028294 -0.00197704 -0.000206619 -0.00024375 -0.000154557 -0.000579831
internal_weight=646404 380340 367529 12811 352043 348020 226840 147062 26778 1149 25629 79778 63052 16726
internal_count=646404 380340 367529 12811 352043 348020 226840 147062 26778 1149 25629 79778 63052 16726
is_linear=0
shrinkage=0.03


Tree=198
num_leaves=15
num_cat=0
split_feature=4 0 19 21 19 11 8 18 17 8 16 13 15 13
split_gain=1.13185 3.30141 3.19951 1.65015 2.20334 1.98649 1.67657 1.42537 1.87003 1.94627 1.67976 1.5448 1.38485 1.6495
threshold=-0.31838786602020258 63.500000000000007 0.13342162221670154 0.012369677424430849 -0.16268047690391538 0.14366355168519743 0.050382531335010715 -0.14057180285453794 -0.14586991071701047 0.14479221047977611 -0.024966210126876828 0.35943361051313444 0.011708270900010856 0.039673459009843454
decision_type=2 2 2 2 2 2 2 2 2 2 2 2 2 2
left_child=1 2 3 4 5 -1 12 8 11 -10 -11 -3 -6 -14
right_child=-2 7 -4 -5 6 -7 -8 -9 9 10 -12 -13 13 -15
leaf_value=-0.0018667061399901285 8.6209666071444833e-06 -0.0017073104896063224 -0.0014822154721468341 -2.7648032368953613e-06 0.00042348751640334083 0.0015036604683916221 -0.00041937707568714174 -8.2218382608478067e-05 0.00078398616492594223 -0.0016112814653130333 0.00034828625765696511 8.5082617523666055e-05 -0.0037080771044866443 -0.0013827028088806436
leaf_weight=200 583650 639 2496 7197 302 677 3074 37811 6078 614 1078 1318 322 1821
leaf_count=200 583650 639 2496 7197 302 677 3074 37811 6078 614 1078 1318 322 1821
internal_value=-4.47775e-06 -0.000124623 -0.000496006 -0.000314436 -0.000664863 0.000728823 -0.000886786 1.10815e-06 0.000324893 0.000533608 -0.000365462 -0.000503029 -0.00147239 -0.00173992
internal_weight=647277 63627 16089 13593 6396 877 5519 47538 9727 7770 1692 1957 2445 2143
internal_count=647277 63627 16089 13593 6396 877 5519 47538 9727 7770 1692 1957 2445 2143
is_linear=0
shrinkage=0.03


Tree=199
num_leaves=15
num_cat=0
split_feature=14 8 17 8 20 18 21 21 8 8 21 18 17 21
split_gain=1.14329 1.30304 6.5077 5.94411 5.92277 6.07256 4.46959 4.72867 4.23176 9.88242 11.58 6.96197 4.72167 4.41741
threshold=0.99722863682213625 0.13495106263695886 0.14000630378723147 0.074182358524838385 0.50039580464363109 0.014550089836120607 0.012590361293405296 0.012369677424430849 0.14479995727065961 0.14480240943677214 0.006910797208547593 -0.088332533836364732 0.036723554134368903 0.019422533921897415
decision_type=2 2 2 2 2 2 2 2 2 2 2 2 2 2
left_child=1 3 8 -1 6 -6 7 -5 11 10 12 13 -10 -3
right_child=-2 2 -4 4 5 -7 -8 -9 9 -11 -12 -13 -14 -15
leaf_value=6.2692163028645785e-06 0.00017587372579900307 -0.00018915540437724137 -0.00094241953803908638 -6.2362010687651111e-06 -0.0012783103378398461 0.00031126386045895435 -0.00050082530814451651 0.0015985471418864853 -0.0026470174892430621 3.4832622699420403e-05 0.00031459903270339911 0.00047328140882438291 0.00068065302322892955 -0.0021812226805292133
leaf_weight=264223 31358 8331 5999 20045 9523 2796 19257 1796 3250 234842 2756 41180 433 1134
leaf_count=264223 31358 8331 5999 20045 9523 2796 19257 1796 3250 234842 2756 41180 433 1134
internal_value=-8.11196e-07 -9.8132e-06 3.52553e-05 -5.20844e-05 -0.000340699 -0.00091755 -0.000167699 0.000126062 5.53621e-05 3.02972e-06 -0.00115601 0.000304657 -0.0022554 -0.00042885
internal_weight=646923 615565 297925 317640 53417 12319 41098 21841 291926 241281 6439 50645 3683 9465
internal_count=646923 615565 297925 317640 53417 12319 41098 21841 291926 241281 6439 50645 3683 9465
is_linear=0
shrinkage=0.03


Tree=200
num_leaves=15
num_cat=0
split_feature=16 18 19 16 9 17 19 17 21 17 19 17 21 21
split_gain=1.05368 2.83506 5.64232 4.70486 4.75593 4.51354 3.72793 3.51017 3.66436 3.43663 3.51091 6.08935 3.1103 3.00762
threshold=0.017815053462982181 -0.12307077646255492 -0.083282086998224245 0.026555836200714115 0.00011200257833525117 -0.030156701803207394 -0.087885994464158998 0.032913744449615485 0.019643629901111129 -0.064699828624725328 -0.09028365463018416 -0.020930498838424679 0.022266084328293804 0.014189747627824547
decision_type=2 2 2 2 2 2 2 2 2 2 2 2 2 2
left_child=-1 5 3 4 -3 -2 7 8 -5 -6 11 -11 -4 -7
right_child=1 2 12 6 9 13 -8 -9 -10 10 -12 -13 -14 -15
leaf_value=2.5948048224278252e-05 -0.00024295458085552194 0.00055907773174311104 -2.5607933392080709e-05 -0.0013660088250107584 -0.00012067018731708637 0.00018452360898905623 0.0015201010680195737 0.00019875443297010586 0.0011832583622526725 -0.005570464928744032 -0.0048944994774124118 -0.00095634071138547328 -0.00079848675540153532 0.001333344304943785
leaf_weight=419261 6519 655 196026 4323 512 3756 853 3292 571 335 556 1072 4796 4518
leaf_count=419261 6519 655 196026 4323 512 3756 853 3292 571 335 556 1072 4796 4518
internal_value=-2.27001e-06 -5.42078e-05 -8.2103e-05 -0.000709228 -0.00171073 0.000347322 -0.000361675 -0.000558569 -0.00106767 -0.00231135 -0.00288097 -0.00207078 -4.40851e-05 0.000812261
internal_weight=647045 227784 212991 12169 3130 14793 9039 8186 4894 2475 1963 1407 200822 8274
internal_count=647045 227784 212991 12169 3130 14793 9039 8186 4894 2475 1963 1407 200822 8274
is_linear=0
shrinkage=0.03


Tree=201
num_leaves=15
num_cat=0
split_feature=21 21 18 17 21 20 17 21 8 16 16 16 21 18
split_gain=1.215 1.45259 2.51412 1.09764 4.11897 2.81116 2.61932 2.56489 2.94409 3.44599 1.98077 3.34949 1.71538 3.37823
threshold=0.0036215113941580061 0.0037365164607763295 0.085777342319488539 -0.13010719418525693 0.030785156413912777 0.078103616833686842 -0.12127032876014708 0.0094074779190123099 0.047001536825169957 -0.11381205916404723 -0.11381205916404723 -0.076362758874893175 0.017776912078261379 -0.2385444641113281
decision_type=2 2 2 2 2 2 2 2 2 2 2 2 2 2
left_child=-1 2 -2 7 5 -5 -7 -3 10 -10 -9 -12 13 -8
right_child=1 3 -4 4 -6 6 12 8 9 -11 11 -13 -14 -15
leaf_value=0.00064896426330574638 -0.0018065963538010492 -0.0019275122918969681 4.6904265746690045e-05 -0.0016452448566711797 0.0016349177999488501 0.00071781399162570709 -0.00094882213961592255 -0.0025982619739470464 0.0014817789343323851 -0.0001526814537041817 0.0028695165790518645 -0.0011941761587438095 -0.00018433979695483497 2.0683116581908276e-05
leaf_weight=2595 1087 770 1659 923 1393 4628 3248 635 1283 11763 210 1209 41549 574359
leaf_count=2595 1087 770 1659 923 1393 4628 3248 635 1283 11763 210 1209 41549 574359
internal_value=1.74931e-06 -8.60758e-07 -0.000688751 2.08701e-06 8.3333e-06 4.69322e-06 7.14776e-06 -0.000244266 -0.000157822 8.56455e-06 -0.00121208 -0.00058482 1.83e-06 1.52232e-05
internal_weight=647311 644716 2746 641970 626100 624707 623784 15870 15100 13046 2054 1419 619156 577607
internal_count=647311 644716 2746 641970 626100 624707 623784 15870 15100 13046 2054 1419 619156 577607
is_linear=0
shrinkage=0.03


Tree=202
num_leaves=15
num_cat=0
split_feature=8 8 8 8 16 18 21 16 21 8 18 16 8 19
split_gain=1.03961 1.49211 1.45779 2.2248 2.13526 2.08985 1.69667 1.59552 1.95772 1.59424 1.47123 1.69899 1.4276 4.6257
threshold=0.17857673709457347 0.1785741515716307 0.17857349761315727 0.17857151720761819 0.0031585693359375004 0.13306850194931033 0.012213602662086489 0.024130702018737796 0.0051010823808610448 0.17857107330118496 -0.12065929174423216 0.03106176853179932 0.17856678531421863 -0.072392273694276796
decision_type=2 2 2 2 2 2 2 2 2 2 2 2 2 2
left_child=1 2 3 9 6 -6 -5 8 -4 12 11 -11 -1 -14
right_child=-2 -3 7 4 5 -7 -8 -9 -10 10 -12 -13 13 -15
leaf_value=9.7603729871217416e-06 0.00079524027901257987 -0.00044233207385407203 0.0013809708724885482 -0.00043640824680720624 -0.0020488071521014384 -0.00049248131351685973 0.0010993593587997287 0.0017951604000191403 -0.00032845224933884435 -0.00073921253519118244 0.0009758853497058331 0.0012045252321061376 0.0014459854016797503 -0.00040796202969026077
leaf_weight=607321 1475 6810 918 2251 1254 2038 903 793 1735 1243 2892 594 1306 15928
leaf_count=607321 1475 6810 918 2251 1254 2038 903 793 1735 1243 2892 594 1306 15928
internal_value=1.0436e-06 -7.75959e-07 3.93195e-06 5.939e-07 -0.000553698 -0.00108753 4.33089e-06 0.000618855 0.000264533 6.27608e-06 0.000554735 -0.000109135 2.11886e-06 -0.00026709
internal_weight=647461 645986 639176 635730 6446 3292 3154 3446 2653 629284 4729 1837 624555 17234
internal_count=647461 645986 639176 635730 6446 3292 3154 3446 2653 629284 4729 1837 624555 17234
is_linear=0
shrinkage=0.03


Tree=203
num_leaves=15
num_cat=0
split_feature=17 21 21 20 17 8 16 16 16 21 18 19 17 21
split_gain=1.00166 3.92822 2.67353 2.58044 2.43208 2.41708 2.97403 1.98716 2.97231 1.74179 3.51801 3.50103 5.80755 5.33438
threshold=-0.13010719418525693 0.030785156413912777 0.0094074779190123099 0.078103616833686842 -0.12127032876014708 0.047001536825169957 -0.11381205916404723 -0.11381205916404723 -0.076362758874893175 0.017776912078261379 -0.2385444641113281 -0.12736545503139493 -0.084358960390090929 0.017263215035200122
decision_type=2 2 2 2 2 2 2 2 2 2 2 2 2 2
left_child=2 3 -1 -2 -5 7 -7 -4 -9 10 -6 -12 13 -13
right_child=1 -3 5 4 9 6 -8 8 -10 -11 11 12 -14 -15
leaf_value=-0.0019389738375719409 -0.0015771151058179894 0.0015937022120719876 -0.0024550815256655571 0.00068362849162125871 -0.00097667589555459552 0.0013659512616683619 -0.00014639331736229511 0.0028463171108633629 -0.00102412032914524 -0.00018914271959288089 0.00028924518121293229 -0.00081587918301629812 1.2703833872970955e-05 0.0013406435555262139
leaf_weight=784 926 1392 656 4691 3218 1295 11722 204 1225 41620 39664 11884 526969 1126
leaf_count=784 926 1392 656 4691 3218 1295 11722 204 1225 41620 39664 11884 526969 1126
internal_value=-1.2759e-06 4.6437e-06 -0.000236515 1.12056e-06 3.45589e-06 -0.000147522 4.52943e-06 -0.00109454 -0.00046359 -1.65889e-06 1.17302e-05 1.72259e-05 -2.75773e-06 -0.000628791
internal_weight=647376 631490 15886 630098 629172 15102 13017 2085 1429 624481 582861 579643 539979 13010
internal_count=647376 631490 15886 630098 629172 15102 13017 2085 1429 624481 582861 579643 539979 13010
is_linear=0
shrinkage=0.03


Tree=204
num_leaves=15
num_cat=0
split_feature=16 16 18 19 21 19 18 16 21 21 21 21 18 18
split_gain=1.1063 1.96088 2.17956 3.58054 2.22987 2.06386 3.35738 1.93562 2.3705 1.87135 1.81524 5.41468 5.82687 5.40015
threshold=0.038406729698181159 0.055708527565002448 0.34940153360366827 0.51645228266716015 0.021541798487305645 -0.11407211795449256 0.11396789550781251 0.037388801574707038 0.012844345066696407 0.024352299980819229 0.015086432453244926 0.014454654883593323 -0.16830378770828244 -0.17647090554237363
decision_type=2 2 2 2 2 2 2 2 2 2 2 2 2 2
left_child=7 2 4 -4 -2 -3 -7 10 -9 -6 11 -1 13 -13
right_child=1 5 3 -5 9 6 -8 8 -10 -11 -12 12 -14 -15
leaf_value=1.6513645553383088e-05 -0.00032645837823568459 0.00063746722353946706 0.0010089357463828456 -0.00085587645249704893 0.0012462179646188691 -0.00034656393089824785 0.0004058437413475996 -7.5777677891317966e-05 0.0012355408148703349 -0.00026560478404411063 -0.00010964919376911854 -0.00012408055212120698 0.00082496823191810368 -0.0042820262764730757
leaf_weight=455469 44041 5221 2982 1339 1540 12533 9289 2389 2575 1406 94514 1152 12590 367
leaf_count=455469 44041 5221 2982 1339 1540 12533 9289 2389 2575 1406 94514 1152 12590 367
internal_value=9.43495e-07 -0.000104741 -0.000213692 0.000430743 -0.000272994 0.00010197 -2.62659e-05 1.54955e-05 0.000605008 0.000525462 1.03025e-05 3.44466e-05 0.00061315 -0.00113942
internal_weight=647407 78351 51308 4321 46987 27043 21822 569056 4964 2946 564092 469578 14109 1519
internal_count=647407 78351 51308 4321 46987 27043 21822 569056 4964 2946 564092 469578 14109 1519
is_linear=0
shrinkage=0.03


Tree=205
num_leaves=15
num_cat=0
split_feature=3 17 20 16 16 19 17 17 17 19 8 8 8 19
split_gain=1.13565 2.08762 1.55545 2.87937 4.22024 3.22611 3.57512 3.06968 3.75218 5.3712 3.5831 2.83276 6.12721 7.0332
threshold=0.78271865844726574 0.030928909778594974 0.6126590669155122 -0.0030477643013000484 -0.0053139030933380118 -0.19156824052333829 0.060070276260375984 -0.08877015113830565 -0.062271326780319207 -0.19708251953124997 0.049952765041665688 0.13494840585902937 0.074182358524838385 -0.09594393894076346
decision_type=2 2 2 2 2 2 2 2 2 2 2 2 2 2
left_child=2 -2 3 4 -1 -6 -7 10 9 -9 -5 12 -10 -14
right_child=1 -3 -4 7 5 6 -8 8 11 -11 -12 -13 13 -15
leaf_value=2.0265902838494602e-05 5.4248803651050282e-05 -0.00027181773076696337 7.1535937670036992e-05 -0.0007090551002333173 -0.0020247765379826886 0.0010181237632804474 -0.00071797121238913967 -0.0036482243253741779 -9.5781524332776819e-05 -0.00052793831469246679 0.00059856600352177914 1.7477848973913955e-05 6.6995865721232811e-05 -0.0012544135483768628
leaf_weight=168196 33909 36897 232657 2339 379 7883 1231 514 52599 11572 9656 73654 5708 9927
leaf_count=168196 33909 36897 232657 2339 379 7883 1231 514 52599 11572 9656 73654 5708 9927
internal_value=-2.29349e-06 -0.000115672 1.1637e-05 -2.89151e-05 5.50091e-05 0.00067025 0.00078337 -0.000118765 -0.000154778 -0.000662093 0.000343393 -0.000111543 -0.000250803 -0.000772128
internal_weight=647121 70806 576315 343658 177689 9493 9114 165969 153974 12086 11995 141888 68234 15635
internal_count=647121 70806 576315 343658 177689 9493 9114 165969 153974 12086 11995 141888 68234 15635
is_linear=0
shrinkage=0.03


Tree=206
num_leaves=15
num_cat=0
split_feature=13 14 21 18 16 13 18 3 9 4 5 17 18 4
split_gain=1.05569 2.32549 3.44542 7.5167 2.86046 2.1849 2.14473 1.98792 2.29359 1.491 1.40671 2.0117 2.07881 1.37533
threshold=0.026883988126596193 0.013042966197133228 0.0076946034096181401 0.13637942075729373 -0.0070665478706359855 0.099530071335402523 -0.11858662962913512 0.62102878093719494 0.049638127845649894 -0.67900234460830677 0.049375186522373778 -0.064699828624725328 -0.1843057572841644 -0.72585123777389515
decision_type=2 2 2 2 2 2 2 2 2 2 2 2 2 2
left_child=6 2 3 -2 5 -4 10 -8 -9 -10 11 12 -1 -3
right_child=1 13 4 -5 -6 -7 7 8 9 -11 -12 -13 -14 -15
leaf_value=-0.0013401071631626504 -0.00070617036617733997 -0.00063025024112845906 0.00018449307448205955 0.0048224449523051483 -0.00074945786786361521 0.0038354135203386109 0.00010405682888479067 -0.0027362733509979746 0.0020037777117228595 -0.00069068540676284023 6.6101801048563876e-05 -0.00060675090913519993 -0.0048554963626224424 2.7931031603420954e-06
leaf_weight=328 392 3099 334 500 1161 260 8478 470 201 1805 530 653 285 628807
leaf_count=328 392 3099 334 500 1161 260 8478 470 201 1805 530 653 285 628807
internal_value=-2.02766e-06 3.40408e-06 0.000889911 0.00240244 0.000116511 0.00180121 -0.000272254 -0.000114461 -0.000861383 -0.000416391 -0.00123166 -0.00177309 -0.00300057 -3.16437e-07
internal_weight=647303 634553 2647 892 1755 594 12750 10954 2476 2006 1796 1266 613 631906
internal_count=647303 634553 2647 892 1755 594 12750 10954 2476 2006 1796 1266 613 631906
is_linear=0
shrinkage=0.03


Tree=207
num_leaves=15
num_cat=0
split_feature=10 18 19 18 8 8 8 20 20 16 16 18 19 19
split_gain=1.03733 1.34328 2.92718 2.75835 4.88458 3.20053 3.46052 3.52924 2.71384 3.7039 3.16742 3.07682 2.81319 3.55456
threshold=0.8426080044238613 0.11685323715209962 0.0017996453680098059 0.044580459594726569 0.049956443568717292 0.050384221673779254 0.05613438954336563 0.29148019850254064 0.41372410953044897 -0.022303193807601925 -0.023953676223754879 0.25191706418991094 0.013919774908572437 0.14068379998207095
decision_type=2 2 2 2 2 2 2 2 2 2 2 2 2 2
left_child=1 3 -3 -1 -5 -6 -7 -8 -4 10 11 -10 -11 -14
right_child=-2 2 8 4 5 6 7 -9 9 12 -12 -13 13 -15
leaf_value=-6.3884070066244063e-06 4.7994377468127069e-05 0.0010514456664930333 0.0010487384635743196 -0.00089894903884212961 0.00060926590228360439 -0.00081469269355667292 -0.0013893260088146116 -6.3623321636476212e-05 0.00010253745645944043 -0.0010823626456300964 -0.00247140432270648 -0.0012345687406112155 0.00032722213206766676 -4.2322114606400161e-05
leaf_weight=185187 266185 2580 2308 8520 4809 7133 1869 50803 3885 1921 761 2570 34226 74211
leaf_count=185187 266185 2580 2308 8520 4809 7133 1869 50803 3885 1921 761 2570 34226 74211
internal_value=2.5605e-06 -2.92001e-05 5.26347e-05 -6.79957e-05 -0.000223984 -0.000134921 -0.000194808 -0.000110792 3.10962e-05 1.10759e-05 -0.000647173 -0.000430363 5.41443e-05 7.43269e-05
internal_weight=646968 380783 122462 258321 73134 64614 59805 52672 119882 117574 7216 6455 110358 108437
internal_count=646968 380783 122462 258321 73134 64614 59805 52672 119882 117574 7216 6455 110358 108437
is_linear=0
shrinkage=0.03


Tree=208
num_leaves=15
num_cat=0
split_feature=8 20 19 20 8 19 17 19 18 19 18 20 20 17
split_gain=1.06845 6.16669 5.91274 6.27427 4.83195 3.98439 9.13926 3.06181 5.21992 6.26996 4.13434 3.87993 6.04398 4.48723
threshold=0.049956620245035159 0.78978112339973461 0.13521633297204974 0.41778817772865301 0.050384221673779254 0.14498201012611392 0.013256847858428957 -0.019111051224172112 -0.084935694932937608 0.036853719502687461 -0.048770427703857415 0.80457234382629406 0.81254789233207714 0.068692624568939223
decision_type=2 2 2 2 2 2 2 2 2 2 2 2 2 2
left_child=1 2 -1 -4 -2 6 -5 -6 -9 -10 -11 -12 13 -13
right_child=4 -3 3 5 7 -7 -8 8 9 10 11 12 -14 -15
leaf_value=-7.2713623874276411e-05 0.00030864362897268567 0.00035747735216983646 0.0016479666891510056 -0.005178601798664589 -0.0001858988890748812 -0.00062183693575288562 -0.0007883756764754848 -0.0008348735769806465 0.00033871825813049696 0.0020019656399403634 2.2191587415415851e-05 -0.0033516527523883666 -0.00015184887227027681 -0.00086857627271345308
leaf_weight=82943 46116 23378 1003 585 77183 16081 1551 6313 52712 909 291380 766 41371 4404
leaf_count=82943 46116 23378 1003 585 77183 16081 1551 6313 52712 909 291380 766 41371 4404
internal_value=-3.44762e-06 -8.20127e-05 -0.000182594 -0.000656635 1.54785e-05 -0.00078394 -0.00200004 -1.29844e-05 2.05625e-05 3.43655e-05 -1.29871e-05 -1.84368e-05 -0.000272775 -0.00123936
internal_weight=646695 125541 102163 19220 521154 18217 2136 475038 397855 391542 338830 337921 46541 5170
internal_count=646695 125541 102163 19220 521154 18217 2136 475038 397855 391542 338830 337921 46541 5170
is_linear=0
shrinkage=0.03


Tree=209
num_leaves=15
num_cat=0
split_feature=16 16 8 19 21 17 8 18 19 17 13 17 17 19
split_gain=1.05966 2.93236 4.97083 2.58725 2.28396 2.76536 2.35975 2.26073 4.73418 4.38976 4.08055 3.41155 7.11301 4.11069
threshold=0.017815053462982181 0.019300282001495365 0.056133204841835711 0.43514244258403784 0.013346040621399881 0.0068089962005615243 0.15607992794722156 -0.12307077646255492 -0.087885994464158998 -0.030156701803207394 0.020277122964749743 0.032913744449615485 0.030467569828033451 -0.094228208065032945
decision_type=2 2 2 2 2 2 2 2 2 2 2 2 2 2
left_child=3 2 -2 -1 5 -4 -6 9 10 -3 -9 12 -12 -13
right_child=1 7 4 -5 6 -7 -8 8 -10 -11 11 13 -14 -15
leaf_value=3.3474534218814861e-05 -0.0013486267557025768 -0.00025368322373397177 0.001845287203816842 -0.00098792300936801757 -0.00030815180209098179 -5.2653354410025401e-05 -0.0025109779573673982 0.0022769488215455096 -1.727031096264855e-05 0.00080272770145397611 -0.00098343122560414767 0.0002758150093353161 -0.0055305945070101576 -0.0029702587866487396
leaf_weight=417065 4121 6315 766 2239 1429 6650 627 400 189771 8046 5947 3289 322 388
leaf_count=417065 4121 6315 766 2239 1429 6650 627 400 189771 8046 5947 3289 322 388
internal_value=-2.98335e-07 -5.23398e-05 -0.000479552 2.80088e-05 -0.000100931 0.000144496 -0.00098439 -2.52538e-05 -5.13486e-05 0.000338263 -0.000676118 -0.000795967 -0.00122121 -7.02817e-05
internal_weight=647375 228071 13593 419304 9472 7416 2056 214478 200117 14361 10346 9946 6269 3677
internal_count=647375 228071 13593 419304 9472 7416 2056 214478 200117 14361 10346 9946 6269 3677
is_linear=0
shrinkage=0.03


Tree=210
num_leaves=15
num_cat=0
split_feature=21 21 21 17 20 16 20 20 20 20 8 8 8 18
split_gain=1.09904 1.43493 3.49691 2.92034 3.7191 3.2184 2.77673 5.63308 3.51038 3.74876 2.69961 3.1212 2.68462 3.62482
threshold=0.0036215113941580061 0.0064689524006098518 0.0057082085404545077 -0.0010224878787994383 0.45847754180431372 -0.027247130870819088 0.77701869606971752 0.81254789233207714 0.80096659064292919 0.7938208580017091 0.07418540387488308 0.050384221673779254 0.07418540387488308 0.07776206731796266
decision_type=2 2 2 2 2 2 2 2 2 2 2 2 2 2
left_child=-1 2 6 4 -4 -5 10 8 9 -8 11 -2 13 -7
right_child=1 -3 3 5 -6 12 7 -9 -10 -11 -12 -13 -14 -15
leaf_value=0.00061777414213264644 0.00040498284715579763 1.2758735344235158e-05 -5.6866960752379394e-05 -0.004043326203980924 0.0020924135129249751 -0.0006209419752587381 -0.00081835361042979196 0.00041913692589471622 -0.0017975719081947188 0.00097354346711305722 0.00051997202297055845 -0.00078159560510141835 -0.00070867655572729577 0.00048708623239556109
leaf_weight=2572 4147 573441 6530 223 810 5580 4424 6251 2212 1373 14685 3836 15995 5064
leaf_count=2572 4147 573441 6530 223 810 5580 4424 6251 2212 1373 14685 3836 15995 5064
internal_value=-5.34276e-07 -3.00625e-06 -0.000130094 -0.00034864 0.000181578 -0.000493528 7.23398e-05 -0.000255594 -0.000782152 -0.000393476 0.000278647 -0.000165325 -0.000463059 -9.38042e-05
internal_weight=647143 644571 71130 34202 7340 26862 36928 14260 8009 5797 22668 7983 26639 10644
internal_count=647143 644571 71130 34202 7340 26862 36928 14260 8009 5797 22668 7983 26639 10644
is_linear=0
shrinkage=0.03


Tree=211
num_leaves=15
num_cat=0
split_feature=12 18 21 14 7 4 2 21 7 5 14 4 19 19
split_gain=1.03446 1.67844 2.54809 5.34847 5.17171 2.1392 2.20724 2.48508 3.94429 2.28936 5.88927 4.78389 1.85447 2.22302
threshold=0.32078158161433556 0.11685323715209962 0.0079250158742070215 0.013042966197133228 0.00034835209033056916 -0.31838786602020258 0.7364565134048463 0.0083967023529112356 0.00021188284335140701 0.046369955354854449 0.026635840941227482 -0.24727025628089902 0.18417666107416156 0.27674183249473577
decision_type=2 2 2 2 2 2 2 2 2 2 2 2 2 2
left_child=1 12 3 4 -3 -4 7 8 -7 10 -9 -12 -1 -14
right_child=-2 2 5 -5 -6 6 -8 9 -10 -11 11 -13 13 -15
leaf_value=-0.00013107539089296383 1.7093244516640446e-05 0.0036771871607393061 -0.00075179597082069953 0.00019532487819830973 1.816079017047999e-05 -0.0040381407381501044 -0.00071441978829744923 -0.00054972964138105373 -0.00022339350391586244 6.9613065193460005e-05 0.0057585443050733633 0.001434239655560651 -0.00094915079891814199 0.0011322601759516252
leaf_weight=61367 545185 818 4030 13001 602 295 3055 1352 1309 9107 261 1769 4450 511
leaf_count=61367 545185 818 4030 13001 602 295 3055 1352 1309 9107 261 1769 4450 511
internal_value=6.92414e-07 -8.70285e-05 7.91368e-05 0.000386645 0.00213147 -0.000130301 1.59354e-05 0.000174455 -0.000935352 0.000317308 0.00098321 0.002003 -0.000176211 -0.000733834
internal_weight=647112 101927 35599 14421 1420 21178 17148 14093 1604 12489 3382 2030 66328 4961
internal_count=647112 101927 35599 14421 1420 21178 17148 14093 1604 12489 3382 2030 66328 4961
is_linear=0
shrinkage=0.03


Tree=212
num_leaves=15
num_cat=0
split_feature=13 14 21 17 18 5 10 18 11 18 8 21 18 8
split_gain=1.02071 1.66139 3.99178 1.40792 1.56664 1.73079 1.56778 1.31176 1.15948 1.02205 3.51388 3.52482 3.49509 3.41029
threshold=0.0090771581328732819 0.0036726455907121207 0.007499577011913062 0.091680586338043227 -0.12581092119216916 0.049375186522373778 0.086080827618545228 -0.051648080348968499 0.50111112635289934 -0.13658437132835385 0.14479221047977611 0.019643629901111129 -0.10885652899742125 0.047001811744127715
decision_type=2 2 2 2 2 2 2 2 2 2 2 2 2 2
left_child=3 2 -2 4 5 -1 -6 -8 -4 10 13 -12 -11 -3
right_child=1 9 8 -5 6 -7 7 -9 -10 12 11 -13 -14 -15
leaf_value=-0.0029923698181477361 0.0039852793243626361 -6.7420493917122373e-05 -0.00081603568552409192 -0.0019405417255724646 -0.00036458460139576814 0.00044422503930027709 0.002574216567037197 0.00018567886043935564 0.0014217525561416179 -0.00033496098839951911 -0.00024969037030240696 -0.002415764770458548 3.9590653560693398e-06 0.00049183347817641915
leaf_weight=356 315 17662 526 492 3246 206 320 572 338 28774 6417 751 565187 22075
leaf_count=356 315 17662 526 492 3246 206 320 572 338 28774 6417 751 565187 22075
internal_value=-3.13068e-06 2.58798e-07 0.001123 -0.000421872 -0.000261004 -0.00173988 -5.82929e-05 0.00105213 6.25388e-05 -1.81546e-06 0.000132994 -0.000478158 -1.24623e-05 0.000243283
internal_weight=647237 642045 1179 5192 4700 562 4138 892 864 640866 46905 7168 593961 39737
internal_count=647237 642045 1179 5192 4700 562 4138 892 864 640866 46905 7168 593961 39737
is_linear=0
shrinkage=0.03


Tree=213
num_leaves=15
num_cat=0
split_feature=10 2 18 19 19 17 17 15 6 13 21 19 5 5
split_gain=1.01729 1.42987 1.61084 2.51262 2.91204 2.67644 4.82775 2.31778 5.13631 6.73005 5.75162 2.91765 2.26963 3.16351
threshold=0.8426080044238613 0.76040637493133556 0.11685323715209962 0.0017996453680098059 0.013919774908572437 0.097276329994201674 0.073061406612396254 0.045695279467825103 -0.00036624924473255721 0.0090771581328732819 0.0076946034096181401 0.13036665320396426 0.10392681376192971 0.14960011919056942
decision_type=2 2 2 2 2 2 2 2 2 2 2 2 2 2
left_child=1 2 -1 -4 5 6 -5 8 -6 -10 -11 -12 -9 -14
right_child=-2 -3 3 4 7 -7 -8 12 9 10 11 -13 13 -15
leaf_value=-5.7700365467802898e-05 4.4736718410445777e-05 -0.00023637741444289148 0.0010187054166537787 -0.00048289368592619407 1.7155315610430756e-05 0.0001605527477286459 -0.0044844482272711336 -8.3304322548248744e-05 -0.00046748762385371006 0.0048983815146505794 -0.00056776419328778737 0.0032278576288999076 0.00074740858963208911 8.4219091827316599e-05
leaf_weight=244750 266292 28421 2510 709 4214 905 436 54380 769 718 409 322 7985 34115
leaf_count=244750 266292 28421 2510 709 4214 905 436 54380 769 718 409 322 7985 34115
internal_value=-2.40164e-07 -3.17055e-05 -1.51873e-05 8.16276e-05 5.91714e-05 -0.00105904 -0.0020195 8.14965e-05 0.000632675 0.00179944 0.00299999 0.00111475 4.47204e-05 0.000210078
internal_weight=646935 380643 352222 107472 104962 2050 1145 102912 6432 2218 1449 731 96480 42100
internal_count=646935 380643 352222 107472 104962 2050 1145 102912 6432 2218 1449 731 96480 42100
is_linear=0
shrinkage=0.03


Tree=214
num_leaves=15
num_cat=0
split_feature=21 17 21 17 17 21 17 8 10 17 17 19 21 17
split_gain=1.05028 3.27979 2.41356 3.31639 3.9193 3.18747 4.73824 3.67705 5.47302 4.55544 3.20537 4.87586 4.22486 4.20159
threshold=0.0070861626882106074 -0.064699828624725328 0.0057082085404545077 0.00088965892791748058 0.098199427127838149 0.0064233646262437114 0.016956508159637455 0.050383348038804815 0.018777122154928268 0.023192644119262699 0.052059292793273933 -0.077803269028663621 0.0065809618681669244 0.023192644119262699
decision_type=2 2 2 2 2 2 2 2 2 2 2 2 2 2
left_child=1 -1 -3 -4 5 -5 -7 8 -8 -10 13 -12 -13 -9
right_child=-2 2 3 4 -6 6 7 10 9 -11 11 12 -14 -15
leaf_value=-0.0021201079695587106 1.8860084245770373e-05 0.00012118570013755305 0.00026922384683416618 -0.0006562949814520625 0.0002619131413971704 -0.0013303098378602176 0.0029910776897466608 -0.00062086712670750917 0.00090508450672377753 -0.0012377975614428201 -0.0034141880418498451 0.0016906981362023769 -0.00028840082017251483 0.00090228969307059518
leaf_weight=701 533671 39175 12753 20916 10569 2856 345 2096 1077 5129 404 1085 8871 7278
leaf_count=701 533671 39175 12753 20916 10569 2856 345 2096 1077 5129 404 1085 8871 7278
internal_value=1.25078e-06 -8.17235e-05 -6.89346e-05 -0.000170436 -0.000262935 -0.000373766 -0.000170903 -4.46987e-05 -0.000660261 -0.000865489 0.000159762 -0.000203897 -7.19792e-05 0.000561567
internal_weight=646926 113255 112554 73379 60626 50057 29141 26285 6551 6206 19734 10360 9956 9374
internal_count=646926 113255 112554 73379 60626 50057 29141 26285 6551 6206 19734 10360 9956 9374
is_linear=0
shrinkage=0.03


Tree=215
num_leaves=15
num_cat=0
split_feature=8 8 8 8 17 18 16 21 21 8 21 18 17 8
split_gain=1.00445 1.42058 1.54202 2.0086 2.12781 2.18673 1.70223 2.18113 1.63471 1.62196 1.48084 1.46123 1.75065 1.28464
threshold=0.17857673709457347 0.1785741515716307 0.17857349761315727 0.17857151720761819 -0.076159238815307603 0.12817311286926272 0.016610324382781986 0.0051010823808610448 0.012115741148591043 0.17857107330118496 0.0085410219617187994 -0.12065929174423216 0.058737039566040046 0.17856678531421863
decision_type=2 2 2 2 2 2 2 2 2 2 2 2 2 2
left_child=1 2 3 9 -5 8 7 -4 -6 13 -7 12 -11 -1
right_child=-2 -3 6 4 5 10 -8 -9 -10 11 -12 -13 -14 -15
leaf_value=1.0020225449154133e-05 0.00079214152091601302 -0.00043165908917962905 0.0014276509668578396 0.0022374975504562038 -0.0010064240223242105 -0.00091888961472793261 0.0014778088792172842 -0.00060638797832046436 -0.0031588394771774062 0.00022836380051945943 0.00023997439668886695 0.0009821610798366109 -0.0027010367947050192 -0.00025229637162100697
leaf_weight=606716 1440 6775 724 238 1831 1633 1328 1354 382 1620 2514 2878 202 17276
leaf_count=606716 1440 6775 724 238 1831 1633 1328 1354 382 1620 2514 2878 202 17276
internal_value=2.07212e-06 3.03408e-07 4.88881e-06 1.47317e-06 -0.000519037 -0.000623867 0.000641042 0.000104021 -0.00138425 6.9399e-06 -0.000216919 0.000561859 -0.000102914 2.7557e-06
internal_weight=646911 645471 638696 635290 6598 6360 3406 2078 2213 628692 4147 4700 1822 623992
internal_count=646911 645471 638696 635290 6598 6360 3406 2078 2213 628692 4147 4700 1822 623992
is_linear=0
shrinkage=0.03


Tree=216
num_leaves=15
num_cat=0
split_feature=8 20 18 18 20 16 8 21 8 19 19 13 19 20
split_gain=0.997908 5.09834 6.54162 10.0831 6.86894 6.8395 5.06981 5.11302 3.96421 3.69893 3.34736 3.59036 3.33278 4.6689
threshold=0.049956620245035159 0.77199095487594616 0.048805534839630134 0.060652792453765876 0.74898743629455578 0.0066521167755126962 0.047001536825169957 0.0063020500820130118 0.050384221673779254 0.022185508161783222 0.116963729262352 0.047074481908127887 -0.072392273694276796 0.48636014759540563
decision_type=2 2 2 2 2 2 2 2 2 2 2 2 2 2
left_child=1 2 -1 5 6 -4 -5 -8 -2 -6 11 -3 13 -10
right_child=8 10 3 4 9 -7 7 -9 12 -11 -12 -13 -14 -15
leaf_value=2.9805532864063753e-05 0.00028306619042944896 -0.0024864231274323088 0.00020343849797280051 0.00048460166752040189 -0.0043848865656040343 -0.0042781041030060659 0.0021046489820404773 -0.00048525007560447814 -9.0582217006522297e-05 -0.0012937413001967192 0.00064956111425824544 6.6773694120347265e-05 1.8243163849937139e-05 -0.00080429917546972194
leaf_weight=57821 45932 510 439 6815 389 1007 698 28677 38786 3114 12499 13217 425784 10473
leaf_count=57821 45932 510 439 6815 389 1007 698 28677 38786 3114 12499 13217 425784 10473
internal_value=-1.32718e-06 -7.73802e-05 -0.000175939 -0.000465082 -0.000375238 -0.00292151 -0.000252338 -0.000423362 1.69483e-05 -0.00164277 0.000294479 -2.89562e-05 -8.78539e-06 -0.000242392
internal_weight=646161 125186 98960 41139 39693 1446 36190 29375 520975 3503 26226 13727 475043 49259
internal_count=646161 125186 98960 41139 39693 1446 36190 29375 520975 3503 26226 13727 475043 49259
is_linear=0
shrinkage=0.03


Tree=217
num_leaves=15
num_cat=0
split_feature=16 18 17 17 18 20 17 18 21 20 17 16 21 20
split_gain=1.07583 1.98424 2.46614 3.48335 2.2718 2.5317 2.24748 5.18505 4.00958 3.68113 3.03936 3.29452 2.57463 2.12429
threshold=0.038406729698181159 -0.11858662962913512 0.012844264507293703 0.081314861774444594 0.33749294281005865 0.92254728078842174 -0.020930498838424679 0.051418125629425056 0.01630522403866053 0.41778817772865301 -0.010597050189971922 0.068006396293640151 0.017618562094867233 0.71129190921783458
decision_type=2 2 2 2 2 2 2 2 2 2 2 2 2 2
left_child=-1 2 -2 -4 6 -6 7 8 -3 -8 11 -11 -9 -12
right_child=1 4 3 -5 5 -7 9 12 -10 10 13 -13 -14 -15
leaf_value=1.7875622271079883e-05 -3.7424477936774934e-05 -0.0016304091619240564 0.0015180072200402738 -0.0015236885150878687 0.0006702788830335553 -0.00050161938619957029 -0.0014646296107688618 0.0023621246125358317 0.00025521461658615944 -0.0038750583728682951 -3.8013744533835748e-06 7.4076929073115547e-05 0.00026251195378405742 -0.00038649473550416807
leaf_weight=568999 5096 1361 2338 392 5637 2346 2250 1288 3945 418 25544 345 888 26694
leaf_count=568999 5096 1361 2338 392 5637 2346 2250 1288 3945 418 25544 345 888 26694
internal_value=3.50878e-06 -0.000100567 0.000352558 0.00107926 -0.000150734 0.000325789 -0.000211395 0.000276427 -0.000229531 -0.000277474 -0.000226943 -0.00210055 0.00150786 -0.000199379
internal_weight=647541 78542 7826 2730 70716 7983 62733 7482 5306 55251 53001 763 2176 52238
internal_count=647541 78542 7826 2730 70716 7983 62733 7482 5306 55251 53001 763 2176 52238
is_linear=0
shrinkage=0.03


Tree=218
num_leaves=15
num_cat=0
split_feature=21 18 16 8 16 8 8 21 16 17 16 16 8 8
split_gain=0.957531 2.50214 2.27918 3.86086 3.12129 2.20547 2.03427 1.99803 4.90039 3.62948 4.99659 3.29547 3.29418 3.57787
threshold=0.006910797208547593 0.23828417062759402 -0.034850299358367913 0.14479995727065961 -0.018408626317977902 0.17857218045297682 0.17456654034194621 0.0089915529824793356 -0.045350998640060418 0.030928909778594974 0.02257335186004639 0.0017384290695190432 0.15608314425242525 0.15608430680869659
decision_type=2 2 2 2 2 2 2 2 2 2 2 2 2 2
left_child=1 2 3 -1 6 7 -4 8 -2 10 -10 -11 -13 -14
right_child=5 -3 4 -5 -6 -7 -8 -9 9 11 -12 12 13 -15
leaf_value=-9.9989929505281874e-05 -0.0012756335662761143 0.00043100847322099682 0.00036999700519954202 -0.0029832656252457217 -0.00015627309152724031 -0.00047751018287754205 0.0023322695864968985 -1.2195625385423893e-05 0.00039896941851240631 -0.00035793928306576006 -0.00055128774523488359 0.0002496960331319387 -0.004025613956908751 -0.0001547213517781257
leaf_weight=1104 2236 7805 5972 668 84038 8015 512 388930 55871 17283 5463 46458 212 22376
leaf_count=1104 2236 7805 5972 668 84038 8015 512 388930 55871 17283 5463 46458 212 22376
internal_value=7.03431e-07 -8.46006e-05 -0.000128225 -0.00119225 -0.000107332 1.63188e-05 0.000526623 2.36688e-05 0.000116721 0.000137847 0.000314292 1.24771e-05 0.000105216 -0.000191935
internal_weight=646943 100099 92294 1772 90522 546844 6484 538829 149899 147663 61334 86329 69046 22588
internal_count=646943 100099 92294 1772 90522 546844 6484 538829 149899 147663 61334 86329 69046 22588
is_linear=0
shrinkage=0.03


Tree=219
num_leaves=15
num_cat=0
split_feature=21 21 16 17 20 21 20 17 21 16 19 16 19 16
split_gain=1.09359 1.16707 3.27434 3.13829 2.53816 2.16857 3.73119 3.3662 2.85051 3.2174 2.94558 2.92589 5.97972 3.46281
threshold=0.0036215113941580061 0.0070861626882106074 -0.034850299358367913 0.008381843566894533 0.42202498018741613 0.0089915529824793356 0.18934015184640887 0.12710314989089969 0.0094074779190123099 -0.066784322261810289 0.3660490363836289 -0.007851064205169676 0.15232723206281665 0.0076478123664855966
decision_type=2 2 2 2 2 2 2 2 2 2 2 2 2 2
left_child=-1 2 3 -2 -4 6 -3 -8 9 -7 11 12 -11 -13
right_child=1 5 4 -5 -6 8 7 -9 -10 10 -12 13 -14 -15
leaf_value=0.00061711745173869564 -0.00050870320769791811 -0.00099671003146556587 0.00039924623299887992 -0.0028738910816896702 -0.00011087536584502668 0.0017589966280938823 0.00018016391148106698 -0.00041457737331814729 9.4042973847073349e-07 -0.00045627731691827981 -0.0027851081808904906 0.00051498766419850041 -0.0027166961230273008 -0.00044698550135039165
leaf_weight=2574 1864 2644 9632 689 98532 635 127128 9179 371620 6714 451 5300 1245 9218
leaf_count=2574 1864 2644 9632 689 98532 635 127128 9179 371620 6714 451 5300 1245 9218
internal_value=5.84812e-07 -1.88092e-06 -9.05243e-05 -0.00115139 -6.54327e-05 1.64941e-05 0.000118433 0.0001401 -1.935e-05 -0.00033929 -0.000397774 -0.000349263 -0.000811351 -9.57473e-05
internal_weight=647425 644851 110717 2553 108164 534134 138951 136307 395183 23563 22928 22477 7959 14518
internal_count=647425 644851 110717 2553 108164 534134 138951 136307 395183 23563 22928 22477 7959 14518
is_linear=0
shrinkage=0.03


Tree=220
num_leaves=15
num_cat=0
split_feature=13 11 17 16 8 10 18 18 7 21 16 4 10 5
split_gain=0.977851 2.95826 1.75367 1.4517 1.42897 1.11919 2.81268 2.68875 4.08277 7.23709 2.80352 1.36814 2.97001 1.92129
threshold=0.014710390594005843 0.56058331058331068 0.090355753898620619 0.051587820053100593 0.047002692418188267 0.018777122154928268 -0.17647090554237363 0.098755538463592543 0.00043438599653447828 0.0076946034096181401 0.019566118717193607 -0.72585123777389515 0.060025605744038264 0.073406709318250496
decision_type=2 2 2 2 2 2 2 2 2 2 2 2 2 2
left_child=1 2 3 -1 -4 6 -2 -8 9 -9 -11 12 -7 -14
right_child=5 -3 4 -5 -6 11 7 8 -10 10 -12 -13 13 -15
leaf_value=-0.00018697548983161695 0.0028200729155678007 -0.003885909372701047 -0.0035561196023326464 0.0018163520271914301 -0.00074388345355335902 0.0012257135151212423 -0.0003376106399294365 0.005060341192371383 -3.8087880917358986e-05 0.0022173920793856464 -0.0020792783445545606 5.622763237541702e-09 -0.001379898605628463 0.00090413059061128476
leaf_weight=6397 400 201 228 338 551 635 3238 485 1479 262 275 630356 2285 384
leaf_count=6397 400 201 228 338 551 635 3238 485 1479 262 275 630356 2285 384
internal_value=-3.33086e-06 -0.000338948 -0.000241546 -8.51644e-05 -0.00158441 7.18796e-07 0.00040367 0.000232942 0.000970826 0.00242397 1.81656e-05 -3.18821e-06 -0.000611606 -0.00105021
internal_weight=647514 7715 7514 6735 779 639799 6139 5739 2501 1022 537 633660 3304 2669
internal_count=647514 7715 7514 6735 779 639799 6139 5739 2501 1022 537 633660 3304 2669
is_linear=0
shrinkage=0.03


Tree=221
num_leaves=15
num_cat=0
split_feature=8 8 8 8 16 16 8 20 8 16 8 20 4 16
split_gain=0.965998 1.20057 1.17305 1.83319 2.11543 1.60733 1.58543 2.82338 2.38354 4.18436 2.65037 4.2111 3.84201 3.38876
threshold=0.17857673709457347 0.1785741515716307 0.17857349761315727 0.17857151720761819 0.0031585693359375004 0.016610324382781986 0.17857085082263505 0.83440363407135021 0.17856678531421863 0.068006396293640151 0.1745648558586618 0.72662809491157543 -0.54464197158813465 0.030767738819122318
decision_type=2 2 2 2 2 2 2 2 2 2 2 2 2 2
left_child=1 2 3 6 -5 -4 8 -8 10 -10 -1 12 -12 -13
right_child=-2 -3 5 4 -6 -7 7 -9 9 -11 11 13 -14 -15
leaf_value=-2.6798730689678754e-06 0.0007727321494695725 -0.00039539088867293328 3.2168547600341185e-05 5.0325589835421889e-05 -0.0010320779217903421 0.0013674626502384421 0.00054633223856979832 -0.0021615575633804535 -0.00029384956382977486 -0.0033238917492587673 0.0039501801111778744 -0.0024603039899125825 0.0003882205737076132 7.4886834396512646e-05
leaf_weight=583190 1455 6827 2050 3197 3299 1338 7696 358 13617 418 271 835 22181 1090
leaf_count=583190 1455 6827 2050 3197 3299 1338 7696 358 13617 418 271 835 22181 1090
internal_value=1.92991e-06 1.88835e-07 4.41465e-06 1.44738e-06 -0.000499745 0.000560745 6.62198e-06 0.0004247 1.20163e-06 -0.000385244 1.01318e-05 0.000316572 0.000432084 -0.00102832
internal_weight=647822 646367 639540 636152 6496 3388 629656 8054 621602 14035 607567 24377 22452 1925
internal_count=647822 646367 639540 636152 6496 3388 629656 8054 621602 14035 607567 24377 22452 1925
is_linear=0
shrinkage=0.03


Tree=222
num_leaves=15
num_cat=0
split_feature=14 21 18 20 17 17 20 21 21 17 18 20 20 18
split_gain=0.926953 1.1181 2.99906 3.71237 2.72553 2.82665 4.67736 2.75576 3.18474 3.65045 3.80808 3.53802 3.58338 3.3788
threshold=0.9956862462930377 0.0070861626882106074 0.22061973810195926 0.92254728078842174 -0.064699828624725328 0.0059443116188049325 0.37721885740756994 0.0056422769557684669 0.0063020500820130118 0.019489109516143802 0.079132378101348891 0.81058344244956981 0.59889492392539989 -0.010608285665512083
decision_type=2 2 2 2 2 2 2 2 2 2 2 2 2 2
left_child=1 2 4 -4 -1 -6 -7 -8 11 10 13 12 -9 -10
right_child=-2 -3 3 -5 5 6 7 8 9 -11 -12 -13 -14 -15
leaf_value=-0.0021316296115683445 0.00013320804232725797 9.3975242390027653e-06 0.00019579776410786988 0.0025099447174619393 0.00020195314835647725 -0.0027925236618150692 5.4851105108039514e-05 -0.0010267655959250038 0.00074996278493501549 -3.4578348181852267e-05 8.1178019589900463e-05 -0.0015571030849078648 -9.6078460527076472e-06 -0.0021416606142778288
leaf_weight=624 44088 498719 14035 648 16697 631 23876 5555 431 27244 1890 3316 7095 2250
leaf_count=624 44088 498719 14035 648 16697 631 23876 5555 431 27244 1890 3316 7095 2250
internal_value=4.25531e-07 -9.28363e-06 -9.86121e-05 0.000298747 -0.000163735 -0.000149816 -0.000231076 -0.000208327 -0.000339828 -0.000166274 -0.000950312 -0.000685503 -0.000456502 -0.00167627
internal_weight=647099 603011 104292 14683 89609 88985 72288 71657 47781 31815 4571 15966 12650 2681
internal_count=647099 603011 104292 14683 89609 88985 72288 71657 47781 31815 4571 15966 12650 2681
is_linear=0
shrinkage=0.03


Tree=223
num_leaves=15
num_cat=0
split_feature=8 17 18 18 17 18 8 17 21 17 20 15 8 17
split_gain=1.14103 5.01024 5.49792 9.11474 5.98517 8.30013 8.21126 4.91768 3.79736 5.34909 5.09976 3.77571 3.5176 3.45668
threshold=0.049956354981132801 0.05349236726760865 0.048805534839630134 0.060652792453765876 -0.020930498838424679 0.13793659210205081 0.049955640231798409 -0.0015747249126434324 0.0080034928396344202 0.023760080337524418 0.64850279688835155 0.33281609171187521 0.050384221673779254 0.015845894813537601
decision_type=2 2 2 2 2 2 2 2 2 2 2 2 2 2
left_child=1 2 11 7 5 -5 -6 -4 9 10 -8 -1 -2 -10
right_child=12 -3 3 4 6 -7 8 -9 13 -11 -12 -13 -14 -15
leaf_value=-0.00039111007942486053 0.00025607927016300887 0.0001683075240285115 7.3175809278741097e-05 -0.0026169686414429533 -4.8259376991855281e-05 0.001897327736870494 -0.0057480187699386551 -0.003922103500663892 0.00075736560285257057 -0.00098963886196774082 -0.0012676106681785162 0.00017786006315964072 -6.0800872391142304e-06 -0.0015448602311286344
leaf_weight=16308 50998 44830 375 2079 21419 441 590 1057 962 1153 377 29437 475648 1491
leaf_count=16308 50998 44830 375 2079 21419 441 590 1057 962 1153 377 29437 475648 1491
internal_value=2.52291e-07 -8.30169e-05 -0.000231876 -0.000547864 -0.000430287 -0.00182477 -0.000294763 -0.00287924 -0.00144802 -0.00237661 -0.00401677 -2.49972e-05 1.93084e-05 -0.000642286
internal_weight=647165 120519 75689 29944 28512 2520 25992 1432 4573 2120 967 45745 526646 2453
internal_count=647165 120519 75689 29944 28512 2520 25992 1432 4573 2120 967 45745 526646 2453
is_linear=0
shrinkage=0.03


Tree=224
num_leaves=15
num_cat=0
split_feature=13 20 18 14 21 15 21 16 18 19 21 8 18 19
split_gain=0.950162 1.95501 1.88906 1.4495 2.89565 1.25189 1.18591 1.00599 1.85906 3.28422 5.1036 2.90783 2.11675 2.00135
threshold=0.0090771581328732819 0.14574660360813144 -0.0088568627834320051 0.0036726455907121207 0.007499577011913062 0.0050767930183947575 0.012974901590496303 0.038406729698181159 -0.11858662962913512 -0.09028365463018416 0.013999715447425844 0.047001948501386649 -0.11366662383079527 -0.058537384495139115
decision_type=2 2 2 2 2 2 2 2 2 2 2 2 2 2
left_child=1 -1 6 4 -2 -6 -3 -5 11 10 -10 -9 -12 -13
right_child=3 2 -4 7 5 -7 -8 8 9 -11 12 13 -14 -15
leaf_value=-0.0024691248647690329 0.0034451853703795208 8.3146564972121271e-05 -0.00063033800251566133 1.6655287830849211e-05 0.0014097211145438428 -0.00089016169671231175 0.0019283333283901928 -0.00037170415141047757 -0.0030995112425128198 -0.00010590601975049844 -0.0024132336856363787 0.0010798304235649918 0.00017510283727404697 -0.00062753040657321005
leaf_weight=377 324 995 3344 563578 378 475 453 3093 843 67127 343 3947 1552 729
leaf_count=377 324 995 3344 563578 378 475 453 3093 843 67127 343 3947 1552 729
internal_value=1.38206e-06 -0.000403534 -0.000238624 4.64334e-06 0.00105424 0.000131289 0.000665054 2.70851e-06 -9.85316e-05 -0.000147492 -0.00116499 0.000341567 -0.000298511 0.000813263
internal_weight=647558 5169 4792 642389 1177 853 1448 641212 77634 69865 2738 7769 1895 4676
internal_count=647558 5169 4792 642389 1177 853 1448 641212 77634 69865 2738 7769 1895 4676
is_linear=0
shrinkage=0.03


Tree=225
num_leaves=15
num_cat=0
split_feature=12 16 4 14 21 16 21 4 17 21 16 17 20 4
split_gain=0.96083 1.45391 1.27586 1.08141 3.58555 1.19249 1.07377 1.2692 0.991262 0.920003 2.97808 2.41501 2.24018 1.99636
threshold=0.0050100250702056126 0.031760573387146003 -0.47467800974845881 0.0036726455907121207 0.007499577011913062 -0.01512286067008972 0.0084664430469274538 -0.67900234460830677 0.065306007862091078 0.0070861626882106074 -0.034850299358367913 0.008381843566894533 0.42202498018741613 -0.094126403331756578
decision_type=2 2 2 2 2 2 2 2 2 2 2 2 2 2
left_child=1 6 -3 4 -2 -6 -1 -8 -7 10 11 -5 -12 -14
right_child=3 2 -4 9 5 8 7 -9 -10 -11 12 -13 13 -15
leaf_value=0.00065949604015199087 0.0030663508447762201 -0.0038220789249770451 -0.00075631441340341535 -0.00052842136047006748 0.0017975953650014587 -0.0010711511104315658 0.00090320665556514127 -0.0012292749524355925 0.0011628664315063903 1.9269946717573457e-05 0.00038745892566097189 -0.0026259425151884002 -0.00027474052332542248 5.1883083150655618e-06
leaf_weight=785 442 202 306 1827 240 747 325 1057 230 530805 9534 674 35434 64954
leaf_count=785 442 202 306 1827 240 747 325 1057 230 530805 9534 674 35434 64954
internal_value=2.37827e-06 -0.000564483 -0.00200075 4.73398e-06 0.000768532 -7.51401e-05 -0.000223955 -0.000726339 -0.000541988 2.75805e-06 -7.52003e-05 -0.0010978 -5.18847e-05 -9.36271e-05
internal_weight=647562 2675 508 644887 1659 1217 2167 1382 977 643228 112423 2501 109922 100388
internal_count=647562 2675 508 644887 1659 1217 2167 1382 977 643228 112423 2501 109922 100388
is_linear=0
shrinkage=0.03


Tree=226
num_leaves=15
num_cat=0
split_feature=18 8 8 16 18 8 10 2 21 21 19 19 21 7
split_gain=1.10904 2.77289 2.2804 2.2727 1.50623 4.79242 2.97708 2.82119 2.40133 3.45429 2.43276 2.31792 1.86287 1.94833
threshold=-0.31835636496543879 0.047001260017545059 0.047001811744127715 -0.037119865417480462 -0.17647090554237363 0.14479527241813525 0.01413150201640863 -0.76261195540428151 0.013346040621399881 0.020380937494337562 -0.23306951671838758 -0.21585970371961591 0.0095941103063523787 0.00084788884426647431
decision_type=2 2 2 2 2 2 2 2 2 2 2 2 2 2
left_child=1 -1 3 -3 5 6 -2 -8 12 -10 -11 -6 -9 -14
right_child=4 2 -4 -5 11 -7 7 8 9 10 -12 -13 13 -15
leaf_value=0.0027257035412856169 0.0029328436287219769 -0.0027862276016495037 0.0010452726437524813 -0.00060712862708013355 -0.00093516247536681689 -0.00301167661469011 -0.0022815840362589088 -1.6484820941980916e-05 -0.00017135498590941243 5.5534742960490737e-05 0.0015397748441453659 -8.4104008633979448e-07 0.00052872391320456897 0.0017059645152556569
leaf_weight=200 373 654 432 1255 2394 397 385 2058 11871 1861 2129 618063 2858 2275
leaf_count=200 373 654 432 1255 2394 397 385 2058 11871 1861 2129 618063 2858 2275
internal_value=2.13702e-06 -0.000622762 -0.000914033 -0.00135899 4.60492e-06 0.000236739 0.000291523 0.00024887 0.000291617 8.5371e-05 0.000848437 -4.45358e-06 0.000746154 0.00105164
internal_weight=647205 2541 2341 1909 644664 24207 23810 23437 23052 15861 3990 620457 7191 5133
internal_count=647205 2541 2341 1909 644664 24207 23810 23437 23052 15861 3990 620457 7191 5133
is_linear=0
shrinkage=0.03


Tree=227
num_leaves=15
num_cat=0
split_feature=4 1 19 19 10 5 18 18 9 1 2 8 8 18
split_gain=0.973866 2.68031 3.18753 1.443 3.38405 2.12001 1.26256 1.65282 2.48762 1.5264 1.24884 1.23742 2.92288 6.5588
threshold=-0.31838786602020258 4.1510089048756029 0.14850962907075885 -0.19156824052333829 0.054146232808906632 0.049471111054296177 -0.13658437132835385 -0.2385444641113281 0.047649088670227914 4.5900436644025815 2.0570684671401982 0.047001743190392832 0.047002355992836489 0.32683748006820684
decision_type=2 2 2 2 2 2 2 2 2 2 2 2 2 2
left_child=1 2 3 4 -1 -5 7 8 -3 -8 -11 -2 13 -13
right_child=11 6 -4 5 -6 -7 9 -9 -10 10 -12 12 -14 -15
leaf_value=0.0036048481099675354 0.00017703450730646039 0.00024278533509846064 -0.0015013673062333499 -0.0011337806900585568 -2.5300268087136957e-06 -0.00017552426970785529 -0.00028291456154521039 0.00055599808848845608 -0.001613615422716444 7.3778698462664507e-05 0.002278230879172229 -0.0006111762266608837 1.6507991259666587e-05 0.00087048896566431315
leaf_weight=252 39540 2402 2224 2863 2620 7551 17560 7021 885 20011 229 15908 524711 3231
leaf_count=252 39540 2402 2224 2863 2620 7551 17560 7021 885 20011 229 15908 524711 3231
internal_value=2.85092e-06 -0.000108601 -0.000451478 -0.000275234 0.00031971 -0.000439384 1.97816e-06 0.0002962 -0.000258728 -7.82842e-05 9.92769e-05 1.50054e-05 3.22377e-06 -0.000360883
internal_weight=647008 63618 15510 13286 2872 10414 48108 10308 3287 37800 20240 583390 543850 19139
internal_count=647008 63618 15510 13286 2872 10414 48108 10308 3287 37800 20240 583390 543850 19139
is_linear=0
shrinkage=0.03


Tree=228
num_leaves=15
num_cat=0
split_feature=19 19 20 20 17 16 16 20 20 18 18 19 19 20
split_gain=0.947669 2.10286 1.94287 2.76033 3.44955 2.59882 3.16354 3.42244 2.74865 2.46061 2.47631 3.18383 2.3462 2.0536
threshold=0.3876600861549378 0.31069883704185491 0.92254728078842174 0.88138127326965343 0.11838006973266603 0.032302618026733405 0.048341512680053718 0.74317669868469249 0.72117123007774364 0.29149478673934942 0.30291891098022466 0.35349547863006597 0.34856632351875311 0.88576021790504467
decision_type=2 2 2 2 2 2 2 2 2 2 2 2 2 2
left_child=1 -1 3 4 5 9 7 8 12 -3 11 -11 -7 -5
right_child=-2 2 -4 13 -6 6 -8 -9 -10 10 -12 -13 -14 -15
leaf_value=-6.013376804948411e-06 -0.00019225214726012447 0.00056973243744711389 0.0015571699353695331 -0.0022141320540439986 0.0012973873596530403 -0.0021484989920957957 0.00069220316390742373 0.00040093051868514494 -0.0030620258151909914 0.00011007522678969193 0.00016442783297324355 -0.0030021180272505605 0.00049390027794058886 -0.00025539617802142818
leaf_weight=595878 22457 12707 993 598 2837 589 1458 1030 815 601 3544 577 613 2404
leaf_count=595878 22457 12707 993 598 2837 589 1458 1030 815 601 3544 577 613 2404
internal_value=-8.02796e-07 6.08161e-06 0.000256583 0.000209809 0.000313951 0.000186484 -0.000455473 -0.00100487 -0.00172198 0.000352499 -0.000232065 -0.00142056 -0.000804456 -0.00064861
internal_weight=647101 624644 28766 27773 24771 21934 4505 3047 2017 17429 4722 1178 1202 3002
internal_count=647101 624644 28766 27773 24771 21934 4505 3047 2017 17429 4722 1178 1202 3002
is_linear=0
shrinkage=0.03


Tree=229
num_leaves=15
num_cat=0
split_feature=14 21 18 20 8 17 18 19 17 20 17 19 21 17
split_gain=0.982124 1.12026 2.84229 3.50223 2.74318 4.1642 3.17287 6.63463 4.83853 4.53264 3.7572 3.24752 3.10162 6.94271
threshold=0.9956862462930377 0.0070861626882106074 0.22061973810195926 0.92254728078842174 0.17456586853135084 0.018510937690734867 0.068363010883331313 0.12900651991367343 -0.012127548456192015 0.65305504202842724 -0.064699828624725328 0.14068379998207095 0.007040260126814247 0.052059292793273933
decision_type=2 2 2 2 2 2 2 2 2 2 2 2 2 2
left_child=1 2 4 -4 6 -6 8 12 10 11 -1 -9 -8 -14
right_child=-2 -3 3 -5 5 -7 7 9 -10 -11 -12 -13 13 -15
leaf_value=-0.0020658538277680055 0.00013736595080323223 9.47177314555615e-06 0.00018918909530165611 0.002470253968361839 0.0015498257670794097 2.0767723501709765e-05 0.00042973368994058661 -0.0017112522646808182 -0.00063320265813468751 -0.00065414750976844447 0.00034750965962458534 0.00064297777175868255 -0.0061514407816742143 0.00072851524383282318
leaf_weight=620 44138 498523 14123 628 1862 11336 18280 592 27249 16291 8169 4524 205 353
leaf_count=620 44138 498523 14123 628 1862 11336 18280 592 27249 16291 8169 4524 205 353
internal_value=7.73665e-07 -9.22965e-06 -9.86714e-05 0.000287106 -0.000162279 0.000236995 -0.00023137 -4.82701e-05 -0.000435811 -0.000409563 0.000176187 0.000369152 0.000362293 -0.00183125
internal_weight=646893 602755 104232 14751 89481 13198 76283 40245 36038 21407 8789 5116 18838 558
internal_count=646893 602755 104232 14751 89481 13198 76283 40245 36038 21407 8789 5116 18838 558
is_linear=0
shrinkage=0.03


Tree=230
num_leaves=15
num_cat=0
split_feature=10 12 2 18 19 19 17 16 18 19 19 21 20 15
split_gain=0.994879 1.28649 1.21448 1.73676 2.38642 2.68646 2.90012 4.55333 2.31093 2.33994 5.15322 2.17 3.79198 2.08091
threshold=0.8426080044238613 0.98535275439890169 0.96348571777343761 0.11685323715209962 0.0017996453680098059 0.013919774908572437 0.097276329994201674 0.0079048275947570818 0.11521542072296144 0.27674183249473577 0.2424336448311806 0.011434975080192091 0.51834470033645641 0.045695279467825103
decision_type=2 2 2 2 2 2 2 2 2 2 2 2 2 2
left_child=1 2 3 8 -5 6 7 -6 9 10 -1 -12 -13 -7
right_child=-2 -3 -4 4 5 13 -8 -9 -10 -11 11 12 -14 -15
leaf_value=-5.4929066046921501e-05 4.3569036223456549e-05 0.00046550042338382993 -0.00028082815801102142 0.00097970668409755974 -0.00049376008333638314 0.00058879573807308965 0.00022673400774861848 -0.0043477295436111785 -0.0013272839143222647 0.00086070091811857026 -0.0016235163142661636 -0.0015723093620703091 0.0014856820797378486 3.7766760544829586e-05
leaf_weight=238809 266341 4616 17679 2542 700 6566 936 452 1305 2434 2696 801 662 100599
leaf_count=238809 266341 4616 17679 2542 700 6566 936 452 1305 2434 2696 801 662 100599
internal_value=-9.07528e-07 -3.2016e-05 -3.81269e-05 -2.61547e-05 7.19331e-05 5.0768e-05 -0.00101369 -0.00201816 -7.06037e-05 -6.3894e-05 -7.31739e-05 -0.00111946 -0.000188237 7.15542e-05
internal_weight=647138 380797 376181 358502 111795 109253 2088 1152 246707 245402 242968 4159 1463 107165
internal_count=647138 380797 376181 358502 111795 109253 2088 1152 246707 245402 242968 4159 1463 107165
is_linear=0
shrinkage=0.03


Tree=231
num_leaves=15
num_cat=0
split_feature=21 18 8 8 8 17 8 17 19 19 16 17 9 15
split_gain=0.862188 2.33421 1.95756 13.5556 7.90125 7.55659 7.98352 4.41706 2.93504 3.74061 2.72176 2.70394 2.29785 2.99609
threshold=0.006910797208547593 0.23828417062759402 0.14479995727065961 0.14480240943677214 0.14479595543951088 0.062135934829711921 0.15609142889839681 0.036723554134368903 0.043113358318805702 0.10765461996197702 0.027627170085906986 0.008381843566894533 0.0059552257627493279 0.24219875769081267
decision_type=2 2 2 2 2 2 2 2 2 2 2 2 2 2
left_child=1 2 4 7 12 10 -7 11 -8 -10 -5 -4 13 -1
right_child=-2 -3 3 5 -6 6 8 -9 9 -11 -12 -13 -14 -15
leaf_value=-0.00095948302180528632 1.4499123083663009e-05 0.00041596040256758305 -0.00092347414731999678 0.00044766915391162616 0.0012644218934556807 -0.0026292610693254221 0.00054225647861351391 0.00074719961331998382 -0.0010492711989332265 -0.00014356289250683492 -0.0017335384358219536 -0.0028807499732859078 -0.00029733854566957129 0.00025452333166674901
leaf_weight=2031 546990 7834 866 16132 4107 1431 3053 464 6338 11632 527 2445 25545 18048
leaf_count=2031 546990 7834 866 16132 4107 1431 3053 464 6338 11632 527 2445 25545 18048
internal_value=-3.36942e-07 -8.11195e-05 -0.000123184 -0.000271688 4.89998e-06 -0.000105879 -0.000465006 -0.00198723 -0.000317099 -0.000463208 0.000378168 -0.00237098 -0.000108606 0.000131518
internal_weight=647443 100453 92619 42888 49731 39113 22454 3775 21023 17970 16659 3311 45624 20079
internal_count=647443 100453 92619 42888 49731 39113 22454 3775 21023 17970 16659 3311 45624 20079
is_linear=0
shrinkage=0.03


Tree=232
num_leaves=15
num_cat=0
split_feature=13 20 19 17 14 20 11 20 6 16 3 5 16 16
split_gain=0.940605 1.42502 1.97929 1.43824 1.21479 1.90772 1.27624 1.13622 1.10038 1.0855 1.06292 1.33525 0.943106 1.75968
threshold=0.0090771581328732819 0.14574660360813144 -0.09028365463018416 0.015845894813537601 0.0036726455907121207 0.58373582363128673 0.53429914469088191 0.62861502170562755 -0.0016958814448305604 0.022756755352020267 0.43511009216308599 0.049768857074516455 0.038406729698181159 0.037388801574707038
decision_type=2 2 2 2 2 2 2 2 2 2 2 2 2 2
left_child=1 -1 3 -3 5 6 -2 -7 -4 -9 -10 -12 13 -6
right_child=4 2 8 -5 12 7 -8 9 10 -11 11 -13 -14 -15
leaf_value=-0.0021715467104529004 -0.0016670712299810897 0.00034882746624782357 -0.00011300886478699797 0.0031849013472475653 9.912611757677811e-06 0.0036590643440734369 0.0012556487459002431 -0.00044805409748935039 -0.00063305420143458903 0.0025788271861990363 -0.00066081474354381063 -0.0037087927974359448 -9.6637102616392437e-05 0.00057416528981910986
leaf_weight=375 298 756 2137 200 558177 240 237 211 1181 208 250 269 77563 5014
leaf_count=375 298 756 2137 200 558177 240 237 211 1181 208 250 269 77563 5014
internal_value=-2.75892e-08 -0.00040294 -0.000262447 0.000955632 3.21917e-06 0.000957236 -0.000372696 0.0020316 -0.000566784 0.00106724 -0.0011352 -0.00226091 1.43397e-06 1.49411e-05
internal_weight=647116 5168 4793 956 641948 1194 535 659 3837 419 1700 519 640754 563191
internal_count=647116 5168 4793 956 641948 1194 535 659 3837 419 1700 519 640754 563191
is_linear=0
shrinkage=0.03


Tree=233
num_leaves=15
num_cat=0
split_feature=8 8 20 21 17 21 8 18 8 8 21 18 17 8
split_gain=1.00066 6.16535 5.0969 5.48677 4.57188 3.67439 3.47715 3.66567 3.45996 7.08403 8.98282 6.85774 4.10135 3.98467
threshold=0.13494840585902937 0.074182358524838385 0.44771790504455572 0.012590361293405296 0.14000630378723147 0.012369677424430849 0.074186658326354765 -0.13658437132835385 0.14479995727065961 0.14480240943677214 0.006910797208547593 -0.088332533836364732 0.036723554134368903 0.14480125563067017
decision_type=2 2 2 2 2 2 2 2 2 2 2 2 2 2
left_child=1 -1 3 5 8 -3 7 -4 11 10 12 -2 -10 -12
right_child=4 2 6 -5 -6 -7 -8 -9 9 -11 13 -13 -14 -15
leaf_value=2.1498433595475025e-05 -0.00032711125536852119 7.4095275947543517e-05 0.0010544104129466018 -0.00055251950579026439 -0.00072819735538107589 0.0014638323240449697 0.00071530144176628111 -0.0010489062688385875 -0.0023025809113451472 3.4821197512141785e-05 0.001493974423928914 0.00042935434350647008 0.00069055768499840518 -0.00075651339889715391
leaf_weight=275598 13912 15628 786 15174 6796 1918 1253 13334 3271 248264 1343 47942 469 1487
leaf_count=275598 13912 15628 786 15174 6796 1918 1253 13334 3271 248264 1343 47942 469 1487
internal_value=4.09434e-06 -3.31974e-05 -0.000346602 -0.000134864 4.14098e-05 0.000226385 -0.000797078 -0.000931492 5.79365e-05 9.08123e-06 -0.000962855 0.0002592 -0.00192682 0.000312226
internal_weight=647175 323691 48093 32720 323484 17546 15373 14120 316688 254834 6570 61854 3740 2830
internal_count=647175 323691 48093 32720 323484 17546 15373 14120 316688 254834 6570 61854 3740 2830
is_linear=0
shrinkage=0.03


Tree=234
num_leaves=15
num_cat=0
split_feature=7 8 18 20 8 8 20 19 18 20 20 17 17 19
split_gain=0.850915 1.62825 1.42507 1.5298 1.35682 3.78074 9.20453 5.73737 5.99516 5.32524 4.29382 4.18095 3.42613 4.66167
threshold=-0.059821932499156509 0.17005093771648075 0.024368286132812503 0.37266817688941961 0.17004944558881532 0.17456281247456851 0.6798815429210664 0.25642377138137823 0.11836916208267213 0.50421237945556652 0.58848804235458385 0.025201857089996341 -0.019075006246566769 -0.024149673059582707
decision_type=2 2 2 2 2 2 2 2 2 2 2 2 2 2
left_child=1 -1 -3 -4 -2 6 7 9 -9 11 -10 12 13 -6
right_child=4 2 3 -5 5 -7 -8 8 10 -11 -12 -13 -14 -15
leaf_value=-0.00013925144420136686 1.4812240248538033e-05 -0.00023077438096581198 0.0020997716108222403 0.00051426977359803798 -0.0025607100412091319 8.3814460086952014e-06 0.0012391516670175753 -0.0027190029872683373 0.00093437573588080886 0.00036921000165659909 -0.0017114726848098017 0.0007225910409846063 -0.0012909479134094054 2.9728081125651848e-05
leaf_weight=7217 529057 2199 586 7620 713 72676 2762 2112 1026 6082 1184 1674 7409 4838
leaf_count=7217 529057 2199 586 7620 713 72676 2762 2112 1026 6082 1184 1674 7409 4838
internal_value=1.37469e-06 0.000206954 0.000447036 0.000628702 -4.3815e-06 -0.000105442 -0.000402952 -0.000584308 -0.00157794 -0.000376675 -0.000483792 -0.000686691 -0.000868932 -0.000305007
internal_weight=647155 17622 10405 8206 629533 100476 27800 25038 4322 20716 2210 14634 12960 5551
internal_count=647155 17622 10405 8206 629533 100476 27800 25038 4322 20716 2210 14634 12960 5551
is_linear=0
shrinkage=0.03


Tree=235
num_leaves=15
num_cat=0
split_feature=18 8 21 21 18 8 20 9 17 20 11 2 20 21
split_gain=1.00427 1.67957 2.72549 1.93071 1.18754 4.29256 2.26058 2.31572 2.28231 2.14009 3.13531 1.88741 3.3825 1.87267
threshold=-0.31835636496543879 0.047001329397577264 0.030785156413912777 0.037642441689968116 -0.17647090554237363 0.14479527241813525 0.40303626656532293 0.083532616755681938 0.098975658416748061 0.74898743629455578 0.60463221123598487 -0.76261195540428151 0.16712734103202823 0.023354209028184417
decision_type=2 2 2 2 2 2 2 2 2 2 2 2 2 2
left_child=1 -1 -3 -4 5 6 7 11 9 10 -8 12 -2 -6
right_child=4 2 3 -5 13 -7 8 -9 -10 -11 -12 -13 -14 -15
leaf_value=0.0012138878879875085 -0.0042049345252252067 0.0022675741564649834 -0.0023329215984509342 -0.00042406382870666207 -3.7513481152492843e-07 -0.0028661922704768992 -0.0027607606904422846 -0.00075809865446825001 -0.0036599918355681802 0.001138752570004665 0.00023827469852250144 0.00047899886147192424 0.0011086105363928291 -0.00049420110722200579
leaf_weight=386 209 212 862 1066 613338 397 542 1570 204 588 734 19766 214 6985
leaf_count=386 209 212 862 1066 613338 397 542 1570 204 588 734 19766 214 6985
internal_value=-2.33946e-07 -0.00059665 -0.000925292 -0.00128133 2.10804e-06 0.000208151 0.000259966 0.000350083 -0.000686787 -0.000352472 -0.00104141 0.000436427 -0.00153521 -5.93968e-06
internal_weight=647073 2526 2140 1928 644547 24224 23827 21759 2068 1864 1276 20189 423 620323
internal_count=647073 2526 2140 1928 644547 24224 23827 21759 2068 1864 1276 20189 423 620323
is_linear=0
shrinkage=0.03


Tree=236
num_leaves=15
num_cat=0
split_feature=8 8 20 21 17 18 18 8 8 21 17 21 17 8
split_gain=0.902082 6.77437 6.6871 5.13204 4.08025 3.401 3.37966 3.49551 7.02377 8.50386 4.71287 4.72176 3.78041 3.73572
threshold=0.074186658326354765 0.074182358524838385 0.44771790504455572 0.014136261306703092 0.14000630378723147 -0.13658437132835385 -0.2385444641113281 0.14479995727065961 0.14480240943677214 0.006910797208547593 -0.027458101511001583 0.019296364858746532 0.036723554134368903 0.14480125563067017
decision_type=2 2 2 2 2 2 2 2 2 2 2 2 2 2
left_child=1 -1 3 -3 6 -4 -2 10 9 12 -8 -12 -9 -11
right_child=4 2 5 -5 -6 -7 7 8 -10 13 11 -13 -14 -15
leaf_value=1.8084463798874853e-05 -0.0018505182625829979 0.00015553245566382224 0.0010347074378348354 -0.00076086790072220313 -0.00068914589970386572 -0.0010350397293005589 -0.00016031453228567471 -0.0022491072889235333 3.0614893356798228e-05 0.0014126075062715123 0.00049815112249413827 -0.0004671259005396153 0.00063105245427062416 -0.00076419289177982437
leaf_weight=275693 834 18591 751 7805 6839 13357 18619 3304 248014 1360 44548 5077 466 1473
leaf_count=275693 834 18591 751 7805 6839 13357 18619 3304 248014 1360 44548 5077 466 1473
internal_value=1.08224e-06 -3.51428e-05 -0.000397395 -0.00011553 3.5736e-05 -0.000924535 5.10616e-05 5.60023e-05 4.89642e-06 -0.000960402 0.000246663 0.000399359 -0.00189273 0.000281442
internal_weight=646731 316197 40504 26396 330534 14108 323695 322861 254617 6603 68244 49625 3770 2833
internal_count=646731 316197 40504 26396 330534 14108 323695 322861 254617 6603 68244 49625 3770 2833
is_linear=0
shrinkage=0.03


Tree=237
num_leaves=15
num_cat=0
split_feature=8 8 19 19 21 17 17 21 16 20 19 8 8 21
split_gain=0.899419 5.52225 6.29854 8.14307 4.75488 4.46913 4.46595 4.45271 4.00944 3.84572 3.68121 5.72256 6.90878 8.33641
threshold=0.13494840585902937 0.074182358524838385 -0.11027873307466506 -0.072392273694276796 0.017404322512447837 0.041536927223205573 0.14000630378723147 0.010899702552706005 0.012997090816497804 0.34435473382472997 -0.13447330892086026 0.14479995727065961 0.14480240943677214 0.006910797208547593
decision_type=2 2 2 2 2 2 2 2 2 2 2 2 2 2
left_child=1 -1 4 5 -3 -4 10 9 -7 -5 -2 -12 13 -13
right_child=6 2 3 7 -6 8 -8 -9 -10 -11 11 12 -14 -15
leaf_value=1.7344609184491624e-05 -0.00067069452151405069 0.00034514920908525844 -0.00092098811186842487 0.0008401255154799576 -0.00093593477457074264 -0.0034680847414553535 -0.00072595204109973557 -0.00072702222913116632 -0.0010859469132636199 -0.00031105769272721533 0.00034211058612834715 -0.0018772572853924465 3.2422579905073494e-05 0.00027441384819716115
leaf_weight=276072 6200 14585 7504 4484 3170 1381 6764 9275 1187 6241 55901 3757 247816 2845
leaf_count=276072 6200 14585 7504 4484 3170 1381 6764 9275 1187 6241 55901 3757 247816 2845
internal_value=1.11652e-06 -3.42158e-05 -0.000331809 -0.00059631 0.000116224 -0.00129174 3.65162e-05 -0.000245854 -0.00237125 0.000170406 5.28213e-05 6.72873e-05 6.89731e-06 -0.000950532
internal_weight=647182 323899 47827 30072 17755 10072 323283 20000 2568 10725 316519 310319 254418 6602
internal_count=647182 323899 47827 30072 17755 10072 323283 20000 2568 10725 316519 310319 254418 6602
is_linear=0
shrinkage=0.03


Tree=238
num_leaves=15
num_cat=0
split_feature=7 8 8 8 17 16 19 17 8 21 16 17 19 16
split_gain=0.872276 1.54755 1.50057 3.94795 4.65935 8.76478 5.06568 6.84891 4.02815 5.27484 5.25491 3.85879 2.94299 6.78264
threshold=-0.059821932499156509 0.17005116584446997 0.17004944558881532 0.17456281247456851 0.058737039566040046 0.0021879673004150395 0.25642377138137823 0.018004298210144046 0.17005048033810069 0.010449529625475408 -0.043126672506332391 0.03456473350524903 0.02525273431092501 0.035840809345245368
decision_type=2 2 2 2 2 2 2 2 2 2 2 2 2 2
left_child=1 -1 -2 4 6 -6 8 -8 11 -10 -11 -4 13 -12
right_child=2 -3 3 -5 5 -7 7 -9 9 10 12 -13 -14 -15
leaf_value=-0.00013023903444484797 1.46552696814413e-05 0.00044195674247104815 0.0024166716814820887 5.2117572822848187e-06 -0.0026605393728958318 0.00080947622771265684 0.0015347236649367723 -0.0026525363607090018 0.00044786231076086739 0.00063278835865118244 -0.0012883797261151804 -0.0012240765648132374 -0.00082345559948734427 -0.0057633895349420913
leaf_weight=7182 529179 10423 803 72341 750 4950 424 1975 3736 1966 1882 384 10775 360
leaf_count=7182 529179 10423 803 72341 750 4950 424 1975 3736 1966 1882 384 10775 360
internal_value=3.10948e-07 0.000208557 -5.51439e-06 -0.000111875 -0.000414275 0.000350964 -0.000609866 -0.00191083 -0.000452638 -0.000560189 -0.000811612 0.00123868 -0.00102992 -0.00201816
internal_weight=647130 17605 629525 100346 28005 5700 22305 2399 19906 18719 14983 1187 13017 2242
internal_count=647130 17605 629525 100346 28005 5700 22305 2399 19906 18719 14983 1187 13017 2242
is_linear=0
shrinkage=0.03


Tree=239
num_leaves=15
num_cat=0
split_feature=8 17 18 18 8 17 17 18 8 20 21 17 20 17
split_gain=0.972249 5.05711 5.07396 8.33953 5.36646 4.61137 3.83906 6.94636 5.52703 3.59812 3.52705 4.52134 4.39073 3.49855
threshold=0.049956354981132801 0.054259479045867927 0.048805534839630134 0.060652792453765876 0.047001536825169957 -0.0015747249126434324 -0.020930498838424679 0.13793659210205081 0.049955640231798409 0.41778817772865301 0.0080034928396344202 0.023760080337524418 0.64850279688835155 0.015845894813537601
decision_type=2 2 2 2 2 2 2 2 2 2 2 2 2 2
left_child=1 2 -1 5 -5 -4 7 -6 9 -8 11 12 -10 -12
right_child=-2 -3 3 4 6 -7 8 -9 10 -11 13 -13 -14 -15
leaf_value=-2.5940342213961164e-05 1.7567483816547819e-05 0.00017869272208798231 1.1380621300237935e-05 0.00037659488702747551 -0.0024506301195531895 -0.0037421852091081543 0.0015288835362057595 0.0017396688819355103 -0.0053855097102192507 -0.00033868731024873328 0.0007876134927075932 -0.0010150698141665642 -0.0012185928593897459 -0.0015370264192345947
leaf_weight=45934 526320 44122 405 6105 2071 1075 986 426 599 14725 952 1136 371 1487
leaf_count=45934 526320 44122 405 6105 2071 1075 986 426 599 14725 952 1136 371 1487
internal_value=-2.53201e-08 -7.69324e-05 -0.000224809 -0.000525857 -0.000412957 -0.00271845 -0.000624843 -0.0017337 -0.000487758 -0.000221032 -0.00140851 -0.0023066 -0.00380619 -0.000629909
internal_weight=646714 120394 76272 30338 28858 1480 22753 2497 20256 15711 4545 2106 970 2439
internal_count=646714 120394 76272 30338 28858 1480 22753 2497 20256 15711 4545 2106 970 2439
is_linear=0
shrinkage=0.03


Tree=240
num_leaves=15
num_cat=0
split_feature=8 8 16 18 20 8 8 17 18 21 8 20 8 18
split_gain=0.937843 1.23973 1.12463 1.70751 1.1949 1.10437 1.78727 2.04127 2.14234 1.72158 1.48635 2.42649 1.79796 3.53332
threshold=0.17857673709457347 0.1785741515716307 0.012046933174133303 0.065079033374786391 0.52313241362571727 0.17857349761315727 0.17857151720761819 -0.076159238815307603 0.12817311286926272 0.012115741148591043 0.17857085082263505 0.83440363407135021 0.17856678531421863 -0.0072827339172363273
decision_type=2 2 2 2 2 2 2 2 2 2 2 2 2 2
left_child=1 5 4 -4 -3 6 10 -8 9 -9 12 -12 -1 -14
right_child=-2 2 3 -5 -6 -7 7 8 -10 -11 11 -13 13 -15
leaf_value=7.6406010437949241e-06 0.0007590138541732341 -0.00047959165308033408 -0.0020155097410397851 -0.0003671907633096795 0.00057867034138180313 0.00054115241406538098 0.0022179509887927796 -0.0009527090999203535 -0.00018451547056548009 -0.0031396240797365387 0.00052495229606684831 -0.0020094880524609404 0.00015176341097918364 -0.00080119675436156595
leaf_weight=607103 1458 2664 827 1776 1495 3407 236 1856 4062 390 7617 351 6838 7169
leaf_count=607103 1458 2664 827 1776 1495 3407 236 1856 4062 390 7617 351 6838 7169
internal_value=3.09187e-07 -1.4096e-06 -0.000405334 -0.000893739 -9.89492e-05 2.86774e-06 -2.17599e-08 -0.000493059 -0.000596162 -0.00133858 5.11095e-06 0.000412117 -1.13664e-07 -0.000336088
internal_weight=647249 645791 6762 2603 4159 639029 635622 6544 6308 2246 629078 7968 621110 14007
internal_count=647249 645791 6762 2603 4159 639029 635622 6544 6308 2246 629078 7968 621110 14007
is_linear=0
shrinkage=0.03


Tree=241
num_leaves=15
num_cat=0
split_feature=14 19 17 20 16 20 20 16 17 17 16 16 8 16
split_gain=0.866034 1.17786 2.20138 2.87722 2.42138 2.05346 1.94236 2.75644 1.83208 3.28094 2.58366 1.82223 1.70837 1.77501
threshold=0.99722863682213625 0.40323638916015631 0.023760080337524418 0.90306514501571666 0.040961444377899177 0.92254728078842174 0.91373437643051159 0.025888979434967044 0.093851745128631606 0.089533507823944106 0.029274523258209232 0.039575099945068366 0.056135549147686141 0.04912239313125611
decision_type=2 2 2 2 2 2 2 2 2 2 2 2 2 2
left_child=1 6 -3 8 5 -5 -1 -8 9 -4 -11 -7 13 -6
right_child=-2 2 3 4 12 11 7 -9 -10 10 -12 -13 -14 -15
leaf_value=-4.3396905620521116e-06 0.00015421105889704595 -0.002127020411228274 5.6582960178758078e-05 -0.0025851744744231834 0.00042205927396663954 -0.00050421550306512723 -0.0013490169045061282 0.0010190483181073311 0.00061960012635665961 0.00037447296160583694 -0.0038215796479835504 -0.0024554031040104007 0.00051176545105768693 -0.0018347263008753321
leaf_weight=595552 31505 542 4139 715 538 2745 510 3154 4244 202 372 507 2009 742
leaf_count=595552 31505 542 4139 715 538 2745 510 3154 4244 202 372 507 2009 742
internal_value=8.08976e-07 -7.03825e-06 -0.000255089 -0.000191874 -0.000635691 -0.00113421 -1.00302e-07 0.000688043 0.000167813 -0.000239241 -0.00235444 -0.000811716 -3.35965e-05 -0.00088822
internal_weight=647476 615971 16755 16213 7256 3967 599216 3664 8957 4713 574 3252 3289 1280
internal_count=647476 615971 16755 16213 7256 3967 599216 3664 8957 4713 574 3252 3289 1280
is_linear=0
shrinkage=0.03


Tree=242
num_leaves=15
num_cat=0
split_feature=16 16 8 19 18 19 17 17 19 17 19 17 21 20
split_gain=0.825408 2.69557 4.39342 2.44955 2.16753 3.81268 4.12876 3.97193 3.66699 3.48408 3.60437 3.25166 3.01048 4.11716
threshold=0.017815053462982181 0.019300282001495365 0.056133204841835711 0.43514244258403784 -0.12307077646255492 -0.087885994464158998 0.032913744449615485 0.030467569828033451 -0.094228208065032945 0.008381843566894533 -0.11963026970624922 0.098975658416748061 0.022266084328293804 0.24092311412096026
decision_type=2 2 2 2 2 2 2 2 2 2 2 2 2 2
left_child=3 2 -2 -1 9 6 7 -6 -8 -3 -11 -12 13 -7
right_child=1 4 -4 -5 5 12 8 -9 -10 10 11 -13 -14 -15
leaf_value=3.3578643975932675e-05 -0.0012666052605337977 -9.467593578642494e-06 -9.450485802487961e-05 -0.00095437388993474277 -0.00087455603374021838 0.0011540006795702159 0.00048859628013928384 -0.0040291535312916927 -0.0025978626702464632 0.001628782592073818 0.00040369335683796477 -0.0035319671064174374 -0.00074943882063154238 -9.9104983506781544e-06
leaf_weight=416861 4141 9334 9415 2266 6180 2772 3456 377 380 3021 1963 204 4847 182019
leaf_count=416861 4141 9334 9415 2266 6180 2772 3456 377 380 3021 1963 204 4847 182019
internal_value=3.23283e-06 -4.26891e-05 -0.000452886 2.8226e-05 -1.6762e-05 -4.24572e-05 -0.00060179 -0.00105886 0.000179863 0.000337067 0.000959943 2.5915e-05 -1.17883e-05 7.57977e-06
internal_weight=647236 228109 13556 419127 214553 200031 10393 6557 3836 14522 5188 2167 189638 184791
internal_count=647236 228109 13556 419127 214553 200031 10393 6557 3836 14522 5188 2167 189638 184791
is_linear=0
shrinkage=0.03


Tree=243
num_leaves=15
num_cat=0
split_feature=16 16 17 8 12 17 17 16 20 20 16 16 6 18
split_gain=0.813211 1.80692 2.60216 2.32958 1.79138 1.75298 1.74439 2.27879 2.33979 2.1708 3.31289 2.77647 2.01313 1.97959
threshold=0.038406729698181159 0.037388801574707038 -0.0032107532024383541 0.047002016705506557 0.011037054380808041 0.068692624568939223 0.14384436607360843 0.026555836200714115 0.92254728078842174 0.89058539271354686 0.032670617103576667 0.024130702018737796 0.046840398212691016 -0.2385444641113281
decision_type=2 2 2 2 2 2 2 2 2 2 2 2 2 2
left_child=1 6 -3 -4 -2 -5 9 8 -8 13 11 -11 -9 -1
right_child=4 2 3 5 -6 -7 7 12 -10 10 -12 -13 -14 -15
leaf_value=-0.00052209910988960831 -0.0016287410500218794 0.0016977383188571521 0.0019073100530546138 -0.00079672251727533751 -7.7643471493078902e-05 0.00063306415420992111 0.00040731570093198839 0.0019686061524329221 -0.00091533032066013051 -0.00068566301327799956 0.001450212730607322 -0.0032803829358780982 -0.00014076929155074186 1.1556423968732323e-05
leaf_weight=6324 671 1357 576 1732 77277 1384 7015 1330 1448 3645 588 409 585 542252
leaf_count=6324 671 1357 576 1732 77277 1384 7015 1330 1448 3645 588 409 585 542252
internal_value=-2.31605e-07 1.22249e-05 0.000576946 0.000163258 -9.10994e-05 -0.000161673 7.16079e-06 0.000392412 0.000180607 -6.97474e-08 -0.000645744 -0.000951158 0.00132554 5.39972e-06
internal_weight=646593 568645 5049 3692 77948 3116 563596 10378 8463 553218 4642 4054 1915 548576
internal_count=646593 568645 5049 3692 77948 3116 563596 10378 8463 553218 4642 4054 1915 548576
is_linear=0
shrinkage=0.03


Tree=244
num_leaves=15
num_cat=0
split_feature=8 20 19 16 16 8 19 8 16 16 17 8 20 8
split_gain=1.01794 4.4097 4.71584 5.5362 6.95152 6.37223 5.19741 4.53141 4.48295 4.24373 4.13678 3.44483 3.30135 3.06485
threshold=0.049956620245035159 0.78978112339973461 0.13521633297204974 0.00077223777770996105 0.0042066574096679696 0.049956177304760742 0.17277628928422931 0.049956177304760742 0.013978719711303713 0.015555381774902345 -0.031638175249099725 0.050384221673779254 0.70182275772094738 0.047002692418188267
decision_type=2 2 2 2 2 2 2 2 2 2 2 2 2 2
left_child=1 2 -1 6 5 -5 7 10 -6 -10 -4 -2 -12 -11
right_child=11 -3 3 4 8 -7 -8 -9 9 13 12 -13 -14 -15
leaf_value=-6.2168662480185162e-05 0.0002673930228423118 0.00029684744451716037 -0.0037657582477248945 -0.003827605371158449 0.00034005973198459916 1.7404710474323692e-05 0.0030197217866584419 -0.0034339655312242479 -0.00520046516552637 -0.00024586284352491302 0.00081125940085540729 -4.1665776342552161e-06 -0.0010187462955099269 -0.0013986921533344565
leaf_weight=82847 46117 23316 227 1252 3059 561 528 336 206 3717 3434 475213 1191 4702
leaf_count=82847 46117 23316 227 1252 3059 561 528 336 206 3717 3434 475213 1191 4702
internal_value=1.40012e-06 -7.53479e-05 -0.000160388 -0.000583785 -0.00091509 -0.00264106 0.000198632 -9.11107e-05 -0.000646257 -0.000996065 0.000143678 1.9858e-05 0.000339417 -0.000890164
internal_weight=646706 125376 102060 19213 13497 1813 5716 5188 11684 8625 4852 521330 4625 8419
internal_count=646706 125376 102060 19213 13497 1813 5716 5188 11684 8625 4852 521330 4625 8419
is_linear=0
shrinkage=0.03


Tree=245
num_leaves=15
num_cat=0
split_feature=4 1 19 18 5 19 1 21 10 11 8 8 15 19
split_gain=0.878277 2.90955 2.13039 1.86815 2.14952 1.67868 1.65231 1.73932 1.86014 1.63439 1.88147 1.59526 1.44932 1.85486
threshold=-0.31838786602020258 3.7494348669884658 0.22199526429176333 -0.14057180285453794 0.14363273614358915 0.38113558292388922 4.1820210059610323 0.0089712822809815424 0.16337543749167407 0.61640129156052736 0.14479221047977611 0.047001467801084572 0.13137375898195383 -0.081252459436655031
decision_type=2 2 2 2 2 2 2 2 2 2 2 2 2 2
left_child=1 2 11 9 6 -6 -5 -8 -9 -3 -11 12 13 -1
right_child=-2 3 -4 4 5 -7 7 8 -10 10 -12 -13 -14 -15
leaf_value=0.00051396751600259454 8.9955618022109866e-06 -1.3818124328598058e-05 -0.0024834184624805029 -0.00088507683919213152 0.00011961029036748264 -0.0024411895680476114 0.00016061837123401284 -0.00095251165776020943 -0.00017697869151179794 0.0010179487926123471 -0.00023269198546177724 -0.00023482595135173722 -0.0022996265561956342 -0.0023826631709080708
leaf_weight=565 583374 7268 556 3962 20590 228 7140 4075 8769 3932 1491 4169 755 301
leaf_count=565 583374 7268 556 3962 20590 228 7140 4075 8769 3932 1491 4169 755 301
internal_value=-2.56234e-06 -0.000108236 -0.000717558 -4.0879e-05 -0.000131965 9.09848e-05 -0.000325771 -0.00021469 -0.000423306 0.000280329 0.0006742 -0.00054599 -0.00134308 -0.000500727
internal_weight=647175 63801 6346 57455 44764 20818 23946 19984 12844 12691 5423 5790 1621 866
internal_count=647175 63801 6346 57455 44764 20818 23946 19984 12844 12691 5423 5790 1621 866
is_linear=0
shrinkage=0.03


Tree=246
num_leaves=15
num_cat=0
split_feature=4 19 7 18 13 15 19 19 7 21 18 7 13 14
split_gain=0.848878 1.73657 1.36377 2.19829 2.25493 1.99605 4.89576 4.30653 4.26159 2.54432 2.24966 2.21755 1.9738 2.53579
threshold=-0.16336873173713681 0.38113558292388922 0.076911906090548973 -0.14057180285453794 0.62481280901586345 0.045695279467825103 0.053768506273627288 -0.11664577946066855 0.00027689112854261544 0.0076946034096181401 0.21078896522521975 0.052362744626114351 0.020277122964749743 0.026635840941227482
decision_type=2 2 2 2 2 2 2 2 2 2 2 2 2 2
left_child=1 2 3 12 5 6 7 -5 9 -8 -10 -9 -1 -14
right_child=-2 -3 -4 4 -6 -7 8 11 10 -11 -12 -13 13 -15
leaf_value=-0.0014077846610238568 1.8947967493441546e-05 -0.00087767843326105465 7.5532549770622427e-05 0.00091114824543188843 -3.1509099546090764e-05 -0.00039497005314144233 0.0041746049537733487 -0.0014686387358651823 4.0310537034882546e-05 0.00053182341380361047 0.0025204077221988824 0.0010012593360245227 0.0020895167443364454 0.00015628888606083438
leaf_weight=695 459899 2286 56953 1283 56707 40415 506 2629 2237 263 381 370 623 22169
leaf_count=695 459899 2286 56953 1283 56707 40415 506 2629 2237 263 381 370 623 22169
internal_value=-2.98725e-06 -5.6784e-05 -4.66297e-05 -0.000100868 -0.000159663 -0.000310779 0.00013287 -0.000541022 0.000984377 0.00294025 0.000405358 -0.00116276 0.00016143 0.000209579
internal_weight=647416 187517 185231 128278 104791 48084 7669 4282 3387 769 2618 2999 23487 22792
internal_count=647416 187517 185231 128278 104791 48084 7669 4282 3387 769 2618 2999 23487 22792
is_linear=0
shrinkage=0.03


Tree=247
num_leaves=15
num_cat=0
split_feature=20 8 8 16 21 17 21 19 16 17 19 20 13 5
split_gain=0.871453 2.15735 2.9146 4.09373 1.25151 1.95614 1.8466 2.72377 1.58398 1.1563 1.13268 1.12772 2.19323 2.37056
threshold=0.078103616833686842 0.047001329397577264 0.047001398658655213 -0.11381205916404723 0.030785156413912777 -0.048402607440948479 0.026642818003892902 1.0000000180025095e-35 0.0096197724342346209 -0.12636098265647885 -0.18656601011753079 0.16270012408494952 0.020277122964749743 0.049280188546829119
decision_type=2 2 2 2 2 2 2 2 2 2 2 2 2 2
left_child=1 -1 -3 -4 6 -6 11 8 -8 10 -5 12 13 -2
right_child=4 2 3 9 5 -7 7 -9 -10 -11 -12 -13 -14 -15
leaf_value=0.0026596004847669972 -0.0032849569829081051 -0.0023058811260759935 0.0013178687509618424 -0.00064305756292499909 -0.00063950866104001949 0.0013735210305062858 -0.00060850805540355166 0.001216592003960809 -0.0028561686283870708 -0.0015223603419244351 0.00039157865094710829 -4.9383375437689697e-06 0.00023098879041847436 0.00030717906192611011
leaf_weight=209 331 652 1277 3595 627 1392 550 358 582 929 1291 607428 27343 324
leaf_count=209 331 652 1277 3595 627 1392 550 358 582 929 1291 607428 27343 324
internal_value=-3.54076e-07 -0.000312353 -0.000394227 -0.000216979 3.53188e-06 0.00074834 1.16501e-06 -0.00105195 -0.00177159 -0.000554881 -0.000369561 3.64271e-06 0.00018978 -0.00151922
internal_weight=646888 7953 7744 7092 638935 2019 636916 1490 1132 5815 4886 635426 27998 655
internal_count=646888 7953 7744 7092 638935 2019 636916 1490 1132 5815 4886 635426 27998 655
is_linear=0
shrinkage=0.03


Tree=248
num_leaves=15
num_cat=0
split_feature=21 18 21 8 19 19 19 18 18 9 16 18 18 21
split_gain=0.84892 3.15581 3.12513 2.76161 2.3307 2.26581 3.30786 6.8766 8.00115 3.91636 5.02059 3.98545 3.89714 5.27731
threshold=0.017776912078261379 -0.2385444641113281 0.018363822251558307 0.14480554323282804 0.23724578320980075 -0.12736545503139493 -0.083282086998224245 -0.08333531022071837 -0.0058202147483825675 0.00011200257833525117 0.0063090324401855477 -0.077353715896606431 -0.078841745853424058 0.010449529625475408
decision_type=2 2 2 2 2 2 2 2 2 2 2 2 2 2
left_child=1 -1 3 -2 -5 -3 7 -7 9 -9 -11 -12 13 -8
right_child=2 5 -4 4 -6 6 12 8 -10 10 11 -13 -14 -15
leaf_value=-0.00089604080117992944 -0.00020592299365681157 0.00021773274808456225 -2.3709650020649959e-05 -0.0017481954491933105 0.00061441292187983218 0.0001831805746862372 0.00014986819539797259 -0.00011628338616383832 0.00021030005538940778 -0.00093902095151855713 -0.0054288292386456332 -0.0019941164691059856 3.9470151911226267e-05 -0.0006738431404498703
leaf_weight=3425 4298 46420 47704 2517 439 16067 12240 3004 6526 7531 344 2513 477820 16342
leaf_count=3425 4298 46420 47704 2517 439 16067 12240 3004 6526 7531 344 2513 477820 16342
internal_value=8.28828e-07 1.12958e-05 -0.000111955 -0.000691863 -0.00139688 1.65812e-05 -6.36089e-07 -0.00027854 -0.000650943 -0.00107055 -0.00134632 -0.00241644 1.91144e-05 -0.000321131
internal_weight=647190 592232 54958 7254 2956 588807 542387 35985 19918 13392 10388 2857 506402 28582
internal_count=647190 592232 54958 7254 2956 588807 542387 35985 19918 13392 10388 2857 506402 28582
is_linear=0
shrinkage=0.03


Tree=249
num_leaves=15
num_cat=0
split_feature=10 2 20 7 12 18 18 19 5 18 19 20 18 5
split_gain=0.784024 1.21402 1.3812 1.37049 1.28093 1.2329 2.24019 2.75176 2.24362 3.23386 3.18388 3.08846 2.67266 2.38555
threshold=0.8426080044238613 1.0025597810745241 0.57951587438583385 0.0013435054568132351 0.045912394180097411 0.11685323715209962 0.044580459594726569 -0.053845072165131562 0.052839635558373114 0.051418125629425056 0.14068379998207095 0.71421277523040783 0.056053757667541511 0.15608899966217701
decision_type=2 2 2 2 2 2 2 2 2 2 2 2 2 2
left_child=1 5 -3 -4 -5 6 -1 -8 10 -10 -9 -12 -11 -14
right_child=-2 2 3 4 -6 -7 7 8 9 12 11 -13 13 -15
leaf_value=2.7599771002957711e-07 3.7377051770442599e-05 5.8596675745524796e-05 -0.001144747630347488 -0.0016197697487464158 -0.00019694526765754277 6.3499137719338778e-05 0.00058882482139698423 -0.00090769914571143986 -0.00077582638990880009 0.00080579667056667522 0.00033704793241705317 -0.00098616691317401006 0.00012703694198971206 -0.00033772301015153175
leaf_weight=180497 266232 6545 2294 614 7148 113967 3762 9464 6318 3052 5076 2304 19109 20705
leaf_count=180497 266232 6545 2294 614 7148 113967 3762 9464 6318 3052 5076 2304 19109 20705
internal_value=-2.11866e-06 -2.97278e-05 -0.000280583 -0.000501259 -0.000310466 -1.82913e-05 -5.55347e-05 -0.000199867 -0.000244844 -0.000142477 -0.000543624 -7.64413e-05 -4.90481e-05 -0.00011467
internal_weight=647087 380855 16601 10056 7762 364254 250287 69790 66028 49184 16844 7380 42866 39814
internal_count=647087 380855 16601 10056 7762 364254 250287 69790 66028 49184 16844 7380 42866 39814
is_linear=0
shrinkage=0.03


Tree=250
num_leaves=15
num_cat=0
split_feature=21 17 8 18 19 17 8 4 16 21 20 16 17 8
split_gain=0.839986 2.54353 1.93409 5.28529 3.16052 2.66758 2.13712 3.56689 2.6077 1.84374 3.55657 3.85848 3.21391 4.92024
threshold=0.0070861626882106074 -0.064699828624725328 0.17856678531421863 -0.012789845466613768 -0.027647828683257099 0.097276329994201674 0.17856424266173929 -0.52457308769226063 0.010543048381805422 0.0089915529824793356 0.20907204598188403 0.015277266502380373 0.027054488658905033 0.17004944558881532
decision_type=2 2 2 2 2 2 2 2 2 2 2 2 2 2
left_child=1 -1 6 -4 -5 -6 9 -8 -9 10 -2 12 -12 -14
right_child=2 -3 3 4 5 -7 7 8 -10 -11 11 -13 13 -15
leaf_value=-0.0019026437688091696 -0.00083892677992852556 -6.3671018823766067e-05 0.0002430805333362164 -0.0019193198777195648 -0.00029369199076423054 -0.0015013336295530806 0.0041621143640961956 0.0010343752843444732 -0.00050741126714532912 -1.2482391171664254e-05 0.00044555948118557776 -5.2818889620980874e-05 0.00017026347403875129 -0.0010933038651882261
leaf_weight=676 3412 112839 12089 1458 12359 1895 245 2709 1548 364885 44067 54452 31529 3036
leaf_count=676 3412 112839 12089 1458 12359 1895 245 2709 1548 364885 44067 54452 31529 3036
internal_value=-6.01498e-07 -7.47057e-05 1.51611e-05 -0.000228436 -0.000591188 -0.000454712 2.85502e-05 0.000678902 0.000473788 2.27038e-05 0.000116762 0.000141294 0.000275711 5.91366e-05
internal_weight=647199 113515 533684 27801 15712 14254 505883 4502 4257 501381 136496 133084 78632 34565
internal_count=647199 113515 533684 27801 15712 14254 505883 4502 4257 501381 136496 133084 78632 34565
is_linear=0
shrinkage=0.03


Tree=251
num_leaves=15
num_cat=0
split_feature=21 21 18 8 20 16 19 18 18 18 21 8 4 16
split_gain=0.870365 1.18816 1.9582 0.816426 4.48465 4.21392 6.54133 6.06404 6.31347 6.01917 5.22959 4.40161 3.9346 3.54256
threshold=0.0036215113941580061 0.0037365164607763295 0.085777342319488539 0.050382305903594771 0.78978112339973461 -0.0030477643013000484 0.20579667389392856 0.0089250206947326678 0.060652792453765876 0.048805534839630134 0.0063020500820130118 0.049956796259333615 -0.63595032691955555 -0.00077149271965026845
decision_type=2 2 2 2 2 2 2 2 2 2 2 2 2 2
left_child=-1 2 -2 4 5 6 -3 11 9 -9 -10 12 -7 -14
right_child=1 3 -4 -5 -6 7 -8 8 10 -11 -12 -13 13 -15
leaf_value=0.00055117334439988748 -0.0016191085891987919 3.4235817503184051e-05 2.2793193176344783e-05 1.6007774537208046e-05 0.00030900517102072644 -0.0014739121542446589 0.0039815802813514952 -0.0007502424968471495 0.0020682789704522136 -0.003795708028087257 -0.00052731176434990111 -0.0028732935609812318 -0.0014875625233936925 0.00023318447788074173
leaf_weight=2549 1078 45452 1649 511100 23292 1401 376 1353 710 1027 30793 460 1122 24178
leaf_count=2549 1078 45452 1649 511100 23292 1401 376 1353 710 1027 30793 460 1122 24178
internal_value=-1.5427e-06 -3.73468e-06 -0.000628036 -1.07494e-06 -6.81497e-05 -0.000150359 6.7053e-05 -0.00031357 -0.000581248 -0.0020696 -0.000468495 2.04011e-05 7.07817e-05 0.000156594
internal_weight=646540 643991 2727 641264 130164 106872 45828 61044 33883 2380 31503 27161 26701 25300
internal_count=646540 643991 2727 641264 130164 106872 45828 61044 33883 2380 31503 27161 26701 25300
is_linear=0
shrinkage=0.03


Tree=252
num_leaves=15
num_cat=0
split_feature=12 2 18 17 5 13 4 19 18 5 12 4 10 9
split_gain=0.896891 1.28664 1.74996 2.35076 2.63734 3.73268 5.44254 5.13189 3.20463 2.27246 1.55737 1.54736 1.57952 1.35922
threshold=0.32078158161433556 0.76040637493133556 0.11685323715209962 0.082116782665252699 0.046369955354854449 0.0090771581328732819 -0.2113477289676666 0.053768506273627288 0.1475295424461365 0.13460778485950028 0.037761671192081993 -0.16013112664222715 0.024036398151205025 0.056431060953357932
decision_type=2 2 2 2 2 2 2 2 2 2 2 2 2 2
left_child=1 2 -1 4 5 -4 7 -7 -8 -6 -9 -10 -13 -3
right_child=-2 13 3 -5 9 6 8 10 11 -11 -12 12 -14 -15
leaf_value=-0.00014391281984711335 1.3279719176663337e-05 -0.00094687928794039882 -0.00083680859197474719 -0.00028283198553908604 -0.00030273303235311559 -0.00088712849068854529 -0.0017225085336441215 0.0024804022784617494 -0.00089174969869435102 0.00039943928018379855 0.0050249434436681374 0.0034061840789431667 0.00099352177902392071 -0.00015114147797904573
leaf_weight=62002 545593 3032 892 8803 6833 240 450 381 322 10541 557 281 1741 5316
leaf_count=62002 545593 3032 892 8803 6833 240 450 381 322 10541 557 281 1741 5316
internal_value=-1.94732e-06 -8.38818e-05 -5.18591e-05 0.000132005 0.000296246 0.00091333 0.00130692 0.00301277 0.000583606 0.000123275 0.00401002 0.00102906 0.00133639 -0.000440548
internal_weight=646984 101391 93043 31041 22238 4864 3972 1178 2794 17374 938 2344 2022 8348
internal_count=646984 101391 93043 31041 22238 4864 3972 1178 2794 17374 938 2344 2022 8348
is_linear=0
shrinkage=0.03


Tree=253
num_leaves=15
num_cat=0
split_feature=8 8 19 19 17 18 16 17 19 8 8 17 17 17
split_gain=0.822271 4.86111 5.65514 7.25665 3.88978 3.86811 3.70338 3.57498 3.60315 4.88035 5.77945 6.92616 6.4713 4.82334
threshold=0.13494840585902937 0.074182358524838385 -0.11027873307466506 -0.072392273694276796 0.041536927223205573 -0.12065929174423216 0.012997090816497804 0.14000630378723147 -0.13447330892086026 0.14479995727065961 0.14480240943677214 0.036723554134368903 0.008381843566894533 -0.091123223304748521
decision_type=2 2 2 2 2 2 2 2 2 2 2 2 2 2
left_child=1 -1 -3 4 -4 -5 -6 8 13 -10 11 12 -11 -2
right_child=7 2 3 5 6 -7 -8 -9 9 10 -12 -13 -14 -15
leaf_value=1.4879055735338958e-05 5.1678363144495806e-05 0.0001130298957149133 -0.00087496548838033076 -0.001346407210081249 -0.0032745051629908921 -7.7560361614820034e-05 -0.00097785505217923134 -0.0006467197974782562 0.00031714903662687614 -0.00031095839721178637 3.0651996774678315e-05 0.0012532566798163984 -0.0023774381387485343 -0.0016464877218178482
leaf_weight=276053 3543 17685 7486 2460 1390 17617 1166 6790 55778 2816 248128 1141 2643 2612
leaf_count=276053 3543 17685 7486 2460 1390 17617 1166 6790 55778 2816 248128 1141 2643 2612
internal_value=3.01004e-07 -3.34897e-05 -0.000312777 -0.000562775 -0.001221 -0.000233326 -0.00223077 3.41341e-05 4.87433e-05 6.29957e-05 7.33841e-06 -0.000868499 -0.00131271 -0.000669725
internal_weight=647308 323857 47804 30119 10042 20077 2556 323451 316661 310506 254728 6600 5459 6155
internal_count=647308 323857 47804 30119 10042 20077 2556 323451 316661 310506 254728 6600 5459 6155
is_linear=0
shrinkage=0.03


Tree=254
num_leaves=15
num_cat=0
split_feature=4 20 17 8 20 21 18 19 19 17 21 21 21 8
split_gain=0.842419 1.43282 2.4659 2.35422 2.31074 4.25166 3.10639 3.88332 2.87128 2.59701 2.03175 2.32003 3.95533 3.53484
threshold=-0.068363606929779039 0.34858180582523351 -0.066741496324539171 0.056134495986914938 0.28191116452217108 0.017210036516189579 0.035597443580627448 0.096569418907165541 0.12900651991367343 0.038491010665893562 0.019643629901111129 0.01427654502913356 0.014908227138221266 0.050383200689937929
decision_type=2 2 2 2 2 2 2 2 2 2 2 2 2 2
left_child=1 4 3 -3 6 -6 7 9 -7 -1 11 -4 13 -13
right_child=-2 2 10 -5 5 8 -8 -9 -10 -11 -12 12 -14 -15
leaf_value=-3.0846905135226884e-05 4.1648991145056523e-05 -0.0023819329075735422 -8.8269920508627308e-05 -0.00012276943221412121 0.00045431237513646671 -0.00023321861886114575 -0.00092761349385027522 0.0016699013925614078 -0.0023809900190589453 0.0010499828380882916 -0.00076657747515218317 -0.0001865242570432371 3.3235096225477052e-05 0.0014192429833296523
leaf_weight=88625 277801 803 207051 855 24000 4187 3242 1256 642 2042 3620 1815 27421 3841
leaf_count=88625 277801 803 207051 855 24000 4187 3242 1256 642 2042 3620 1815 27421 3841
internal_value=2.18121e-06 -2.75e-05 -6.94973e-05 -0.0012208 5.56194e-05 0.000290893 -1.56652e-05 1.65466e-05 -0.000520925 -6.44793e-06 -6.16412e-05 -5.09983e-05 0.000182288 0.000904246
internal_weight=647201 369400 245406 1658 123994 28829 95165 91923 4829 90667 243748 240128 33077 5656
internal_count=647201 369400 245406 1658 123994 28829 95165 91923 4829 90667 243748 240128 33077 5656
is_linear=0
shrinkage=0.03


Tree=255
num_leaves=15
num_cat=0
split_feature=20 8 8 17 21 8 21 20 21 18 17 20 20 21
split_gain=0.817072 2.05613 2.69339 2.04436 1.25895 2.92189 1.20603 1.67694 1.64573 2.17787 1.54001 0.985972 3.86361 6.76336
threshold=0.078103616833686842 0.047001329397577264 0.047001467801084572 -0.12636098265647885 0.030785156413912777 0.047002016705506557 0.030785156413912777 0.20372958481311801 0.026642818003892902 0.028419256210327152 -0.098878264427185045 0.34858180582523351 0.28191116452217108 0.017210036516189579
decision_type=2 2 2 2 2 2 2 2 2 2 2 2 2 2
left_child=1 -1 -3 4 5 -4 8 -8 11 -10 -11 12 -2 -14
right_child=6 2 3 -5 -6 -7 7 -9 9 10 -12 -13 13 -15
leaf_value=0.0025448304363758466 -2.431061430063849e-05 -0.001973037152572312 0.0016216439801643291 -0.0014822637769932629 -0.00073524592881637845 -0.00016431649036365625 0.00015924091573673427 0.0020425937683862796 0.0010315999656238634 -0.00050614000522263166 -0.0027567865794389623 -1.688152265462979e-05 0.00048977009984422831 -0.00057926350612247921
leaf_weight=217 103909 849 1085 941 1488 3381 1384 610 353 535 561 491961 33916 6314
leaf_count=217 103909 849 1085 941 1488 3381 1384 610 353 535 561 491961 33916 6314
internal_value=-4.2306e-07 -0.000302379 -0.000383753 -0.000186772 1.90458e-05 0.000270905 3.338e-06 0.00073906 1.03118e-06 -0.00100711 -0.00166545 3.33558e-06 7.23368e-05 0.000321937
internal_weight=647504 7961 7744 6895 5954 4466 639543 1994 637549 1449 1096 636100 144139 40230
internal_count=647504 7961 7744 6895 5954 4466 639543 1994 637549 1449 1096 636100 144139 40230
is_linear=0
shrinkage=0.03


Tree=256
num_leaves=15
num_cat=0
split_feature=7 4 5 10 16 4 6 16 16 20 18 18 17 21
split_gain=0.837933 1.26671 1.32634 0.916601 1.00605 0.944979 1.09631 0.829322 3.19168 2.01251 1.95943 2.23052 4.16069 3.86576
threshold=-0.059821932499156509 -0.040386378765106194 0.050383896098524526 0.87310284519899339 -0.027247130870819088 -0.0033780336380004878 0.16920227851617431 0.017815053462982181 0.019300282001495365 0.89058539271354686 -0.10885652899742125 -0.13658437132835385 -0.10020053386688231 0.013837319798767568
decision_type=2 2 2 2 2 2 2 2 2 2 2 2 2 2
left_child=1 2 -1 4 -3 -5 -7 9 -9 10 11 13 -13 -2
right_child=7 3 -4 5 -6 6 -8 8 -10 -11 -12 12 -14 -15
leaf_value=-0.00040498314964012818 0.00033068677517539443 0.0019429910824517718 0.00028916926128356622 0.0005617006451003278 0.00015060346469284382 0.00087336969920085046 0.0031211516297716211 -0.0005112316602167269 -2.5668025733715088e-05 -0.00078995166357144063 5.0079281054203415e-05 -0.0011263537149255522 -0.00014568866236784882 -0.00029287952648754791
leaf_weight=4439 17112 295 5593 1748 4679 482 330 12938 207617 2751 349582 5135 16067 18743
leaf_count=4439 17112 295 5593 1748 4679 482 330 12938 207617 2751 349582 5135 16067 18743
internal_value=-1.56713e-06 0.000202773 -1.80308e-05 0.000496605 0.000258752 0.00095734 0.00180039 -7.26671e-06 -5.41627e-05 1.79984e-05 2.3474e-05 -0.000139524 -0.00038341 4.7256e-06
internal_weight=647511 17566 10032 7534 4974 2560 812 629945 220555 409390 406639 57057 21202 35855
internal_count=647511 17566 10032 7534 4974 2560 812 629945 220555 409390 406639 57057 21202 35855
is_linear=0
shrinkage=0.03


Tree=257
num_leaves=15
num_cat=0
split_feature=16 12 15 16 17 8 8 17 17 19 18 17 8 18
split_gain=0.759836 1.69467 2.05551 1.65221 2.61288 2.22023 1.65597 1.6332 1.89101 3.08515 2.48113 2.4806 2.17778 2.16343
threshold=0.038406729698181159 0.054240216680676197 0.011708270900010856 0.037388801574707038 -0.0032107532024383541 0.047002016705506557 0.17004198318676542 0.14384436607360843 0.11838006973266603 0.39690688252449041 -0.2385444641113281 0.1303704380989075 0.047001948501386649 -0.018864452838897702
decision_type=2 2 2 2 2 2 2 2 2 2 2 2 2 2
left_child=3 -2 -3 7 6 -6 -5 8 10 13 12 -11 -1 -10
right_child=1 2 -4 4 5 -7 -8 -9 9 11 -12 -13 -14 -15
leaf_value=-0.00027989217460897952 -0.00089129209556127213 0.0029222936952905051 -7.129070791040837e-05 0.00035725033335534461 0.0018151796800055062 -0.0001843044473388232 0.0024932709864408449 0.00038039143419375511 0.00092367415050143074 -0.00072581129522264758 1.6432450640994862e-05 -0.003879455971330153 -0.0016325417170800298 -0.00034590675254405609
leaf_weight=4522 2286 202 75666 536 590 3120 839 10371 1334 560 532649 373 1400 12358
leaf_count=4522 2286 202 75666 536 590 3120 839 10371 1334 560 532649 373 1400 12358
internal_value=2.9807e-07 -8.74074e-05 -6.31282e-05 1.23527e-05 0.000550427 0.000135688 0.00166492 7.49291e-06 4.98651e-07 -0.000336033 9.64027e-06 -0.00200055 -0.000600775 -0.000221921
internal_weight=646806 78154 75868 568652 5085 3710 1375 563567 553196 14625 538571 933 5922 13692
internal_count=646806 78154 75868 568652 5085 3710 1375 563567 553196 14625 538571 933 5922 13692
is_linear=0
shrinkage=0.03


Tree=258
num_leaves=15
num_cat=0
split_feature=10 12 8 8 18 8 17 17 17 16 18 14 8 16
split_gain=0.720668 1.15826 0.957177 2.58955 4.77739 3.20732 5.35478 4.09903 2.18832 2.96373 2.47658 2.24073 2.10503 1.92752
threshold=0.8426080044238613 0.98535275439890169 0.13495106263695886 0.14479995727065961 -0.088332533836364732 0.14480240943677214 0.036723554134368903 0.008381843566894533 0.14384436607360843 -0.0026911199092864986 0.22381854057312014 0.0036726455907121207 0.15607749947800975 0.0029407739639282231
decision_type=2 2 2 2 2 2 2 2 2 2 2 2 2 2
left_child=1 2 8 4 13 6 7 -5 9 11 -11 -1 -7 -4
right_child=-2 -3 3 5 -6 12 -8 -9 -10 10 -12 -13 -14 -15
leaf_value=0.0018646679060278712 3.9264595235200351e-05 0.00044311585636434939 -0.00093088220942661826 -0.00032318810390999158 0.00040692070259554583 0.00047394642338989497 0.001166367486021501 -0.0022370619801213593 0.00035327306303047275 -0.00025601040025221205 0.000219732096555596 2.2903202613782957e-05 -3.8270191465864991e-05 0.00017789749749063435
leaf_weight=594 266238 4692 3796 2038 29356 7629 1012 1990 10076 93468 11004 79476 133451 2242
leaf_count=594 266238 4692 3796 2038 29356 7629 1012 1990 10076 93468 11004 79476 133451 2242
internal_value=1.39957e-06 -2.50724e-05 -3.09186e-05 1.86358e-05 0.00024885 -3.71346e-05 -0.00078038 -0.00127032 -7.71357e-05 -0.000100645 -0.000205892 3.66819e-05 -1.05559e-05 -0.000519369
internal_weight=647062 380824 376132 181514 35394 146120 5040 4028 194618 184542 104472 80070 141080 6038
internal_count=647062 380824 376132 181514 35394 146120 5040 4028 194618 184542 104472 80070 141080 6038
is_linear=0
shrinkage=0.03


Tree=259
num_leaves=15
num_cat=0
split_feature=8 8 8 8 19 18 21 21 16 21 8 18 16 16
split_gain=0.856816 1.03498 1.04923 1.58801 1.87008 1.7477 1.51631 1.38661 1.38481 1.96168 1.23959 1.49265 1.59726 1.30272
threshold=0.17857673709457347 0.1785741515716307 0.17857349761315727 0.17857151720761819 -0.03190921060740947 0.12817311286926272 0.012115741148591043 0.0085410219617187994 0.016610324382781986 0.0051010823808610448 0.17857107330118496 -0.12065929174423216 0.03106176853179932 0.0098131299018859881
decision_type=2 2 2 2 2 2 2 2 2 2 2 2 2 2
left_child=1 2 3 10 -5 6 -6 -7 9 -4 -1 12 -12 -13
right_child=-2 -3 8 4 5 7 -8 -9 -10 -11 11 13 -14 -15
leaf_value=4.4789730190461751e-07 0.00072574805959049304 -0.00036952217541725473 0.0012835737388221186 0.0021756609759988987 -0.00087664190302755242 -0.0008852908694622529 -0.0029477500431185459 0.00024481795708846971 0.0012723240047686347 -0.00064616205604678075 -0.0007932336307823458 0.001640893560098962 0.0010885567785279336 0.00035643371639436068
leaf_weight=624015 1455 6812 729 228 1841 1593 382 2511 1348 1334 1242 1247 597 1652
leaf_count=624015 1455 6812 729 228 1841 1593 382 2511 1348 1334 1242 1247 597 1652
internal_value=-1.87426e-07 -1.82926e-06 2.09508e-06 -7.24381e-07 -0.000465071 -0.000561875 -0.00123836 -0.000194386 0.00052646 3.72012e-05 4.12027e-06 0.000487278 -0.000181047 0.000910816
internal_weight=646986 645531 638719 635308 6555 6327 2223 4104 3411 2063 628753 4738 1839 2899
internal_count=646986 645531 638719 635308 6555 6327 2223 4104 3411 2063 628753 4738 1839 2899
is_linear=0
shrinkage=0.03


Tree=260
num_leaves=15
num_cat=0
split_feature=16 16 16 21 16 8 20 20 18 20 19 16 19 18
split_gain=0.823469 1.59067 2.00057 2.60081 2.31391 2.27251 1.88136 1.92614 2.04754 1.82239 2.63904 2.64807 2.64677 3.44029
threshold=0.038406729698181159 0.055708527565002448 0.066051781177520766 0.023354209028184417 0.063977003097534194 0.17456212594343554 0.44235378503799444 0.55520582199096691 -0.037551850080490105 0.24092311412096026 -0.10310247167944907 0.045800745487213142 -0.06654417514801024 0.0025635361671447758
decision_type=2 2 2 2 2 2 2 2 2 2 2 2 2 2
left_child=-1 9 3 4 6 -4 -3 -8 -9 -2 11 -11 13 -12
right_child=1 2 5 -5 -6 -7 7 8 -10 10 12 -13 -14 -15
leaf_value=1.1753037349950168e-05 0.00054351518354341501 -0.00063531862563903641 -3.144699644271512e-05 -0.001902212647368236 0.001360766719572292 -0.0015169390475211636 0.0013731211857178568 -0.0020866035285269937 0.00035566993987655253 -0.0003285579063620214 -0.00031244693537912997 -0.0027247302266690159 -0.00023691382450716418 0.0022805637734938759
leaf_weight=569246 2875 1670 14533 421 2180 985 1666 324 5074 930 965 747 45025 874
leaf_count=569246 2875 1670 14533 421 2180 985 1666 324 5074 930 965 747 45025 874
internal_value=-7.92046e-07 -9.20267e-05 9.51027e-05 0.000397991 0.00048755 -0.000126196 0.000268942 0.000483016 0.000207284 -0.000189758 -0.00023324 -0.00140083 -0.000191314 0.000922745
internal_weight=647515 78269 26853 11335 10914 15518 8734 7064 5398 51416 48541 1677 46864 1839
internal_count=647515 78269 26853 11335 10914 15518 8734 7064 5398 51416 48541 1677 46864 1839
is_linear=0
shrinkage=0.03


Tree=261
num_leaves=15
num_cat=0
split_feature=21 21 18 19 8 2 8 17 16 16 21 17 16 18
split_gain=0.845128 1.02451 1.68634 0.823311 2.79251 4.78879 2.87656 7.00136 9.9409 4.36233 5.28228 4.0877 3.85765 3.63251
threshold=0.0036215113941580061 0.0037365164607763295 0.085777342319488539 0.13036665320396426 0.17456074467969648 2.0570684671401982 0.17004944558881532 0.058737039566040046 0.0021879673004150395 0.018695592880249027 0.014671499375253918 0.057508289813995368 0.032985925674438484 0.082270562648773207
decision_type=2 2 2 2 2 2 2 2 2 2 2 2 2 2
left_child=-1 2 -2 -3 6 -6 -5 9 -9 11 12 13 -11 -8
right_child=1 3 -4 4 5 -7 7 8 -10 10 -12 -13 -14 -15
leaf_value=0.00054115542569551961 -0.0014985206066677726 2.6484400702857436e-05 2.303129742099037e-05 -4.1287031188411614e-05 0.00038535112608917337 -0.0033297683236536237 -0.00079046341456177037 -0.0026080280764840674 0.0010577233389010988 -0.0030198007130400497 0.0015431985964369436 -0.0034132976158079507 -0.0011463240982477806 0.00058322293974047738
leaf_weight=2578 1083 397777 1649 208545 17422 313 4256 783 4292 1657 440 378 2470 2915
leaf_count=2578 1083 397777 1649 208545 17422 313 4256 783 4292 1657 440 378 2470 2915
internal_value=-4.1003e-07 -2.58223e-06 -0.000581767 -1.10125e-07 -4.35593e-05 0.000318864 -7.20396e-05 -0.00044498 0.00049014 -0.000836712 -0.0015681 -0.000393493 -0.00190127 -0.000232045
internal_weight=646558 643980 2732 641248 243471 17735 225736 17191 5075 12116 4567 7549 4127 7171
internal_count=646558 643980 2732 641248 243471 17735 225736 17191 5075 12116 4567 7549 4127 7171
is_linear=0
shrinkage=0.03


Tree=262
num_leaves=15
num_cat=0
split_feature=20 18 19 16 6 20 20 16 16 19 19 16 16 16
split_gain=0.732846 4.82555 8.99619 5.29622 4.85327 3.77978 3.1229 4.42242 4.29157 3.14307 6.05511 6.27129 5.65326 4.98389
threshold=0.49729374051094061 0.12706887722015384 0.13521633297204974 -0.023330479860305783 0.1697743897070578 0.49439771473407751 0.54132997989654552 0.0086734294891357439 0.0076478123664855966 -0.081252459436655031 0.017993674613535408 -0.022303193807601925 -0.009914427995681761 -0.0036614239215850826
decision_type=2 2 2 2 2 2 2 2 2 2 2 2 2 2
left_child=1 2 5 -4 -5 -1 7 8 -2 13 12 -12 -11 -8
right_child=6 -3 3 4 -6 -7 9 -9 -10 10 11 -13 -14 -15
leaf_value=-1.0792696574946214e-07 6.2864325418772373e-05 0.00059541637572496392 1.0880666165057525e-05 -0.001015271509273243 0.0025097089247719849 -0.0015510483798260514 0.00081529651024571891 0.00064135118227495193 -0.0030739518626474011 0.001324180959546664 -0.00075207221151064201 -6.5426069224953764e-06 0.00022924781474158152 -0.0007124055787405101
leaf_weight=229363 24229 10290 7969 15602 355 1418 2311 16978 394 4897 10532 279927 31640 11305
leaf_count=229363 24229 10290 7969 15602 355 1418 2311 16978 394 4897 10532 279927 31640 11305
internal_value=-3.00924e-06 -4.13475e-05 -6.70835e-05 -0.000620747 -0.000936089 -9.67085e-06 2.35717e-05 0.000268928 1.20573e-05 -6.39859e-06 1.22006e-05 -3.35879e-05 0.000376161 -0.00045291
internal_weight=647210 264997 254707 23926 15957 230781 382213 41601 24623 340612 326996 290459 36537 13616
internal_count=647210 264997 254707 23926 15957 230781 382213 41601 24623 340612 326996 290459 36537 13616
is_linear=0
shrinkage=0.03


Tree=263
num_leaves=15
num_cat=0
split_feature=4 20 20 21 21 21 21 3 0 5 13 14 21 15
split_gain=0.770475 1.2603 2.17208 3.732 2.46122 1.83804 1.81573 1.78292 1.6994 1.65493 1.50001 3.7331 2.28631 1.40209
threshold=-0.068363606929779039 0.34858180582523351 0.28191116452217108 0.017210036516189579 0.018209287896752361 0.0074284304864704618 0.019643629901111129 1.4339040517807009 54.500000000000007 1.0000000180025095e-35 0.10772666993255449 0.049860735934929526 0.012731026858091356 0.39103090980632188
decision_type=2 2 2 2 2 2 2 2 2 2 2 2 2 2
left_child=1 2 5 13 -5 -1 7 -3 -9 -10 -7 12 -12 -4
right_child=-2 6 3 4 -6 10 -8 8 9 -11 11 -13 -14 -15
leaf_value=-0.0011086487252634477 3.7997748039308185e-05 -4.1377250547201754e-05 3.1903296977546175e-05 -0.0015051461458895198 -3.3115991687012182e-05 -0.00040512153141916224 -0.000734385696906424 -0.00175912309613881 -0.0026102855064285297 -0.00025946813589116638 0.00097902522647478349 1.6458636452768476e-05 0.0049609465962142177 0.00056114484274844283
leaf_weight=1369 278008 232906 5997 1473 3316 7675 3615 830 274 8014 351 85542 204 18113
leaf_count=1369 278008 232906 5997 1473 3316 7675 3615 830 274 8014 351 85542 204 18113
internal_value=2.66832e-07 -2.81079e-05 4.98405e-05 0.000277599 -0.00048698 -1.93519e-05 -6.74696e-05 -5.74932e-05 -0.000468904 -0.000338713 -3.39076e-06 3.24424e-05 0.00247388 0.000429538
internal_weight=647687 369679 124040 28899 4789 95141 245639 242024 9118 8288 93772 86097 555 24110
internal_count=647687 369679 124040 28899 4789 95141 245639 242024 9118 8288 93772 86097 555 24110
is_linear=0
shrinkage=0.03


Tree=264
num_leaves=15
num_cat=0
split_feature=21 21 17 20 20 18 19 16 8 20 8 19 8 19
split_gain=0.794537 3.12357 2.14254 3.1828 2.48357 3.00837 2.29788 2.09178 2.37174 3.09968 3.2256 1.97591 2.52772 3.05445
threshold=0.0064689524006098518 0.0057082085404545077 0.078395009040832533 0.82222193479537975 0.78279215097427379 0.089787125587463393 0.29295355081558233 0.027627170085906986 0.07418540387488308 0.6126590669155122 0.056132327008265807 0.053768506273627288 0.13495831861629587 0.12058227509260179
decision_type=2 2 2 2 2 2 2 2 2 2 2 2 2 2
left_child=1 2 3 4 7 -6 -4 8 9 10 -1 -3 13 -13
right_child=-2 11 6 -5 5 -7 -8 -9 -10 -11 -12 12 -14 -15
leaf_value=9.8836459826220436e-05 1.2040865573165216e-05 -2.2958893217291611e-05 -0.00045279102117495623 0.0017590498102178398 -0.0016877735400213339 2.6046847120635609e-05 0.00060264821300398501 -0.001562142750474591 0.00057129252305632226 0.0010620820076935901 -0.001374522411962571 0.0020728462660174933 -0.00074261470510231839 -0.00022305540365474713
leaf_weight=3888 572628 13597 9579 1173 1309 3088 2298 528 14032 1646 2033 559 12978 6919
leaf_count=3888 572628 13597 9579 1173 1309 3088 2298 528 14032 1646 2033 559 12978 6919
internal_value=1.12856e-07 -9.26508e-05 8.86061e-05 0.000233145 0.000165345 -0.0004855 -0.000248414 0.000294759 0.000340503 -8.75606e-05 -0.00040778 -0.000303277 -0.000489552 -5.01604e-05
internal_weight=646255 73627 39574 27697 26524 4397 11877 22127 21599 7567 5921 34053 20456 7478
internal_count=646255 73627 39574 27697 26524 4397 11877 22127 21599 7567 5921 34053 20456 7478
is_linear=0
shrinkage=0.03


Tree=265
num_leaves=15
num_cat=0
split_feature=13 19 20 20 14 21 11 19 6 10 21 21 11 9
split_gain=0.929224 1.31581 1.65915 1.13691 1.09343 2.38537 1.0067 0.99489 0.945801 1.28098 1.18424 0.970813 0.930389 0.817922
threshold=0.0090771581328732819 -0.15099362283945081 0.14574660360813144 0.27516467869281774 0.0036726455907121207 0.007499577011913062 0.50111112635289934 0.0099234683439135569 -0.0016958814448305604 0.18408046644069306 0.0090887076221406477 0.0098467874340713041 0.069747989232489246 0.15849575057751378
decision_type=2 2 2 2 2 2 2 2 2 2 2 2 2 2
left_child=1 3 -3 -1 5 -2 7 -7 13 10 12 -12 -10 -4
right_child=4 2 8 -5 -6 6 -8 -9 9 -11 11 -13 -14 -15
leaf_value=-9.1003407602532451e-05 0.0030704479971539415 -0.003064756981562825 0.0009377134378259753 0.0025008474398637189 8.567473891222071e-07 -0.0018553871365844224 0.001378744100517732 0.00074573924547021689 -0.0012704037617775612 0.00075667414186921498 -0.0031961426744911525 -0.0010559906638535051 0.00062228027484962918 -0.00036237454373356121
leaf_weight=416 327 225 588 235 640648 300 324 230 595 345 375 398 379 1635
leaf_count=416 327 225 588 235 640648 300 324 230 595 345 375 398 379 1635
internal_value=-6.93255e-07 -0.000400266 -0.000581226 0.000856541 2.54151e-06 0.000912606 7.32974e-05 -0.000730176 -0.000448329 -0.000905364 -0.00123481 -0.0021081 -0.000534511 -1.7159e-05
internal_weight=647020 5191 4540 651 641829 1181 854 530 4315 2092 1747 773 974 2223
internal_count=647020 5191 4540 651 641829 1181 854 530 4315 2092 1747 773 974 2223
is_linear=0
shrinkage=0.03


Tree=266
num_leaves=15
num_cat=0
split_feature=20 18 19 16 6 17 20 17 8 17 18 19 18 18
split_gain=0.713581 4.32969 9.08698 5.36943 4.71236 4.1924 3.55488 3.01073 5.36002 4.05483 9.21603 3.87284 3.42811 2.9884
threshold=0.49729374051094061 0.12706887722015384 0.13521633297204974 -0.034097015857696526 0.1697743897070578 0.11980545520782472 0.49439771473407751 -0.0015747249126434324 0.13494840585902937 1.0000000180025095e-35 0.012773633003234865 -0.14606995135545728 0.083923161029815688 0.11521542072296144
decision_type=2 2 2 2 2 2 2 2 2 2 2 2 2 2
left_child=1 2 6 -4 5 -5 13 8 -2 10 -9 -11 -12 -1
right_child=7 -3 3 4 -6 -7 -8 9 -10 11 12 -13 -14 -15
leaf_value=1.3956774501877784e-05 -1.3875408244352586e-05 0.00056831060087958398 0.00027898826732572013 -0.00086211626781776244 0.0021943342377548107 -0.0048467727552682039 -0.0014991168190320765 0.0006572248768799432 0.00095085341262332265 0.0022164778281599075 -0.0046190769818297648 1.2487042857755923e-05 -0.0016665896702006897 -0.0014741793001176522
leaf_weight=227986 12984 10227 4817 18521 445 236 1416 1682 8622 714 458 356057 1556 1216
leaf_count=227986 12984 10227 4817 18521 445 236 1416 1682 8622 714 458 356057 1556 1216
internal_value=1.0681e-06 -3.67735e-05 -6.10862e-05 -0.000616338 -0.000840953 -0.000913529 -3.24425e-06 2.73011e-05 0.000371236 6.68115e-06 -0.000981205 1.69289e-05 -0.00234779 6.02969e-06
internal_weight=646937 264864 254637 24019 19202 18757 230618 382073 21606 360467 3696 356771 2014 229202
internal_count=646937 264864 254637 24019 19202 18757 230618 382073 21606 360467 3696 356771 2014 229202
is_linear=0
shrinkage=0.03


Tree=267
num_leaves=15
num_cat=0
split_feature=21 21 17 20 20 20 20 16 16 8 17 20 16 15
split_gain=0.75661 3.19911 2.27185 2.84525 2.04636 2.03568 4.25334 1.92631 2.70744 1.82087 2.23467 2.648 5.06211 1.79694
threshold=0.0064689524006098518 0.0057082085404545077 0.078395009040832533 0.82222193479537975 0.80096659064292919 0.81459549069404613 0.80457234382629406 0.027627170085906986 0.024769783020019535 0.050382606220033939 -0.00052541494369506825 0.45847754180431372 0.018299043178558353 0.26427610408058388
decision_type=2 2 2 2 2 2 2 2 2 2 2 2 2 2
left_child=1 2 3 4 7 6 -4 8 -1 13 11 12 -11 -3
right_child=-2 9 5 -5 -6 -7 -8 -9 -10 10 -12 -13 -14 -15
leaf_value=0.00020594259482670452 1.0345037477990046e-05 -0.00066908674415860133 -0.00036827247134535717 0.0016705392105868667 -0.00071595098421634994 0.00017917083811735761 -0.0030359765869041044 -0.0015391053887396924 0.0014517164889183102 9.2422283830774683e-06 -0.00051717624493898473 0.0014915868171425175 -0.0046946706727776727 0.00086386135385463619
leaf_weight=22007 573412 1002 5912 1195 2120 5334 587 522 1686 6176 23577 1025 208 2172
leaf_count=22007 573412 1002 5912 1195 2120 5334 587 522 1686 6176 23577 1025 208 2172
internal_value=-1.27253e-06 -9.18734e-05 9.24718e-05 0.000241881 0.000176749 -0.000255092 -0.000611372 0.000255035 0.00029488 -0.000304279 -0.000374385 8.00507e-05 -0.000147572 0.000379634
internal_weight=646935 73523 39363 27530 26335 11833 6499 24215 23693 34160 30986 7409 6384 3174
internal_count=646935 73523 39363 27530 26335 11833 6499 24215 23693 34160 30986 7409 6384 3174
is_linear=0
shrinkage=0.03


Tree=268
num_leaves=15
num_cat=0
split_feature=8 8 18 20 21 8 21 8 8 21 18 20 8 21
split_gain=0.750704 5.02176 4.21501 3.30578 4.11444 3.10362 2.84075 2.79926 4.93778 6.44404 4.89999 3.26941 3.55241 8.47716
threshold=0.13494840585902937 0.074182358524838385 -0.15196397900581357 0.45847754180431372 0.014136261306703092 0.074186658326354765 0.01458967011421919 0.14479995727065961 0.14480240943677214 0.006910797208547593 -0.088332533836364732 0.75749158859252941 0.15857046731468294 0.0085079851560294645
decision_type=2 2 2 2 2 2 2 2 2 2 2 2 2 2
left_child=1 -1 -3 4 -4 -5 -6 10 9 -9 -2 -10 13 -13
right_child=7 2 3 5 6 -7 -8 8 11 -11 -12 12 -14 -15
leaf_value=1.5227368882769023e-05 -0.00028853368763743592 0.00060453757218064102 3.5131109670161126e-06 -0.00090617339543696293 -0.0015549691933507024 0.00063937763482878828 -0.00038266983221571543 -0.0016388658574103079 6.3090801268417089e-05 0.00025648041632674419 0.00034869508988399309 -0.0023437927889735912 -9.1677213893687345e-05 -0.00020946059156906887
leaf_weight=275942 13902 4081 21059 13356 2837 1278 5400 3750 200515 2830 49582 2240 43402 6599
leaf_count=275942 13902 4081 21059 13356 2837 1278 5400 3750 200515 2830 49582 2240 43402 6599
internal_value=-1.77928e-06 -3.40431e-05 -0.000317196 -0.000402882 -0.000218885 -0.000771027 -0.000787133 3.05978e-05 -1.31116e-05 -0.000824118 0.00020914 8.01723e-06 -0.000203356 -0.000751367
internal_weight=646773 323953 48011 43930 29296 14634 8237 322820 259336 6580 63484 252756 52241 8839
internal_count=646773 323953 48011 43930 29296 14634 8237 322820 259336 6580 63484 252756 52241 8839
is_linear=0
shrinkage=0.03


Tree=269
num_leaves=15
num_cat=0
split_feature=8 17 16 21 8 16 21 8 17 16 19 21 19 16
split_gain=0.776322 4.14716 4.32398 4.9264 5.57683 4.31138 6.54241 3.91773 3.91466 3.87763 4.78963 3.75979 4.73566 3.35088
threshold=0.049956354981132801 0.052590250968933112 -0.0030477643013000484 0.015921897254884246 0.047001743190392832 -0.021100312471389767 0.0072619044221937665 0.047002016705506557 -0.0046885013580322257 -0.02668511867523193 0.12900651991367343 0.0076140917371958503 0.1744075417518616 0.060527086257934577
decision_type=2 2 2 2 2 2 2 2 2 2 2 2 2 2
left_child=1 2 5 4 -4 6 -1 8 -8 -9 -11 -6 13 -13
right_child=-2 -3 3 -5 11 -7 7 9 -10 10 -12 12 -14 -15
leaf_value=-0.0052419051002615532 1.6649477057168138e-05 0.00015950083102439028 -0.00019523997154628975 0.00020227520089620288 -0.00045612958769130019 0.00039683816646051903 -5.3749228319214348e-05 -0.0003811409190544658 0.0015385835678325389 -0.0010848279251440955 -0.004936781273910981 -0.0018351731536812017 0.00048419936819483312 0.00096259869949625731
leaf_weight=229 526896 45128 14254 8511 6094 15968 10605 7642 1594 1232 377 7223 1024 404
leaf_count=229 526896 45128 14254 8511 6094 15968 10605 7642 1594 1232 377 7223 1024 404
internal_value=9.50334e-07 -6.7816e-05 -0.00020431 -0.000432253 -0.000618485 2.28312e-05 -0.000252677 -0.000198203 0.00015486 -0.000663609 -0.00199987 -0.00102743 -0.00142938 -0.00168644
internal_weight=647181 120285 75157 37510 28999 37647 21679 21450 12199 9251 1609 14745 8651 7627
internal_count=647181 120285 75157 37510 28999 37647 21679 21450 12199 9251 1609 14745 8651 7627
is_linear=0
shrinkage=0.03


Tree=270
num_leaves=15
num_cat=0
split_feature=20 18 19 16 6 17 21 21 19 8 19 20 17 19
split_gain=0.893701 4.352 8.44211 5.39706 4.95269 3.71757 3.89679 5.73127 5.10841 3.84304 3.80921 3.41479 2.90771 5.10816
threshold=0.49729374051094061 0.12706887722015384 0.13521633297204974 -0.023330479860305783 0.1697743897070578 0.11980545520782472 0.013552838936448099 0.012915501836687328 0.16346248239278796 0.17456586853135084 0.22793282568454745 0.49439771473407751 -0.0015747249126434324 -0.06654417514801024
decision_type=2 2 2 2 2 2 2 2 2 2 2 2 2 2
left_child=1 2 11 -4 5 6 7 8 -5 10 -8 -1 13 -2
right_child=12 -3 3 4 -6 -7 9 -9 -10 -11 -12 -13 -14 -15
leaf_value=-3.4838089568681218e-06 -0.00075948418299091273 0.0005639331825038088 3.3367075006557247e-05 0.00017205436718924962 0.0026366564759961832 -0.0047221444721701512 -0.0018703621799873371 0.0010940794792471398 -0.001684802113046947 0.0007816268994213126 -5.264143632694748e-05 -0.001481254865764147 7.5417150987718559e-06 0.00055616782661714983
leaf_weight=229516 3099 10188 7993 2307 340 233 6387 1695 3152 675 1239 1411 360669 18415
leaf_count=229516 3099 10188 7993 2307 340 233 6387 1695 3152 675 1239 1411 360669 18415
internal_value=-1.60585e-06 -4.39267e-05 -6.82281e-05 -0.000603425 -0.000920898 -0.000998815 -0.000941173 -0.000427601 -0.000900646 -0.00138326 -0.00157526 -1.25451e-05 2.77541e-05 0.000366521
internal_weight=647319 265136 254948 24021 16028 15688 15455 7154 5459 8301 7626 230927 382183 21514
internal_count=647319 265136 254948 24021 16028 15688 15455 7154 5459 8301 7626 230927 382183 21514
is_linear=0
shrinkage=0.03


Tree=271
num_leaves=15
num_cat=0
split_feature=16 21 17 21 8 21 19 19 17 8 16 8 21 21
split_gain=0.75633 2.09918 14.2208 5.3117 2.8053 2.0761 3.06189 6.14282 3.72267 4.38517 3.5995 3.11941 3.08046 2.76948
threshold=0.03371089696884156 0.011803654953837396 0.012001276016235353 0.011765543371438982 0.050383052836235245 0.0087619889527559298 0.25642377138137823 0.34856632351875311 0.092377007007598891 0.04700215276620924 0.039575099945068366 0.15608314425242525 0.011617928277701141 0.0087296050041914004
decision_type=2 2 2 2 2 2 2 2 2 2 2 2 2 2
left_child=-1 2 3 4 -2 13 8 -8 12 -10 -9 -11 -7 -4
right_child=1 -3 5 -5 -6 6 7 10 9 11 -12 -13 -14 -15
leaf_value=1.3050751087409024e-05 -0.0036883425241723989 4.3608620920319501e-05 3.8773378462268709e-05 -0.0056559953245812573 -0.0012364325813318843 0.00054770866384134934 -0.0018457274988290414 -0.0033401559809843697 -0.0027222094007293522 0.00050261778586258618 0.00066702403034769853 -0.0012122370719470758 -0.0021221962944472611 0.0023544325271700186
leaf_weight=546861 539 56916 24032 365 1889 6211 2965 220 812 2035 1949 1790 410 469
leaf_count=546861 539 56916 24032 365 1889 6211 2965 220 812 2035 1949 1790 410 469
internal_value=-8.5646e-07 -7.64514e-05 -0.000232858 -0.00230199 -0.0017872 -9.12712e-05 -0.000352553 -0.000959327 -7.55416e-05 -0.000726986 0.000253832 -0.000300424 0.0003809 8.35712e-05
internal_weight=647463 100602 43686 2793 2428 40893 16392 5134 11258 4637 2169 3825 6621 24501
internal_count=647463 100602 43686 2793 2428 40893 16392 5134 11258 4637 2169 3825 6621 24501
is_linear=0
shrinkage=0.03


Tree=272
num_leaves=15
num_cat=0
split_feature=7 18 18 18 18 20 3 2 2 13 20 18 18 21
split_gain=0.720778 1.28887 2.24383 1.18326 0.916325 1.62197 1.02693 0.870729 0.732786 1.24526 1.04504 2.57657 2.84844 2.79034
threshold=-0.059821932499156509 0.21078896522521975 0.2565417885780335 0.26858496665954595 0.024368286132812503 0.37266817688941961 0.36314088106155401 2.0570684671401982 0.7364565134048463 0.069132615522374999 0.60873651504516613 -0.015667587518692013 -0.066172361373901353 0.023354209028184417
decision_type=2 2 2 2 2 2 2 2 2 2 2 2 2 2
left_child=1 4 -3 -4 7 -6 -7 -1 10 -10 -2 12 -12 -13
right_child=8 2 3 -5 5 6 -8 -9 9 -11 11 13 -14 -15
leaf_value=-0.00037550895078948337 -2.8924015955300486e-05 -0.0017597882882532672 0.0014107257559821966 -0.00016437260486666072 0.001993713538917515 0.00068142541966331163 7.897444075760532e-05 0.0015809039918260764 -0.00083477714612511448 -8.5884870600939843e-05 -5.0987642727351469e-05 2.7615763217233833e-05 0.00068464472427035689 -0.0024961576327988048
leaf_weight=2177 348537 737 492 3144 579 4883 5319 221 2087 44681 8038 214646 11529 390
leaf_count=2177 348537 737 492 3144 579 4883 5319 221 2087 44681 8038 214646 11529 390
internal_value=1.455e-07 0.000189741 -0.000256337 5.04041e-05 0.000337797 0.000455739 0.000367519 -0.000192291 -5.13892e-06 -0.00011939 4.02496e-06 5.2975e-05 0.000382516 2.29806e-05
internal_weight=647460 17552 4373 3636 13179 10781 10202 2398 629908 46768 583140 234603 19567 215036
internal_count=647460 17552 4373 3636 13179 10781 10202 2398 629908 46768 583140 234603 19567 215036
is_linear=0
shrinkage=0.03


Tree=273
num_leaves=15
num_cat=0
split_feature=17 21 21 8 18 20 17 16 16 16 17 18 18 21
split_gain=0.812433 2.74878 2.50235 2.11893 2.18614 2.09607 2.13001 1.84446 1.68892 1.71553 3.60833 3.91908 3.00437 2.82649
threshold=-0.13010719418525693 0.0094074779190123099 0.030785156413912777 0.047001536825169957 0.0010745525360107424 0.078103616833686842 -0.11454957723617552 -0.11381205916404723 -0.093679279088973985 -0.037814199924468987 -0.095995694398879991 0.016832113265991214 -0.20751520991325376 0.011903571430593731
decision_type=2 2 2 2 2 2 2 2 2 2 2 2 2 2
left_child=1 -1 5 -3 7 -2 -7 -5 -8 10 11 12 -10 -12
right_child=2 3 -4 4 -6 6 8 -9 9 -11 13 -13 -14 -15
leaf_value=-0.0019591073322503746 -0.0014241176157898342 -0.001008755178573678 0.0012712989061704838 0.0011889501133083723 -0.0015221674577484731 0.00052135995248318108 -0.00095364772676630411 -8.2912800732095828e-06 0.0022595674153710675 -1.2759773185025481e-05 -1.9483510625856664e-05 -0.0031953768919869932 -0.00050934851661211384 0.00047716144617735622
leaf_weight=766 920 2085 1398 1291 772 7104 1665 10884 376 572268 17777 455 4750 24558
leaf_count=766 920 2085 1398 1291 772 7104 1665 10884 376 572268 17777 455 4750 24558
internal_value=4.17631e-07 -0.000212042 5.73622e-06 -0.000122393 2.06819e-05 2.91724e-06 5.01594e-06 0.000119097 -8.8692e-07 1.67861e-06 0.000174102 -0.000542594 -0.00030424 0.000268636
internal_weight=647069 15798 631271 15032 12947 629873 628953 12175 621849 620184 47916 5581 5126 42335
internal_count=647069 15798 631271 15032 12947 629873 628953 12175 621849 620184 47916 5581 5126 42335
is_linear=0
shrinkage=0.03


Tree=274
num_leaves=15
num_cat=0
split_feature=8 20 20 20 21 17 16 21 9 18 17 17 21 8
split_gain=0.845254 4.04883 4.21519 4.32498 4.89501 4.17245 4.50833 6.16359 5.12218 7.27251 4.22214 4.37083 5.13064 4.80467
threshold=0.050382305903594771 0.77947330474853527 0.74898743629455578 0.76113060116767894 0.0096927494741976278 0.045801818370819099 -0.0030477643013000484 0.016592741012573246 0.00018844332151845766 0.060652792453765876 -0.005437523126602172 0.03456473350524903 0.0073836732190102347 0.047002490904381543
decision_type=2 2 2 2 2 2 2 2 2 2 2 2 2 2
left_child=1 2 5 4 -4 6 10 8 -8 -10 -1 13 -13 -12
right_child=-2 -3 3 -5 -6 -7 7 -9 9 -11 11 12 -14 -15
leaf_value=-0.00018762551259010336 1.6117066110398458e-05 0.00026978565275923965 -0.003001726619182017 -0.00022008193154668575 -0.00039733914651606027 0.00024261279041879675 -0.00018545616102001242 0.00023952033171360036 -0.0024241735028085864 -0.00073140454005235815 0.0013819918923574531 -0.0039783209884549147 -2.3306655113063068e-05 1.6539086955919596e-05
leaf_weight=28124 516827 25470 1446 3455 1179 23665 11114 8645 2758 13237 5092 371 1374 4256
leaf_count=28124 516827 25470 1446 3455 1179 23665 11114 8645 2758 13237 5092 371 1374 4256
internal_value=-1.09254e-06 -6.94112e-05 -0.000151923 -0.000918231 -0.00183496 -0.000104643 -0.000214265 -0.000457884 -0.000680288 -0.00102395 7.8726e-06 0.000503379 -0.000873136 0.000760664
internal_weight=647013 130186 104716 6080 2625 98636 74971 35754 27109 15995 39217 11093 1745 9348
internal_count=647013 130186 104716 6080 2625 98636 74971 35754 27109 15995 39217 11093 1745 9348
is_linear=0
shrinkage=0.03


Tree=275
num_leaves=15
num_cat=0
split_feature=19 4 19 8 16 16 18 18 20 8 16 18 20 16
split_gain=0.701623 2.20582 1.87619 1.68323 1.69962 4.17374 2.73676 3.47822 2.66037 4.54872 3.83744 2.50057 2.11148 2.0037
threshold=0.3876600861549378 -0.35022762417793268 0.31069883704185491 0.17004793769654655 0.032302618026733405 0.048341512680053718 0.25191706418991094 0.22381854057312014 0.71129190921783458 0.056135235335272426 0.042739748954772956 0.2565417885780335 0.74317669868469249 -0.020031958818435665
decision_type=2 2 2 2 2 2 2 2 2 2 2 2 2 2
left_child=2 -2 -1 4 6 8 7 -4 9 -6 12 -8 -10 -13
right_child=1 -3 3 -5 5 -7 11 -9 10 -11 -12 13 -14 -15
leaf_value=-4.8418457565482924e-06 -0.0018132896565772837 -0.00011049048329369866 0.00043392275752198784 0.0011633979643431479 -0.002529838210070291 0.00064291818987288654 -0.0031585216336465121 0.0019738140566912922 -0.0023530573777625417 0.0012615748805468352 -0.0028142747639711679 -0.0010464137690022618 5.8193923813217788e-05 0.0002171814679795192
leaf_weight=595339 702 21726 9040 1680 385 3043 222 1542 423 1051 1017 1321 1382 7614
leaf_count=595339 702 21726 9040 1680 385 3043 222 1542 423 1051 1017 1321 1382 7614
internal_value=6.58653e-07 -0.000164181 6.58407e-06 0.000243392 0.000186028 -0.000204952 0.000330657 0.000659141 -0.00081093 0.000239824 -0.00134509 -4.90966e-05 -0.00051182 2.98838e-05
internal_weight=646487 22428 624059 28720 27040 7301 19739 10582 4258 1436 2822 9157 1805 8935
internal_count=646487 22428 624059 28720 27040 7301 19739 10582 4258 1436 2822 9157 1805 8935
is_linear=0
shrinkage=0.03


Tree=276
num_leaves=15
num_cat=0
split_feature=20 20 18 19 16 20 8 16 21 21 19 21 21 20
split_gain=0.734611 4.36733 4.40335 6.52872 4.09317 3.62065 4.90478 3.34795 3.8892 10.2106 4.72568 4.90838 3.59471 4.63263
threshold=0.49729374051094061 0.46931435167789465 0.12519824504852298 0.1744075417518616 0.026192605495452884 0.47368079423904424 0.074185733529916226 0.0063090324401855477 0.011803654953837396 0.011765543371438982 0.12900651991367343 0.013636720832437279 0.012731026858091356 0.25811980664730078
decision_type=2 2 2 2 2 2 2 2 2 2 2 2 2 2
left_child=1 7 3 4 5 6 -3 -1 9 -9 12 -12 13 -10
right_child=-2 2 -4 -5 -6 -7 -8 8 10 -11 11 -13 -14 -15
leaf_value=7.2190424891606706e-05 2.8040899371307364e-05 0.0020252500119072054 0.00052790809440727128 -0.0017456189106642955 0.00080449499615610584 -0.00038731009746318854 -0.0029093602857164637 -0.00044983754310570729 -0.00080091657318134303 -0.0054923490886160022 0.00077647542973538237 -0.0012909756793624597 -2.9166351704200673e-05 0.0013739543248657284
leaf_weight=171483 382495 215 3630 3686 2369 12161 1054 17709 1164 364 1323 4672 41477 3591
leaf_count=171483 382495 215 3630 3686 2369 12161 1054 17709 1164 364 1323 4672 41477 3591
internal_value=1.44649e-06 -3.69539e-05 -0.000430871 -0.000609578 -0.000344065 -0.00054689 -0.00206865 7.13635e-07 -0.000173633 -0.000552887 -4.23523e-05 -0.000834456 6.04405e-05 0.000841275
internal_weight=647393 264898 23115 19485 15799 13430 1269 241783 70300 18073 52227 5995 46232 4755
internal_count=647393 264898 23115 19485 15799 13430 1269 241783 70300 18073 52227 5995 46232 4755
is_linear=0
shrinkage=0.03


Tree=277
num_leaves=15
num_cat=0
split_feature=8 17 16 17 21 8 19 19 8 17 16 17 19 9
split_gain=0.90152 3.41392 3.70854 4.38638 4.18894 4.4038 4.01414 3.54717 3.50648 5.54884 3.44603 7.85786 4.22108 3.02434
threshold=0.049956620245035159 0.054259479045867927 -0.0030477643013000484 -0.0096815824508666975 0.016592741012573246 0.047001743190392832 0.036853719502687461 -0.0025686816079542036 0.049955640231798409 -0.035688757896423333 0.0044084787368774423 0.011454164981842043 0.15854619443416598 0.00051774958641676385
decision_type=2 2 2 2 2 2 2 2 2 2 2 2 2 2
left_child=1 2 3 7 5 -4 13 -1 9 -9 11 -8 -13 -7
right_child=-2 -3 4 -5 -6 6 10 8 -10 -11 -12 12 -14 -15
leaf_value=-5.0834131444867912e-06 1.7428376706448702e-05 0.00013412782816167818 -0.00017692592385937112 0.00047385850703724651 0.0002111950959059204 0.0014664985041768438 -0.0047189573260868443 -0.0021254185473949679 0.00023155584827720842 1.391409254912338e-05 -0.00048385761670533656 -0.00023796983135553076 -0.0047177250260513311 -0.0023405802218685991
leaf_weight=20141 521673 45859 15173 12744 8214 202 590 2724 2020 1818 12053 1646 209 2195
leaf_count=20141 521673 45859 15173 12744 8214 202 590 2724 2020 1818 12053 1646 209 2195
internal_value=5.64733e-08 -7.21015e-05 -0.000190723 1.604e-05 -0.000393176 -0.000547991 -0.000881084 -0.000202502 -0.000807979 -0.00127005 -0.000692589 -0.00171847 -0.000754022 -0.00201737
internal_weight=647261 125588 79729 39447 40282 32068 16895 26703 6562 4542 14498 2445 1855 2397
internal_count=647261 125588 79729 39447 40282 32068 16895 26703 6562 4542 14498 2445 1855 2397
is_linear=0
shrinkage=0.03


Tree=278
num_leaves=15
num_cat=0
split_feature=8 20 19 19 17 13 8 19 19 20 17 16 18 16
split_gain=0.734319 3.69027 4.40401 3.42578 5.64645 3.08666 2.94921 2.62938 2.8317 4.84531 4.11859 4.21582 4.18064 2.60725
threshold=0.049956620245035159 0.77947330474853527 0.092913702130317702 0.116963729262352 0.085091710090637221 0.047074481908127887 0.050384221673779254 -0.22368519008159635 -0.077803269028663621 0.68550848960876476 0.020144999027252201 0.03371089696884156 -0.099843144416809068 0.0012366771697998049
decision_type=2 2 2 2 2 2 2 2 2 2 2 2 2 2
left_child=1 2 -1 5 -5 -3 7 -2 10 -10 11 -9 -12 -4
right_child=6 3 13 4 -6 -7 -8 8 9 -11 12 -13 -14 -15
leaf_value=-3.3807918332410628e-05 0.0036346177195834858 -0.0024259515243375811 -9.2410729297066671e-05 0.0018988684636661135 0.00029260974859790891 1.4337073924225696e-05 -7.409798722235349e-06 -3.2123173918776689e-05 0.00093835000736132977 -0.00019639756759115857 0.0020180179506188007 -0.0018273089639885241 0.00028965995224583085 -0.00073008479202460192
leaf_weight=75112 200 479 9144 2476 9569 12898 475675 22296 10214 5063 1657 1238 5211 15645
leaf_count=75112 200 479 9144 2476 9569 12898 475675 22296 10214 5063 1657 1238 5211 15645
internal_value=-9.21846e-07 -6.61263e-05 -0.000148248 0.000256553 0.000623447 -7.39179e-05 1.47465e-05 0.000244439 0.000229199 0.000562338 6.17321e-05 -0.000126927 0.000707815 -0.00049493
internal_weight=646877 125323 99901 25422 12045 13377 521554 45879 45679 15277 30402 23534 6868 24789
internal_count=646877 125323 99901 25422 12045 13377 521554 45879 45679 15277 30402 23534 6868 24789
is_linear=0
shrinkage=0.03


Tree=279
num_leaves=15
num_cat=0
split_feature=12 2 19 5 19 7 12 21 4 18 7 15 20 15
split_gain=0.713689 1.42188 1.12206 3.11261 2.70221 2.06151 2.05055 1.48614 1.28608 1.26053 1.07128 1.03489 1.01032 1.0154
threshold=0.045912394180097411 0.89347249269485485 0.053768506273627288 0.052839635558373114 -0.16268047690391538 0.00021188284335140701 0.0050100250702056126 0.0091132083907723444 -0.26819533109664911 0.20802301168441775 0.00039099507810373869 0.13980087180503273 0.55520582199096691 0.11233871828250712
decision_type=2 2 2 2 2 2 2 2 2 2 2 2 2 2
left_child=1 2 3 4 11 8 7 -6 -4 12 -7 -1 13 -8
right_child=-2 -3 5 -5 6 10 9 -9 -10 -11 -12 -13 -14 -15
leaf_value=0.0017186180718650015 3.046754860683799e-06 -0.0011320701951325163 0.0034094763381651038 0.00029733831956216933 -0.0010404471411708403 -0.0010894010508778825 -0.00064661373028713012 -0.0041579549159832929 0.00076567969204232775 -0.0026115104118648227 8.7968993544440508e-05 -0.00048776748394619758 -8.6282093528574234e-05 -0.0023331686398284307
leaf_weight=411 628982 1327 237 3436 237 764 887 338 538 353 7276 351 1238 504
leaf_count=411 628982 1327 237 3436 237 764 887 338 538 353 7276 351 1238 504
internal_value=-2.26933e-06 -0.00018905 -0.000113209 -0.000376296 -0.000911933 0.000118323 -0.00125898 -0.00289305 0.00159084 -0.000939582 -2.4518e-05 0.000705736 -0.000710558 -0.00126387
internal_weight=646879 17897 16570 7755 4319 8815 3557 575 775 2982 8040 762 2629 1391
internal_count=646879 17897 16570 7755 4319 8815 3557 575 775 2982 8040 762 2629 1391
is_linear=0
shrinkage=0.03


Tree=280
num_leaves=15
num_cat=0
split_feature=8 18 20 17 19 8 19 8 20 4 18 3 17 20
split_gain=0.644963 2.85302 3.64635 2.49204 2.46709 2.44005 2.65554 1.85814 6.30601 3.55788 2.73828 2.36348 2.25656 1.80554
threshold=0.17856678531421863 -0.0072827339172363273 0.39052940905094152 0.086226642131805434 0.038725109770894058 0.17857040481071743 0.038725109770894058 0.17456586853135084 0.75160956382751476 -0.52457308769226063 -0.043027967214584344 2.0340825319290166 0.11033922433853151 0.76253154873847973
decision_type=2 2 2 2 2 2 2 2 2 2 2 2 2 2
left_child=7 13 5 -4 -5 6 -3 -1 9 -9 -11 -12 -10 -2
right_child=1 2 3 4 -6 -7 -8 8 12 10 11 -13 -14 -15
leaf_value=-3.78506943000761e-06 0.00015309663085507933 0.00058965085036744068 2.1461977163872621e-05 0.0011597079698984825 -0.00099830062787817581 -0.0019703552822201878 -0.0014286444848923704 0.0033457210348471684 -0.001016602347317083 0.0019666430973993721 0.0003041476025918029 -0.0017217595928191703 -0.004191524989451338 0.0019275536933627568
leaf_weight=583864 13939 1091 16693 533 4233 1758 1259 351 524 869 20191 527 327 531
leaf_count=583864 13939 1091 16693 533 4233 1758 1259 351 524 869 20191 527 327 531
internal_value=-1.10822e-06 -0.000117722 -0.000308219 -0.000151347 -0.000756 -0.0011265 -0.000492378 6.58882e-06 0.000272315 0.000370802 0.000321667 0.000252212 -0.00225394 0.000218857
internal_weight=646690 40037 25567 21459 4766 4108 2350 606653 22789 21938 21587 20718 851 14470
internal_count=646690 40037 25567 21459 4766 4108 2350 606653 22789 21938 21587 20718 851 14470
is_linear=0
shrinkage=0.03


Tree=281
num_leaves=15
num_cat=0
split_feature=21 21 18 16 18 16 3 19 19 20 10 4 21 20
split_gain=0.747023 1.17145 1.52753 0.821647 0.78226 0.84359 0.764343 1.6498 2.13923 2.39507 1.30659 1.52624 3.45478 1.23764
threshold=0.0036215113941580061 0.0037365164607763295 0.085777342319488539 0.026192605495452884 0.15714359283447268 0.040592312812805183 0.79714542627334606 0.22320703417062762 0.25348185002803808 0.81058344244956981 0.40051129333031249 -0.52457308769226063 0.021933859214186672 0.62573286890983593
decision_type=2 2 2 2 2 2 2 2 2 2 2 2 2 2
left_child=4 2 -2 -4 -1 -6 13 10 9 -9 -8 12 -12 -3
right_child=1 6 3 -5 5 -7 7 8 -10 -11 11 -13 -14 -15
leaf_value=-2.1483302293777457e-05 -0.0014959626522279483 -2.4470784986842023e-05 0.00021911776328672575 -0.0018006184458947525 0.0013664483148632368 -0.00065101456160694031 -0.00023609729729174249 -0.00056377801238649365 -0.00014714545687860952 -0.0023474746118751426 0.00029182416798819854 6.8988186896542443e-05 0.0038817510829822527 6.6256153370668037e-05
leaf_weight=1276 1083 355055 1406 203 1083 222 13755 4347 17505 799 1105 30301 304 218650
leaf_count=1276 1083 355055 1406 203 1083 222 13755 4347 17505 799 1105 30301 304 218650
internal_value=-1.75387e-06 -3.79559e-06 -0.00062772 -4.04916e-05 0.000507113 0.00102207 -1.17378e-06 -9.61819e-05 -0.000305325 -0.000842736 8.03702e-06 0.000113957 0.00107736 1.01073e-05
internal_weight=647094 644513 2692 1609 2581 1305 641821 68116 22651 5146 45465 31710 1409 573705
internal_count=647094 644513 2692 1609 2581 1305 641821 68116 22651 5146 45465 31710 1409 573705
is_linear=0
shrinkage=0.03


Tree=282
num_leaves=15
num_cat=0
split_feature=7 4 10 4 19 20 18 20 17 17 16 20 17 20
split_gain=0.710593 1.1537 0.844596 0.892776 0.797352 3.68094 6.81769 3.77808 3.77738 3.63897 5.69626 3.65807 3.57153 2.92284
threshold=-0.059821932499156509 -0.048687577247619622 0.92367640450044741 -0.0025972127914428707 0.13036665320396426 0.49439771473407751 0.079132378101348891 0.41372410953044897 -0.0032107532024383541 1.0000000180025095e-35 -0.013850778341293333 0.56976988911628734 0.11980545520782472 0.57210898399353038
decision_type=2 2 2 2 2 2 2 2 2 2 2 2 2 2
left_child=1 -1 -3 -4 -2 6 12 -8 13 10 -10 -12 -6 -7
right_child=4 2 3 -5 5 8 7 -9 9 -11 11 -13 -14 -15
leaf_value=-5.249065770780658e-05 1.7998280798499893e-05 0.0002659349129665478 0.00060025324412511956 0.0020435522083318025 -0.00080938276702258399 0.00086397113776847116 0.00068218923330405959 -0.00027934193509890999 0.0006478602783524961 -1.8352186661298607e-05 -0.0013662006558810688 -0.0045745021625412767 -0.0044979058192583885 -0.00040316165481624124
leaf_weight=8994 397742 6564 1558 511 12789 7309 5492 11108 1116 190232 1548 401 236 2108
leaf_count=8994 397742 6564 1558 511 12789 7309 5492 11108 1116 190232 1548 401 236 2108
internal_value=-2.53869e-06 0.000185301 0.000432924 0.000960785 -7.79509e-06 -5.19503e-05 -0.000364278 3.88839e-05 -6.29821e-06 -3.48883e-05 -0.00105951 -0.00203631 -0.000877915 0.000580259
internal_weight=647708 17627 8633 2069 630081 232339 29625 16600 202714 193297 3065 1949 13025 9417
internal_count=647708 17627 8633 2069 630081 232339 29625 16600 202714 193297 3065 1949 13025 9417
is_linear=0
shrinkage=0.03


Tree=283
num_leaves=15
num_cat=0
split_feature=12 6 19 21 20 16 20 16 16 19 19 16 18 16
split_gain=0.724212 1.1653 0.932566 2.2704 2.39208 1.73955 1.94147 2.49017 1.59203 1.49463 1.55309 2.66856 2.87667 1.90944
threshold=0.99627491139992297 0.071595364407344056 0.41876702010631567 0.016113452613353733 0.92254728078842174 0.030321240425109867 0.89058539271354686 0.052521824836730964 0.026192605495452884 0.31069883704185491 0.3240408748388291 0.036273062229156501 0.15249425172805789 -0.02587524056434631
decision_type=2 2 2 2 2 2 2 2 2 2 2 2 2 2
left_child=2 -2 9 5 -5 8 -7 -8 -4 -1 11 -11 -13 -12
right_child=1 -3 3 4 -6 6 7 -9 -10 10 13 12 -14 -15
leaf_value=-1.0260725685155466e-05 0.00041756606213672103 -1.4084551940834916e-05 -0.00085285693590534067 0.00069724720958880596 -0.00087114016665080216 0.00058274377252626587 -0.00019698326288320904 -0.0024850866958537063 -0.0029240534703657327 0.00084843098023101014 -0.0010798248985760437 -0.0029334218526539733 0.00028854557692963533 0.00014190450976758222
leaf_weight=574993 9711 13380 3032 3238 1194 1773 1865 551 372 5851 1195 360 785 28398
leaf_count=574993 9711 13380 3032 3238 1194 1773 1865 551 372 5851 1195 360 785 28398
internal_value=2.53482e-06 0.000167499 -3.57478e-06 -0.000265151 0.000274211 -0.000579948 -0.000170231 -0.000722869 -0.00108316 1.57049e-06 0.000187473 0.000589296 -0.000732824 9.23956e-05
internal_weight=646698 23091 623607 12025 4432 7593 4189 2416 3404 611582 36589 6996 1145 29593
internal_count=646698 23091 623607 12025 4432 7593 4189 2416 3404 611582 36589 6996 1145 29593
is_linear=0
shrinkage=0.03


Tree=284
num_leaves=15
num_cat=0
split_feature=19 19 4 8 20 20 20 21 20 18 8 20 16 17
split_gain=0.743832 1.9377 1.81847 1.57681 1.5777 7.83066 3.02265 1.92352 1.88579 1.70712 2.82612 1.61165 1.99595 2.72616
threshold=0.3876600861549378 0.31069883704185491 -0.35022762417793268 0.17004793769654655 0.72117123007774364 0.72409316897392284 0.695083647966385 0.0091132083907723444 0.92254728078842174 0.18925946950912478 0.17004391581625733 0.65839627385139476 0.016410946846008304 0.078395009040832533
decision_type=2 2 2 2 2 2 2 2 2 2 2 2 2 2
left_child=1 -1 -2 4 6 -6 11 -8 9 -7 -11 -3 -13 -14
right_child=2 3 -4 -5 5 8 7 -9 -10 10 -12 12 13 -15
leaf_value=-6.7180335930767667e-06 -0.0016859921511763359 0.00043219388514457107 -0.00012268914105735245 0.0011280285041087455 -0.0033747790108006105 0.00085616986550977826 0.0023261280337008405 0.00063372920419315618 0.0013209916838152107 0.0001352272789222617 -0.0011420257509483173 0.00050215935941395776 -0.0016683485644880471 0.00026556097651460819
leaf_weight=595646 686 9078 21754 1706 610 1637 1034 1458 1034 5829 2123 1809 1439 1200
leaf_count=595646 686 9078 21754 1706 610 1637 1034 1458 1034 5829 2123 1809 1439 1200
internal_value=-1.16404e-06 4.93337e-06 -0.000170845 0.000244563 0.000189058 -8.3508e-05 0.000380168 0.0013392 0.000106984 -2.45449e-05 -0.000206273 0.000203048 -0.000264581 -0.000790126
internal_weight=647043 624603 22440 28957 27251 11233 16018 2492 10623 9589 7952 13526 4448 2639
internal_count=647043 624603 22440 28957 27251 11233 16018 2492 10623 9589 7952 13526 4448 2639
is_linear=0
shrinkage=0.03


Tree=285
num_leaves=15
num_cat=0
split_feature=14 19 17 17 16 17 8 16 16 17 17 17 17 19
split_gain=0.688083 0.969905 1.94787 1.20147 1.25844 1.13248 1.31076 1.07108 1.85934 2.11149 2.85086 2.4915 2.37837 1.84794
threshold=0.99722863682213625 0.41876702010631567 0.023760080337524418 0.062959194183349623 0.030321240425109867 0.094644248485565199 0.17004511058589297 0.042129397392272956 0.055708527565002448 0.092377007007598891 0.019489109516143802 0.013805627822875978 0.1303704380989075 -0.11963026970624922
decision_type=2 2 2 2 2 2 2 2 2 2 2 2 2 2
left_child=1 7 -3 -4 5 6 -5 -1 -9 10 11 -10 -11 -12
right_child=-2 2 3 4 -6 -7 -8 8 9 12 13 -13 -14 -15
leaf_value=1.4344210507130206e-05 0.00014015757303495458 -0.0020261952472165291 0.000849580245221973 -0.00072910549599579475 -1.8886533415221321e-05 -0.00037970585994819337 -0.0028630320571397467 -0.00028481856263387693 -3.7934062700825726e-05 -0.0010300947657663274 0.0015396066408752938 -0.0026908411829538216 0.00015126404840921649 0.00041680055090381637
leaf_weight=549849 31561 537 923 733 6623 3009 400 29624 8516 2896 1625 326 3252 6958
leaf_count=549849 31561 537 923 733 6623 3009 400 29624 8516 2896 1625 326 3252 6958
internal_value=3.55226e-06 -3.45614e-06 -0.000267948 -0.000186335 -0.000275508 -0.000685325 -0.00149175 1.90785e-06 -0.000126625 7.21944e-05 0.00024084 -0.000137211 -0.000405597 0.000630151
internal_weight=646832 615271 12225 11688 10765 4142 1133 603046 53197 23573 17425 8842 6148 8583
internal_count=646832 615271 12225 11688 10765 4142 1133 603046 53197 23573 17425 8842 6148 8583
is_linear=0
shrinkage=0.03


Tree=286
num_leaves=15
num_cat=0
split_feature=7 8 8 8 8 20 19 18 20 16 17 20 18 17
split_gain=0.699245 1.20081 1.44798 1.1024 2.89941 7.0664 4.9994 4.70519 4.19588 5.01859 5.59257 3.799 3.28522 3.01017
threshold=-0.059821932499156509 0.17005116584446997 0.17005587177536233 0.17004944558881532 0.17456281247456851 0.6798815429210664 0.25642377138137823 0.11836916208267213 0.50421237945556652 -0.027247130870819088 0.027054488658905033 0.58848804235458385 0.098755538463592543 0.058374762535095222
decision_type=2 2 2 2 2 2 2 2 2 2 2 2 2 2
left_child=1 -1 -3 -2 5 6 8 13 9 -5 12 -9 -11 -8
right_child=3 2 -4 4 -6 -7 7 11 -10 10 -12 -13 -14 -15
leaf_value=-0.00011070368131603615 1.1224308814884039e-05 0.0026579863793073943 0.00033705488452119873 0.00024018632271048375 2.4991626935788232e-06 0.001086206364334039 -0.0039705812196733584 0.00082879158088055964 0.00034018718915114786 -0.0014347779195367978 0.0010078166960978167 -0.001637339937905682 0.00030940410091297567 -0.0015921424680589999
leaf_weight=7241 528717 243 10115 4454 72425 2741 762 1045 6064 7866 1140 1206 1107 1309
leaf_count=7241 528717 243 10115 4454 72425 2741 762 1045 6064 7866 1140 1206 1107 1309
internal_value=-8.40523e-07 0.000185641 0.00039276 -6.06094e-06 -9.73383e-05 -0.000358385 -0.000517255 -0.00144444 -0.000322715 -0.000598692 -0.000968089 -0.000493168 -0.00121955 -0.00247472
internal_weight=646435 17599 10358 628836 100119 27694 24953 4322 20631 14567 10113 2251 8973 2071
internal_count=646435 17599 10358 628836 100119 27694 24953 4322 20631 14567 10113 2251 8973 2071
is_linear=0
shrinkage=0.03


Tree=287
num_leaves=15
num_cat=0
split_feature=8 8 8 8 17 18 8 20 8 18 18 8 4 17
split_gain=0.784439 0.908345 0.95974 1.47131 1.62483 1.69387 1.36327 2.38113 1.94748 2.81537 2.16289 1.97302 3.24969 2.21476
threshold=0.17857673709457347 0.1785741515716307 0.17857349761315727 0.17857151720761819 -0.076159238815307603 0.12817311286926272 0.17857085082263505 0.83440363407135021 0.17856678531421863 -0.0072827339172363273 0.052498102188110359 0.17856424266173929 -0.52457308769226063 -0.077686101198196397
decision_type=2 2 2 2 2 2 2 2 2 2 2 2 2 2
left_child=1 2 3 6 -5 -6 8 -8 11 -10 -11 -1 -13 -14
right_child=-2 -3 -4 4 5 -7 7 -9 9 10 -12 12 13 -15
leaf_value=3.8184787481428457e-06 0.00069460270548960684 -0.00034422655856086536 0.00050254970137988411 0.0020299289293141793 -0.0012062868673623928 -0.00017487619179432242 0.00050760660484844018 -0.0019963526153289383 8.569432578368098e-05 -0.0010206294278392158 0.00031356843084846418 0.003882002153214075 0.00111492292342554 -0.00024899852038751173
leaf_weight=602528 1461 6827 3445 225 2208 4072 7609 353 6807 5761 1347 256 2137 2141
leaf_count=602528 1461 6827 3445 225 2208 4072 7609 353 6807 5761 1347 256 2137 2141
internal_value=1.43e-06 -1.43739e-07 3.5357e-06 8.26414e-07 -0.000447865 -0.000538183 5.47067e-06 0.000395409 4.67841e-07 -0.000350378 -0.00076775 8.51269e-06 0.000631641 0.000432831
internal_weight=647177 645716 638889 635444 6505 6280 628939 7962 620977 13915 7108 607062 4534 4278
internal_count=647177 645716 638889 635444 6505 6280 628939 7962 620977 13915 7108 607062 4534 4278
is_linear=0
shrinkage=0.03


Tree=288
num_leaves=15
num_cat=0
split_feature=4 1 18 7 13 18 3 11 8 6 10 21 1 21
split_gain=0.639953 2.49054 1.93158 1.51015 1.7533 1.61323 1.14147 1.12529 2.01938 1.77564 1.08104 1.55069 1.01168 0.954915
threshold=-0.31838786602020258 4.166635176627655 0.027235746383666996 0.0079683178648585398 0.020277122964749743 -0.15832906961441037 0.1299431920051575 0.55379441794166728 0.047002355992836489 -0.0013317483102279091 0.054146232808906632 0.010569317266345026 4.5591125415341898 0.0066633860114961871
decision_type=2 2 2 2 2 2 2 2 2 2 2 2 2 2
left_child=1 2 3 4 -1 10 -3 8 9 -8 -6 -12 -10 -14
right_child=-2 6 -4 -5 5 -7 7 -9 12 -11 11 -13 13 -15
leaf_value=-0.002708038609332831 1.070440633060597e-05 0.00018650748221920636 -0.00094621854836325582 3.0508317699372567e-05 0.0017714984066039604 -0.0010388144645709864 -0.0031990476452985837 0.00010703699662785609 -0.00048588776777083064 -0.00076331010116140532 -0.0025171370809403014 0.00034314421220528978 0.00094360885505285488 -4.9767545445950633e-05
leaf_weight=349 582917 20770 4417 7798 327 2029 305 11960 4554 2108 203 944 991 6932
leaf_count=349 582917 20770 4417 7798 327 2029 305 11960 4554 2108 203 944 991 6932
internal_value=8.39117e-07 -8.94501e-05 -0.000412363 -0.000209637 -0.000695198 -0.000491087 1.95327e-05 -0.000109642 -0.000283662 -0.00107716 0.000263838 -0.000171806 -0.000129832 7.49996e-05
internal_weight=646604 63687 16067 11650 3852 3503 47620 26850 14890 2413 1474 1147 12477 7923
internal_count=646604 63687 16067 11650 3852 3503 47620 26850 14890 2413 1474 1147 12477 7923
is_linear=0
shrinkage=0.03


Tree=289
num_leaves=15
num_cat=0
split_feature=21 17 8 21 21 20 8 21 16 16 8 8 21 16
split_gain=0.785844 2.56469 1.77488 1.69577 1.67703 3.24158 3.44779 2.89469 3.43416 3.47507 2.6752 5.88301 4.40778 3.24088
threshold=0.0070861626882106074 -0.064699828624725328 0.17857173863715411 0.018363822251558307 0.0082773324102163332 0.21769738197326663 0.15857178295581972 0.0078390771523118036 0.043483257293701179 0.042739748954772956 0.049956620245035159 0.047002692418188267 0.0079559027217328566 0.024423003196716312
decision_type=2 2 2 2 2 2 2 2 2 2 2 2 2 2
left_child=1 -1 4 -4 5 -2 10 8 9 -8 11 12 13 -7
right_child=2 -3 3 -5 -6 6 7 -9 -10 -11 -12 -13 -14 -15
leaf_value=-0.0018506729743758264 -0.0011413846199073922 -5.9395910222327526e-05 -0.00047829930261640352 0.0021276705032940227 -7.9183371244594081e-07 0.0011943275227532962 -0.00058705672355380484 0.0003165829117550136 0.0011241187138693416 -0.0043350851751471813 0.00037775526597472539 -0.00069612949830133593 -0.00062911850834042977 -5.1008947696357787e-05
leaf_weight=719 1728 112661 8453 226 437483 5245 9763 6021 1054 223 50129 7439 2805 2930
leaf_count=719 1728 112661 8453 226 437483 5245 9763 6021 1054 223 50129 7439 2805 2930
internal_value=8.87783e-07 -7.08364e-05 1.61312e-05 -0.000409254 2.31697e-05 0.00014319 0.000169184 -0.000212387 -0.00050089 -0.000672883 0.000264162 -4.50121e-05 0.000396239 0.000748228
internal_weight=646879 113380 533499 8679 524820 87337 85609 17061 11040 9986 68548 18419 10980 8175
internal_count=646879 113380 533499 8679 524820 87337 85609 17061 11040 9986 68548 18419 10980 8175
is_linear=0
shrinkage=0.03


Tree=290
num_leaves=15
num_cat=0
split_feature=21 21 17 16 17 19 19 5 19 19 19 19 8 8
split_gain=0.722062 2.68689 1.77691 2.0619 2.3655 2.202 1.96252 1.80192 1.76865 1.63743 3.01973 2.41601 3.1536 1.97327
threshold=0.0064689524006098518 0.0057082085404545077 0.078395009040832533 0.019300282001495365 0.062135934829711921 0.063360840082168593 0.29295355081558233 0.074182473898197238 0.064349826425313963 0.04712426848709584 0.041646007448434837 0.036853719502687461 0.14479837603951595 0.13495831861629587
decision_type=2 2 2 2 2 2 2 2 2 2 2 2 2 2
left_child=1 2 3 4 7 -6 -4 -1 -7 10 11 12 -3 -11
right_child=-2 9 6 -5 5 8 -8 -9 -10 13 -12 -13 -14 -15
leaf_value=-0.00015957238679250186 1.0378861740601853e-05 -0.00027300886975195702 -0.00041526052215482256 0.0007574298951522749 -0.0016717388222315954 0.0023324634838435385 0.0005649679057629721 0.00048916561336427404 -0.00029843339830654131 -4.9926012349744392e-05 0.0017491074691121755 -0.0019308126333328218 0.0010468397085067757 -0.00064784356971691454
leaf_weight=5899 573585 8709 9613 5064 1064 238 2268 11096 4291 7620 818 630 1999 14271
leaf_count=5899 573585 8709 9613 5064 1064 238 2268 11096 4291 7620 818 630 1999 14271
internal_value=-9.71031e-07 -8.94426e-05 7.87938e-05 0.000210621 8.78919e-05 -0.000447011 -0.000227983 0.000264007 -0.000157759 -0.00028477 -5.56559e-06 -0.000132875 -2.62422e-05 -0.000439774
internal_weight=647165 73580 39533 27652 22588 5593 11881 16995 4529 34047 12156 11338 10708 21891
internal_count=647165 73580 39533 27652 22588 5593 11881 16995 4529 34047 12156 11338 10708 21891
is_linear=0
shrinkage=0.03


Tree=291
num_leaves=15
num_cat=0
split_feature=20 20 18 19 16 16 17 17 19 18 19 21 21 18
split_gain=0.771428 3.93852 4.45012 5.45293 3.78739 3.27516 3.6334 3.86482 3.52289 3.80885 3.56186 3.1638 3.90577 4.80255
threshold=0.49729374051094061 0.46931435167789465 0.12519824504852298 0.1744075417518616 0.026192605495452884 0.0063090324401855477 -0.08877015113830565 0.03456473350524903 0.12900651991367343 0.082270562648773207 0.12058227509260179 0.015086432453244926 0.014454654883593323 0.012773633003234865
decision_type=2 2 2 2 2 2 2 2 2 2 2 2 2 2
left_child=1 5 3 4 -3 11 -7 8 10 -10 -8 12 -1 -14
right_child=-2 2 -4 -5 -6 6 7 -9 9 -11 -12 -13 13 -15
leaf_value=0.00010305877596407383 2.6310699353087543e-05 -0.00054651356011656 0.00054364989112404955 -0.0016361481770396555 0.00075580493252289072 0.00034244939161870956 -0.00029490755415883136 0.000447131654961146 -0.0018673370646405927 -0.00026977861237776523 0.0020723775125752863 -0.00014259553223121971 0.00019477943227396878 0.0017450200258357479
leaf_weight=116637 382667 13489 3673 3665 2357 10342 47950 6132 2708 2664 574 47265 4547 2972
leaf_count=116637 382667 13489 3673 3665 2357 10342 47950 6132 2708 2664 574 47265 4547 2972
internal_value=-9.34586e-07 -4.0281e-05 -0.000413755 -0.000594082 -0.000352624 -4.4628e-06 -0.000176784 -0.000266261 -0.000347461 -0.00107609 -0.000266694 6.62796e-05 0.000145799 0.000808288
internal_weight=647642 264975 23184 19511 15846 241791 70370 60028 53896 5372 48524 171421 124156 7519
internal_count=647642 264975 23184 19511 15846 241791 70370 60028 53896 5372 48524 171421 124156 7519
is_linear=0
shrinkage=0.03


Tree=292
num_leaves=15
num_cat=0
split_feature=8 20 18 18 20 16 17 20 16 16 16 8 8 19
split_gain=0.780315 3.47913 4.19905 7.14542 7.49629 4.91066 5.19862 5.54377 5.31897 6.70135 3.79873 2.99042 2.81377 2.7126
threshold=0.049956620245035159 0.78978112339973461 0.048805534839630134 0.060652792453765876 0.45847754180431372 0.038849771022796638 -0.015046119689941405 0.53177934885025036 -0.0026911199092864986 -0.021362811326980587 0.055708527565002448 0.047002490904381543 0.050384221673779254 0.13521633297204974
decision_type=2 2 2 2 2 2 2 2 2 2 2 2 2 2
left_child=1 2 -1 4 -4 6 7 -5 9 -8 11 -7 -2 -10
right_child=12 -3 3 5 -6 10 8 -9 13 -11 -12 -13 -14 -15
leaf_value=2.2389781476952609e-05 0.00023873880049360812 0.0002634132141981431 0.0029217838799103914 -0.0019844935921796356 -0.0032737152360805925 -0.0030865843251660862 -0.00068634674758331188 0.0016931651472990479 -3.4636405825729838e-05 0.0009235406505590149 5.8819316605714472e-05 -0.00096437776842203736 -6.680727120606592e-06 -0.00066322723655629361
leaf_weight=58691 46117 23200 200 2424 1266 1211 3305 431 12575 7836 1146 1188 475629 12143
leaf_count=58691 46117 23200 200 2424 1266 1211 3305 431 12575 7836 1146 1188 475629 12143
internal_value=-1.14748e-06 -6.82718e-05 -0.000143417 -0.000365952 -0.00242143 -0.000294367 -0.000196417 -0.00142731 -9.82304e-05 0.000445871 -0.00136228 -0.00203985 1.50139e-05 -0.000343511
internal_weight=647362 125616 102416 43725 1466 42259 38714 2855 35859 11141 3545 2399 521746 24718
internal_count=647362 125616 102416 43725 1466 42259 38714 2855 35859 11141 3545 2399 521746 24718
is_linear=0
shrinkage=0.03


Tree=293
num_leaves=15
num_cat=0
split_feature=21 21 17 20 20 20 20 16 8 20 8 17 8 17
split_gain=0.676042 2.4264 1.64306 2.68671 2.01474 4.1602 1.93678 1.99981 2.00648 2.67554 2.86478 1.69217 1.61256 1.85909
threshold=0.0064689524006098518 0.0057082085404545077 0.078395009040832533 0.82222193479537975 0.81459549069404613 0.80457234382629406 0.78279215097427379 0.027627170085906986 0.07418540387488308 0.6126590669155122 0.056132327008265807 0.062135934829711921 0.050382606220033939 -0.0010224878787994383
decision_type=2 2 2 2 2 2 2 2 2 2 2 2 2 2
left_child=1 2 3 6 5 -4 7 8 9 10 -1 -8 -3 -14
right_child=-2 12 4 -5 -6 -7 11 -9 -10 -11 -12 -13 13 -15
leaf_value=8.2710740668796273e-05 9.2639920263022106e-06 0.00037335902766582685 -0.00034034886949351807 0.0015903321018648233 0.00020696201355307288 -0.0030037695455870685 0.0010146905569082163 -0.0015732951399590174 0.00050915979369046537 0.00096867378834821838 -0.0013047939111312527 -0.00067846407107010178 8.5267101419848575e-05 -0.00046636471871545925
leaf_weight=3890 573610 3150 5890 1191 5360 575 614 523 13943 1652 2037 3759 7152 23758
leaf_count=3890 573610 3150 5890 1191 5360 575 614 523 13943 1652 2037 3759 7152 23758
internal_value=-1.71213e-06 -8.73739e-05 7.28244e-05 0.000199548 -0.000223009 -0.000579373 0.000136558 0.000250972 0.000295658 -9.71965e-05 -0.000394847 -0.000439846 -0.000272832 -0.000338734
internal_weight=647104 73494 39434 27609 11825 6465 26418 22045 21522 7579 5927 4373 34060 30910
internal_count=647104 73494 39434 27609 11825 6465 26418 22045 21522 7579 5927 4373 34060 30910
is_linear=0
shrinkage=0.03


Tree=294
num_leaves=15
num_cat=0
split_feature=4 0 18 8 3 18 13 7 21 4 14 4 11 0
split_gain=0.710875 2.18482 2.05399 1.87325 1.6032 1.66539 1.35563 1.61828 1.28175 3.79825 1.26908 1.77972 1.25205 1.13688
threshold=-0.31838786602020258 41.500000000000007 0.045523226261138923 0.047001467801084572 0.1299431920051575 -0.14057180285453794 0.68054439847261772 0.053524739688403149 0.022266084328293804 -0.52457308769226063 0.14399646643109543 -0.3985507190227508 0.47360063041765177 92.500000000000014
decision_type=2 2 2 2 2 2 2 2 2 2 2 2 2 2
left_child=1 2 3 10 5 -3 7 -6 -8 -10 -1 12 -12 -7
right_child=-2 4 -4 -5 6 13 8 -9 9 -11 11 -13 -14 -15
leaf_value=-0.00032256649445955635 9.9536527474693552e-06 0.00055966205747985068 -0.0015136108817661426 0.000122183532290107 -0.00062835312088991365 -0.00022770240406847435 -1.221208241898364e-05 -9.3172518389872215e-05 0.0036615893855569477 -0.0002334086522338755 -0.0016406523573535608 0.00015599460762469951 -0.0046898582281375478 0.00022949338834996245
leaf_weight=782 583589 6349 1702 3133 8895 9795 9844 11868 340 648 273 224 226 9775
leaf_count=782 583589 6349 1702 3133 8895 9795 9844 11868 340 648 273 224 226 9775
internal_value=-4.44816e-07 -9.54742e-05 -0.000623785 -0.000295969 -3.71872e-05 0.000137674 -0.000180634 -0.000322543 9.1405e-05 0.00111866 -0.00116397 -0.00206557 -0.00305448 6.6216e-07
internal_weight=647443 63854 6340 4638 57514 25919 31595 20763 10832 988 1505 723 499 19570
internal_count=647443 63854 6340 4638 57514 25919 31595 20763 10832 988 1505 723 499 19570
is_linear=0
shrinkage=0.03


Tree=295
num_leaves=15
num_cat=0
split_feature=18 8 8 17 16 18 15 21 21 18 8 21 16 18
split_gain=0.670605 2.0812 3.92197 3.6184 3.31647 3.26387 3.12088 2.74524 2.61934 4.26191 3.98715 2.61188 2.47342 3.34348
threshold=-0.067922085523605333 0.074182358524838385 0.074183673087908589 -0.005437523126602172 0.0096197724342346209 -0.098433017730712877 0.25303471647644205 0.0088873663917183893 0.01197266159579158 -0.071343958377838121 0.1585719697519353 0.012492358684539797 -0.037814199924468987 -0.096063733100891099
decision_type=2 2 2 2 2 2 2 2 2 2 2 2 2 2
left_child=1 3 -3 4 -1 6 -6 -4 9 -9 -11 12 -10 -14
right_child=-2 2 7 -5 5 -7 -8 8 11 10 -12 -13 13 -15
leaf_value=7.5553606912794584e-05 1.6483328042676314e-05 -0.0010330389312923026 0.00037732628095429307 0.00040849820107470753 -0.0012818500169964461 -0.0014521222155930828 0.00010034393549200608 -0.00040113564644516189 0.0015564674001270057 -0.0040393483382428165 -6.6358975600451232e-05 -0.00015122034940656556 0.0005116828017738556 -0.0025410913327576145
leaf_weight=27652 523133 4473 8789 19082 1948 2682 5945 13694 1624 573 375 34176 2176 374
leaf_count=27652 523133 4473 8789 19082 1948 2682 5945 13694 1624 573 375 34176 2176 374
internal_value=1.63609e-06 -6.12213e-05 -0.000175724 7.11577e-05 -9.7266e-05 -0.000548985 -0.000241378 -0.000113576 -0.000195022 -0.000536295 -0.00247635 -6.46714e-05 0.00064331 5.9846e-05
internal_weight=646696 123563 66254 57309 38227 10575 7893 61781 52992 14642 948 38350 4174 2550
internal_count=646696 123563 66254 57309 38227 10575 7893 61781 52992 14642 948 38350 4174 2550
is_linear=0
shrinkage=0.03


Tree=296
num_leaves=15
num_cat=0
split_feature=20 18 19 16 6 20 19 21 8 19 18 18 18 16
split_gain=0.633929 3.59746 6.80431 4.57968 4.28096 3.06692 3.00871 4.15955 4.24459 4.29925 3.79892 6.61531 4.71475 3.79418
threshold=0.49729374051094061 0.12706887722015384 0.13521633297204974 -0.034097015857696526 0.1697743897070578 0.49439771473407751 -0.081252459436655031 0.014219570439308883 0.07418518315716742 -0.098115656524896608 -0.00095534324645996083 -0.069906651973724351 -0.026433259248733517 0.034811198711395271
decision_type=2 2 2 2 2 2 2 2 2 2 2 2 2 2
left_child=1 2 5 -4 -5 -1 7 8 -2 13 11 -8 -13 -10
right_child=6 -3 3 4 -6 -7 10 -9 9 -11 -12 12 -14 -15
leaf_value=2.6212871361019118e-07 -0.00019174831105731505 0.00051447207242899583 0.00029408865468325365 -0.00081406755275329325 0.0022008104590081593 -0.0014096548015449419 -0.00026477876060082659 0.00053467879053958227 0.00064936370718892875 -0.0017984130381623149 1.3562887694474639e-05 0.0011878640813459389 0.00030253593037291813 -0.0022461145947750829
leaf_weight=229238 11683 10264 4750 18756 429 1392 10835 4147 1565 3705 326285 8640 14497 545
leaf_count=229238 11683 10264 4750 18756 429 1392 10835 4147 1565 3705 326285 8640 14497 545
internal_value=-3.75283e-07 -3.60424e-05 -5.82487e-05 -0.000539648 -0.000746095 -8.278e-06 2.43582e-05 -0.000319129 -0.000521575 -0.0011835 4.49997e-05 0.000346889 0.000633327 -0.000102062
internal_weight=646731 264829 254565 23935 19185 230630 381902 21645 17498 5815 360257 33972 23137 2110
internal_count=646731 264829 254565 23935 19185 230630 381902 21645 17498 5815 360257 33972 23137 2110
is_linear=0
shrinkage=0.03


Tree=297
num_leaves=15
num_cat=0
split_feature=10 13 18 18 20 17 20 20 19 19 20 6 19 17
split_gain=0.618048 0.945914 0.979028 1.59273 1.47744 1.51834 1.31051 1.81801 1.56795 1.77915 1.40993 1.19449 2.33008 3.78163
threshold=0.8426080044238613 0.047074481908127887 0.14310121536254886 0.14115631580352786 0.57436138391494762 0.058374762535095222 0.80457234382629406 0.7960738241672517 0.34856632351875311 0.29046513140201574 0.63404539227485668 0.057026340547714875 0.14245050400495532 0.013256847858428957
decision_type=2 2 2 2 2 2 2 2 2 2 2 2 2 2
left_child=-1 -2 3 -3 -4 6 7 8 9 11 -11 12 -6 -14
right_child=1 2 4 -5 5 -7 -8 -9 -10 10 -12 -13 13 -15
leaf_value=-2.5522471102855918e-05 -0.0019234054071991544 6.6366069214364039e-05 0.00038166133022442803 0.001124205459445325 7.3021681575182839e-05 1.0379391742087626e-05 -0.0014189841994365743 0.0018339847439074943 0.0004139540603828823 -0.0003266398127503375 -0.0021889269897578476 -7.7957091073637753e-05 -0.0042754796363708636 -0.00073607548777439758
leaf_weight=380810 217 183884 6518 1285 3450 48373 864 372 2721 667 811 11770 282 5207
leaf_count=380810 217 183884 6518 1285 3450 48373 864 372 2721 667 811 11770 282 5207
internal_value=-1.0019e-06 3.40465e-05 3.56782e-05 7.37372e-05 -5.12876e-05 -8.91807e-05 -0.000273359 -0.000233932 -0.000265178 -0.00034854 -0.00135244 -0.000276583 -0.000537925 -0.00092164
internal_weight=647231 266421 266204 185169 81035 74517 26144 25280 24908 22187 1478 20709 8939 5489
internal_count=647231 266421 266204 185169 81035 74517 26144 25280 24908 22187 1478 20709 8939 5489
is_linear=0
shrinkage=0.03


Tree=298
num_leaves=15
num_cat=0
split_feature=16 4 19 8 10 20 14 8 20 16 21 16 18 21
split_gain=0.694954 2.53327 2.36403 4.19969 2.38994 3.01831 2.70154 4.53978 2.30894 2.26305 4.45052 2.63041 2.55579 2.15603
threshold=-0.053544312715530389 -0.79623189568519581 -0.11027873307466506 0.15608868224771202 0.048015147841838517 0.13314338773489001 0.041708935801752438 0.047001536825169957 0.028088787570595745 -0.037814199924468987 0.0094074779190123099 -0.045350998640060418 0.25191706418991094 0.0087975384667515772
decision_type=2 2 2 2 2 2 2 2 2 2 2 2 2 2
left_child=1 -1 4 -4 5 -3 -6 -8 -9 10 11 13 -12 -2
right_child=9 2 3 -5 6 -7 7 8 -10 -11 12 -13 -14 -15
leaf_value=-0.0031677258522931212 -0.0019229173967595036 -0.00022569859211640523 -0.00065018346994867278 0.00024139272466091409 0.0030659063966784008 0.0048327151439051313 -0.001007812691323056 0.0021992496543713881 0.00027658722597931015 -4.9843407792112412e-06 0.00048217661851634726 1.0219451767008002e-05 -0.0012305581550312193 2.9184306391018212e-05
leaf_weight=241 1529 201 12392 7710 273 219 2651 602 7646 583498 24855 3814 805 762
leaf_count=241 1529 201 12392 7710 273 219 2651 602 7646 583498 24855 3814 805 762
internal_value=1.35802e-06 -0.000135082 -0.000111526 -0.00030825 0.000229604 0.00243773 0.000145539 7.10164e-05 0.000418165 8.44094e-06 0.000255015 -0.000472724 0.000428216 -0.00127499
internal_weight=647198 31935 31694 20102 11592 420 11172 10899 8248 615263 31765 6105 25660 2291
internal_count=647198 31935 31694 20102 11592 420 11172 10899 8248 615263 31765 6105 25660 2291
is_linear=0
shrinkage=0.03


Tree=299
num_leaves=15
num_cat=0
split_feature=21 21 18 17 16 19 16 19 19 19 20 19 17 19
split_gain=0.651626 2.48605 1.7055 2.62359 2.25392 2.10312 2.79111 3.18548 2.17317 1.91976 1.94045 1.7225 1.62063 1.54301
threshold=0.0064689524006098518 0.0057082085404545077 0.23828417062759402 0.062135934829711921 0.011839330196380617 0.10542362555861474 0.013371527194976808 0.12291856482625009 0.10088544711470605 0.063360840082168593 0.58571133017539989 0.1744075417518616 0.070989251136779799 0.04712426848709584
decision_type=2 2 2 2 2 2 2 2 2 2 2 2 2 2
left_child=1 2 3 5 -4 8 -7 -8 -1 12 -11 -12 -5 -3
right_child=-2 13 4 9 -6 6 7 -9 -10 10 11 -13 -14 -15
leaf_value=0.00032360496683169583 9.6404495363791169e-06 -4.8666287458360775e-07 -0.0015586442210221688 -0.0023223082071533686 0.0008460206346765669 0.00016224739668870453 -0.0024061073389692019 0.00089122190385197708 0.0017600980276978699 -0.0029800738608332183 0.00027524253548482372 -0.00040549457190860853 -0.000591539077205012 -0.00042251481911046698
leaf_weight=13306 573656 12078 380 633 3990 3161 938 363 1016 206 6397 7002 2081 21993
leaf_count=13306 573656 12078 380 633 3990 3161 938 363 1016 206 6397 7002 2081 21993
internal_value=-1.13807e-06 -8.52073e-05 7.6839e-05 7.22556e-06 0.000635377 0.000248936 -0.000319524 -0.00148621 0.000426088 -0.000270986 -0.000125495 -8.05131e-05 -0.000998743 -0.00027293
internal_weight=647200 73544 39473 35103 4370 18784 4462 1301 14322 16319 13605 13399 2714 34071
internal_count=647200 73544 39473 35103 4370 18784 4462 1301 14322 16319 13605 13399 2714 34071
is_linear=0
shrinkage=0.03


end of trees

feature_importances:
fresh_exp=744
mkt_ret_63=549
mkt_above_200=531
mkt_vol_21=514
mkt_ret_21=440
mkt_ret_5=415
mkt_breadth_50=403
from_peak=85
rank_p5=81
entry_exp=57
rank_p21=54
rank_p10=51
fresh_gap=46
rank_p1=45
exp_drop=35
expected=33
gain=28
peak_gain=28
rank_p63=22
rank_p3=20
age=13
log_age=6

parameters:
[boosting: gbdt]
[objective: regression]
[metric: l2]
[tree_learner: serial]
[device_type: cpu]
[data_sample_strategy: bagging]
[data: ]
[valid: ]
[num_iterations: 300]
[learning_rate: 0.03]
[num_leaves: 15]
[num_threads: 12]
[seed: 42]
[deterministic: 0]
[force_col_wise: 0]
[force_row_wise: 0]
[histogram_pool_size: -1]
[max_depth: -1]
[min_data_in_leaf: 200]
[min_sum_hessian_in_leaf: 0.001]
[bagging_fraction: 0.8]
[pos_bagging_fraction: 1]
[neg_bagging_fraction: 1]
[bagging_freq: 1]
[bagging_seed: 400]
[bagging_by_query: 0]
[feature_fraction: 0.8]
[feature_fraction_bynode: 1]
[feature_fraction_seed: 30056]
[extra_trees: 0]
[extra_seed: 12879]
[early_stopping_round: 0]
[early_stopping_min_delta: 0]
[first_metric_only: 0]
[max_delta_step: 0]
[lambda_l1: 0]
[lambda_l2: 5]
[linear_lambda: 0]
[min_gain_to_split: 0]
[drop_rate: 0.1]
[max_drop: 50]
[skip_drop: 0.5]
[xgboost_dart_mode: 0]
[uniform_drop: 0]
[drop_seed: 17869]
[top_rate: 0.2]
[other_rate: 0.1]
[min_data_per_group: 100]
[max_cat_threshold: 32]
[cat_l2: 10]
[cat_smooth: 10]
[max_cat_to_onehot: 4]
[top_k: 20]
[monotone_constraints: ]
[monotone_constraints_method: basic]
[monotone_penalty: 0]
[feature_contri: ]
[forcedsplits_filename: ]
[refit_decay_rate: 0.9]
[cegb_tradeoff: 1]
[cegb_penalty_split: 0]
[cegb_penalty_feature_lazy: ]
[cegb_penalty_feature_coupled: ]
[path_smooth: 0]
[interaction_constraints: ]
[verbosity: -1]
[saved_feature_importance_type: 0]
[use_quantized_grad: 0]
[num_grad_quant_bins: 4]
[quant_train_renew_leaf: 0]
[stochastic_rounding: 1]
[linear_tree: 0]
[max_bin: 255]
[max_bin_by_feature: ]
[min_data_in_bin: 3]
[bin_construct_sample_cnt: 200000]
[data_random_seed: 175]
[is_enable_sparse: 1]
[enable_bundle: 1]
[use_missing: 1]
[zero_as_missing: 0]
[feature_pre_filter: 1]
[pre_partition: 0]
[two_round: 0]
[header: 0]
[label_column: ]
[weight_column: ]
[group_column: ]
[ignore_column: ]
[categorical_feature: ]
[forcedbins_filename: ]
[precise_float_parser: 0]
[parser_config_file: ]
[objective_seed: 16083]
[num_class: 1]
[is_unbalance: 0]
[scale_pos_weight: 1]
[sigmoid: 1]
[boost_from_average: 1]
[reg_sqrt: 0]
[alpha: 0.9]
[fair_c: 1]
[poisson_max_delta_step: 0.7]
[tweedie_variance_power: 1.5]
[lambdarank_truncation_level: 30]
[lambdarank_norm: 1]
[label_gain: ]
[lambdarank_position_bias_regularization: 0]
[eval_at: ]
[multi_error_top_k: 1]
[auc_mu_weights: ]
[num_machines: 1]
[local_listen_port: 12400]
[time_out: 120]
[machine_list_filename: ]
[machines: ]
[gpu_platform_id: -1]
[gpu_device_id: -1]
[gpu_device_id_list: ]
[gpu_use_dp: 0]
[num_gpu: 1]

end of parameters

pandas_categorical:[]
