tree
version=v4
num_class=1
num_tree_per_iteration=1
label_index=0
max_feature_idx=13
objective=regression
feature_names=gap first_hr_ret first_hr_vol_ratio prev_ret prev_intraday prev_range ret_5d ret_20d vol_20d dist_20d_high mkt_gap mkt_first_hr rel_first_hr first_hr_range
feature_infos=[-0.89501984300240978:0.30058015212916889] [-0.13172208096551774:0.18419180714918304] [-11.354812150668165:19.512426394462661] [-0.79884256778480334:0.31926850523034145] [-0.20499012137291195:0.21511333475184991] [0:0.41779788838612369] [-0.89189879337599764:0.8032126191790887] [-0.91447958498021531:1.4151983816272526] [6.4952261278101613e-06:0.20524464269946299] [-0.91289795856086575:0] [-0.048197378392409118:0.037490404414856293] [-0.022611941480539022:0.011542575739723837] [-0.13235954170730524:0.18518441351960613] [0:0.2275132275132275]
tree_sizes=2979 3179 3194 3206 3178 3183 3168 3232 3175 3211 3187 3192 3170 3178 3193 3182 3181 3168 3214 3183 3176 3199 3209 3193 3161 3197 3174 3168 3149 3175 3170 3198 3177 3186 3186 3219 3176 3183 3180 3169 3177 3190 3197 3200 3177 3156 3183 3178 3171 3179 3171 3154 3172 3183 3197 3201 3187 3159 3157 3167 3157 3170 3184 3157 3188 3192 3137 3150 3184 3136 3176 3199 3137 3160 3153 3145 3169 3174 3163 3187 3186 3144 3189 3183 3167 3188 3168 3150 3174 3210 3168 3184 3184 3191 3182 3153 3127 3170 3152 3155 3167 3175 3146 3163 3151 3150 3150 3123 3166 3130 3133 3127 3121 3199 3124 3103 3152 3191 3164 3149 3141 3150 3159 3122 3115 3159 3171 3193 3137 3149 3156 3115 3097 3128 3104 3175 3127 3129 3112 3154 3181 3120 3177 3142 3121 3147 3130 3100 3160 3156 3091 3104 3140 3158 3067 3127 3142 3149 3147 3150 3105 3181 3097 3145 3149 3141 3153 3144 3161 3131 3146 3131 3158 3139 3133 3178 3158 3105 3157 3093 3181 3116 3090 3145 3162 3100 3142 3118 3092 3117 3122 3131 3122 3118 3123 3076 3086 3089 3160 3174 3100 3146 3124 3118 3127 3109 3085 3141 3127 3167 3125 3097 3094 3095 3083 3138 3107 3117 3092 3100 3123 3123 3086 3170 3087 3158 3113 3074 3114 3188 3139 3067 3139 3098 3104 3113 3121 3086 3115 3124 3143 3092 3117 3126 3098 3140 3160 3117 3145 3103 3109 3101 3121 3101 3078 3108 3104 3180 3113 3170 3112 3148 3083 3144 3127 3089 3164 3127 3086 3114 3116 3159 3130 3097 3085 3105 3095 3158 3138 3068 3147 3126 3079 3124 3109 3170 3177 3122 3091 3110 3104 3110 3126 3139 3100 3113 3113 3127 3079 3120

Tree=0
num_leaves=31
num_cat=0
split_feature=5 13 13 1 6 3 5 12 13 10 0 6 11 11 3 10 0 1 10 11 4 12 10 10 10 6 5 4 3 5
split_gain=45.7493 16.5241 4.58471 7.29496 5.19654 4.87895 4.15484 3.28719 2.9681 2.68516 2.18815 2.10577 2.09657 2.27505 2.04748 2.13848 1.96683 1.95664 1.83674 1.76149 1.73806 1.70009 1.58537 1.553 1.54498 1.52932 1.51622 1.51023 1.47531 1.44612
threshold=0.024508303367421297 0.011538455017611514 0.021140193550111781 -0.015756634053113724 -0.058191938413415793 -0.044457566656412477 0.014156805242719851 -0.0022347273719109935 0.021546261132986692 0.0031836078789299065 0.0042178919598441231 0.089691781580086963 -0.0016335004347811652 -0.00070588241173985533 -0.023214610495946027 0.010624881496363094 0.030987044945001378 0.008311225662386847 0.0046607549596022766 0.0013595712792588979 0.016196335963892809 -0.033423663575206923 0.008551999105847587 0.00064926187012581693 -0.003612542338496338 0.0062339223613219205 0.0098273434591020278 0.015092176376079626 -0.046979232408247799 0.038849236122965113
decision_type=8 2 2 2 8 8 10 10 2 10 10 8 8 10 10 8 8 2 8 10 8 10 10 10 8 8 10 10 10 10
left_child=1 6 10 5 14 9 22 25 17 23 20 -6 -13 -14 15 19 -7 -9 -18 28 -2 -11 24 -4 -1 -3 -26 -10 -5 -12
right_child=2 7 3 4 11 16 -8 8 27 21 29 12 13 -15 -16 -17 18 -19 -20 -21 -22 -23 -24 -25 26 -27 -28 -29 -30 -31
leaf_value=0.50150809625954307 0.50093624119178115 0.50128708004089695 0.50251224687458873 0.50273950109186738 0.50036866991648932 0.50098250413815393 0.50174626375340536 0.50103837002325413 0.50053970271311654 0.50613367878639159 0.50086581035754751 0.50059311701934961 0.49835983344497076 0.49983219149073604 0.50058236483511565 0.50426457044332595 0.49849616142129277 0.50160843154644663 0.50109612208386622 0.50070557119965187 0.50134907094469905 0.50295682346290393 0.50046722884559547 0.50013817578871222 0.5028025192780845 0.50171917897547313 0.50222095416522339 0.50255390269421252 0.50127709816754062 0.50041891746313871
leaf_weight=1720 35798 17254 675 1019 37837 20176 27336 17057 9711 233 18891 2359 1185 4654 4689 232 567 7942 430 2270 12343 434 405 392 6694 12871 10156 347 1589 9949
leaf_count=1720 35798 17254 675 1019 37837 20176 27336 17057 9711 233 18891 2359 1185 4654 4689 232 567 7942 430 2270 12343 434 405 392 6694 12871 10156 347 1589 9949
internal_value=0.501086 0.50155 0.500754 0.500593 0.500408 0.501044 0.501983 0.501242 0.501044 0.502573 0.500918 0.500274 0.499838 0.499533 0.501035 0.50145 0.500918 0.501219 0.499618 0.501317 0.501042 0.504067 0.502324 0.50164 0.502365 0.501472 0.502452 0.500609 0.501848 0.500712
internal_weight=267215 111493 155722 78741 55834 22907 46311 65182 35057 1734 76981 46035 8198 5839 9799 5110 21173 24999 997 4878 48141 667 18975 1067 18570 30125 16850 10058 2608 28840
internal_count=267215 111493 155722 78741 55834 22907 46311 65182 35057 1734 76981 46035 8198 5839 9799 5110 21173 24999 997 4878 48141 667 18975 1067 18570 30125 16850 10058 2608 28840
is_linear=0
shrinkage=1


Tree=1
num_leaves=31
num_cat=0
split_feature=8 5 8 9 10 3 13 13 12 0 13 8 0 3 0 10 9 2 13 12 6 2 10 10 3 0 13 6 10 5
split_gain=48.215 14.2673 8.11027 7.22576 4.38469 4.78452 3.46492 3.35029 3.24158 3.11117 3.14098 2.18928 2.14661 1.91987 1.91647 1.90047 1.83003 1.81189 1.78948 1.74693 1.74079 1.6751 1.62165 1.60618 1.75747 1.61119 1.56364 1.52291 1.51905 1.50281
threshold=0.019877176249503203 0.022165525372652203 0.031862229501837654 -0.057475973569399645 0.0059692030208320377 -0.03895068937503459 0.011450014007048169 0.011946339177603408 -0.0067844294174949629 -0.00036411452482287826 0.011946339177603408 0.01467426145486354 -0.0036021760812920962 -0.024285149585944351 -0.0037313019529937037 0.0083701210885805972 -0.0026396716722287823 -1.7602941181081737 0.064390400744067808 0.0032907004357602414 -0.090759589058289666 -6.508943923874754 -0.0041235522615818412 0.0012592622843934367 -0.0088211065853489017 -0.0050715417588754743 0.044293193621162998 -0.087552950283723049 -9.0218102185568566e-06 0.0094054275122606602
decision_type=8 10 10 10 10 10 2 2 10 10 2 10 8 10 8 10 8 10 2 8 8 10 8 10 10 10 2 10 10 10
left_child=1 3 6 26 9 -6 14 15 12 13 -11 19 21 27 -2 22 -16 -7 -15 -3 23 -8 -5 25 -25 -10 -1 28 -4 -24
right_child=2 11 4 7 5 17 8 -9 20 10 -12 -13 -14 18 16 -17 -18 -19 -20 -21 -22 -23 29 24 -26 -27 -28 -29 -30 -31
leaf_value=0.00033406881266849112 0.0011871471797246119 0.00056566346823126821 0.00030538970934120127 0.00026765836853064376 0.0024552870778633716 -0.0013768883246197381 0.0026347342472637096 0.00065116412846397305 0.0011824469752930332 0.0002822720095810654 -0.0010785529542330615 -4.0797025645931717e-05 -0.0001525214298034199 -0.00054538720053345143 -2.7072244180431101e-05 -0.00055850106285919147 0.0012589620702807367 0.00017417342295603593 -0.0025685870520722278 -8.5597685408122674e-05 -0.00045342157488055984 0.00037743940694455984 0.0017546280079574577 0.0019572615681135164 -0.00090383622553417801 -0.0010166134123147489 -0.0022191287591730867 -0.00014996047089445525 0.0030770951753595109 0.0011677708749554469
leaf_weight=22183 1656 12095 444 1475 713 929 315 17157 443 1627 24718 37489 26639 9749 10428 545 1101 2507 410 5345 56401 4873 4996 788 256 928 218 2271 297 18357
leaf_count=22183 1656 12095 444 1475 713 929 315 17157 443 1627 24718 37489 26639 9749 10428 545 1101 2507 410 5345 56401 4873 4996 788 256 928 218 2271 297 18357
internal_value=-2.66566e-06 0.000444243 -0.000365845 0.000745287 -0.000708885 0.000218882 -0.00022158 0.000974967 -0.000287677 -0.000806296 -0.000994512 8.83821e-05 -4.37935e-05 -0.000429821 0.000232819 0.00119392 9.57419e-05 -0.000245191 -0.00062704 0.000366065 -0.000419649 0.000514496 0.00123239 0.000369088 0.00125569 -0.000306049 0.000309222 0.000235369 0.00141632 0.00129332
internal_weight=267353 119860 147493 64931 43665 4149 103828 42530 90643 39516 26345 54929 31827 13171 13185 25373 11529 3436 10159 17440 58816 5188 24828 2415 1044 1371 22401 3012 741 23353
internal_count=267353 119860 147493 64931 43665 4149 103828 42530 90643 39516 26345 54929 31827 13171 13185 25373 11529 3436 10159 17440 58816 5188 24828 2415 1044 1371 22401 3012 741 23353
is_linear=0
shrinkage=0.03


Tree=2
num_leaves=31
num_cat=0
split_feature=8 5 8 3 5 13 1 1 11 11 5 13 6 10 10 0 10 0 6 13 0 8 10 10 13 10 0 0 8 13
split_gain=46.0708 13.1012 9.59203 5.0565 4.1362 3.99676 3.52383 3.39499 3.34818 3.19478 2.78475 2.60675 2.22563 2.20134 2.22716 2.15706 2.15612 2.32942 2.07359 2.01176 1.84848 1.77855 1.74916 1.9831 1.71697 1.69343 2.3127 1.56126 1.55875 1.55376
threshold=0.019603474150981549 0.015418005570090378 0.031456098744024989 -0.044457566656412477 0.026708973157373212 0.012024193743221091 -0.03588497759233477 -0.0062933631206418253 0.002769761692301143 -0.0052500257828158028 0.022808012749014884 0.010347331051156327 -0.065238100082155234 0.0064987071665513216 -0.0016081971148838579 0.0078058460674117489 0.0026288020933981087 -0.0081516880333755686 -0.060813911976885286 0.018504807490512535 0.0033139245584261627 0.037936125195822998 0.0024756697197344528 0.0030428545700093017 0.026988964652642947 -1.4132745217998453e-05 -0.003475072875677165 -0.019721406560940399 0.012232015414459315 0.021943788525946469
decision_type=8 10 10 10 10 2 2 2 8 8 10 2 8 10 8 8 10 10 10 2 10 10 10 10 2 8 10 10 10 2
left_child=1 11 5 6 19 20 -4 15 12 -5 -11 -1 16 14 -12 -7 17 -9 25 28 -2 -16 -23 -24 -14 -8 -27 -20 -3 -10
right_child=2 4 3 9 -6 7 18 8 29 10 13 -13 24 -15 21 -17 -18 -19 27 -21 -22 22 23 -25 -26 26 -28 -29 -30 -31
leaf_value=0.0012355366683994835 0.00051335265808662568 0.00087643494443334679 0.0031993640594727454 5.3138112786758928e-05 2.2556547548955607e-05 0.00011823116535667506 -0.00047567483765791914 0.0016685848918586003 0.00036920526424764633 -0.00016570241843730983 -0.0005899106041277215 0.00067255698069910639 -0.0004790335041303944 -7.2221702030453205e-05 -0.00092043958522043624 -0.00042223335591805408 0.0013051959916557596 -0.00067931980236848888 0.0017110093953144714 9.5592794644709168e-05 -0.00014198581171109988 -0.0017045719557785177 0.00018402380912173715 -0.0013352681943188799 -0.00093424602864065908 0.0042117447895443734 0.00078537160263592216 -0.0011113981667291181 0.00043829069467087094 -0.00031164176174907536
leaf_weight=17379 9837 9692 367 3711 35597 25348 539 457 6163 4484 7899 12894 28263 2336 12307 9008 1068 2266 205 11534 6390 7600 1060 2858 10130 235 722 1264 29706 5909
leaf_count=17379 9837 9692 367 3711 35597 25348 539 457 6163 4484 7899 12894 28263 2336 12307 9008 1068 2266 205 11534 6390 7600 1060 2858 10130 235 722 1264 29706 5909
internal_value=1.15667e-05 0.000458589 -0.000335535 -0.000698827 0.000270658 -0.000177565 0.000426328 -0.000256831 -0.000404596 -0.000787551 -0.000868492 0.00099575 -0.000530668 -0.000961014 -0.00102646 -2.34764e-05 0.000162794 -0.000285272 8.30891e-05 0.000444059 0.000255288 -0.0011712 -0.00143913 -0.00092423 -0.000599141 0.000869258 0.00162675 -0.000717529 0.000546075 3.59444e-05
internal_weight=267228 116802 150426 45587 86529 104839 3332 88612 54256 42255 38544 30273 42184 34060 31724 34356 3791 2723 2965 50932 16227 23825 11518 3918 38393 1496 957 1469 39398 12072
internal_count=267228 116802 150426 45587 86529 104839 3332 88612 54256 42255 38544 30273 42184 34060 31724 34356 3791 2723 2965 50932 16227 23825 11518 3918 38393 1496 957 1469 39398 12072
is_linear=0
shrinkage=0.03


Tree=3
num_leaves=31
num_cat=0
split_feature=8 8 8 3 13 10 0 12 13 9 11 0 10 10 0 10 11 7 13 1 9 13 13 2 10 1 10 9 3 7
split_gain=45.642 10.6947 9.27108 4.42325 3.99484 3.93088 3.58447 3.21857 3.1796 3.08254 2.89563 2.60114 2.16684 2.32204 2.15774 2.09667 2.05957 3.09904 2.33519 2.04026 1.73787 1.73359 1.69108 1.55998 1.5166 1.5055 1.46632 1.45592 1.54958 1.45197
threshold=0.018082774503711162 0.031456098744024989 0.011898343269700564 -0.042370462896746112 0.013459887591221419 0.0058968997251246389 -0.019721406560940399 -0.0066598485460998549 0.011946339177603408 -0.055953209766494809 -0.0065286733926540599 0.0033139245584261627 -0.0017260044631248193 0.0035161159639947042 -0.0044495201649288876 0.0083701210885805972 0.0022436754034733668 -0.12031651973661932 0.027625988389673284 -0.012284580632282381 -0.10142011623197288 0.005727915163753222 0.0092551046248525188 -6.3582901453119014 -0.0086377534955604501 -0.0066785727404994324 -0.003942695866748557 -0.056474970210108492 -0.0020102246509540729 0.022039634869482575
decision_type=8 10 10 10 2 8 10 10 2 10 8 10 8 10 8 10 10 8 2 2 8 2 2 10 10 2 8 10 10 8
left_child=2 4 9 5 11 6 -3 14 29 -1 -5 20 -12 22 23 25 17 -9 -19 -8 -2 -22 -14 -6 -18 -10 -11 -24 -29 -4
right_child=1 3 8 10 7 -7 19 16 15 26 12 -13 13 -15 -16 -17 24 18 -20 -21 21 -23 27 -25 -26 -27 -28 28 -30 -31
leaf_value=0.00042043964178286014 -0.00021517287064965715 0.0023394238061148621 0.0004234929792097623 0.00024296919056971539 0.0027467371717743252 0.0024165281756139412 0.00064972008567441733 0.00030204276092505233 0.00045050600566922912 0.00028264435447450593 -0.00042612637113354824 -0.00020455724987584803 0.0005434654229378471 -0.00050591750068529817 -0.00012048940068004762 -0.00089888143906583005 -0.001372469947465662 -0.00042934571287979537 -0.00094368605365901734 -0.0011599022818845697 0.0022816415853135993 0.00046037367922865865 -0.0013288791662000867 0.00042600781337415509 1.4678922009575959e-05 8.4047451948994034e-05 0.0012491459244212287 -0.00013231984947333674 -0.0010759466792623375 0.00088174567523002551
leaf_weight=6444 3599 443 16852 2334 276 651 824 4118 15933 1530 8691 11500 543 7564 29637 1566 751 31152 10664 1755 487 13776 14642 4697 12794 27511 18435 2128 5933 9866
leaf_count=6444 3599 443 16852 2334 276 651 824 4118 15933 1530 8691 11500 543 7564 29637 1566 751 31152 10664 1755 487 13776 14642 4697 12794 27511 18435 2128 5933 9866
internal_value=-4.17869e-06 -0.000303058 0.000510391 -0.000696172 -0.000158144 0.000302005 -0.000153506 -0.000253477 0.000333461 0.000990941 -0.000783809 0.000147349 -0.000844478 -0.000962489 -2.34581e-05 0.000179571 -0.000387323 -0.000483185 -0.000560514 -0.000581721 0.000373914 0.00052256 -0.00111105 0.000554808 -6.22313e-05 0.000218445 0.00117508 -0.00115062 -0.000826841 0.000592709
internal_weight=267096 168959 98137 45508 123451 3673 3022 94089 71728 26409 41835 29362 39501 30810 34610 45010 59479 45934 41816 2579 17862 14263 23246 4973 13545 43444 19965 22703 8061 26718
internal_count=267096 168959 98137 45508 123451 3673 3022 94089 71728 26409 41835 29362 39501 30810 34610 45010 59479 45934 41816 2579 17862 14263 23246 4973 13545 43444 19965 22703 8061 26718
is_linear=0
shrinkage=0.03


Tree=4
num_leaves=31
num_cat=0
split_feature=5 9 5 7 0 12 11 6 5 9 9 1 1 2 1 1 1 4 12 3 9 6 4 0 0 5 6 2 11 7
split_gain=36.2872 12.0104 4.40747 4.38419 3.3205 3.60948 2.82333 2.56684 3.55735 2.32157 2.30539 2.13753 2.00253 1.94486 1.91124 1.78578 1.76064 1.6751 1.51367 1.48655 1.45784 1.38473 1.47848 1.38081 1.34552 1.34064 1.86232 1.68711 1.3389 1.28543
threshold=0.022296672355963342 -0.056474970210108492 0.014651747228681572 0.18068143259346983 0.0045340084550890012 0.0028182183350049521 -0.0030346586420925132 -0.066947427552034908 0.038587299757421832 -0.027832755216320445 -0.088141959968327008 -0.015756634053113724 0.0023255703866129633 -0.8084593173080491 -0.03588497759233477 0.019912404077914062 -0.0034660989177940911 -0.032023227773236511 0.003783404101297017 -0.018619488992440866 -0.012567283352758861 0.086951045192797741 0.016977155118730883 -0.0072393380527969167 0.0039084495874769374 0.040241448628794807 -0.060813911976885286 -5.8313608410969531 0.00094286851011637929 -0.17836104817905848
decision_type=8 8 10 10 10 10 8 8 10 10 8 2 2 10 2 2 2 10 8 10 8 8 8 10 10 8 8 10 10 8
left_child=1 12 20 4 5 10 -5 13 9 -9 14 -10 24 15 17 -6 -4 -2 -8 28 -3 -7 -23 -16 -1 27 -27 -12 29 -15
right_child=3 2 16 6 7 21 18 8 11 -11 25 -13 -14 19 23 -17 -18 -19 -20 -21 -22 22 -24 -25 -26 26 -28 -29 -30 -31
leaf_value=0.00038088141631320414 0.0028289597479690342 0.00092362577582350523 0.0008264289465061516 7.0278624080571977e-05 -0.0001205876366893029 -0.00027330190640340084 -0.00064498803719550404 -0.0003733191453823239 -0.00018903289263978712 0.00030009492952655424 -0.00058339281892502801 -0.00092099499691286515 -0.0002390778738122929 0.0034868411775393297 0.0002476030836089101 -0.0022839204607753012 0.00037597776462959634 0.00011654731288528498 -0.0012813293491898206 -5.24116807451225e-05 0.0014429248859723419 -0.0015996129298592246 -0.00021283139273758946 -0.00035473217224982781 -7.2564161020795647e-05 0.0025396568722071797 -0.00016267318756189143 0.0003679335344777698 0.00016821087832008866 0.0012358434398884342
leaf_weight=17063 343 14677 12617 3492 3323 34227 9096 24624 4623 5668 1796 16080 12377 294 4236 383 20495 509 5339 1631 7278 1520 1270 17898 8994 235 9841 25482 777 1022
leaf_count=17063 343 14677 12617 3492 3323 34227 9096 24624 4623 5668 1796 16080 12377 294 4236 383 20495 509 5339 1631 7278 1520 1270 17898 8994 235 9841 25482 777 1022
internal_value=5.59615e-06 0.000482109 0.000766165 -0.000250893 -0.000199766 -9.24704e-05 -0.000695176 -0.000378558 -0.00045446 -0.000247315 5.06027e-05 -0.000757547 7.51228e-05 0.000142386 -0.000185787 -0.000344159 0.000547618 0.00120852 -0.000880348 0.000626579 0.00109577 -0.000325689 -0.000968354 -0.000239457 0.000224367 0.000196066 -9.96474e-05 0.000305298 0.00115569 0.00173873
internal_weight=267210 93501 55067 173709 155782 97357 17927 58425 50995 30292 60340 20703 38434 7430 22986 3706 33112 852 14435 3724 21955 37017 2790 22134 26057 37354 10076 27278 2093 1316
internal_count=267210 93501 55067 173709 155782 97357 17927 58425 50995 30292 60340 20703 38434 7430 22986 3706 33112 852 14435 3724 21955 37017 2790 22134 26057 37354 10076 27278 2093 1316
is_linear=0
shrinkage=0.03


Tree=5
num_leaves=31
num_cat=0
split_feature=8 5 8 13 12 11 13 1 10 13 11 11 7 10 10 6 7 10 2 8 7 1 10 6 6 13 3 6 1 7
split_gain=39.1689 11.6198 7.72434 5.35901 3.63287 3.18966 2.65136 2.52042 2.27105 2.35553 2.3507 2.03725 1.99922 1.93508 2.59312 1.69027 1.68495 1.6539 1.63032 1.62451 1.62217 1.62372 1.61854 1.60919 1.57684 1.55645 1.52771 1.75028 1.48434 1.49734
threshold=0.019877176249503203 0.024375572117341319 0.037936125195822998 0.0097251495838178766 -0.0023254218814738876 -0.0016335004347811652 0.005727915163753222 -0.0030521507477891392 0.0090474731691047045 0.021269211286581675 0.0022772078248379794 0.0068658124031664167 0.086541488141717485 0.0059692030208320377 0.00047460859055792343 -0.066947427552034908 -0.0069241723021176141 0.0081494360100515823 -2.6535408979760722 0.014763502608051706 -0.12630203473781762 0.01382046000755688 -0.0063991799270357022 -0.028762545208202647 -0.099624964747287645 0.046302711475058288 -0.022259302867313532 0.055216928077263201 -0.031563287212033268 0.22153836425394693
decision_type=8 10 10 2 10 8 2 2 10 2 10 8 10 10 10 8 10 10 10 10 8 2 8 10 10 2 10 10 2 10
left_child=1 3 4 16 11 13 -6 17 9 10 -8 24 -13 14 -4 -10 -1 -5 -7 -3 -11 -22 -18 -9 -2 -25 -15 -28 -20 -30
right_child=2 19 5 7 6 18 8 23 15 20 -12 12 -14 26 -16 -17 22 -19 28 -21 21 -23 -24 25 -26 -27 27 -29 29 -31
leaf_value=0.00070783281668083931 0.00061858449624573324 0.00030906904689729478 5.4771468591305448e-05 0.0007458056716812088 0.0013966760410273542 -0.0018497061252044956 -0.00037288812076773781 -0.00028020653977764914 0.0023068510996083619 8.751641823193774e-06 0.00028409223389916995 0.002124283987275071 -0.00069477517737030249 0.0025592535580429036 -0.0011323531496213234 0.00015777380121575463 -0.00058279806675498851 -0.00069854129432801075 0.00064219731755667568 -7.9862361433206933e-05 -0.00096137958031431846 -0.0004891464602774818 0.001241038154486219 0.00038893789692160958 -0.00011177688291727615 -0.00189473768001121 -0.0015007576175832932 0.0015846141818146317 -0.00083404774360378562 -0.0016274739859118868
leaf_weight=11387 2795 13911 3368 20697 751 2234 28105 4212 403 3250 5937 731 328 330 3258 1803 451 739 495 31669 11904 14578 15099 21495 55264 272 327 335 8398 2873
leaf_count=11387 2795 13911 3368 20697 751 2234 28105 4212 403 3250 5937 731 328 330 3258 1803 451 739 495 31669 11904 14578 15099 21495 55264 272 327 335 8398 2873
internal_value=1.33716e-05 0.000415988 -0.000314069 0.000647192 -0.00022408 -0.000837936 -0.000375791 0.000455222 -0.000395966 -0.000428701 -0.000258309 -5.28321e-05 0.00125115 -0.000343933 -0.000528937 0.000550375 0.000985102 0.000696012 -0.00110674 3.88394e-05 -0.000623792 -0.000701421 0.00118814 0.000256539 -7.66168e-05 0.000360401 0.000891786 6.0571e-05 -0.000965679 -0.00103629
internal_weight=267399 119932 147467 74352 125849 21618 66731 47415 65980 63774 34042 59118 1059 7618 6626 2206 26937 21436 14000 45580 29732 26482 15550 25979 58059 21767 992 662 11766 11271
internal_count=267399 119932 147467 74352 125849 21618 66731 47415 65980 63774 34042 59118 1059 7618 6626 2206 26937 21436 14000 45580 29732 26482 15550 25979 58059 21767 992 662 11766 11271
is_linear=0
shrinkage=0.03


Tree=6
num_leaves=31
num_cat=0
split_feature=5 9 5 7 0 9 10 6 11 1 4 12 5 1 5 12 5 5 6 5 2 11 11 10 10 7 11 11 4 1
split_gain=30.8708 11.3209 6.6486 4.15458 3.77425 3.14513 2.38468 2.60956 2.35883 2.20129 2.14563 2.05947 1.90651 1.89212 1.8436 1.77604 1.90034 1.74302 2.38283 2.15668 1.85165 1.83728 1.76998 1.59608 1.57033 1.60084 1.5041 1.42534 1.26937 1.23307
threshold=0.024508303367421297 -0.054408318176129004 0.013634808869309083 0.22153836425394693 -0.0044495201649288876 -0.028682082783686998 0.008551999105847587 -0.074487082574776362 -0.0030346586420925132 -0.043293809901116802 -0.045370787936113592 -0.0030155684079278817 0.03939727242309414 0.02471113088372701 0.015119384834219981 -0.0018542327424588831 0.074935909173195966 0.059109000061700057 -0.050349718054792041 0.065207700851183562 14.02718225238179 0.0068658124031664167 0.0012927956214664473 -0.0041235522615818412 0.0043667957665520793 -0.0042950286016765751 -0.010757996424146763 0.0018848292710025307 -0.0049229709282661563 0.0038370569669784475
decision_type=8 8 10 10 10 10 8 8 8 2 8 8 10 2 10 10 10 10 8 10 10 8 10 8 10 8 8 10 10 2
left_child=1 13 23 4 10 6 9 28 -5 24 -2 -4 -7 14 -1 26 -17 20 19 -19 21 -11 -21 -3 25 -6 -12 -24 -8 -14
right_child=3 2 11 8 5 12 7 -9 -10 17 15 -13 29 -15 -16 16 -18 18 -20 22 -22 -23 27 -25 -26 -27 -28 -29 -30 -31
leaf_value=0.00040183291107128723 0.0012056854596010343 0.00012661618708641783 0.00071953829334794113 4.7293027161006879e-05 0.0014793177536234652 0.00024668021306195934 0.0024970770165716051 -5.6694939109806639e-05 -0.0010247441657101259 -0.00037371593951359371 -0.0015823501438966818 0.00029970008792050033 -7.2843557449348652e-05 -0.0011523482828367075 -2.8459799175224685e-05 -9.3640747195185788e-05 -0.0016659774838821239 -0.0013442057670948787 -0.0010822841489677008 0.00090635259789151237 -0.0021696881920660791 0.00083943264467540918 -0.0025706293750326742 0.0012253114398796138 0.0031830363272378841 -0.001182948699296635 0.00042005857012834786 -2.036345191452491e-05 0.00016971920301406601 -0.00086789368510344783
leaf_weight=11905 1510 1282 17085 2306 483 13790 615 4099 9285 77830 350 27348 5269 1152 36245 13558 729 987 7346 1647 510 1140 266 16580 225 351 9536 763 321 2633
leaf_count=11905 1510 1282 17085 2306 483 13790 615 4099 9285 77830 350 27348 5269 1152 36245 13558 729 987 7346 1647 510 1140 266 16580 225 351 9536 763 321 2633
internal_value=8.09039e-06 0.00038883 0.000657637 -0.000265067 -0.000221073 -0.000292654 -0.000365969 0.00026967 -0.000811465 -0.000400928 0.000108568 0.000461133 3.37794e-05 4.91824e-05 7.79293e-05 4.00355e-05 -0.00017387 -0.000416842 -0.00077062 -0.000145589 -0.00036784 -0.000356203 0.000296501 0.00114646 0.000958903 0.000358867 0.000349166 -0.000679616 0.00169891 -0.00033776
internal_weight=267146 111597 62295 155549 143958 118275 96583 5035 11591 91548 25683 44433 21692 49302 48150 24173 14287 90489 11009 3663 79480 78970 2676 17862 1059 834 9886 1029 936 7902
internal_count=267146 111597 62295 155549 143958 118275 96583 5035 11591 91548 25683 44433 21692 49302 48150 24173 14287 90489 11009 3663 79480 78970 2676 17862 1059 834 9886 1029 936 7902
is_linear=0
shrinkage=0.03


Tree=7
num_leaves=31
num_cat=0
split_feature=8 13 8 5 6 13 1 9 1 3 3 13 0 12 9 7 0 9 13 5 9 0 9 0 1 13 4 0 8 1
split_gain=36.6312 10.0768 6.45659 3.85026 3.36714 3.21163 2.83786 2.77625 2.35556 2.0886 2.08544 2.0346 2.00652 2.08791 1.89744 1.8367 1.81889 1.88662 1.74268 1.71809 1.70662 1.63963 1.44456 1.423 1.64639 1.39083 1.35468 1.31279 1.27975 1.27474
threshold=0.019877176249503203 0.0099105374595887721 0.037936125195822998 0.024508303367421297 -0.084470013909669669 0.011450014007048169 -0.0080284938883891082 -0.054408318176129004 -0.0033590621196974975 -0.076843137660670066 -0.022259302867313532 0.021668774254838822 0.0063113914754365794 -0.0098164607236783646 -0.013494544591180989 -0.035139501420719914 -0.0036021760812920962 -0.0054303078417323172 0.014522566659158046 0.022808012749014884 -0.0074461026750203265 -0.0052428208913623533 -0.090294238777128041 -0.0088660731451423152 0.011347631944570559 0.028546979608938098 0.015092176376079626 -0.0058205223110834306 0.012017090228475337 -0.0015563147295382105
decision_type=8 2 10 10 8 2 2 10 2 10 10 2 10 8 10 8 10 8 2 10 10 10 10 8 2 2 10 10 10 2
left_child=1 7 4 8 10 16 20 -1 15 -4 -2 14 13 -5 -8 -3 -6 -18 -11 -9 21 -7 -23 26 -25 -26 -13 29 -10 -20
right_child=2 3 9 12 5 6 11 19 28 18 -12 23 -14 -15 -16 -17 17 -19 27 -21 -22 22 -24 24 25 -27 -28 -29 -30 -31
leaf_value=0.00043314569075965327 0.00089489500076573301 0.00021313684184032369 0.0010767187377141436 0.00060900638911128653 0.00099642471120261014 0.00037651206184472321 -0.00036136639926979546 0.001136761602931682 0.00061585915717155297 -5.3145692948820266e-05 -0.00014033184787532653 0.00015909493462006727 -0.0003842380550515586 -7.036582420910335e-06 0.00042940158925128686 0.00082604462434738505 -0.00011045376212051198 0.001161775393483775 0.00032969918097436448 0.00041751302158523707 0.00089967963649633775 -0.00050196801182221063 -7.2376048303016263e-05 -0.00098277791728512351 -7.9906772978996122e-05 -0.00070150801813162749 -0.0010740481558161189 -0.0010519512319519374 0.00010082656751530667 -0.00088781025262932203
leaf_weight=10656 3658 6336 521 6198 1959 4472 35291 18719 5511 2232 3360 3402 9381 24619 2960 14404 10968 1160 1319 3557 1428 11542 18080 11415 4744 10216 1049 15740 20471 1873
leaf_count=10656 3658 6336 521 6198 1959 4472 35291 18719 5511 2232 3360 3402 9381 24619 2960 14404 10968 1160 1319 3557 1428 11542 18080 11415 4744 10216 1049 15740 20471 1873
internal_value=-4.99554e-06 0.000384502 -0.000321723 0.000215182 -0.000239253 -0.000277009 -0.000334279 0.000831402 0.000400385 -0.000799786 0.000399261 -0.000446335 -7.83426e-08 0.000116864 -0.000300174 0.000638803 0.000148236 1.12304e-05 -0.00084598 0.00102191 -0.000116372 -0.000158929 -0.000239763 -0.000627702 -0.000711435 -0.000504391 -0.000131529 -0.000939452 0.000210069 -0.00038471
internal_weight=267241 119852 147389 86920 125704 118686 104599 32932 46722 21685 7018 69077 40198 30817 38251 20740 14087 12128 21164 22276 35522 34094 29622 30826 26375 14960 4451 18932 25982 3192
internal_count=267241 119852 147389 86920 125704 118686 104599 32932 46722 21685 7018 69077 40198 30817 38251 20740 14087 12128 21164 22276 35522 34094 29622 30826 26375 14960 4451 18932 25982 3192
is_linear=0
shrinkage=0.03


Tree=8
num_leaves=31
num_cat=0
split_feature=8 5 8 3 10 0 9 11 5 5 5 9 5 4 5 10 10 10 11 0 11 9 10 8 6 11 3 3 10 10
split_gain=36.8209 9.81879 5.96992 4.89293 3.41193 3.18621 2.64672 2.52347 2.19389 2.08644 2.0559 1.9376 1.8635 1.82793 1.7857 1.76326 2.33375 1.76212 1.75208 1.59941 1.57043 1.53709 1.66225 1.8629 1.73883 1.52564 1.73239 1.52293 1.5185 1.53387
threshold=0.019877176249503203 0.016287520965516864 0.031456098744024989 -0.044457566656412477 0.0058968997251246389 -0.0052428208913623533 -0.02824571947259907 -0.0052500257828158028 0.010190074117167975 0.015418005570090378 0.047989021052548868 -0.033550459829816574 0.035733788391054434 -0.045370787936113592 0.024375572117341319 0.0036264817377663632 0.0030711797658043998 0.0045588099205506891 -0.00098604954075587315 -0.010553698626244166 -0.010757996424146763 -0.0064463921836128693 0.008551999105847587 0.024209973952485978 -0.068568735952729096 0.0010616029643873983 -0.0096266281642661804 0.050607399483895595 0.0083701210885805972 -0.0041235522615818412
decision_type=8 10 10 10 8 8 10 8 10 8 10 8 10 10 10 10 10 10 8 10 10 10 8 8 8 10 10 10 10 8
left_child=1 8 5 4 15 13 14 20 28 11 17 -7 -8 -2 -3 16 19 -9 -12 -4 -5 22 23 -11 -24 -20 -27 -22 29 -1
right_child=2 6 3 7 -6 9 12 10 -10 21 18 -13 -14 -15 -16 -17 -18 -19 25 -21 27 -23 24 -25 -26 26 -28 -29 -30 -31
leaf_value=-0.00014166456797997271 0.0017831531036951243 0.00029071594256097186 0.0012903349937644726 -0.0016686934924035428 0.002499280619868077 -0.00012248516559864098 0.00061190571063183077 -0.00070189509907158493 0.0006706251062413072 -0.00019118814506311496 -0.00060523009049710894 0.0010622849951951812 -0.00013021081268457994 0.00014255542515959253 -3.2192170382929167e-05 -0.0024619178461153784 0.0032446083165426232 5.7836324274872667e-05 -0.0018154187293429728 -0.00050938877950102324 5.6796122138646591e-05 0.00040945179790484519 0.0017580082095286344 -0.00049230687025947535 7.4755936401825829e-06 -0.00023424336758203057 -0.0013883822937845521 0.0021580711802355302 -0.0012109536463492632 0.0013922950214421683
leaf_weight=633 639 27757 613 419 625 3408 18771 21891 26084 33504 4772 1955 3635 14059 34659 232 217 3142 3408 1616 2875 2648 600 41265 3431 1764 3479 348 226 8018
leaf_count=633 639 27757 613 419 625 3408 18771 21891 26084 33504 4772 1955 3635 14059 34659 232 217 3142 3408 1616 2875 2648 600 41265 3431 1764 3479 348 226 8018
internal_value=-4.19195e-06 0.000386191 -0.00032249 -0.000608446 0.000503412 -0.000194593 0.000211813 -0.000695682 0.000809263 -0.000263752 -0.000767161 0.000309405 0.00049151 0.000213881 0.000111408 3.76095e-05 0.000274686 -0.000606538 -0.00106671 -1.44446e-05 5.90651e-05 -0.000301492 -0.000325383 -0.000357376 0.000268036 -0.00132127 -0.00100007 0.000283679 0.00121664 0.00128005
internal_weight=266693 119783 146910 45401 3303 101509 84822 42098 34961 86811 38456 5363 22406 14698 62416 2678 2446 25033 13423 2229 3642 81448 78800 74769 4031 8651 5243 3223 8877 8651
internal_count=266693 119783 146910 45401 3303 101509 84822 42098 34961 86811 38456 5363 22406 14698 62416 2678 2446 25033 13423 2229 3642 81448 78800 74769 4031 8651 5243 3223 8877 8651
is_linear=0
shrinkage=0.03


Tree=9
num_leaves=31
num_cat=0
split_feature=8 13 8 13 8 6 10 12 11 13 5 10 0 11 0 11 9 10 0 10 3 11 7 12 0 0 8 13 6 3
split_gain=33.2928 9.2877 7.83382 3.81891 3.69642 3.10775 3.00176 2.89298 2.43874 2.24284 2.18399 2.07255 2.02758 1.99093 1.89877 1.87332 1.86762 2.11414 1.84886 1.89562 2.7491 2.67619 2.18561 1.80659 2.04747 1.69135 1.66101 1.59664 1.59148 1.57645
threshold=0.019877176249503203 0.0097251495838178766 0.037936125195822998 0.011946339177603408 0.014763502608051706 -0.084470013909669669 0.0059692030208320377 -0.0067844294174949629 -0.0027393443331276686 0.011859559900147738 0.018133548151757672 0.008551999105847587 -0.0092296235777073448 -0.0014733940465248561 0.0083997903288483017 0.0022772078248379794 -0.053377194330289972 -0.0017260044631248193 -0.024303652410620432 0.0011175450013536372 -0.024285149585944351 -0.0043553738595880067 -0.15844880281554916 -0.0077120725802065629 0.0095975637752216975 0.0033753404974140593 0.023027649999032462 0.014947206595951135 -0.063613963490407086 -0.019300612112490619
decision_type=8 2 10 2 10 8 10 10 10 2 10 10 10 8 8 10 10 8 10 10 10 10 8 8 10 10 8 2 8 10
left_child=1 10 3 25 16 18 9 14 29 -4 -1 15 13 -11 -7 26 -3 -18 -5 21 22 -20 -21 24 -6 -2 -9 -25 -13 -8
right_child=2 4 6 5 23 7 8 11 -10 12 -12 28 -14 -15 -16 -17 17 -19 19 20 -22 -23 -24 27 -26 -27 -28 -29 -30 -31
leaf_value=0.00099574447357639881 0.00045364804553131431 0.0001895977531777057 0.00043874420008420542 0.0029464871303800555 0.00048957505535645088 2.1185606698238799e-05 0.0032185507412832862 -0.00027557354365520759 -0.00051060232958955885 0.00096704139327165436 0.00047163870485668623 0.0026951949898871043 -0.0011405513617465891 -0.00084937178821318355 -0.00047677285178182935 -0.00016993548960937357 3.1368160874719174e-05 0.00079148400565909652 0.0017925233135211952 0.0033022656027518102 -0.00015153097859462564 -0.00057169249538257074 0.00089900109281607727 0.00016432303708537263 -0.00052042264067904311 -0.00016445638324395011 -0.00066668002159572131 -0.00022029866007992693 0.00015381568118257523 0.00042023897371109339
leaf_weight=20335 10051 14298 998 238 12347 27178 321 13447 1336 845 11041 245 16245 1520 9233 14318 4133 16207 505 505 1402 2937 1046 17412 2116 6601 35769 21970 2339 416
leaf_count=20335 10051 14298 998 238 12347 27178 321 13447 1336 845 11041 245 16245 1520 9233 14318 4133 16207 505 505 1402 2937 1046 17412 2116 6601 35769 21970 2339 416
internal_value=-3.53146e-06 0.000367838 -0.000305318 -0.000214558 0.000210582 -0.000279112 -0.000831995 -0.000319826 0.000253647 -0.000946771 0.000811315 -0.000438083 -0.00102107 -0.000200378 -0.000105085 -0.000471956 0.000452338 0.000637032 0.000350216 0.000253591 0.000811227 -0.000224822 0.0016815 5.50618e-05 0.000341808 0.000208626 -0.00055982 -5.02455e-05 0.000394775 0.00163904
internal_weight=267354 119859 147495 125814 88483 109162 21681 102529 2073 19608 31376 66118 18610 2365 36411 63534 34638 20340 6633 6395 2953 3442 1551 53845 14463 16652 49216 39382 2584 737
internal_count=267354 119859 147495 125814 88483 109162 21681 102529 2073 19608 31376 66118 18610 2365 36411 63534 34638 20340 6633 6395 2953 3442 1551 53845 14463 16652 49216 39382 2584 737
is_linear=0
shrinkage=0.03


Tree=10
num_leaves=31
num_cat=0
split_feature=8 8 5 13 12 3 1 10 10 10 0 5 5 0 10 5 6 0 10 6 5 8 8 10 7 7 12 5 10 6
split_gain=30.1906 10.2646 6.01099 4.77805 4.26178 3.86366 2.68411 2.65084 2.50069 2.47247 2.42718 2.3489 1.96592 1.94645 1.89099 1.85917 1.70768 1.6615 1.97889 2.38435 1.67023 1.50547 1.62484 1.5049 1.66368 1.41968 1.4001 1.74596 1.39601 1.34968
threshold=0.015456149574287445 0.028022916826295072 0.016287520965516864 0.011946339177603408 -0.0046717187489979098 -0.046979232408247799 -0.027427711123084116 -0.0018969835059131077 0.0025175133770660722 0.0031836078789299065 0.0086818818200569154 0.023716963954622177 0.021909368772118524 -0.016812468192848481 0.008946640679050823 0.0098273434591020278 -0.043155918435512579 -0.0037313019529937037 -0.0026199294362432841 -0.090759589058289666 0.03078925868528961 0.022033086330640456 0.022226638649599981 -1.4132745217998453e-05 -0.051919907925055513 0.12718852137184569 -0.0030155684079278817 0.046724992356348249 -0.003942695866748557 -0.068568735952729096
decision_type=8 10 10 2 10 10 2 8 10 10 8 10 10 10 10 10 10 8 10 10 10 8 10 8 8 8 8 10 8 10
left_child=2 3 14 12 10 6 9 25 11 -3 -5 -9 -2 -8 15 28 23 18 -6 -20 -21 -19 -23 -15 -25 -7 27 -4 -1 -10
right_child=1 5 26 4 17 7 13 8 29 -11 -12 -13 -14 16 -16 -17 -18 21 19 20 -22 22 -24 24 -26 -27 -28 -29 -30 -31
leaf_value=-8.8282819082597218e-05 0.00053713258360173417 0.00051563275037650857 0.00060709086523958681 0.00021529969058533039 -0.00031456342621340308 2.0687576149892671e-05 0.0017500071297421665 -0.00019792508318167983 0.00036851731234966556 0.0043558809809845691 -0.00034198839898630362 -0.0009370289530115448 4.0605029432303371e-05 -0.00093323992207610708 -0.00084646098625146846 0.00079197566784841382 -0.0012038643858848816 -0.00021599020902992661 0.0033243122654783323 0.00080622966723150951 -0.00021825209606051522 -0.0013326549928453656 -0.00046293319015771028 0.0021128654892284735 -0.0002840345770772644 -0.00063528634731546002 0.000175341162674619 -0.0010161514318624628 0.0014885878242462895 -0.00046739920858432848
leaf_weight=548 15521 330 15032 34576 7381 9671 530 4578 1932 278 8830 25018 13349 529 538 18355 1017 28015 244 2877 2852 2138 20189 576 476 4285 23144 621 6483 17347
leaf_count=548 15521 330 15032 34576 7381 9671 530 4578 1932 278 8830 25018 13349 529 538 18355 1017 28015 244 2877 2852 2138 20189 576 476 4285 23144 621 6483 17347
internal_value=-4.17098e-06 -0.000184414 0.000559885 -3.49823e-05 -0.000127313 -0.000489648 0.000447643 -0.000545381 -0.000649508 0.00227154 0.000101932 -0.000822702 0.000307547 9.31265e-05 0.000913572 0.000950872 -0.000244882 -0.000283533 1.39589e-05 0.000419923 0.000296224 -0.000362448 -0.000546216 0.000371996 0.00102834 -0.00018072 0.000323552 0.000542692 0.00136569 -0.00038363
internal_weight=267260 202539 64721 135972 107102 66567 3736 62831 48875 608 43406 29596 28870 3128 25924 25386 2598 63696 13354 5973 5729 50342 22327 1581 1052 13956 38797 15653 7031 19279
internal_count=267260 202539 64721 135972 107102 66567 3736 62831 48875 608 43406 29596 28870 3128 25924 25386 2598 63696 13354 5973 5729 50342 22327 1581 1052 13956 38797 15653 7031 19279
is_linear=0
shrinkage=0.03


Tree=11
num_leaves=31
num_cat=0
split_feature=13 5 9 5 1 9 1 4 13 7 13 13 9 10 10 0 0 10 11 10 5 0 10 11 7 4 11 0 4 13
split_gain=23.7776 7.49178 7.18466 4.4407 3.75136 2.83465 2.60696 2.51638 2.44407 2.34434 2.26339 2.15442 2.04385 1.97046 1.9551 1.90817 1.74232 1.47985 3.03278 1.52479 1.62737 1.44634 1.39776 1.39558 2.1805 1.34019 1.32581 1.32296 2.91138 1.48937
threshold=0.011450014007048169 0.032011600766346723 -0.035338114655571455 0.021909368772118524 -0.015756634053113724 -0.057475973569399645 -0.0053451864340261493 -0.051143021928791159 0.01978945516580399 -0.077441167092704918 0.037415422289438179 0.018918912045590517 -0.066096145694805805 0.008551999105847587 0.0031836078789299065 -0.0044495201649288876 0.041296227684088478 -0.0041235522615818412 -0.0026136636918970275 0.0083701210885805972 0.0098273434591020278 -0.013759812659194624 0.0064987071665513216 0.0028505384394292847 -0.17836104817905848 0.003349947386846686 -0.0040185140018970658 -0.0088660731451423152 0.015092176376079626 0.041759288596271225
decision_type=2 10 10 8 2 8 2 10 2 8 2 2 10 10 10 8 10 8 10 10 10 10 10 10 10 10 10 10 10 2
left_child=3 2 8 5 7 21 -4 10 -2 13 -3 12 -11 23 -12 -10 22 18 -7 20 -19 -1 -9 -6 -25 -24 -22 28 -13 -30
right_child=1 4 6 -5 9 17 -8 16 15 11 14 27 -14 -15 -16 -17 -18 19 -20 -21 26 -23 25 24 -26 -27 -28 -29 29 -31
leaf_value=0.0026110994136920892 -5.9553885731998317e-06 -0.00054809772736797509 0.00073020547560905913 0.00015405015171594257 -2.312410815621151e-05 -0.002685477412454145 0.00017765418963887941 -9.0081444186156654e-05 0.00015050756555262351 -0.00063273932155480796 0.0012364649776645819 0.00024693160186859412 -4.5618345722909742e-05 0.0012802069765903228 0.0044227905084115978 -0.0004641060982203954 -0.0019764699352946571 0.0014093897439075684 0.00061037569227309402 -0.00064946264973488152 0.0016925319578967536 0.00029847634666686106 0.001852928239177666 -0.0019307106755689994 -0.00027179708188905917 -1.5097591008147779e-05 0.00076207216602542727 -0.00071950484201489611 -0.00073892561395995262 -0.0027878377539099094
leaf_weight=248 45959 366 12393 20036 11096 306 20228 16261 5558 8968 512 3783 13177 865 262 24975 416 5745 1405 537 1494 13093 680 954 2824 703 17790 34978 1312 422
leaf_count=248 45959 366 12393 20036 11096 306 20228 16261 5558 8968 512 3783 13177 865 262 24975 416 5745 1405 537 1494 13093 680 954 2824 703 17790 34978 1312 422
internal_value=-2.73978e-06 -0.000156002 1.47993e-05 0.000519536 -0.000346993 0.000699823 0.000387573 2.88328e-05 -0.000144175 -0.000439057 0.00139582 -0.000521299 -0.000283383 -0.000111739 0.00231504 -0.000352226 -5.74556e-05 0.000875093 2.09362e-05 0.000932257 0.000966193 0.000341466 -1.22102e-05 -0.000192688 -0.000690697 0.000903382 0.000834158 -0.000651405 -0.000219648 -0.00123757
internal_weight=267346 206692 109113 60654 97579 40618 32621 19200 76492 78379 1140 62640 22145 15739 774 30533 18060 27277 1711 25566 25029 13341 17644 14874 3778 1383 19284 40495 5517 1734
internal_count=267346 206692 109113 60654 97579 40618 32621 19200 76492 78379 1140 62640 22145 15739 774 30533 18060 27277 1711 25566 25029 13341 17644 14874 3778 1383 19284 40495 5517 1734
is_linear=0
shrinkage=0.03


Tree=12
num_leaves=31
num_cat=0
split_feature=8 5 8 11 12 4 8 0 5 6 9 9 0 10 9 5 10 0 4 11 10 1 0 10 2 5 2 6 0 11
split_gain=29.6023 6.39974 6.01232 3.24469 3.02465 2.80137 2.77859 2.604 2.58282 2.23301 1.86791 1.844 1.79705 2.29458 1.79146 1.79073 1.60681 1.57615 1.55577 1.5425 1.47498 1.6016 1.45963 1.53491 1.38739 1.34397 1.31196 1.29596 1.26247 1.19739
threshold=0.019877176249503203 0.015418005570090378 0.037936125195822998 -0.0016335004347811652 -0.01651670305186614 -0.06164151120979066 0.014763502608051706 -0.006034997631278737 0.014651747228681572 -0.087552950283723049 -0.013494544591180989 -0.0064463921836128693 -0.0069629586816009606 0.0015252582124792859 -0.046008174221653701 0.038333334922790528 0.0059692030208320377 -0.010553698626244166 -0.01977434420663798 0.0038327712175719735 -0.0017260044631248193 -0.0035714353833879438 0.0044685286270352851 0.008551999105847587 11.161529138385012 0.077212353722107011 14.02718225238179 -0.045707831791154334 0.0059586239531982397 0.0026991751158395032
decision_type=8 10 10 8 10 10 10 10 8 8 10 10 10 10 10 10 10 8 10 10 8 2 10 10 10 10 8 8 10 10
left_child=1 10 4 7 17 -5 14 -4 26 12 -1 15 29 28 -3 19 24 -2 -15 -11 -16 -22 -17 -24 -9 -7 -6 -25 -14 -10
right_child=2 6 3 5 8 25 -8 16 9 11 -12 -13 13 18 20 22 -18 -19 -20 -21 21 -23 23 27 -26 -27 -28 -29 -30 -31
leaf_value=0.00060486660010101295 0.0013144112961795825 0.00022007815350645163 0.0010146642454628928 0.0013241009007960989 0.00022955747198701064 -0.00096653521687963006 9.6995267780630056e-05 -0.00058248782891225928 0.0024058518811116117 -0.00029602006808856514 0.0011604184219015685 0.00038962151237849861 -0.00013461925486097159 0.0016625612887030702 7.4728446828271628e-05 -0.00034914765929177835 0.00065676587313830842 0.00011511496140805383 -4.8028610127974986e-05 0.00017500260125184069 0.0011801646411178216 0.00053266772565944032 -0.00085567010668976672 0.0017404873616046956 -0.0029833102105025701 -0.0018390122234110311 0.001698593975066055 -0.00036053611931167903 -0.0017390284824994253 -9.1740649709801956e-06
leaf_weight=23438 1059 17084 1247 449 4442 11770 54475 5226 559 56599 7096 3246 1597 996 3278 19611 947 14356 921 7035 5549 9038 12428 365 226 1837 624 957 610 276
leaf_count=23438 1059 17084 1247 449 4442 11770 54475 5226 559 56599 7096 3246 1597 996 3278 19611 947 14356 921 7035 5549 9038 12428 365 226 1837 624 957 610 276
internal_value=9.06889e-06 0.000358982 -0.000275732 -0.000736841 -0.00019611 -0.00100739 0.00023094 -0.00023948 -0.000251137 -0.000282999 0.000733975 -0.000313741 0.000338419 8.14458e-05 0.00043972 -0.00033728 -0.000483881 0.000197506 0.000840729 -0.000243947 0.000649759 0.00077898 -0.000515307 -0.000752293 -0.000682008 -0.00108432 0.000410505 0.00021955 -0.000578067 0.00160759
internal_weight=267341 119958 147383 21702 125681 14056 89424 7646 110266 105200 30534 100241 4959 4124 34949 96995 6399 15415 1917 63634 17865 14587 33361 13750 5452 13607 5066 1322 2207 835
internal_count=267341 119958 147383 21702 125681 14056 89424 7646 110266 105200 30534 100241 4959 4124 34949 96995 6399 15415 1917 63634 17865 14587 33361 13750 5452 13607 5066 1322 2207 835
is_linear=0
shrinkage=0.03


Tree=13
num_leaves=31
num_cat=0
split_feature=5 9 5 6 12 9 0 3 5 12 5 10 6 6 5 10 12 5 3 10 5 1 2 10 9 1 9 7 10 0
split_gain=22.6463 10.1504 3.22822 2.90683 3.23214 2.88675 3.09293 2.28877 2.25947 2.03734 1.97152 1.56263 2.85024 2.09047 1.63576 1.52499 1.52456 1.51249 1.50946 1.45578 1.45086 2.35185 1.43939 1.35755 1.46182 1.31419 1.30614 1.23374 1.20348 1.18793
threshold=0.023848953014322456 -0.057475973569399645 0.013634808869309083 0.098519499321362516 -0.036406256647584394 -0.02824571947259907 -0.0047720407452982441 -0.037572959860838744 0.035294139521100977 0.0077092691078662354 0.13670764813179195 0.0083701210885805972 -0.014732436396740932 0.029330083940025346 0.056725919701095216 0.0083701210885805972 0.0031767922289717147 0.017485559949335348 -0.046979232408247799 0.0046607549596022766 0.079713890167057003 -0.020043787077627159 -0.67548990226009942 -0.0041235522615818412 -0.011642130036756902 0.039574152487219079 -0.0059319734049459996 0.10377826025599192 0.0031836078789299065 -0.00011485734308497307
decision_type=8 8 10 8 10 10 10 10 10 10 10 10 10 10 10 10 8 10 10 10 8 2 10 8 8 2 10 10 8 10
left_child=1 16 15 4 7 6 18 28 -7 -4 19 14 -13 -14 -8 23 17 -1 22 -5 21 -21 -6 -3 -25 -16 -10 -18 -2 -9
right_child=3 2 9 10 5 8 11 29 26 -11 -12 12 13 -15 25 -17 27 -19 -20 20 -22 -23 -24 24 -26 -27 -28 -29 -30 -31
leaf_value=0.00034813654948216564 0.0013642990854091897 4.8834509323696269e-05 0.00054604782339946756 -0.0006835898491646627 0.001682183963521311 0.00035671050482931262 -0.00030848752398908929 0.0015325369521057533 -0.0003956542997142931 1.177383802444175e-05 -0.0025894285613886885 0.0007031246247415499 -0.001367077989313078 0.00065154780636289393 -0.00074013911563931096 -0.00077795985386383461 -0.00021900739600587405 -7.7296281508640143e-05 2.4706041636797017e-06 0.003421494420661603 -0.001913796942671332 9.371250796246796e-05 -0.00030284184188581999 0.00084720584009167934 0.0014495633644734504 0.00089415793517622186 0.00049749337555074469 -0.0017312938359269664 0.0041329437187906893 -9.3501688068864389e-05
leaf_weight=13418 332 1333 36164 11993 960 13561 82007 576 8273 7811 448 3381 1408 687 11866 461 12579 17113 19594 226 239 1239 500 11088 5388 460 1793 505 246 1357
leaf_count=13418 332 1333 36164 11993 960 13561 82007 576 8273 7811 448 3381 1408 687 11866 461 12579 17113 19594 226 239 1239 500 11088 5388 460 1793 505 246 1357
internal_value=3.62136e-06 0.000344503 0.000590405 -0.000220311 -0.000180786 -0.000199331 -0.000258618 0.000886305 0.000103953 0.000451148 -0.000631063 -0.00032832 0.000164359 -0.000705123 -0.00035692 0.00092559 -6.43523e-06 0.000109676 7.18099e-05 -0.000567009 0.000253504 0.000607077 0.00100238 0.000969687 0.00104419 -0.000679148 -0.000236563 -0.000277377 0.00254265 0.000391029
internal_weight=267006 105860 62245 161146 147001 144490 120863 2511 23627 43975 14145 99809 5476 2095 94333 18270 43615 30531 21054 13697 1704 1465 1460 17809 16476 12326 10066 13084 578 1933
internal_count=267006 105860 62245 161146 147001 144490 120863 2511 23627 43975 14145 99809 5476 2095 94333 18270 43615 30531 21054 13697 1704 1465 1460 17809 16476 12326 10066 13084 578 1933
is_linear=0
shrinkage=0.03


Tree=14
num_leaves=31
num_cat=0
split_feature=8 8 8 5 6 11 9 13 13 0 0 8 4 11 3 7 2 5 9 4 5 9 7 11 9 13 3 0 11 13
split_gain=25.9793 6.27745 6.01224 2.94088 2.86127 2.6775 2.46959 2.36551 2.3302 2.14001 1.86657 2.08012 1.98872 1.6965 1.98668 1.85388 1.64383 1.48296 1.46484 1.41088 1.42309 1.4063 1.3693 1.57068 1.35314 1.6985 1.42686 1.30634 1.29127 1.35448
threshold=0.019877176249503203 0.013389005627279373 0.037936125195822998 0.024375572117341319 -0.087552950283723049 -0.0016335004347811652 -0.0064463921836128693 0.011450014007048169 0.0097251495838178766 -0.0072393380527969167 -0.0052428208913623533 0.028319457068308702 -0.045370787936113592 0.0012927956214664473 -0.022735480617794398 -0.17836104817905848 -2.6535408979760722 0.024642801708874718 -0.055450439329596417 -0.06164151120979066 0.077212353722107011 -0.057475973569399645 -0.17078562300630232 0.0039501109334597615 -0.083180823425418923 0.014603592580550164 -0.063667455171537865 0.0076922947686319807 0.0035361551862770351 0.016708561034091459
decision_type=8 10 10 10 8 8 10 2 2 10 8 8 10 10 10 10 10 10 10 10 10 10 10 10 10 2 10 10 8 2
left_child=1 8 4 21 13 9 7 17 -1 -4 12 28 -9 14 15 -2 -7 -6 24 -18 -21 -3 23 -13 25 -11 -27 -10 -12 -30
right_child=2 3 5 -5 6 16 -8 10 27 18 11 22 -14 -15 -16 -17 19 -19 -20 20 -22 -23 -24 -25 -26 26 -28 -29 29 -31
leaf_value=0.00088589319360879307 0.0028367222925388177 0.00014340671884305721 0.00094592672465934721 -2.6498693600344442e-05 0.00037303805902202274 -0.0017144558768607033 0.00050304301522580803 0.0016160897365290155 0.00050729075744093428 0.0014457180900887274 -0.0002963796648627613 -0.00091905569638935038 -7.0305657286062775e-05 -0.00023630397313327464 0.00011130262530465206 0.00086851952669720961 0.0010076575297399202 -0.00026908433489835227 0.00022090219824730356 -0.00076424485297064233 -0.0017539523898962345 0.00049446449678397855 -0.00047178189618274114 -0.0035094190286180096 -0.0017750324864111654 0.0015370706453032056 -0.00089897441962932193 -0.0002089280281451691 0.00078438009067226093 -0.0001387029028443777
leaf_weight=17548 606 18351 1097 37431 8231 2291 4039 657 20466 360 47050 3811 14958 2222 1973 1489 362 5335 1869 9923 1506 23321 28555 223 963 233 3037 2581 2082 4573
leaf_count=17548 606 18351 1097 37431 8231 2291 4039 657 20466 360 47050 3811 14958 2222 1973 1489 362 5335 1869 9923 1506 23321 28555 223 963 233 3037 2581 2082 4573
internal_value=-6.20551e-06 0.000322143 -0.000272763 0.000166507 -0.000193309 -0.000734647 -0.000226132 -0.000251636 0.000625413 -0.00027919 -0.000301176 -0.000355792 6.49307e-07 0.000430336 0.000794464 0.00143784 -0.000979129 0.000120515 -0.000487168 -0.000836255 -0.000894659 0.00033987 -0.000544873 -0.00106225 -0.000775298 -0.00051008 -0.000725397 0.000427082 -0.000241055 0.000150081
internal_weight=267143 119698 147445 79103 125804 21641 119514 115475 40595 7559 101909 86294 15615 6290 4068 2095 14082 13566 6462 11791 11429 41672 32589 4034 4593 3630 3270 23047 53705 6655
internal_count=267143 119698 147445 79103 125804 21641 119514 115475 40595 7559 101909 86294 15615 6290 4068 2095 14082 13566 6462 11791 11429 41672 32589 4034 4593 3630 3270 23047 53705 6655
is_linear=0
shrinkage=0.03


Tree=15
num_leaves=31
num_cat=0
split_feature=8 8 5 1 3 0 9 13 0 13 9 10 2 9 13 12 5 1 10 10 10 10 10 2 0 13 12 10 12 5
split_gain=23.0221 6.78239 5.62094 3.02392 2.99754 2.78887 2.58896 2.31186 2.21536 1.98545 1.79315 1.74427 1.844 1.68581 1.66992 1.59829 1.57482 1.91699 1.52439 1.47574 2.08987 1.47135 1.37574 1.34156 1.32632 1.32005 1.40598 1.79256 1.77304 1.24167
threshold=0.018337597311993432 0.03049549310573417 0.015119384834219981 -0.015756634053113724 -0.040552463456708147 -0.0037313019529937037 -0.046008174221653701 0.027190464557258841 -0.015680389983539097 0.028546979608938098 -0.069461014732136936 0.019539612897223838 14.02718225238179 -0.020514072395922952 0.011538455017611514 -0.01457230349863353 0.038849236122965113 0.050578384337901634 0.010242750099010324 0.0031836078789299065 0.00057765818009547509 0.0083701210885805972 -0.0041235522615818412 13.083039543367901 0.0026380058831885216 0.0080772936922646459 0.01489441828122068 -0.0019487665986173683 -0.001172853898499304 0.024777435449365164
decision_type=8 10 10 2 10 10 10 2 10 2 10 10 10 10 2 8 10 2 10 10 10 10 8 10 10 2 8 10 10 10
left_child=2 5 10 4 19 14 18 -8 29 25 -1 12 16 -6 -2 -11 -10 -18 23 20 -3 22 -12 -4 -19 -7 28 -28 -27 -5
right_child=1 3 6 8 13 9 7 -9 11 15 21 -13 -14 -15 -16 -17 17 24 -20 -21 -22 -23 -24 -25 -26 26 27 -29 -30 -31
leaf_value=0.00019630134591785476 0.00097914186801752179 0.0017603280309717668 9.53959711171655e-05 0.0019409298237238366 -0.00039475909330362194 0.00047115430863226921 0.00047873613575142367 -0.00040414286990541742 -0.00049485010526580846 -6.7754597474778123e-05 -1.701835327881663e-05 0.0011791739432936471 -0.0031577337199361699 0.00086633036758975118 0.00011961460281794484 -0.0006558958883532797 -0.00093621170309697967 -0.00083383517587483325 -0.0011394882134964542 0.0026547308324848355 -0.001447193314283836 -0.00069091827924293509 0.00093507775899026981 -0.0015935107213189328 0.0021334809240707684 -2.3463178340488369e-05 0.0020698137179185395 0.0001720305836063306 -0.00033028101735252797 -3.1781019307217472e-05
leaf_weight=4878 2280 473 38491 329 8011 3460 31323 2918 18463 6403 1465 445 275 1083 18879 11863 18430 238 950 469 298 557 20191 428 315 38493 527 2986 30290 2258
leaf_count=4878 2280 473 38491 329 8011 3460 31323 2918 18463 6403 1465 445 275 1083 18879 11863 18430 238 950 469 298 557 20191 428 315 38493 527 2986 30290 2258
internal_value=-9.41089e-06 -0.000226553 0.000347343 -0.000514256 -5.59066e-05 -9.89468e-05 0.000212165 0.000403498 -0.000630482 -0.000168976 0.000717136 -0.000688069 -0.000710097 -0.000244577 0.000212233 -0.000449728 -0.000692122 -0.00088399 4.78404e-05 0.00132777 0.000520586 0.000831512 0.00087067 7.68227e-05 0.000856408 -0.000101282 -0.000128678 0.000456725 -0.000158577 0.000219097
internal_weight=267469 166268 101201 51087 10334 115181 74110 34241 40753 94022 27091 38166 37721 9094 21159 18266 37446 18983 39869 1240 771 22213 21656 38919 553 75756 72296 3513 68783 2587
internal_count=267469 166268 101201 51087 10334 115181 74110 34241 40753 94022 27091 38166 37721 9094 21159 18266 37446 18983 39869 1240 771 22213 21656 38919 553 75756 72296 3513 68783 2587
is_linear=0
shrinkage=0.03


Tree=16
num_leaves=31
num_cat=0
split_feature=13 5 12 9 5 13 1 6 12 10 12 13 10 10 11 5 10 9 11 10 10 7 12 10 11 9 10 4 2 13
split_gain=20.2735 7.70064 4.06638 2.80836 2.75577 2.70107 2.88616 2.26017 2.61761 2.24241 2.09397 2.81332 1.86172 1.80681 3.47878 1.88131 1.75182 1.67228 1.66362 1.64448 1.5624 1.85523 1.61399 1.52531 1.70271 1.63829 1.90204 1.48489 1.4628 1.81553
threshold=0.014603592580550164 0.022165525372652203 -0.0059101328932877886 -0.057475973569399645 0.023848953014322456 0.028787940964746531 0.013463946606729673 -0.090759589058289666 -0.0012740840670776852 -0.0077145601754587392 0.02142482606223051 0.055382658408149606 -0.0017260044631248193 -0.0041235522615818412 -0.0026136636918970275 0.014156805242719851 -6.7898350725681387e-05 -0.069461014732136936 -0.004084899335485003 -0.0016081971148838579 0.0046607549596022766 0.14969515102643285 -0.0048900285408478563 -0.003942695866748557 -0.0089597910907540084 -0.22299053530848864 0.0028715823418812296 -0.072951771337649171 -5.1316226685057504 0.03010381583107195
decision_type=2 10 8 8 8 2 2 8 10 10 10 2 10 8 10 8 10 10 10 10 8 10 10 8 10 10 8 10 10 2
left_child=1 3 4 -1 17 6 20 8 -7 -9 12 -12 -11 14 -5 -15 19 -2 -17 -10 -4 22 -22 24 -6 26 -25 -27 29 -26
right_child=2 -3 5 13 23 7 -8 9 16 10 11 -13 -14 15 -16 18 -18 -19 -20 -21 21 -23 -24 25 28 27 -28 -29 -30 -31
leaf_value=0.00029669161288484685 -1.5372714638673834e-05 4.4113231150554436e-05 -0.00035181805088226856 -0.0023821192430008857 -0.0016856674068623176 0.003488829779844774 0.00020166875663058182 -0.0016715423472909018 -0.00013825457160445632 -0.00021978691809557851 8.2900329162690268e-06 -0.0010298053466051174 -0.0010269999425646858 0.0010257367634015887 0.0004757339978185262 0.0014784694445895117 0.00078528901964817143 0.00062392873911117119 0.00050104537860527418 -0.0028315155438387233 0.001960474536197214 -0.0013836176391102703 0.00015782226816564635 -0.0015350111491566995 0.00020836046026823552 0.0018489611306561535 0.00037318226049267518 -0.00014464099844625463 0.00032518314041693263 0.004181858116652953
leaf_weight=21412 6383 42837 51317 467 354 215 12807 1730 712 3488 8818 3203 9786 15813 2140 1717 1218 8704 17966 286 487 649 5444 1565 209 339 672 41407 5369 205
leaf_count=21412 6383 42837 51317 467 354 215 12807 1730 712 3488 8818 3203 9786 15813 2140 1717 1218 8704 17966 286 487 649 5444 1565 209 339 672 41407 5369 205
internal_value=1.89971e-05 0.000350832 -0.000186388 0.000571598 -2.01365e-06 -0.000306421 -0.000205865 -0.000547788 0.000328396 -0.000626604 -0.000555138 -0.000268311 -0.000814889 0.000726082 -3.62021e-05 0.000782068 2.1765e-05 0.000353453 0.000586309 -0.000910071 -0.000296013 0.000139205 0.00030584 -0.000109015 0.000334041 -0.000170836 -0.000961785 -0.000128452 0.000457675 0.00217591
internal_weight=267719 102352 165367 59515 65207 100160 70704 29456 2431 27025 25295 12021 13274 38103 2607 35496 2216 15087 19683 998 57897 6580 5931 50120 6137 43983 2237 41746 5783 414
internal_count=267719 102352 165367 59515 65207 100160 70704 29456 2431 27025 25295 12021 13274 38103 2607 35496 2216 15087 19683 998 57897 6580 5931 50120 6137 43983 2237 41746 5783 414
is_linear=0
shrinkage=0.03


Tree=17
num_leaves=31
num_cat=0
split_feature=8 8 13 3 12 13 10 9 11 11 13 7 10 10 10 2 13 10 2 10 13 7 4 11 3 13 10 9 10 7
split_gain=22.1088 8.12577 4.50117 3.24989 3.11153 2.73417 2.42806 2.17767 2.06622 2.03817 1.82898 1.7517 1.67893 1.6541 1.76984 1.38464 1.35871 1.71875 1.58168 1.4418 1.31959 1.31187 1.2818 1.27168 1.24273 1.21971 1.22596 1.80768 1.47164 1.27853
threshold=0.014763502608051706 0.032292333141394146 0.011450014007048169 -0.040552463456708147 -0.0067844294174949629 0.0097251495838178766 0.0058968997251246389 -0.02824571947259907 -0.005365314619582894 0.0032825356336501081 0.021005056271520557 -0.12031651973661932 0.0014724928971264763 0.0036264817377663632 0.0028934053983028511 10.955286607492502 0.014603592580550164 0.010624881496363094 -0.46457988626103058 -0.003942695866748557 0.005727915163753222 0.084908665590685009 -0.034941502499352066 0.0023091757649384985 -0.076843137660670066 0.051462015778457833 -0.0016081971148838579 -0.051355250158456094 -0.010872040601414166 0.01543596018594018
decision_type=8 10 2 10 10 2 8 10 8 10 2 8 10 10 10 8 2 10 10 8 2 10 10 8 10 2 10 10 8 10
left_child=5 2 20 6 -4 21 13 9 -5 11 -9 12 23 14 -3 -11 -10 19 -19 22 -2 -1 -18 -6 -8 26 28 -28 29 -7
right_child=1 3 4 8 7 25 24 10 16 15 -12 -13 -14 -15 -16 -17 17 18 -20 -21 -22 -23 -24 -25 -26 -27 27 -29 -30 -31
leaf_value=0.00072428115445775595 0.001084492161349325 -6.6468847609077775e-05 6.6883083636566182e-05 0.00012669505210615434 -0.00017421169851316261 0.0023509178237853148 0.003892579297051888 0.00029138923528314678 -0.00019111970520194459 0.00013976181755873378 -0.00031054122886201908 -0.0004273402471989543 0.00065899757952719222 -0.002307226563671379 0.0024258113682589177 -0.0013917070939722064 0.0016701696585005267 -0.00059634440359739775 0.0020028454791832899 -0.00086787260187399379 0.00022630888760459284 0.0017158988587018776 -0.00040633041503620115 -0.0023717926340114238 0.0010749983457665493 -0.0017057605292865505 0.0001758524333566965 0.0006763219025726424 -8.8821434966934753e-05 -0.00024013713839404443
leaf_weight=20354 1710 2481 47669 3167 3044 437 212 11519 4568 10734 7502 55481 2743 261 286 559 288 464 386 25492 28306 1276 3767 257 420 257 11206 15452 7189 282
leaf_count=20354 1710 2481 47669 3167 3044 437 212 11519 4568 10734 7502 55481 2743 261 286 559 288 464 386 25492 28306 1276 3767 257 420 257 11206 15452 7189 282
internal_value=-9.53757e-06 -0.000150434 -5.80672e-05 -0.000525111 -0.000129772 0.000517871 0.000328801 -0.000231845 -0.000607071 -0.000306507 5.39841e-05 -0.000374506 0.000110486 -2.42118e-05 0.000191136 6.39546e-05 -0.000673533 -0.000746029 0.000583994 -0.000784291 0.000275199 0.000782779 -0.00025885 -0.000345305 0.00202014 0.000353325 0.000368635 0.000465944 4.06038e-05 0.00133468
internal_weight=267769 211316 169524 41792 139508 56453 3660 91839 38132 72818 19021 61525 6044 3028 2767 11293 34965 30397 850 29547 30016 21630 4055 3301 632 34823 34566 26658 7908 719
internal_count=267769 211316 169524 41792 139508 56453 3660 91839 38132 72818 19021 61525 6044 3028 2767 11293 34965 30397 850 29547 30016 21630 4055 3301 632 34823 34566 26658 7908 719
is_linear=0
shrinkage=0.03


Tree=18
num_leaves=31
num_cat=0
split_feature=8 13 3 8 12 1 9 0 0 9 9 13 1 11 10 11 3 10 10 10 0 11 9 10 10 11 3 10 9 11
split_gain=20.6839 7.82214 3.70259 3.93384 2.89878 2.67889 2.66373 2.61677 2.51111 2.46558 2.41502 2.21696 2.3561 2.0761 1.77648 3.04545 1.75219 1.61403 1.58143 1.58919 1.46472 1.46436 1.45594 1.43341 1.77452 1.42871 1.36905 1.35188 1.27893 1.25803
threshold=0.021251457280709107 0.011538455017611514 -0.046979232408247799 0.038335022967342321 -0.0098164607236783646 -0.012284580632282381 -0.038499358305678071 0.018674502015312181 -0.014664839607295919 -0.0064463921836128693 -0.02824571947259907 0.016523688732881892 -0.015463913258081883 -0.0016335004347811652 -0.0041235522615818412 -0.0026136636918970275 0.035422334844737453 0.00047460859055792343 0.0031060098202733148 0.00022412339472466239 0.0044018707052196912 -0.010757996424146763 -0.17868927980519475 -0.0017260044631248193 -0.0004911650863941851 0.0065392418405726413 0.0081135696158143328 0.0017991784466540042 -0.048385759782119946 0.002769761692301143
decision_type=10 2 10 10 8 2 8 8 10 10 10 2 2 8 8 10 10 10 10 10 8 10 10 8 10 10 10 10 10 10
left_child=1 6 5 9 7 18 -1 -3 -7 11 20 -4 -13 17 15 -8 23 -5 19 -2 21 -6 -10 -14 -25 -16 -12 -19 -29 -26
right_child=2 4 3 13 10 8 14 -9 22 -11 26 12 16 -15 25 -17 -18 27 -20 -21 -22 -23 -24 24 29 -27 -28 28 -30 -31
leaf_value=0.00033015341387659274 0.0018330987988827894 0.00047525458520553744 -6.0012048510335208e-05 0.00024834393398975413 0.0020756359675325191 0.0017724286194056055 -0.0031445740874518047 -0.0010475740080342028 0.00068691780978618689 0.00054895202045769805 0.00054930820395285177 -4.0088432865829132e-05 -0.00010792707710095108 -0.00093929238960799169 0.00085482408992320074 0.00038158623423322082 -0.00093321485694524179 -0.0017498968758751373 0.0025985536451009032 -0.00057936867325272606 -0.00035255266731437911 -2.5704531947011979e-05 -0.00073460203721344597 -0.0010078494244115754 -0.00050180998988917462 -0.0016791234532397674 1.9904952784664399e-05 -0.00077894395410446865 0.00062481588762685301 -1.4051650216343705e-05
leaf_weight=25240 533 19289 31524 2905 301 627 264 1072 925 3439 9036 15572 11595 12404 23226 1336 6215 845 682 456 16104 35484 2169 5137 23714 202 8562 2088 811 5954
leaf_count=25240 533 19289 31524 2905 301 627 264 1072 925 3439 9036 15572 11595 12404 23226 1336 6215 845 682 456 16104 35484 2169 5137 23714 202 8562 2088 811 5954
internal_value=-3.69425e-06 0.000247944 -0.000280026 -0.000313973 8.02836e-05 0.000489322 0.000547618 0.000395078 4.12147e-05 -0.000240819 -1.19571e-05 -0.000268058 -0.000364241 -0.000710015 0.000766925 -0.00020023 -0.000460178 -0.000282288 0.00148717 0.000720778 -0.000114954 -8.02943e-06 -0.000309616 -0.000396817 -0.000493059 0.000832976 0.000291736 -0.00069401 -0.00038624 -0.000403923
internal_weight=267711 140116 127595 122203 89848 5392 50268 20361 3721 103150 69487 99711 68187 19053 25028 1600 52615 6649 1671 989 51889 35785 3094 46400 34805 23428 17598 3744 2899 29668
internal_count=267711 140116 127595 122203 89848 5392 50268 20361 3721 103150 69487 99711 68187 19053 25028 1600 52615 6649 1671 989 51889 35785 3094 46400 34805 23428 17598 3744 2899 29668
is_linear=0
shrinkage=0.03


Tree=19
num_leaves=31
num_cat=0
split_feature=8 5 8 9 10 0 4 13 12 0 10 10 9 5 4 6 10 6 13 9 2 12 5 13 8 10 1 1 12 2
split_gain=19.1818 6.00395 4.63757 3.64989 2.39136 2.76509 2.73727 2.06354 1.97448 1.89669 1.79643 1.929 1.69084 1.68954 1.41664 1.40427 1.40533 2.02402 1.48911 1.57458 1.39345 1.5495 1.36376 1.29576 1.27164 1.18672 1.18638 1.18236 1.14375 1.20022
threshold=0.019877176249503203 0.022296672355963342 0.031456098744024989 -0.054408318176129004 0.0045588099205506891 -0.00085397840466427944 -0.045370787936113592 0.046302711475058288 0.0014996475267505251 -0.003475072875677165 -0.0041235522615818412 0.0083701210885805972 -0.017003432284178274 0.011845921519713922 -0.019446597129857742 -0.11983695467885135 0.0083701210885805972 -0.066947427552034908 0.014603592580550164 -0.019204537306327259 12.401822847595808 0.049511325747076625 0.095409490574798556 0.0092551046248525188 0.023657331973111349 -0.0086377534955604501 -0.043293809901116802 0.02978140980251898 -0.003727953612192358 -6.6738424871129611
decision_type=8 10 10 10 10 10 10 2 8 8 10 10 10 10 10 8 8 8 2 8 10 10 10 2 10 8 2 2 8 10
left_child=1 3 9 7 5 8 -6 -1 14 28 25 13 15 -12 -4 -11 18 -18 -17 24 21 23 -8 -7 -20 -5 -26 -28 29 -2
right_child=2 -3 4 10 6 20 22 -9 -10 12 11 -13 -14 -15 -16 16 17 -19 19 -21 -22 -23 -24 -25 26 -27 27 -29 -30 -31
leaf_value=0.00022020550305477444 0.0020263582999718241 5.9503908745095541e-05 0.00087699400065089196 0.00099182227894374034 0.002484505508984334 0.00067232274676807342 2.3035507995905153e-05 -0.0028321352968715238 -0.00057259567781165659 0.00098078968334615151 0.0010859163500995664 -0.00055098160477498571 0.00022176984657653275 0.00062774688106295696 -0.00010418720456713082 -4.7087260698354863e-05 0.0019192848501523258 3.3223059912970198e-05 -0.00011439230314284854 -0.0011106407954697521 -0.0020834079399276906 0.0012728966549993754 -0.0020613457893014372 -0.00075225244946974725 0.0013329882596008246 -0.00040592086223040409 -0.00050433217623996871 0.00040446022143511806 -9.491313755987289e-06 0.00037117245257599368
leaf_weight=24101 420 54353 1850 728 399 588 5433 201 6227 872 9879 1055 8904 27154 4661 20319 600 3495 17620 2350 665 356 298 25289 336 2195 26610 1354 12512 6440
leaf_count=24101 420 54353 1850 728 399 588 5433 201 6227 872 9879 1055 8904 27154 4661 20319 600 3495 17620 2350 665 356 298 25289 336 2195 26610 1354 12512 6440
internal_value=1.01823e-05 0.000292443 -0.000218662 0.000486293 -0.000469502 -0.000554784 8.19231e-05 0.00019496 -0.000190668 -0.000105928 0.00065893 0.000713934 -0.000168682 0.000749969 0.0001746 -0.000215947 -0.000230304 0.000309569 -0.000262537 -0.000353229 -0.000727218 -0.000692839 -8.5348e-05 -0.000719882 -0.000314468 -5.78001e-05 -0.000439037 -0.000460329 0.000161195 0.00047251
internal_weight=267264 119666 147598 65313 45766 39636 6130 24302 12738 101832 41011 38088 82460 37033 6511 73556 72684 4095 68589 48270 26898 26233 5731 25877 45920 2923 28300 27964 19372 6860
internal_count=267264 119666 147598 65313 45766 39636 6130 24302 12738 101832 41011 38088 82460 37033 6511 73556 72684 4095 68589 48270 26898 26233 5731 25877 45920 2923 28300 27964 19372 6860
is_linear=0
shrinkage=0.03


Tree=20
num_leaves=31
num_cat=0
split_feature=8 5 8 3 1 13 5 10 10 6 9 10 7 1 13 1 10 7 10 4 13 2 5 8 10 10 8 9 1 2
split_gain=19.6668 4.96259 4.4183 3.05059 2.75056 2.72455 1.88295 1.88857 2.34224 1.8681 2.06722 1.90527 1.82697 1.77856 1.75834 1.6429 1.54563 1.47978 1.5742 1.65706 1.42828 1.39588 1.38557 1.31595 1.27516 1.63651 1.27026 1.27779 1.26905 1.18853
threshold=0.018082774503711162 0.016287520965516864 0.028022916826295072 -0.049714386452382679 -0.020043787077627159 0.011450014007048169 0.023716963954622177 -0.0016081971148838579 0.0023847339597670163 -0.068568735952729096 -0.046008174221653701 0.0032065108569750982 0.039902318114302789 -0.0056997461352492609 0.014438634810478261 -0.011882304404511433 0.0035547345392493717 -0.078883582521172932 0.0047846400808956311 0.0080000073362576102 0.011859559900147738 -2.422559665834406 0.035294139521100977 0.026997646761602902 0.010624881496363094 0.0030428545700093017 0.037936125195822998 -0.0093170138503305671 -0.011882304404511433 -0.62232980901727408
decision_type=8 10 10 10 2 2 10 8 10 10 10 10 8 2 2 2 10 10 10 10 2 10 10 8 10 10 10 10 2 10
left_child=1 14 5 4 16 23 -5 12 26 24 11 -11 -8 -7 -1 -12 -4 18 19 -13 -3 -15 -17 -2 25 -10 27 -9 -22 -14
right_child=2 20 3 6 -6 13 7 8 9 10 15 17 29 21 -16 22 -18 -19 -20 -21 28 -23 -24 -25 -26 -27 -28 -29 -30 -31
leaf_value=0.00074955935047826025 0.0001821574370386195 0.00037806291737426252 0.00090694801445927598 -4.8582006408699326e-05 8.0384918417102767e-06 2.1526537356572383e-05 0.00017635773394340969 -0.00070550009069959732 0.0019057332558354682 -6.4777291059543918e-05 0.0008517419493577241 -0.0021108932753127574 -0.000851522308689228 -0.00058021428990190046 0.00020136469266491121 0.00051934808976469751 0.0035943561901817999 -0.0012228233466526036 0.00058050624846815854 0.00044370484906816778 0.00040577735124198663 -0.00018245189293230997 -0.00071857821701012048 0.0010400998402994956 0.0021522651316057784 -0.00038234814364428881 -0.0011065866867659125 0.00051955560977020221 1.4084868450151663e-06 5.9609301309100249e-06
leaf_weight=25462 14179 22059 455 9428 2451 34216 6272 15188 371 3023 1558 590 4080 9760 6639 1214 334 5278 994 373 8724 42592 2468 1815 361 1164 8006 807 35041 2261
leaf_count=25462 14179 22059 455 9428 2451 34216 6272 15188 371 3023 1558 590 4080 9760 6639 1214 334 5278 994 373 8724 42592 2468 1815 361 1164 8006 807 35041 2261
internal_value=-8.01122e-06 0.000330367 -0.000203805 -0.000393916 0.000503975 -8.02123e-05 -0.000439776 -0.000508065 -0.000605991 -0.00034091 -0.000449654 -0.000697288 -0.000186682 -0.000146675 0.000636184 3.51243e-05 0.00204458 -0.000961571 -0.000256976 -0.00112142 0.000181226 -0.000256607 -0.000310419 0.000279517 0.000547965 0.000170667 -0.0007981 -0.000643692 8.20143e-05 -0.000545771
internal_weight=267163 97925 169238 66676 3240 102562 63436 54008 41395 17394 15498 10258 12613 86568 32101 5240 789 7235 1957 963 65824 52352 3682 15994 1896 1535 24001 15995 43765 6341
internal_count=267163 97925 169238 66676 3240 102562 63436 54008 41395 17394 15498 10258 12613 86568 32101 5240 789 7235 1957 963 65824 52352 3682 15994 1896 1535 24001 15995 43765 6341
is_linear=0
shrinkage=0.03


Tree=21
num_leaves=31
num_cat=0
split_feature=8 13 8 12 11 0 9 3 0 9 13 6 8 11 9 0 3 3 10 10 10 10 13 11 6 10 10 8 12 10
split_gain=17.4348 5.60219 3.32059 2.74906 2.4102 2.31901 2.28486 2.13659 1.81207 1.72696 1.7933 1.70972 1.70508 1.90793 1.65866 1.64019 1.6076 1.58784 1.98251 1.56233 1.72452 2.04478 1.46765 1.58171 1.45186 1.47597 1.44232 1.43959 1.45913 1.38406
threshold=0.021251457280709107 0.0097251495838178766 0.038335022967342321 -0.0046717187489979098 -0.0016429525920652053 0.014243865242454691 -0.03580520081186455 -0.046979232408247799 -0.0092296235777073448 -0.0064463921836128693 0.076453075949644719 0.10183423150232264 0.028022916826295072 0.0035361551862770351 -0.053899664493991799 -0.0047720407452982441 0.017016412716693411 -0.018293520758104805 0.0059692030208320377 0.0058968997251246389 0.0038247633878483183 0.0025683665677778138 0.028787940964746531 -0.00098604954075587315 -0.070396156535062912 -0.0017260044631248193 0.00041156102050876614 0.059080598138895372 -0.031093505766181747 0.0017536613645420254
decision_type=10 2 10 10 8 10 8 10 10 10 2 10 10 8 10 10 10 10 10 10 10 10 2 10 10 8 10 10 8 8
left_child=1 6 7 5 8 -3 -1 15 -4 10 12 27 13 -9 17 -2 -12 18 26 20 21 -17 23 -5 -14 -26 -10 28 -6 -27
right_child=2 3 4 22 11 -7 -8 9 14 -11 16 -13 24 -15 -16 19 -18 -19 -20 -21 -22 -23 -24 -25 25 29 -28 -29 -30 -31
leaf_value=0.00032128414424290676 0.0015337029536806632 0.00038118641623935027 0.0011699801227430487 -0.00012731974541884631 0.0010763956300654739 -0.00059363915692703959 0.00081489632331354582 -0.00018296636656420624 0.00078201148484367876 0.00044457645111878964 -0.00065692363968071509 -0.0015033845747807098 0.00017666690555096851 0.0003332809374632041 0.00046770696645281472 -0.00045860162332349855 -0.0035330351162530648 -0.0010051365238171555 0.0023673147968012926 0.0014150466138318468 -0.0025483986571959503 0.0019496090257555328 -0.00040108953680987507 0.00018689848524803 -7.7663254442923442e-05 -0.00074253811585543044 -0.0013499985924147824 0.0003788867272424422 -0.00085485082339035459 -0.00032987234542264046
leaf_weight=16788 1031 37227 822 24657 366 2334 16972 49776 528 3496 490 2757 3982 7401 1717 1479 272 3135 300 656 260 404 7061 34721 8507 13972 622 1069 9269 15352
leaf_count=16788 1031 37227 822 24657 366 2334 16972 49776 528 3496 490 2757 3982 7401 1717 1479 272 3135 300 656 260 404 7061 34721 8507 13972 622 1069 9269 15352
internal_value=1.36609e-06 0.000232877 -0.000252082 0.000125686 -0.000601039 0.000323674 0.000569435 -0.000184998 -0.000154819 -0.000210808 -0.000233777 -0.000837193 -0.000222617 -0.000116143 -0.000327619 0.000510785 -0.00168357 -0.000625454 0.000195446 0.000133997 -0.000258149 5.8083e-05 7.79491e-06 5.64179e-05 -0.000368214 -0.000425567 -0.000371128 -0.000665604 -0.00078149 -0.000526495
internal_weight=267423 139760 127663 106000 20585 39561 33760 107078 7124 103248 99752 13461 98990 57177 6302 3830 762 4585 1450 2799 2143 1883 66439 59378 41813 37831 1150 10704 9635 29324
internal_count=267423 139760 127663 106000 20585 39561 33760 107078 7124 103248 99752 13461 98990 57177 6302 3830 762 4585 1450 2799 2143 1883 66439 59378 41813 37831 1150 10704 9635 29324
is_linear=0
shrinkage=0.03


Tree=22
num_leaves=31
num_cat=0
split_feature=8 8 5 11 5 9 4 10 13 12 11 10 1 11 7 10 13 12 13 11 4 1 11 11 13 11 6 6 10 10
split_gain=17.0486 4.71116 4.69668 2.93797 2.29799 2.17303 2.10776 2.02377 1.99097 2.03177 1.9704 1.92972 1.84733 1.77175 1.68135 1.53233 1.48859 1.59217 1.46372 1.45128 1.34264 1.29829 1.28413 1.60058 1.60481 1.58782 1.20939 1.22297 1.13569 1.79486
threshold=0.018082774503711162 0.028022916826295072 0.013976212358009192 -0.0027393443331276686 0.025040313683380513 -0.028682082783686998 -0.06164151120979066 0.010242750099010324 0.0062422151020392475 -0.0017531454088411389 0.0023590067290921728 0.0059692030208320377 -0.03588497759233477 -0.0032190635843080679 -0.12319642227676712 -0.0019487665986173683 0.021943788525946469 0.0063360682159103185 0.020498478046751617 -0.0089597910907540084 0.042901326330239693 0.0059850967122832008 -0.0040185140018970658 -0.0029568579253022027 0.023994189086779642 -0.0032948680536851733 -0.010340241996938613 -0.049373584632069527 -0.0016081971148838579 -0.0086377534955604501
decision_type=8 10 10 8 10 10 10 10 2 10 8 10 2 10 8 10 2 8 2 10 10 2 8 10 2 10 10 10 8 10
left_child=2 8 -1 11 26 7 -6 -4 -2 -10 14 13 -13 15 -11 19 -12 -18 20 -3 -16 -17 -7 25 -25 -24 27 -5 29 -8
right_child=1 3 5 4 6 22 28 -9 9 10 16 12 -14 -15 18 21 17 -19 -20 -21 -22 -23 23 24 -26 -27 -28 -29 -30 -31
leaf_value=0.00071668729354861145 0.0011892457407056106 -0.0020607124123870283 0.00014179273251111306 0.00036517080468493246 0.00078801638173417693 0.0011412460855118121 -0.0013720986085020512 -0.0011222238311868324 8.1656550755447927e-05 0.00040083015575452513 0.00053870788608190634 0.0031181959673909549 0.00047846636348928851 0.00059950767060808782 -0.00021312101906197686 -0.00031781918313609743 -0.0012858293426336721 8.340874392111633e-05 -0.00056325944390767091 0.00050858089803255545 0.0016276156199524065 -0.001249894988574905 0.00017642918700082113 0.00057518534852687541 -0.00033678118309556619 -0.0016893299902308611 0.00022800741952682746 -0.00091359400455419729 -0.0006966427154863153 -0.00015347298259921473
leaf_weight=21726 1168 214 53091 983 996 2284 1258 1165 49353 3064 5273 272 1943 2384 24047 7647 959 3765 14887 2624 362 1632 1215 16005 1948 620 5547 2135 30856 8038
leaf_count=21726 1168 214 53091 983 996 2284 1258 1165 49353 3064 5273 272 1943 2384 24047 7647 959 3765 14887 2624 362 1632 1215 16005 1948 620 5547 2135 30856 8038
internal_value=1.26953e-05 -0.000169528 0.00032752 -0.00036626 -0.000481747 0.000216747 -0.000575252 0.000114651 -4.23051e-05 -5.64477e-05 -0.000186628 -2.21125e-05 0.000802623 -0.000148089 -0.000276035 -0.000295178 0.000192211 -0.000194555 -0.000328811 0.000314843 -0.000185822 -0.000481754 0.000467714 0.000389972 0.000476232 -0.000453964 -3.77153e-05 -0.000510443 -0.000609069 -0.000318386
internal_weight=267461 169407 98054 66529 49813 76328 41148 54256 102878 101710 52357 16716 2215 14501 42360 12117 9997 4724 39296 2838 24409 9279 22072 19788 17953 1835 8665 3118 40152 9296
internal_count=267461 169407 98054 66529 49813 76328 41148 54256 102878 101710 52357 16716 2215 14501 42360 12117 9997 4724 39296 2838 24409 9279 22072 19788 17953 1835 8665 3118 40152 9296
is_linear=0
shrinkage=0.03


Tree=23
num_leaves=31
num_cat=0
split_feature=8 13 8 6 10 0 12 10 13 0 1 11 0 2 11 13 9 13 9 1 7 1 0 13 2 11 13 11 13 0
split_gain=17.2277 4.23392 3.78373 2.65701 2.6677 2.39521 2.78737 2.31245 2.29812 2.19492 2.26238 2.10139 2.05578 2.3048 1.85726 2.07167 1.71152 1.54057 1.44259 1.40332 1.35847 1.35735 1.3123 1.29479 1.27599 1.27519 1.3259 1.19767 1.39463 1.16384
threshold=0.019692883825690188 0.0097251495838178766 0.037936125195822998 -0.068568735952729096 0.0033876964858264862 0.0040912822488965448 -0.0019512416119853435 0.0059692030208320377 0.014696372178275701 0.0063113914754365794 -0.0040037389740639187 -0.0065286733926540599 -0.0038668347792600861 -2.7498468795362871 0.0022772078248379794 0.005727915163753222 -0.0088273225562884843 0.051462015778457833 -0.080480121992176454 -0.017100491270644832 -0.10361829386061687 0.0044999498570890148 -0.0010824099571210553 0.028096874273781432 -1.6233886341174746 0.0027916528552079938 0.031653174586946102 -0.0078541111903929744 0.038519524630405332 -0.024303652410620432
decision_type=8 2 10 8 10 8 10 10 2 10 2 8 10 10 8 2 10 2 8 2 8 2 10 2 8 10 2 8 2 10
left_child=1 -1 3 4 12 6 18 8 -4 10 -3 -10 13 -2 15 -8 19 25 22 -7 -21 -14 -5 -17 -6 -12 -27 28 -20 -13
right_child=2 9 7 5 24 16 14 -9 11 -11 17 29 21 -15 -16 23 -18 -19 27 20 -22 -23 -24 -25 -26 26 -28 -29 -30 -31
leaf_value=0.00057542721259676299 0.0029395527487981383 0.00044686611660034264 0.00026711731125111888 0.0002076034666474122 -0.00020152468314802908 4.8087110207157132e-06 0.0019291898816014125 0.00037979786988772551 0.00057824732275043667 -0.00014005018236316845 3.989844321273501e-05 0.00040003779634742871 6.6644138974643121e-05 0.00038892157241635002 0.00014944805635039863 -0.00028712026380128168 0.00040530577924054666 -0.001653792835054752 0.00027896137384020466 6.8439006351355937e-05 -0.00052818749468434042 -0.00084086437076519565 -0.00042787404538966703 -0.00077919513528151895 0.0014429101752454264 0.00057851298402478201 -0.0010483277792109108 0.00033026306631230723 -0.0029019361550624038 -0.00091658671143038611
leaf_weight=31134 377 28586 2078 5507 530 6619 351 2062 958 16822 33482 628 4474 2067 8156 23159 2519 446 275 3817 34292 2219 6237 6075 2137 6984 482 18819 226 15972
leaf_count=31134 377 28586 2078 5507 530 6619 351 2062 958 16822 33482 628 4474 2067 8156 23159 2519 446 275 3817 34292 2219 6237 6075 2137 6984 482 18819 226 15972
internal_value=4.17508e-06 0.000275292 -0.000209624 -0.000147461 0.000281353 -0.000191077 -7.81377e-05 -0.000575921 -0.000676282 0.00016764 0.000241604 -0.000787934 3.76929e-05 0.00078237 -0.000251371 -0.000361869 -0.000355548 9.98533e-05 0.000132331 -0.000398398 -0.000468429 -0.000234232 -0.000129886 -0.000389376 0.00111612 0.000118954 0.000473485 0.000291723 -0.00115593 -0.000866777
internal_weight=267490 117936 149554 127856 11804 116052 68805 21698 19636 86802 69980 17558 9137 2444 37741 29585 47247 41394 31064 44728 38109 6693 11744 29234 2667 40948 7466 19320 501 16600
internal_count=267490 117936 149554 127856 11804 116052 68805 21698 19636 86802 69980 17558 9137 2444 37741 29585 47247 41394 31064 44728 38109 6693 11744 29234 2667 40948 7466 19320 501 16600
is_linear=0
shrinkage=0.03


Tree=24
num_leaves=31
num_cat=0
split_feature=8 8 10 5 11 5 9 11 11 10 13 11 1 7 10 10 13 10 5 12 12 10 7 6 11 10 10 13 9 10
split_gain=14.8221 5.0324 3.06965 2.86557 2.53333 2.47158 2.33651 2.25161 1.88143 1.87008 1.64311 1.56993 1.9088 1.93307 2.16601 1.804 1.5956 1.53396 1.47669 1.4236 1.42229 1.33033 1.28359 1.52645 1.19971 1.18298 1.16235 1.16118 1.19879 1.58214
threshold=0.015367075565241731 0.032292333141394146 0.0045588099205506891 0.013976212358009192 -0.005365314619582894 0.020012276425087249 -0.031818035559854789 -0.0027393443331276686 -0.010757996424146763 -0.0063991799270357022 0.0069777381546516316 0.0035361551862770351 -0.0055792478576922591 -0.12031651973661932 0.0024756697197344528 0.0036389551910119837 0.026350346990047267 0.010242750099010324 0.082658040644484967 0.0044243714223578543 -0.026440112667708845 -0.0045124798037367566 -0.1401329831607184 0.079984847637334613 -0.0018310234782946686 0.0043340383897720889 -0.0086377534955604501 0.030990482209299942 -0.043138474570351186 0.0090474731691047045
decision_type=8 10 10 10 8 10 8 10 10 8 2 8 2 8 10 10 2 10 10 10 10 8 8 10 10 8 8 2 10 10
left_child=3 5 4 -1 8 6 19 27 -3 -6 -11 12 -7 14 -14 -16 -13 26 22 -2 -10 24 -9 -24 -8 -12 -5 28 29 -4
right_child=1 2 7 17 9 11 21 18 20 10 25 16 13 -15 15 -17 -18 -19 -20 -21 -22 -23 23 -25 -26 -27 -28 -29 -30 -31
leaf_value=0.0007206281452195836 0.00014789297234931158 -0.0017299251798249314 -0.0014468537404517471 0.0013009363468049061 0.00020092764113946028 2.9414437905139814e-06 -0.0024029034537633356 0.0017558442915461465 0.0023523168147018669 0.0015963586230253136 -0.00064491448640173878 0.00035830427303043137 -0.00013475356961722851 -0.00030011741243994952 0.0023639718301710672 0.00040039138112014672 -0.00029119409619984669 -0.0010424435547495836 -0.0019323580235987901 -0.00037083946165618564 0.00032959082309544797 0.00063426720789120142 -0.00050078280192287551 0.0010074424170949258 6.8887384013250892e-05 -0.0017845819455982032 0.00027444546900090339 0.002040004190025391 0.0023849708891973114 0.0017013737644702377
leaf_weight=18175 17863 348 380 1016 2482 44134 234 356 366 289 29679 11475 3519 60566 680 1106 4840 782 375 6492 2155 10196 2523 794 722 843 43510 761 207 231
leaf_count=18175 17863 348 380 1016 2482 44134 234 356 366 289 29679 11475 3519 60566 680 1106 4840 782 375 6492 2155 10196 2523 794 722 843 43510 761 207 231
internal_value=2.15549e-06 -0.00012263 -0.000416122 0.000402393 -0.000517548 -4.68403e-05 0.000174297 0.00023569 0.000337819 -0.000591259 -0.000655074 -0.000108999 -0.000149729 -0.000252019 0.000297104 0.001148 0.000165624 0.000274735 -0.000139111 9.62112e-06 0.000623251 0.000533935 4.39735e-05 -0.000139755 -0.000536133 -0.000676391 0.000297868 0.00119655 0.000411861 -0.000256607
internal_weight=267099 203616 41789 63483 36162 161827 35507 5627 2869 33293 30811 126320 110005 65871 5305 1786 16315 45308 4048 24355 2521 11152 3673 3317 956 30522 44526 1579 818 611
internal_count=267099 203616 41789 63483 36162 161827 35507 5627 2869 33293 30811 126320 110005 65871 5305 1786 16315 45308 4048 24355 2521 11152 3673 3317 956 30522 44526 1579 818 611
is_linear=0
shrinkage=0.03


Tree=25
num_leaves=31
num_cat=0
split_feature=8 8 13 0 10 6 8 12 4 12 10 4 0 0 13 9 3 9 10 0 12 12 2 10 9 9 13 2 6 13
split_gain=14.2192 4.46807 3.75193 2.81236 3.19699 3.24029 2.73324 2.20795 2.11648 2.1605 1.75435 1.7274 1.61126 1.54983 1.49738 1.42535 1.3919 1.35794 1.44184 1.35087 1.37285 1.33877 1.32683 1.30791 1.22673 1.42918 1.2128 1.20646 1.17937 1.23501
threshold=0.02173131513414446 0.01177824683650963 0.014696372178275701 -0.0052428208913623533 0.0059692030208320377 -0.04658359739379541 0.037936125195822998 -0.00077862595733985119 -0.034941502499352066 0.020709017954421319 -0.0071696385853255431 0.027663225857651356 0.0030798836740312256 0.00548865157762335 0.042531540088033663 -0.0074461026750203265 -0.044457566656412477 -0.045576443508930968 -0.003942695866748557 0.030987044945001378 -0.015815321931612277 0.061390783737151351 -2.9043491911381354 -0.0086377534955604501 -0.17229115368338163 -0.027390142353965082 0.005727915163753222 12.401822847595808 -0.11158717123038418 0.021140193550111781
decision_type=8 10 2 8 8 8 8 10 10 8 10 10 10 10 2 10 8 10 8 10 10 10 8 10 10 10 2 10 10 2
left_child=1 17 12 8 6 11 15 13 23 16 -8 -6 26 -3 24 19 -10 -1 -19 20 -5 27 -11 -4 -9 -26 -2 -12 -22 -30
right_child=2 7 3 4 5 -7 10 14 9 22 21 -13 -14 -15 -16 -17 -18 18 -20 -21 28 -23 -24 -25 25 -27 -28 -29 29 -31
leaf_value=0.00024315382183211977 0.0016839569916240482 0.00033637669252772543 -0.00090898747556960322 -6.0936673697369424e-05 0.0013627369698662709 -0.00019893638237316309 0.001976418464910239 0.0010849409101309684 0.0023920456807425602 -0.0030882176422287059 -0.00083835205120951319 -0.0015348368584467418 -0.0001824976647670343 -1.4986608109530842e-05 -0.00084423831751919039 0.0003655299665637409 3.3382775036336068e-07 -0.00026462889387694419 0.00078915190797663451 -0.0015706495407752847 0.00055458241297327371 0.001576401053381891 -0.00071809446492674647 0.0011127728384564479 -9.8752219377878418e-05 0.00025513478799598917 0.00023509086317845748 -0.0027439338159251222 -0.00029141299926056341 -0.00061135693535336623
leaf_weight=8295 540 43923 333 10095 2108 6528 201 943 223 238 15251 203 11835 15211 1901 2305 12192 1262 15787 867 1032 203 1990 2130 39449 13886 14014 305 19305 24817
leaf_count=8295 540 43923 333 10095 2108 6528 201 943 223 238 15251 203 11835 15211 1901 2305 12192 1262 15787 867 1032 203 1990 2130 39449 13886 14014 305 19305 24817
internal_value=-1.03388e-05 0.000197312 -0.000240837 -0.000324559 -0.000396572 0.000142824 -0.000460671 0.000118044 2.57808e-05 -0.000111077 -0.000808605 0.00110821 7.7458e-05 0.000245996 -1.66374e-05 -0.000365619 4.32941e-05 0.000557976 0.000711149 -0.000395651 -0.000377212 -0.000844127 -0.000971276 0.000839429 1.2348e-05 -6.61619e-06 0.000288848 -0.000875714 -0.000447921 -0.00047137
internal_weight=267372 140657 126715 100326 83220 8839 74381 115313 17106 14643 15960 2311 26389 59134 56179 58421 12415 25344 17049 56116 55249 15759 2228 2463 54278 53335 14554 15556 45154 44122
internal_count=267372 140657 126715 100326 83220 8839 74381 115313 17106 14643 15960 2311 26389 59134 56179 58421 12415 25344 17049 56116 55249 15759 2228 2463 54278 53335 14554 15556 45154 44122
is_linear=0
shrinkage=0.03


Tree=26
num_leaves=31
num_cat=0
split_feature=8 8 13 9 12 0 1 3 0 4 0 0 0 2 6 6 9 5 2 8 13 0 0 13 5 9 12 13 9 5
split_gain=13.9673 4.96048 2.34176 2.33523 2.31686 2.45491 2.30061 3.0148 1.8699 1.64488 1.65934 1.63585 1.59139 1.52137 1.31642 1.2 1.3989 1.50729 1.15627 1.11538 1.58668 1.11478 1.08211 1.06811 1.03739 1.47007 1.03427 1.03089 0.973013 0.97217
threshold=0.014763502608051706 0.028319457068308702 0.014776523706617474 -0.0518629640504552 -0.015171084589503168 0.041296227684088478 -0.033542172240368366 -0.031037184623754984 -0.015680389983539097 0.015092176376079626 -0.028191641117838614 -0.0012320834737295503 -0.00036411452482287826 11.848044802743138 -0.019392883859920548 -0.090759589058289666 -0.026518502981555832 0.035294139521100977 9.3801751008015533 0.037936125195822998 0.016256844496877077 -0.021639281301784049 -0.0044495201649288876 0.028096874273781432 0.022296672355963342 -0.014827494961686559 -0.01167407087462463 0.022087453115901764 -0.0079142205499316814 0.062962960388621425
decision_type=8 10 2 10 10 8 2 10 10 10 10 10 10 10 10 8 10 10 8 10 2 10 10 2 10 8 8 2 10 10
left_child=3 2 11 13 5 12 7 14 9 -8 -11 -2 -4 22 -3 -6 -17 -18 -14 28 -21 -5 -1 -19 25 -13 -26 -15 -10 -9
right_child=1 6 4 21 15 -7 8 29 19 10 -12 24 18 27 -16 16 17 23 -20 20 -22 -23 -24 -25 26 -27 -28 -29 -30 -31
leaf_value=0.00080671719332533164 0.00042871868410176376 0.002870941913476394 0.00078389565830928659 -0.0013866731955204158 0.00048152426099961774 -0.0025486206566565669 0.00071322686375214247 -0.00050062125048350127 -0.00034588171296660565 -0.0024273348507087896 0.00015108756870231831 9.6226586820920236e-05 0.00019394578814928206 -0.0002957752845202553 6.9720620437916636e-05 -0.00025908122073904698 0.00029031310837291399 -5.7679247053961457e-05 -0.00086966411391572595 4.079981726851011e-05 -0.00071316784080696161 0.00058493937365046867 0.00012933033869926428 -0.00098962383010239331 0.00096393050622845162 0.00081740740125775784 -0.00013898112747013079 -0.0030291123418137431 0.00042960786524050526 0.00088868130240947582
leaf_weight=2411 13529 558 4167 260 2445 280 2519 1498 37493 340 662 17280 9634 294 207 59279 9581 3601 1017 2976 16113 35307 17735 1598 795 2983 20438 215 1515 650
leaf_count=2411 13529 558 4167 260 2445 280 2519 1498 37493 340 662 17280 9634 294 207 59279 9581 3601 1017 2976 16113 35307 17735 1598 795 2983 20438 215 1515 650
internal_value=2.97821e-06 -0.000108905 -1.24424e-05 0.000423186 -0.000105363 0.000234263 -0.000328085 0.000495754 -0.000367032 0.000304273 -0.000723826 0.000142246 0.000286848 0.000169472 0.00211296 -0.000172388 -0.000193977 6.71426e-05 9.23881e-05 -0.000407717 -0.000595623 0.000570527 0.000210398 -0.000344128 4.88469e-05 0.000202395 -9.76862e-05 -0.00145033 -0.000315763 -8.02085e-05
internal_weight=267380 211158 146627 56222 91602 15098 64531 2913 61618 3521 1002 55025 14818 20655 765 76504 74059 14780 10651 58097 19089 35567 20146 5199 41496 20263 21233 509 39008 2148
internal_count=267380 211158 146627 56222 91602 15098 64531 2913 61618 3521 1002 55025 14818 20655 765 76504 74059 14780 10651 58097 19089 35567 20146 5199 41496 20263 21233 509 39008 2148
is_linear=0
shrinkage=0.03


Tree=27
num_leaves=31
num_cat=0
split_feature=8 8 13 12 3 1 5 13 12 4 0 13 2 0 0 7 2 5 1 2 5 6 1 8 0 7 6 0 12 6
split_gain=13.1377 5.48128 2.68402 2.42306 1.87571 2.27005 1.83339 1.58503 1.51076 1.4712 1.46181 1.44597 1.2332 1.22859 1.2143 1.24346 1.21384 1.18533 1.23387 1.05562 1.05415 1.30759 1.12193 1.00583 0.95742 0.948231 0.931717 0.913186 1.04393 1.24346
threshold=0.014763502608051706 0.031456098744024989 0.016523688732881892 -0.01457230349863353 -0.024285149585944351 -0.031563287212033268 0.013976212358009192 0.0076994346036007924 -0.0099881266663329176 -0.032023227773236511 -0.0042948456055665321 0.035881741751367192 13.493365295875696 0.00039916558362229631 -0.00070815570756643787 0.30393468319807554 -4.7784734142206498 0.059109000061700057 -0.0040037389740639187 -5.1316226685057504 0.025040313683380513 -0.011230936951367563 0.002443648067121718 0.052966135946296573 0.0055643916820563586 -0.036091687791907572 -0.014287317074186788 -0.034499345965972088 0.0066468084773071987 -0.062253911075701378
decision_type=8 10 2 8 10 2 10 2 10 10 8 2 10 10 8 8 10 10 2 10 10 10 2 10 10 8 10 10 10 10
left_child=6 2 7 14 5 26 -1 -2 -9 -6 -5 17 20 -10 15 -4 -12 18 25 -16 21 22 24 27 -11 -8 -3 -7 -29 -30
right_child=1 4 3 10 9 23 11 8 13 12 16 -13 -14 -15 19 -17 -18 -19 -20 -21 -22 -23 -24 -25 -26 -27 -28 28 29 -31
leaf_value=0.00065547816439145393 0.00055020846160663904 0.0021401763410660727 0.00045381220136406339 4.4208043525903233e-05 -0.0018489243022633075 0.0015808667202630094 0.00017904155774127895 0.00051700634279880895 0.00017940795394256619 0.00035138148700539597 -0.00074258935847264153 -0.00086765063321555462 -0.0021201433784811307 -9.6004411457322123e-05 -0.00080852615971354464 0.0026632988887464173 -0.0002494474402055417 -0.0018926797981519217 0.0001945066991109698 9.6998500315807428e-05 -0.00053210391916047822 0.00019394700013487549 -0.0015809187692868759 -0.0011574100117407846 -0.0012673400882167753 0.00071520064403412977 9.4418823066067866e-06 0.00015623585316465523 0.00022154254720553232 -0.0011796053072231864
leaf_weight=17272 6362 580 4698 14663 714 295 4290 5813 23837 972 4903 957 405 37527 1275 241 53619 218 23779 12696 29545 4323 821 830 497 9639 271 4266 941 1446
leaf_count=17272 6362 580 4698 14663 714 295 4290 5813 23837 972 4903 957 405 37527 1275 241 53619 218 23779 12696 29545 4323 821 830 497 9639 271 4266 941 1446
internal_value=-9.62661e-06 -0.000117909 -3.7515e-05 -0.000145429 -0.000407981 -9.40656e-06 0.000398283 9.76295e-05 5.4768e-05 -0.000500245 -0.00022365 0.000284035 -0.000473908 1.09802e-05 0.000157297 0.000561625 -0.000290763 0.000313096 0.000325848 1.43599e-05 -0.000455469 -0.000113084 -0.00069269 -0.000170356 -0.000196273 0.000550069 0.00146165 -5.24439e-05 -0.000124866 -0.000627247
internal_weight=267695 211540 165634 92095 45906 8629 56155 73539 67177 37277 73185 38883 36563 61364 18910 4939 58522 37926 37708 13971 36158 6613 2290 7778 1469 13929 851 6948 6653 2387
internal_count=267695 211540 165634 92095 45906 8629 56155 73539 67177 37277 73185 38883 36563 61364 18910 4939 58522 37926 37708 13971 36158 6613 2290 7778 1469 13929 851 6948 6653 2387
is_linear=0
shrinkage=0.03


Tree=28
num_leaves=31
num_cat=0
split_feature=8 5 8 11 4 0 12 11 5 0 5 4 2 3 4 2 4 6 7 8 0 5 3 2 12 5 2 2 11 1
split_gain=11.8963 3.91958 2.51958 2.95332 2.0485 1.69789 1.51852 2.05644 1.43228 1.39554 1.38623 1.16096 1.28896 1.14136 1.80168 1.09733 1.43041 1.22382 1.07039 1.20417 1.03531 1.03239 1.28155 1.12547 1.02147 1.30086 1.06709 1.0189 1.80644 1.36937
threshold=0.020964786513413741 0.015718485472953292 0.032292333141394146 -0.005365314619582894 -0.072951771337649171 0.006132844323845422 -0.0018542327424588831 -0.010757996424146763 0.13670764813179195 -0.0038668347792600861 0.03939727242309414 -0.045370787936113592 -1.5027237959498423 -0.023214610495946027 -0.0099651319968650492 10.738245592334398 -0.0038015407496768678 -0.03628530083822256 0.067866579961039078 0.016047066264435663 0.003257407203012264 0.033882468091142086 0.030535439430027681 14.826931504486181 0.017097431166316849 0.053267051501328752 -0.76198968707444259 -1.3578085978411607 -0.001726110653272994 0.022865386234304456
decision_type=8 10 10 8 10 10 8 8 10 10 10 8 10 10 10 10 10 10 8 10 10 10 10 8 10 10 10 10 8 2
left_child=1 18 9 13 -5 6 -3 -8 15 11 -7 12 -2 -4 -15 27 17 -17 19 -1 -21 22 -11 -23 25 -16 -27 28 -6 -30
right_child=2 5 3 4 8 10 7 -9 -10 21 -12 -13 -14 14 24 16 -18 -19 -20 20 -22 23 -24 -25 -26 26 -28 -29 29 -31
leaf_value=0.00051088941945637777 0.0028272343541858561 0.00031300944099862336 0.0015374324932251142 0.0012332073611133428 -0.00011981550278453429 -1.5481752667320555e-05 0.0026438797519358057 3.1889526057929577e-05 -0.0020381323324858507 -9.8626208806116726e-05 -0.00063387202656317143 7.6411959697803158e-05 0.00028778183762612398 -0.0012478861715513071 0.00031285847179896286 0.0017272186567325416 -0.0020081282487018643 -0.00099469624361511353 0.0008806982278524001 0.00031953516966604567 -0.0005107575114829051 -0.00026239136083192364 0.00092801834782771928 -0.0012516170484892552 -0.0012589985615654976 0.00091938201065103588 0.00357630001254923 -0.00029474058368948871 -0.00093765250583433912 0.00010989394211464709
leaf_weight=22073 295 35528 687 624 4646 16157 273 43016 537 41422 4088 16476 461 624 1362 205 935 541 5115 3877 2075 32649 1124 1069 241 325 234 19249 10139 1263
leaf_count=22073 295 35528 687 624 4646 16157 273 43016 537 41422 4088 16476 461 624 1362 205 935 541 5115 3877 2075 32649 1124 1069 241 325 234 19249 10139 1263
internal_value=-3.13068e-06 0.00019919 -0.0002011 -0.000395292 -0.000471559 0.000104709 0.000167656 4.83619e-05 -0.000499915 -0.000114672 -0.000140351 0.000129159 0.00127871 0.000442235 0.00017217 -0.000477577 -0.00122644 -0.000246717 0.000481613 0.000408774 3.00766e-05 -0.000169766 -7.15038e-05 -0.000293754 0.00058203 0.000812997 0.00203158 -0.000441913 -0.00061844 -0.000821616
internal_weight=267310 132202 135108 41612 38139 99062 78817 43289 37515 93496 20245 17232 756 3473 2786 36978 1681 746 33140 28025 5952 76264 42546 33718 2162 1921 559 35297 16048 11402
internal_count=267310 132202 135108 41612 38139 99062 78817 43289 37515 93496 20245 17232 756 3473 2786 36978 1681 746 33140 28025 5952 76264 42546 33718 2162 1921 559 35297 16048 11402
is_linear=0
shrinkage=0.03


Tree=29
num_leaves=31
num_cat=0
split_feature=13 5 9 9 12 10 5 3 10 1 9 9 11 7 10 13 6 10 10 11 13 2 3 2 10 11 11 2 11 2
split_gain=11.0877 2.71381 2.57528 2.13439 2.10554 1.89062 1.85738 1.85063 2.14112 1.65874 1.44835 1.41113 2.06356 1.3668 1.31397 1.29146 1.27466 1.26668 1.21479 1.21209 1.61851 1.76802 1.41121 1.20965 1.20213 1.83972 1.55616 1.48617 1.25972 1.19494
threshold=0.011946339177603408 0.023848953014322456 -0.056474970210108492 -0.067225892870394807 -0.0072981505613444178 0.0083701210885805972 0.02178928465258459 -0.044457566656412477 0.0029970656292986901 -0.026346284593954047 -0.087423245139688563 -0.21465422878873616 -0.0026814959715112936 0.14969515102643285 0.0083701210885805972 0.053331140722772709 -0.068568735952729096 0.0040110239669326484 0.00060792241089746579 0.00089469507476269705 0.028546979608938098 -0.50076255362113409 0.0076811475027316342 -1.3578085978411607 -0.0041235522615818412 -0.0026136636918970275 -0.0037982327423105029 -8.4004209967728034 -0.0027961301162618408 10.539671338648864
decision_type=2 8 8 10 10 10 8 10 8 2 10 8 8 8 10 2 10 10 10 10 2 8 8 8 8 10 10 10 10 10
left_child=2 3 -1 15 7 19 14 8 10 -10 18 12 -9 16 24 -2 -7 -11 -3 -6 -21 -22 -23 -13 25 -4 -26 -28 -29 -25
right_child=1 4 6 -5 5 13 -8 11 9 17 -12 23 -14 -15 -16 -17 -18 -19 -20 20 21 22 -24 29 26 -27 27 28 -30 -31
leaf_value=8.9281387066790757e-05 -0.00014466106937966301 0.00024028130078631704 -0.0022290252265444802 0.00019740592888643494 -0.00039864847420277886 0.0016938037547979861 0.00016242441765697852 0.00036560104736926022 0.0031624487904637916 0.002732032026307514 0.0020480843988285296 -0.00025246027631275266 -0.0017619043473285105 -0.0012260440312185099 -0.000810102664342688 -0.0019194322804966942 0.00026784482090007669 -9.2039306007281828e-05 -0.0016772240449386621 -2.6117703378787141e-05 -0.00019155098378377216 -0.0005460084122278087 -0.001724146038108801 0.00012039764438467074 0.001375581222234436 0.00031882222837861373 0.001988627522947354 -0.00015753052175315453 0.00063414753713727406 -0.00066477488017877701
leaf_weight=26270 23098 954 308 34690 53686 696 12327 676 442 208 269 16756 1044 443 580 375 2979 457 432 23067 7472 2504 1442 26577 2634 1484 680 1981 20824 1867
leaf_count=26270 23098 954 308 34690 53686 696 12327 676 442 208 269 16756 1044 443 580 375 2979 457 432 23067 7472 2504 1442 26577 2634 1484 680 1981 20824 1867
internal_value=-1.27961e-05 -0.00012468 0.000320971 4.79144e-05 -0.000195389 -0.000280156 0.000470084 -3.79258e-05 0.000716729 0.00173803 3.35965e-05 -8.23494e-05 -0.000925745 0.000348145 0.000603198 -0.000173014 0.000537904 0.000791279 -0.000357383 -0.000309501 -0.000170716 -0.000462839 -0.000976539 -5.02556e-05 0.000632566 -0.000119089 0.000684137 0.000606587 0.000565377 6.88607e-05
internal_weight=267222 200134 67088 58163 141971 92289 40818 49682 2762 1107 1655 46920 1720 4118 28491 23473 3675 665 1386 88171 34485 11418 3946 45200 27911 1792 26119 23485 22805 28444
internal_count=267222 200134 67088 58163 141971 92289 40818 49682 2762 1107 1655 46920 1720 4118 28491 23473 3675 665 1386 88171 34485 11418 3946 45200 27911 1792 26119 23485 22805 28444
is_linear=0
shrinkage=0.03


Tree=30
num_leaves=31
num_cat=0
split_feature=8 5 6 8 3 10 10 5 0 9 12 0 12 9 3 10 7 0 1 2 5 7 9 2 7 10 10 10 1 12
split_gain=10.4716 3.48153 2.86795 2.1788 1.99795 1.81347 1.7805 1.86551 1.71333 2.16691 1.59422 1.59043 1.57724 2.12187 1.7069 1.54342 1.48791 1.4831 1.43471 1.404 1.39657 1.32909 1.23035 1.20661 1.58969 1.82005 1.19575 1.18496 1.44852 1.36579
threshold=0.015456149574287445 0.025176294008117335 -0.060813911976885286 0.037549233945039291 -0.010670619865106533 0.001652380385786967 0.0083701210885805972 0.0098273434591020278 -0.0029938325623005686 -0.035338114655571455 -0.040492422626316076 -0.011059418912336914 -0.0046717187489979098 -0.057996141893881852 -0.014062699223687468 0.0059692030208320377 -0.06017859110039802 0.021910962803923021 0.0043598823199993983 -1.0861914511803057 0.019883267480271388 -0.09380787730439398 -0.0064463921836128693 11.848044802743138 -0.012269802744301559 -0.00083356485108715395 -0.010872040601414166 -0.0015211785805948062 0.018679263108357883 0.049511325747076625
decision_type=8 8 8 8 10 8 10 10 10 8 10 10 10 10 10 10 8 10 2 10 10 10 10 10 8 10 10 10 2 10
left_child=6 8 4 12 5 18 7 -1 -2 -10 -7 -6 13 -4 -15 27 -12 -16 -3 -17 -11 -20 -14 26 -25 -26 -9 28 -5 -29
right_child=1 2 3 15 11 10 -8 23 9 20 16 -13 22 14 17 19 -18 -19 21 -21 -22 -23 -24 24 25 -27 -28 29 -30 -31
leaf_value=0.00082838513476454247 0.00040240185933017693 0.0004167422231337348 -0.00024871734875567372 1.1543254908303237e-05 0.0013582649585477324 0.0032944514509871225 -0.000606710953543935 0.0014041022740730606 -0.00011715775834630465 0.00052054440721402743 0.0011434664864118627 -0.00042287109202267676 -0.00031262379359938553 0.00086628708633583506 0.00013204769562240984 -0.00055475480419806239 7.7663259123802688e-05 -0.0013283841578064523 -0.001136217643158887 0.0013184243919350377 -2.5519485438875743e-05 0.00014618780913859493 0.00036882083305295876 -0.0017627378107823335 -0.0020083863938551412 0.001141076032348936 0.00031274034801231096 -0.00083129836936187589 -0.0013682578069238417 0.0013506589287002994
leaf_weight=6993 11997 4460 20423 3981 490 223 1739 919 38738 9867 2835 5697 56322 2876 15035 707 2018 653 1335 734 7359 1598 2490 580 227 606 53689 11725 827 264
leaf_count=6993 11997 4460 20423 3981 490 223 1739 919 38738 9867 2835 5697 56322 2876 15035 707 2018 653 1335 734 7359 1598 2490 580 227 606 53689 11725 827 264
internal_value=8.13275e-06 -9.79865e-05 -0.000186312 -0.000241819 0.00015893 0.00037762 0.000340249 0.000366382 7.70673e-05 7.32536e-06 0.000814246 -0.000281808 -0.000185681 -3.77103e-05 0.000194427 -0.000542849 0.000700279 7.12584e-05 7.78342e-05 0.000399384 0.000287264 -0.000437519 -0.000283773 0.000308711 -0.000556829 0.000282819 0.000331107 -0.000623682 -0.000225789 -0.000783251
internal_weight=267407 202654 134693 116037 18656 12469 64753 63014 67961 55964 5076 6187 97799 38987 18564 18238 4853 15688 7393 1441 17226 2933 58812 56021 1413 833 54608 16797 4808 11989
internal_count=267407 202654 134693 116037 18656 12469 64753 63014 67961 55964 5076 6187 97799 38987 18564 18238 4853 15688 7393 1441 17226 2933 58812 56021 1413 833 54608 16797 4808 11989
is_linear=0
shrinkage=0.03


Tree=31
num_leaves=31
num_cat=0
split_feature=5 13 8 6 8 3 11 0 7 8 12 0 2 11 2 11 11 13 11 7 6 11 12 13 11 11 11 6 12 3
split_gain=10.2122 4.09421 3.3705 2.59959 2.05123 1.89393 2.04112 1.73589 1.83116 1.43849 1.42892 1.39601 1.59143 1.38778 1.38523 1.33128 2.39267 1.27824 1.84591 1.33983 1.21806 1.19148 1.1724 1.15173 1.42649 1.14169 1.55067 1.25028 1.15956 1.53817
threshold=0.024508303367421297 0.011538455017611514 0.028022916826295072 -0.062253911075701378 0.034526588057825214 -0.037572959860838744 0.0012927956214664473 -0.00036411452482287826 -0.091979984753183627 0.012128104907728946 -0.004567254967063227 0.011235947175568974 9.9720616941574374 -0.0037982327423105029 9.9720616941574374 -0.0027393443331276686 -0.0032948680536851733 0.027625988389673284 0.0035361551862770351 -0.11251465853851621 0.0041433313082208665 -0.0015424658277066736 -0.010163988993429849 0.020877528097728384 0.0025111138031108653 -0.0027393443331276686 -0.0032190635843080679 0.095338389852741248 0.019974677455777416 -0.025401981755970967
decision_type=8 2 8 8 8 10 10 10 8 10 10 10 10 8 8 8 10 2 10 8 10 10 8 2 8 8 10 8 10 10
left_child=1 9 10 5 22 6 -4 8 -5 15 11 -2 20 -6 -7 16 -1 18 -12 -19 -13 -17 -3 24 -24 26 27 -9 -27 -30
right_child=2 4 3 7 13 14 -8 25 -10 -11 17 12 -14 -15 -16 21 -18 19 -20 -21 -22 -23 23 -25 -26 28 -28 -29 29 -31
leaf_value=0.00059222440020200904 0.0001694316319816299 0.00037474468930632631 0.0014045180628096997 0.00066578362968061774 -0.0019108225157254475 -0.0002798412686046733 -0.00026094887126106226 -0.00060793809969893122 -0.00028883157113289095 0.00030846905829941208 -0.00013670633871969257 0.00021733569920987897 -0.0021383845782483664 -0.0003531508983323698 0.0013732018248290465 0.0014582118055900769 -0.0013363900183334567 0.00036866327663127212 0.00045198005965502803 -0.00054843807405510747 -0.00076044049342446028 0.00066510697983535993 4.8837012788364396e-05 -0.00021360856071261355 0.0005695674400931827 -0.00071041111675333886 0.0007435863504921034 0.0004477976723707094 -0.0018371801076081957 0.00020000488710810973
leaf_weight=2167 32515 12109 1746 2092 603 6119 1067 5376 13344 29318 42275 2647 418 3518 493 1986 790 1670 5407 10132 2023 12039 31537 11767 5571 23048 1247 1243 385 2497
leaf_count=2167 32515 12109 1746 2092 603 6119 1067 5376 13344 29318 42275 2647 418 3518 493 1986 790 1670 5407 10132 2023 12039 31537 11767 5571 23048 1247 1243 385 2497
internal_value=7.64787e-07 0.000220075 -0.000156109 -0.000335659 6.67057e-05 0.000120795 0.000772789 -0.000423042 -0.000159455 0.000435735 -4.76312e-05 9.71237e-05 -0.000364962 -0.000581075 -0.000156588 0.000655449 7.69706e-05 -0.000139138 -6.9951e-05 -0.000418667 -0.000206228 0.000777414 0.00011048 4.50067e-05 0.000127014 -0.000543433 -0.000226851 -0.000409679 -0.00063947 -7.21381e-05
internal_weight=267149 111405 155744 58657 65105 9425 2813 49232 15436 46300 97087 37603 5088 4121 6612 16982 2957 59484 47682 11802 4670 14025 60984 48875 37108 33796 7866 6619 25930 2882
internal_count=267149 111405 155744 58657 65105 9425 2813 49232 15436 46300 97087 37603 5088 4121 6612 16982 2957 59484 47682 11802 4670 14025 60984 48875 37108 33796 7866 6619 25930 2882
is_linear=0
shrinkage=0.03


Tree=32
num_leaves=31
num_cat=0
split_feature=8 5 8 10 10 6 0 1 5 11 9 11 1 10 10 0 9 4 5 0 0 4 10 5 0 11 4 0 10 11
split_gain=9.74318 2.90506 2.44942 2.20348 2.02906 2.5684 2.16925 1.96053 1.70689 1.58337 1.5525 1.51508 2.17656 1.49504 1.76792 1.74586 1.60272 1.43324 1.42517 1.53716 1.38567 2.16816 2.11946 1.40183 1.29063 1.59075 1.27082 1.21537 1.26434 1.20446
threshold=0.017838551234711796 0.030121094226718517 0.023550984506922133 0.008946640679050823 0.010624881496363094 -0.045707831791154334 -0.0047720407452982441 -0.043293809901116802 0.0094054275122606602 -0.010757996424146763 -0.023544944875818371 0.0067660142252137243 0.021271828914867456 -0.0086377534955604501 -0.0063991799270357022 -0.0036021760812920962 -0.029593554037021793 0.076167544351271613 0.015418005570090378 0.049996212663228519 -0.024303652410620432 0.015092176376079626 -0.0083216798107182948 0.035100340108672426 -0.021639281301784049 0.0031109587433471035 -0.045370787936113592 0.0045957271921760476 -0.00068698624494850636 -0.0040185140018970658
decision_type=8 10 10 10 8 10 10 2 10 10 10 10 2 10 10 10 10 10 8 10 10 10 10 10 10 10 10 10 10 10
left_child=1 3 18 8 6 -6 9 -8 -1 -4 11 -9 27 24 15 -15 -16 20 -2 -20 21 -11 23 -22 -10 -26 -24 28 -13 -18
right_child=2 -3 4 -5 5 -7 7 10 13 17 -12 12 -14 14 16 -17 29 -19 19 -21 22 -23 26 -25 25 -27 -28 -29 -30 -31
leaf_value=0.00080031926539512229 0.00042118746560365178 -0.00010586428347692032 -0.0019154742629072931 -0.00074807264148706997 0.0017250449316458367 -5.4757341920724228e-05 0.00084330670416074744 -0.00041357112969516211 -0.00078415291666001274 0.0012871806052645333 -1.6755624150189345e-05 0.0038290681842867245 -0.0018556911454543021 -3.2275434571031733e-05 0.00019419347738619988 -0.0021009847573393442 0.0011890217121503582 -0.001559626344260991 -3.8322774119397223e-05 -0.0026467676345140823 -8.3502512682835775e-05 -0.00089748618567162854 0.0012200147702493304 -0.0017712107372486511 0.00086877617917278059 0.0031213109041169631 7.2438717488772862e-05 0.00012064751239978807 0.00099143773574154339 0.00043617034755275518
leaf_weight=6639 6464 18073 363 1710 1042 2435 1278 68749 242 1848 11436 231 266 1180 43263 533 2115 463 61829 204 863 525 939 910 864 419 11566 533 364 19983
leaf_count=6639 6464 18073 363 1710 1042 2435 1278 68749 242 1848 11436 231 266 1180 43263 533 2115 463 61829 204 863 525 939 910 864 419 11566 533 364 19983
internal_value=-7.48004e-06 0.000236409 -0.000141975 0.000316799 -0.000233853 0.00047862 -0.000258544 -0.000322609 0.000341001 4.51829e-05 -0.000340874 -0.000393717 0.00058543 0.000296549 0.000275431 -0.000675954 0.000300365 8.67698e-05 -2.72776e-06 -4.69008e-05 0.00013255 0.000803847 2.09802e-05 -0.000949726 0.00122537 0.00160441 0.00015861 0.00116108 0.00209311 0.000508226
internal_weight=267329 95021 172308 76948 103811 3477 100334 82857 75238 17477 81579 70143 1394 68599 67074 1713 65361 17114 68497 62033 16651 2373 14278 1773 1525 1283 12505 1128 595 22098
internal_count=267329 95021 172308 76948 103811 3477 100334 82857 75238 17477 81579 70143 1394 68599 67074 1713 65361 17114 68497 62033 16651 2373 14278 1773 1525 1283 12505 1128 595 22098
is_linear=0
shrinkage=0.03


Tree=33
num_leaves=31
num_cat=0
split_feature=13 5 12 9 1 3 9 5 10 10 11 7 13 11 9 10 10 12 13 5 6 6 1 9 10 11 5 3 10 2
split_gain=10.2065 4.28214 3.05312 2.14469 2.12355 2.00648 1.80996 1.69004 1.63508 1.61961 2.27171 1.4251 1.64916 1.93895 1.66155 1.3995 1.51603 1.33503 1.66604 1.65234 1.51123 1.41201 1.36416 1.56447 1.22982 1.53197 1.10032 1.41207 1.32696 1.41471
threshold=0.014696372178275701 0.022165525372652203 -0.0062791235966478945 -0.057996141893881852 -0.03893020356864673 -0.037572959860838744 -0.0445784601492819 0.090319231555580429 -0.003942695866748557 -0.0041235522615818412 -0.0025460857065984772 -0.09380787730439398 0.021140193550111781 0.0022436754034733668 -0.057475973569399645 0.0024302424577823394 -0.0033111730409929314 0.01489441828122068 0.041024297089336963 0.053875544741433017 -0.063613963490407086 0.089691781580086963 0.02471113088372701 -0.035338114655571455 -0.0071696385853255431 -0.0010677858084496281 0.03147674703413636 -0.0213429016326207 -0.0045124798037367566 -1.4859840699022764
decision_type=2 10 8 10 2 8 8 10 10 8 10 8 2 8 10 10 8 10 2 8 8 8 2 10 10 10 10 10 10 10
left_child=1 6 3 4 5 -2 -1 26 -6 10 -8 15 13 14 -13 16 24 20 21 22 -14 -19 -20 -24 25 -4 -5 -28 29 -29
right_child=2 -3 11 7 8 -7 9 -9 -10 -11 -12 12 17 -15 -16 -17 -18 18 19 -21 -22 -23 23 -25 -26 -27 27 28 -30 -31
leaf_value=0.00022252756310396006 0.0022882040756883309 5.4791486431508957e-06 0.0012455474669617172 0.0004676391270063398 0.00033648583518704721 0.00021630393917199413 -0.0023031000813171897 -0.0011091870660866236 -0.00026647605343142246 0.00061138227735576601 0.00022234322852252028 -0.00048653905051653575 0.00018889697770391585 0.00027721604686434134 -4.7338785210090585e-05 0.00047066911029100582 -0.00039559355785945928 6.3846200351791701e-05 -0.0020056952712163493 2.2839483891330748e-05 -0.0006278991289250885 -0.00091454645186580987 -0.0010558016485693934 0.00018346711694207341 0.0009219687354584255 -0.0012567851662438792 0.0010765702006532646 -0.0033234956967311776 5.9156309400721102e-05 -0.00045173856324322938
leaf_weight=28106 586 43274 333 12484 4668 1491 394 829 30457 29388 1720 14794 2228 7634 16287 4410 7296 12312 840 2639 23989 1488 3071 1307 1714 650 1145 210 10816 583
leaf_count=28106 586 43274 333 12484 4668 1491 394 829 30457 29388 1720 14794 2228 7634 16287 4410 7296 12312 840 2639 23989 1488 3071 1307 1714 650 1145 210 10816 583
internal_value=-1.6741e-06 0.000232633 -0.000148428 1.49797e-05 -0.000131228 0.000800865 0.000397542 0.000223643 -0.000186344 0.000553689 -0.00024834 -0.0002508 -0.000296761 -0.000151171 -0.00025639 2.55163e-05 -0.000170934 -0.000414498 -0.000240193 -0.000588913 -0.000558485 -4.16501e-05 -0.000898306 -0.000685833 0.000436823 -0.000409098 0.000267423 7.1445e-05 -2.76908e-05 -0.00121223
internal_weight=267143 102882 164261 63269 37202 2077 59608 26067 35125 31502 2114 100992 86589 38715 31081 14403 9993 47874 21657 7857 26217 13800 5218 4378 2697 983 25238 12754 11609 793
internal_count=267143 102882 164261 63269 37202 2077 59608 26067 35125 31502 2114 100992 86589 38715 31081 14403 9993 47874 21657 7857 26217 13800 5218 4378 2697 983 25238 12754 11609 793
is_linear=0
shrinkage=0.03


Tree=34
num_leaves=31
num_cat=0
split_feature=13 8 0 8 4 9 7 0 4 13 11 1 3 8 9 1 6 1 0 9 13 11 1 0 4 5 13 7 6 1
split_gain=9.95908 4.52927 2.89557 2.35923 2.13136 1.47819 1.92377 1.46056 1.43458 1.41365 1.25547 1.2096 1.99858 1.30146 1.4309 1.18165 1.2723 1.17404 1.51105 1.82361 1.34886 1.5666 1.18339 1.10361 1.08766 1.06133 1.00601 1.07963 1.10704 0.983504
threshold=0.011538455017611514 0.023550984506922133 -0.0044495201649288876 0.012128104907728946 -0.034941502499352066 -0.028682082783686998 -0.083558240347448173 0.00099209377745090887 0.0036943593418748981 0.028096874273781432 0.0035361551862770351 -0.03588497759233477 -0.044457566656412477 0.038778448648281699 -0.0074461026750203265 0.009366265641040929 -0.076662409949269802 -0.0074730743688646286 0.0076922947686319807 -0.10875540320606157 0.029302279557704595 -0.004084899335485003 0.009800627270882047 -0.0072393380527969167 0.021644088074663007 0.041678391907066396 0.030698553712304805 0.056652233875490905 0.042354299073736675 -0.015756634053113724
decision_type=2 8 8 10 10 10 10 10 10 2 10 2 10 8 10 2 10 2 10 10 2 10 2 10 10 10 2 10 10 2
left_child=3 5 4 -1 -3 6 10 -5 25 29 -2 12 -4 14 -13 16 -6 18 19 -8 21 23 -23 -19 -22 -7 -11 -28 -29 -10
right_child=1 2 11 7 15 8 17 -9 9 26 -12 13 -14 -15 -16 -17 -18 20 -20 -21 24 22 -24 -25 -26 -27 27 28 -30 -31
leaf_value=0.000601550391875379 0.00015549966859517694 0.00089325900748806733 0.0021846476723925514 0.0003983710806609624 0.0011887044583976281 0.00050255407722693221 -0.00084309385159668298 4.5609409098496517e-05 0.0010792514998066479 -0.0017524603348353597 0.000983110605533178 -0.00032124117894636667 -6.178807078275654e-05 -0.00059096997571844625 0.00044387383445324496 -0.00042400951615999635 3.1728645992131395e-05 -0.002750898029454807 -0.00043599657860491834 0.00028385600611530366 -0.00053090330048516507 -0.00018908121144912361 0.00021890050637891442 -0.00062315596647223104 -0.0020682118907356388 -0.0017017214928899192 -0.0013364587110869229 0.0014064577306785128 -0.00045218990912977155 7.5126791624425285e-05
leaf_weight=18875 14229 2531 422 18707 941 11527 1408 24265 949 561 1866 59057 2294 16770 2285 5019 9407 237 4330 15727 4519 25272 8568 2953 456 200 616 442 830 11717
leaf_count=18875 14229 2531 422 18707 941 11527 1408 24265 949 561 1866 59057 2294 16770 2285 5019 9407 237 4330 15727 4519 25272 8568 2953 456 200 616 442 830 11717
internal_value=-1.17183e-05 -0.000112326 -0.000258674 0.000321977 8.65894e-05 2.34575e-05 -4.14877e-05 0.000199177 0.000215968 2.27865e-05 0.00025145 -0.000335127 0.000287253 -0.000356768 -0.000292741 -4.6272e-05 0.000136939 -0.000115772 6.47222e-05 0.000191253 -0.000208007 -0.000145694 -8.57837e-05 -0.000781236 -0.00067181 0.000464961 -0.000637016 -0.000305573 0.000193661 0.000150361
internal_weight=266980 205133 98726 61847 17898 106407 79565 42972 26842 15115 16095 80828 2716 78112 61342 15367 10348 63470 21465 17135 42005 37030 33840 3190 4975 11727 2449 1888 1272 12666
internal_count=266980 205133 98726 61847 17898 106407 79565 42972 26842 15115 16095 80828 2716 78112 61342 15367 10348 63470 21465 17135 42005 37030 33840 3190 4975 11727 2449 1888 1272 12666
is_linear=0
shrinkage=0.03


Tree=35
num_leaves=31
num_cat=0
split_feature=13 5 12 0 13 2 3 10 0 10 0 3 13 9 12 11 10 13 12 10 3 12 0 9 10 0 9 11 2 12
split_gain=7.91979 4.1461 2.90152 1.66323 1.61782 1.73343 1.61536 1.98713 1.77138 1.58109 1.73762 1.54602 1.96391 1.54277 1.52876 1.52697 1.45346 1.4166 1.29017 1.28339 1.26556 1.2344 1.83249 2.00139 1.40421 1.26375 1.36979 1.35689 1.25614 1.2026
threshold=0.016349045504424477 0.016287520965516864 -0.01651670305186614 0.0045340084550890012 0.021140193550111781 -1.4859840699022764 -0.044457566656412477 0.0031836078789299065 0.020539594414491828 0.011254416162038596 -0.006034997631278737 0.014042520560684226 0.041759288596271225 -0.056474970210108492 0.014487279195799231 -0.0069810768381362012 -0.0086377534955604501 0.028546979608938098 -0.0031192368177727632 0.00064926187012581693 -0.011100224865007278 -0.0024237121975303473 0.011771509651859914 -0.026518502981555832 0.0024756697197344528 0.011490297309781019 -0.0013327721318266981 -0.0041411703468128827 -0.74557199566795418 -0.00029218528858893084
decision_type=2 10 8 10 2 10 10 8 10 10 8 8 2 10 10 8 10 2 10 10 10 8 10 10 10 10 8 8 10 10
left_child=1 -1 6 13 5 -4 7 19 -8 10 11 16 -13 -3 15 -12 -6 -16 -15 -2 -11 22 23 28 -24 26 27 -23 -17 -27
right_child=2 3 4 -5 9 -7 8 -9 -10 20 14 12 -14 18 17 21 -18 -19 -20 -21 -22 25 24 -25 -26 29 -28 -29 -30 -31
leaf_value=0.00043288950773440004 0.0010660959335888713 -2.0554304280915097e-05 -0.00035184872850013688 -0.00015032905490566876 -0.00054855161048107497 4.3239565809803047e-05 0.00014854781314418991 0.0024460840186271513 -0.00075327868961545981 0.0014560407779018322 0.00032838307171646639 -0.0001926160658282607 -0.0018975937693584436 0.00054006834947767303 0.00020601349603797958 -0.00066666987932981496 0.00034157467553988654 -0.00035287703179345185 0.00013851598703530342 -0.0011335373551258877 -7.1174770016335504e-05 -0.0017109942252941119 -0.0016855551153635196 0.00051843711698487042 -0.00038651440904236684 -0.0017999063648249756 -0.0029771636366322952 -0.00071396304733029406 -4.1465713275797838e-05 4.8347972899190128e-05
leaf_weight=35638 645 29582 14907 26335 2082 30328 21005 583 2162 780 1820 2709 784 11175 5638 6878 7975 14786 20251 379 1306 1342 1541 2578 1457 359 264 14523 4991 2698
leaf_count=35638 645 29582 14907 26335 2082 30328 21005 583 2162 780 1820 2709 784 11175 5638 6878 7975 14786 20251 379 1306 1342 1541 2578 1457 359 264 14523 4991 2698
internal_value=-1.67608e-05 0.000160193 -0.000167342 4.89266e-05 -0.000228484 -8.69601e-05 0.000128189 0.00104797 6.43872e-05 -0.000314401 -0.000337855 -3.15525e-05 -0.000575296 0.000134938 -0.00040835 -0.000519764 0.000157301 -0.000198597 0.000281307 0.000251974 0.000499884 -0.000561904 -0.00037927 -0.000239204 -0.00105423 -0.000727965 -0.000833964 -0.000798301 -0.000403767 -0.000168703
internal_weight=267501 122981 144520 87343 119746 45235 24774 1607 23167 74511 72425 13550 3493 61008 58875 38451 10057 20424 31426 1024 2086 36631 17445 14447 2998 19186 16129 15865 11869 3057
internal_count=267501 122981 144520 87343 119746 45235 24774 1607 23167 74511 72425 13550 3493 61008 58875 38451 10057 20424 31426 1024 2086 36631 17445 14447 2998 19186 16129 15865 11869 3057
is_linear=0
shrinkage=0.03


Tree=36
num_leaves=31
num_cat=0
split_feature=8 8 6 5 11 0 12 12 0 9 12 9 12 4 7 11 5 3 6 0 11 0 0 5 5 3 9 2 7 11
split_gain=8.23762 3.23659 2.2294 2.17526 2.33274 1.57901 2.10548 1.56742 1.52211 1.90057 1.37585 1.56635 1.56195 1.2822 1.51429 1.27819 1.2257 1.17922 1.14402 1.14331 1.78355 1.35123 1.09039 1.13436 1.07887 1.62186 1.0493 1.03871 1.01274 0.9685
threshold=0.014938485243505209 0.024209973952485978 -0.060813911976885286 0.077212353722107011 -0.00098604954075587315 0.006132844323845422 -0.0081301035612894017 -0.036406256647584394 -0.01163331757445085 -0.056474970210108492 0.00099025088381077286 -0.00039096901419055635 0.024050800386966779 0.003349947386846686 0.041978480220679633 0.0013595712792588979 0.014331239949247546 -0.024828838605150224 0.10545464090749458 -0.012261595315027738 0.0004826238977566622 0.017801484232115809 0.010985605481478424 0.058287152786253939 0.055980945427955023 0.026173722462367491 -0.036246472048849836 -4.5450557547740109 0.22960836875330551 -0.0024925590357507961
decision_type=8 8 8 10 8 10 10 10 8 10 8 10 10 10 10 10 10 10 10 10 10 10 10 10 10 10 10 10 8 10
left_child=16 5 7 8 28 6 26 -3 24 13 11 17 22 -10 -15 -6 -1 -11 -7 20 -9 -21 -12 -24 25 27 -2 -4 -5 -27
right_child=1 2 3 4 15 18 -8 19 9 10 12 -13 -14 14 -16 -17 -18 -19 -20 21 -22 -23 23 -25 -26 29 -28 -29 -30 -31
leaf_value=0.00051994260453249559 0.00023227138506878134 0.0016108661217498965 -0.0014689709418504826 -0.00049096582509791621 -0.0018762376213485488 -0.0001515434264230732 1.2653836515032709e-05 0.0020371306137468379 -0.00048992902281963741 0.0012747365833944329 -0.00055931415031736944 0.00227878113271694 0.00044277258099414529 3.0029377024013595e-05 -0.00064474177684090324 -0.00075450532964690682 0.00022444425301380055 1.4580276297557156e-05 -0.0016366043527798427 -0.00013816074621937884 -0.00011124186400967814 0.00082022740760058607 -1.7086710064324835e-05 0.0024164163661444921 0.0011370938046075219 6.8585053224689922e-05 0.00073478037037898397 0.0004612321678476988 0.00083680385521286396 -0.0021331549190067413
leaf_weight=18500 12821 626 271 1732 1742 24313 64423 650 30623 697 9605 293 2108 11059 4104 1924 39838 16244 476 10599 748 1513 1084 205 1031 307 5280 3386 737 434
leaf_count=18500 12821 626 271 1732 1742 24313 64423 650 30623 697 9605 293 2108 11059 4104 1924 39838 16244 476 10599 748 1513 1084 205 1031 307 5280 3386 737 434
internal_value=2.94399e-06 -8.5025e-05 -0.000206273 -0.000262696 -0.000807449 2.99059e-05 9.29765e-05 0.00014332 -0.000221664 -0.000256321 -7.17353e-05 0.000104039 -0.000304723 -0.000378217 -0.000152603 -0.00128753 0.000318152 6.64266e-05 -0.00018006 7.53193e-05 0.000887644 -1.84414e-05 -0.000449364 0.000369933 0.000263631 5.88693e-05 0.000378852 0.000318196 -9.46247e-05 -0.00122096
internal_weight=267373 209035 101722 87586 6135 107313 82524 14136 81451 76022 30236 17234 13002 45786 15163 3666 58338 16941 24789 13510 1398 12112 10894 1289 5429 4398 18101 3657 2469 741
internal_count=267373 209035 101722 87586 6135 107313 82524 14136 81451 76022 30236 17234 13002 45786 15163 3666 58338 16941 24789 13510 1398 12112 10894 1289 5429 4398 18101 3657 2469 741
is_linear=0
shrinkage=0.03


Tree=37
num_leaves=31
num_cat=0
split_feature=13 5 1 3 10 9 10 11 9 1 11 7 13 1 9 10 3 10 10 9 10 9 10 5 10 13 10 9 11 5
split_gain=7.75711 3.14596 2.88661 1.90049 1.57475 1.34597 2.22943 1.32888 1.40896 1.57109 1.26349 1.1975 1.17148 2.99409 1.39973 1.48596 1.57253 1.5083 1.47096 1.20091 1.17235 1.35919 1.29269 1.17706 1.74768 1.13118 1.11653 1.56691 1.11639 1.10599
threshold=0.016349045504424477 0.016287520965516864 -0.015756634053113724 -0.044457566656412477 0.0031836078789299065 -0.021416732571738036 -0.0019487665986173683 0.0035361551862770351 -0.055953209766494809 -0.0056997461352492609 -0.0032948680536851733 -0.15334889378211944 0.028546979608938098 0.01811087337814277 -0.13232461211816068 0.0015252582124792859 -0.033911450980316053 0.00060792241089746579 6.2961803371952576e-05 -0.053899664493991799 -0.0017260044631248193 -0.099673428722667254 0.0024302424577823394 0.041678391907066396 -0.0086377534955604501 0.018294589200002574 -0.0038515799783213618 -0.31261890298225414 0.0008289380478214704 0.051438703795285118
decision_type=2 8 2 8 10 10 8 8 8 2 10 8 2 2 8 8 10 10 10 10 10 8 8 10 8 2 8 10 10 10
left_child=1 -1 3 4 -2 25 10 8 11 -10 -7 -3 13 19 15 17 -17 18 -14 20 21 23 -22 -4 -25 -5 -27 -28 -18 -20
right_child=2 7 12 5 -6 6 -8 -9 9 -11 -12 -13 14 -15 -16 16 28 -19 29 -21 22 -23 -24 24 -26 26 27 -29 -30 -31
leaf_value=0.00040960883936128035 0.0003460901264504461 0.00076171175068483611 -2.5530072097991576e-05 0.0011694312501007089 0.002168851719390596 -0.0028735488265473805 0.00084599462887839313 0.00040587226889554178 0.00047738122938252261 4.6903815418608295e-05 -9.7923799444396063e-05 -0.00012981788818541845 -0.00036430846107491911 0.00059121382790587997 -0.00047403878947903957 0.001525015397357701 -0.00052966437294347342 -0.0018595030862959777 -0.00026710263561845112 -6.0283401341888805e-05 -0.00054018786184798471 -0.00036102089706955707 -0.00015344023760132804 -0.0016394309360734142 0.0012399400004959539 0.00043772646169082808 -0.0017990229913270679 -0.0001109754426736092 0.00091622238810800131 0.0024609217658241511
leaf_weight=35497 1107 1408 3315 680 694 227 3492 9701 10300 29439 422 36683 3826 4506 26467 942 1220 524 233 30375 20589 5519 12501 214 1672 3354 507 20736 793 314
leaf_count=35497 1107 1408 3315 680 694 227 3492 9701 10300 29439 422 36683 3826 4506 26467 942 1220 524 233 30375 20589 5519 12501 214 1672 3354 507 20736 793 314
internal_value=-3.60966e-06 0.000171387 -0.000152883 0.000102468 0.00104848 4.45527e-05 0.000545905 7.47801e-05 3.35116e-05 0.00015848 -0.00106875 -9.68633e-05 -0.000223424 -0.000159636 -0.000369684 -1.79306e-05 0.000513346 -0.000338519 -0.000156266 -0.000205243 -0.000305749 -3.30938e-05 -0.000394079 0.000314884 0.000913225 -3.75813e-05 -7.095e-05 -0.000151264 3.99274e-05 0.00129889
internal_weight=267257 123028 144229 31219 1801 29418 4141 87531 77830 39739 649 38091 113010 78691 34319 7852 2955 4897 4373 74185 43810 10720 33090 5201 1886 25277 24597 21243 2013 547
internal_count=267257 123028 144229 31219 1801 29418 4141 87531 77830 39739 649 38091 113010 78691 34319 7852 2955 4897 4373 74185 43810 10720 33090 5201 1886 25277 24597 21243 2013 547
is_linear=0
shrinkage=0.03


Tree=38
num_leaves=31
num_cat=0
split_feature=8 13 8 12 10 10 12 3 7 9 5 13 6 5 12 9 10 13 10 3 4 12 8 7 7 1 13 3 9 1
split_gain=7.26492 2.53569 2.06677 1.78411 1.57341 1.55734 1.71164 1.51194 1.48572 1.43663 1.33763 1.27978 1.27026 1.23198 1.17649 1.37398 1.49936 1.17631 1.34457 1.13199 1.07732 1.02762 1.02618 1.01062 1.59567 0.980842 0.968054 0.958999 0.960975 1.00964
threshold=0.019877176249503203 0.009815526136728257 0.037936125195822998 0.049511325747076625 0.0059692030208320377 0.008946640679050823 0.00099025088381077286 -0.051959009895459922 0.073205985422340261 -0.081123223271566888 0.079713890167057003 0.044293193621162998 -0.066947427552034908 0.0084019381526837227 -0.0098164607236783646 -0.02824571947259907 -0.0027666628639469999 0.014102130667332917 -0.0063991799270357022 0.050607399483895595 0.027663225857651356 0.013749358554865034 0.037199643338055706 0.13260582307192262 0.23840745423343315 -0.0074730743688646286 0.026988964652642947 -0.046979232408247799 -0.016120471357744356 0.01382046000755688
decision_type=8 2 10 10 10 10 10 10 10 8 10 2 8 8 8 10 10 2 8 10 8 10 8 8 10 2 2 8 10 2
left_child=1 8 5 14 17 6 9 -6 25 11 23 22 -7 -11 -3 -16 -17 -4 21 -15 -21 -19 -2 -9 -25 -1 -24 -8 29 -29
right_child=2 3 4 -5 7 12 27 10 -10 13 -12 -13 -14 19 15 16 -18 18 -20 20 -22 -23 26 24 -26 -27 -28 28 -30 -31
leaf_value=0.0014719480249672555 -0.00026580881499100798 0.00031430493016592855 0.00022781539801527598 -0.0022089844606511416 0.0025503720348516285 0.0014760640609388256 0.00044066017186139361 0.00095628259095412291 0.0009627636575542535 0.0022136141073037839 -0.0020251229224740198 0.00057430624274495935 0.00019960621194017105 0.00011536116413419691 -4.5687928069090753e-05 -0.00042391815746657365 0.0003554341080503315 0.00085321962486988219 -0.00065287994931375866 -0.0026247602313473496 -0.00036088250424912887 -0.00094256968605583788 0.00011395484589892187 -0.0022170078092005473 0.0009659553116825886 0.00029310833619670203 0.0026637164857898693 -0.00042881849372793373 0.00010752771355030439 -0.00012742671668602255
leaf_weight=650 26889 16896 1799 305 251 862 1722 1003 3648 244 239 1861 3772 38073 51190 2563 16683 971 16390 207 2198 407 387 284 283 27958 205 28971 5169 15279
leaf_count=650 26889 16896 1799 305 251 862 1722 1003 3648 244 239 1861 3772 38073 51190 2563 16683 971 16390 207 2198 407 387 284 283 27958 205 28971 5169 15279
internal_value=-8.24789e-06 0.000165188 -0.000149255 8.14861e-05 -0.000420169 -0.000102695 -0.000123331 0.000368459 0.000392598 -2.70134e-05 6.57171e-05 -0.000187049 0.000437048 8.82993e-05 8.94854e-05 3.55562e-05 0.000251647 -0.000503195 -0.000577209 7.54879e-05 -0.000555736 0.000322823 -0.000238607 0.000384004 -0.000628333 0.000319893 0.000996896 -0.000255287 -0.000279537 -0.000324751
internal_weight=267359 119893 147466 87637 21627 125839 121205 2060 32256 70064 1809 29342 4634 40722 87332 70436 19246 19567 17768 40478 2405 1378 27481 1570 567 28608 592 51141 49419 44250
internal_count=267359 119893 147466 87637 21627 125839 121205 2060 32256 70064 1809 29342 4634 40722 87332 70436 19246 19567 17768 40478 2405 1378 27481 1570 567 28608 592 51141 49419 44250
is_linear=0
shrinkage=0.03


Tree=39
num_leaves=31
num_cat=0
split_feature=5 9 8 11 0 11 13 10 11 11 10 9 1 0 5 10 13 9 11 11 10 5 8 11 0 10 10 10 2 1
split_gain=7.54426 3.45513 2.62247 2.30785 2.07733 1.85787 1.71934 1.62373 1.8166 1.92941 2.18718 1.59142 1.54063 1.63249 1.42016 2.33735 1.40146 1.8607 2.24017 2.44788 1.69791 1.7413 1.39712 1.429 1.3925 1.24809 1.60462 1.27501 1.24294 1.21192
threshold=0.023848953014322456 -0.057475973569399645 0.038335022967342321 -0.0016335004347811652 -0.007537908113674551 0.0068658124031664167 0.053331140722772709 -0.0019487665986173683 0.0051049438007758638 0.0040985195380104375 -0.0038515799783213618 -0.052862677415597518 -0.015463913258081883 0.041296227684088478 0.0076872561909701294 0.0045588099205506891 0.021140193550111781 -0.18628853546370541 0.0023091757649384985 -0.0028755546026011931 3.4379528609851391e-05 0.047989021052548868 0.028022916826295072 0.0024429925144738855 0.00033856569183987611 0.0059692030208320377 0.00041156102050876614 0.008551999105847587 8.1657707513386146 -0.0017548619764579663
decision_type=8 8 10 8 10 10 2 8 10 10 10 10 2 10 10 10 2 8 10 10 10 10 10 8 10 10 10 10 10 2
left_child=1 6 5 4 -4 12 -1 8 9 28 -11 25 13 -2 15 -9 22 18 19 -18 -21 -22 23 -14 29 26 -6 -27 -3 -16
right_child=2 7 3 -5 11 -7 -8 14 -10 10 -12 -13 16 -15 24 -17 17 -19 -20 20 21 -23 -24 -25 -26 27 -28 -29 -30 -31
leaf_value=1.6400791853636836e-05 0.00017704480023091485 0.00010488635149521691 0.0013337696599770837 -0.00070624382562199715 -2.5223204892766242e-05 0.00085454490618445315 -0.0019426323782712111 0.0012834596796754648 0.001468292257537016 -0.0042288086251262916 -0.00039072626703282921 0.00061244726091191058 -5.890974890165214e-05 -0.0017007402311983134 0.00090733884876744407 -0.0011849340618376148 -0.00064852390105282006 -0.00031710644677842778 -0.00085790433176635694 0.00036072977027954317 0.00093140894238564456 0.0034712286544816059 -0.0003358217152272916 0.00032876991574445284 0.00026042989946444478 0.0023209778008033309 -0.0013256896500103614 -0.00058174203847652188 -0.001303762908056389 0.00037872338380694453
leaf_weight=43181 21281 9580 902 11972 1547 1891 407 3070 734 207 377 1504 49767 425 6814 389 632 42479 865 650 439 544 12947 10334 31459 260 1906 286 599 9138
leaf_count=43181 21281 9580 902 11972 1547 1891 407 3070 734 207 377 1504 49767 425 6814 389 632 42479 865 650 439 544 12947 10334 31459 260 1906 286 599 9138
internal_value=6.52844e-06 0.00020303 -0.000123087 -0.000460341 -7.06925e-07 -7.95192e-05 -1.89155e-06 0.000346248 2.42599e-05 -7.42181e-05 -0.00175114 -0.000219442 -9.21031e-05 0.000140278 0.00041902 0.00100586 -0.000134613 -0.000265093 0.000440817 0.000936797 0.00155034 0.00233697 -5.3145e-05 7.7494e-06 0.000376205 -0.00053231 -0.00074306 0.000800506 2.19921e-05 0.000604525
internal_weight=266586 105955 160631 18377 6405 142254 43588 62367 11497 10763 584 5503 140363 21706 50870 3459 118657 45609 3130 2265 1633 983 73048 60101 47411 3999 3453 546 10179 15952
internal_count=266586 105955 160631 18377 6405 142254 43588 62367 11497 10763 584 5503 140363 21706 50870 3459 118657 45609 3130 2265 1633 983 73048 60101 47411 3999 3453 546 10179 15952
is_linear=0
shrinkage=0.03


Tree=40
num_leaves=31
num_cat=0
split_feature=5 9 8 13 10 6 0 1 11 11 13 10 11 10 11 11 1 11 8 10 2 10 10 8 2 1 10 8 6 0
split_gain=6.48019 2.94241 2.78886 2.07777 1.87041 1.66628 1.60383 1.6284 1.56017 1.46447 1.43543 1.61211 1.82149 1.75839 1.87972 1.4867 1.45798 1.4102 1.37387 1.28764 1.25514 1.20223 1.17307 1.17086 1.1504 1.13391 1.12994 1.12986 1.0849 1.06479
threshold=0.025176294008117335 -0.054408318176129004 0.037936125195822998 0.064390400744067808 0.0059692030208320377 -0.070396156535062912 0.0049119685264812371 -0.0061805017234904938 0.0031836768419917232 -0.0065286733926540599 0.013459887591221419 0.0059692030208320377 -0.0027393443331276686 -0.003612542338496338 -0.0026136636918970275 -0.0038815822646925953 -0.0078826991961180575 -0.0040185140018970658 0.01467426145486354 -0.0086377534955604501 -0.47740662360832808 -0.010872040601414166 0.010624881496363094 0.036827040424642597 -0.45041118542225839 0.062072694833523963 0.0061343982785017079 0.022033086330640456 0.11410898687902295 -0.01163331757445085
decision_type=8 8 10 2 10 8 8 2 8 8 2 10 10 8 10 10 2 10 8 10 10 8 10 8 10 2 10 8 10 10
left_child=1 3 5 -1 9 22 7 18 27 -4 11 13 17 14 20 -15 -12 -13 -7 -16 -3 -10 29 -17 26 28 -6 -9 -11 -2
right_child=2 10 4 -5 24 6 -8 8 21 25 16 12 -14 15 19 23 -18 -19 -20 -21 -22 -23 -24 -25 -26 -27 -28 -29 -30 -31
leaf_value=1.9037519399797187e-05 0.0010691791772909909 -0.003503938926649945 0.00060868786309844526 -0.0027558493213804408 0.0020049894662469486 0.00083724726516364565 -0.00025565895521785476 -4.9817808513789923e-05 -0.00084247258673338023 -0.00054105437435433823 0.00045488821833750869 -0.00041158052470668087 6.9708153705423176e-05 0.0011615819662049239 0.0017030551951734885 0.00044232220027192143 -1.4311632179787786e-05 -0.0038800644326102826 9.5938413479357593e-05 -0.00013889935739192351 -0.00045671310532744791 0.00032488471196678815 0.0014927884498333243 0.0015510689674763901 0.0017218481073939021 0.0012451013653588137 -0.00036846708124818237 -0.00036197379636143093 -0.0011664964268537595 9.3840601481226814e-05
leaf_weight=51795 1121 231 907 244 214 2490 42909 21124 873 12678 8929 210 1546 3154 396 28278 17928 212 23348 2485 257 8775 662 884 471 285 1154 20625 3108 9940
leaf_count=51795 1121 231 907 244 214 2490 42909 21124 873 12678 8929 210 1546 3154 396 28278 17928 212 23348 2485 257 8775 662 884 471 285 1154 20625 3108 9940
internal_value=5.87902e-06 0.000173856 -0.000124045 6.02665e-06 -0.000465705 -7.52916e-05 -0.000108603 -2.69044e-05 -0.000124573 -0.000564143 0.00030924 0.000428757 -0.000407133 0.000474856 -0.000177364 0.000542851 0.000141681 -0.00215404 0.000167378 0.000114281 -0.00189915 0.000219256 0.000266105 0.000475932 0.000443093 -0.000630334 2.81925e-06 -0.00020403 -0.000664193 0.000192688
internal_weight=267233 116549 150684 52039 18817 131867 120144 77235 51397 16978 64510 37653 1968 35685 3369 32316 26857 422 25838 2881 488 9648 11723 29162 1839 16071 1368 41749 15786 11061
internal_count=267233 116549 150684 52039 18817 131867 120144 77235 51397 16978 64510 37653 1968 35685 3369 32316 26857 422 25838 2881 488 9648 11723 29162 1839 16071 1368 41749 15786 11061
is_linear=0
shrinkage=0.03


Tree=41
num_leaves=31
num_cat=0
split_feature=13 9 0 5 5 7 12 2 3 12 7 12 3 10 0 3 13 10 6 5 12 6 11 13 9 9 11 13 11 11
split_gain=6.11216 2.50913 2.57664 2.1845 1.95226 1.94246 2.16385 1.46762 1.32643 1.17294 1.1267 1.39159 1.17347 1.09098 1.08638 1.08047 1.6827 1.06913 2.3112 1.23364 2.08343 1.52757 1.35925 1.80947 1.19667 1.10103 1.15097 1.05169 1.05146 1.69955
threshold=0.011946339177603408 -0.028682082783686998 -0.0044495201649288876 0.038587299757421832 0.022165525372652203 -0.090255448510158418 -0.033423663575206923 13.493365295875696 0.028961107315372828 -0.0018542327424588831 0.040963834779909065 -0.036406256647584394 -0.037572959860838744 0.0083701210885805972 0.0045340084550890012 0.0072654846547737248 0.039738772295424898 0.0083701210885805972 -0.068568735952729096 0.057461613862436804 0.030811200461105141 -0.040731688933036518 0.0044233681894528818 0.037415422289438179 -0.088141959968327008 -0.053899664493991799 -0.00098604954075587315 0.018294589200002574 -0.0040185140018970658 -0.0027961301162618408
decision_type=2 10 8 10 10 10 10 8 10 10 10 10 10 10 10 10 2 10 10 10 10 10 10 2 10 10 10 2 10 10
left_child=4 2 5 -3 13 6 -2 10 27 15 11 12 -4 28 -6 -7 -17 19 -19 24 21 22 23 -21 -13 26 -23 -5 -1 -30
right_child=1 3 7 8 14 9 -8 -9 -10 -11 -12 17 -14 -15 -16 16 -18 18 -20 20 -22 25 -24 -25 -26 -27 -28 -29 29 -31
leaf_value=0.00089266619034131006 0.0035842671043587108 0.00026993288194676217 0.0023700739704042191 0.00016743818150339985 0.00016712887048885133 0.00047692136497826571 0.00048237031490985045 -0.00078859089089626012 1.5254343361054358e-06 -0.00018936346173723109 -0.00030865294956189561 -0.00022870058050072738 0.00031150607447306652 -0.00060698915534472108 -0.00028374934236883919 3.4457818495716129e-05 -0.0023283792543973506 0.0015270362535480168 -3.5252611156643685e-05 -0.0004051975907736643 0.0013670540127859862 -0.00058900048727649965 -0.0017343108202637974 0.0012860841390759489 1.011278428926567e-05 9.0538824456889877e-05 -0.0017455927130685701 -0.0009722858579734433 -0.00023894404450039479 0.00041518755823511354
leaf_weight=3496 209 29688 346 987 15657 6093 6411 3542 8543 12794 37031 39745 891 1003 6942 2034 313 1081 4027 2012 494 1301 432 794 35979 634 1913 2784 3970 35907
leaf_count=3496 209 29688 346 987 15657 6093 6411 3542 8543 12794 37031 39745 891 1003 6942 2034 313 1081 4027 2012 494 1301 432 794 35979 634 1913 2784 3970 35907
internal_value=7.53065e-06 -7.55073e-05 -0.00013027 0.000130594 0.000255594 0.000131617 0.0005803 -0.000186287 -0.000205339 -8.26645e-06 -0.000169446 -0.000111944 0.000887306 0.00037118 2.86273e-05 0.000266254 -0.000280654 -0.000125925 0.000295373 -0.000151758 -0.000516651 -0.000647973 -0.000167798 7.33761e-05 -0.000115232 -0.00105203 -0.00127741 -0.000673981 0.0003938 0.000350065
internal_weight=267053 200078 158076 42002 66975 27854 6620 130222 12314 21234 126680 89649 1237 44376 22599 8440 2347 88412 5108 83304 7580 7086 3238 2806 75724 3848 3214 3771 43373 39877
internal_count=267053 200078 158076 42002 66975 27854 6620 130222 12314 21234 126680 89649 1237 44376 22599 8440 2347 88412 5108 83304 7580 7086 3238 2806 75724 3848 3214 3771 43373 39877
is_linear=0
shrinkage=0.03


Tree=42
num_leaves=31
num_cat=0
split_feature=5 9 0 13 1 11 11 9 1 11 0 0 3 13 11 10 10 13 0 11 9 4 10 9 3 1 11 0 7 9
split_gain=6.60292 3.97134 2.01808 1.61258 1.6052 1.53349 1.69369 1.48054 1.5912 1.7056 1.61624 1.50832 1.46833 1.45882 1.42038 1.37976 1.54268 1.53282 1.52939 1.4769 1.57299 1.27362 1.18405 2.00712 1.32306 1.11147 1.08158 1.08813 1.07626 1.1519
threshold=0.024508303367421297 -0.054408318176129004 -0.0044495201649288876 0.023693749321760747 -0.024496426624636299 -0.010757996424146763 -0.00060779014093687012 -0.22299053530848864 -0.0056997461352492609 0.0068658124031664167 0.041296227684088478 0.012365310691954125 -0.012519420322191553 0.064390400744067808 -0.0055927513385567442 0.0083701210885805972 -0.0025046030736606269 0.01418264808028601 -0.0046120545317227526 -0.0026814959715112936 -0.0043516660695591116 0.076167544351271613 -0.0086377534955604501 -0.15235052406180469 -0.037572959860838744 -0.0035714353833879438 0.0033666996791754671 0.0099342448688291025 0.22153836425394693 -0.026093088848154197
decision_type=10 8 10 2 2 10 10 10 2 10 10 10 10 2 10 10 8 2 8 10 8 10 10 8 8 2 8 10 10 10
left_child=1 3 4 -1 5 -2 -7 12 9 10 -9 26 14 -13 -4 16 19 25 -19 20 -3 22 23 -6 -24 -18 28 -28 29 -10
right_child=2 15 7 -5 21 6 -8 8 11 -11 -12 13 -14 -15 -16 -17 17 18 -20 -21 -22 -23 24 -25 -26 -27 27 -29 -30 -31
leaf_value=4.1450350859740531e-05 -0.0013178554418298053 -0.00045313526785904182 0.0017788801559860683 -0.00044754468993020679 -0.0020609426725249663 0.0019222921791608983 -7.1075668221338078e-05 -1.7174009833892695e-05 -0.00038239274263692603 0.0024365317959260816 -0.0014880575460642631 0.00021740824445349831 -0.0012461811883779572 -0.0013746588413968035 -0.00045067021854551726 -0.00055582764419324871 0.0008041080461979761 0.0010862860079837778 0.00011597315499032383 0.00018515209246954936 -0.0032294859181105939 -0.0015613050052954746 0.00087608147064966487 -0.00012840948286718096 7.7542883966082716e-05 0.00042547835446229748 5.5092172563926873e-05 -0.0011336404451248669 -0.00083618141623583993 -1.6975142525195787e-05
leaf_weight=42348 239 1629 288 7085 571 1133 580 47485 41379 252 682 8407 2285 552 2402 1540 9960 1599 17059 7343 207 439 2069 3163 19161 23303 10306 743 3816 9557
leaf_count=42348 239 1629 288 7085 571 1133 580 47485 41379 252 682 8407 2285 552 2402 1540 9960 1599 17059 7343 207 439 2069 3163 19161 23303 10306 743 3816 9557
internal_value=-3.15176e-06 0.000172393 -0.000129664 -2.8635e-05 0.000104252 0.000933282 0.00124736 -0.000179595 -0.000159102 -2.51215e-05 -3.80004e-05 -0.000245876 -0.000686978 0.000119315 -0.000211967 0.000331037 0.00035339 0.000416772 0.000199129 -5.13009e-06 -0.000766155 4.0548e-05 6.87171e-05 -0.000423931 0.000155366 0.000538852 -0.000295598 -2.48452e-05 -0.000350236 -0.00031383
internal_weight=267582 112073 155509 49433 27355 1952 1713 128154 123179 48419 48167 74760 4975 8959 2690 62640 61100 51921 18658 9179 1836 25403 24964 3734 21230 33263 65801 11049 54752 50936
internal_count=267582 112073 155509 49433 27355 1952 1713 128154 123179 48419 48167 74760 4975 8959 2690 62640 61100 51921 18658 9179 1836 25403 24964 3734 21230 33263 65801 11049 54752 50936
is_linear=0
shrinkage=0.03


Tree=43
num_leaves=31
num_cat=0
split_feature=13 9 4 12 0 0 9 10 10 10 6 5 7 10 10 6 2 9 3 7 5 10 0 10 12 4 13 2 3 12
split_gain=6.10689 2.11761 1.90506 1.87396 1.64753 1.48617 1.74334 1.44776 1.37052 1.94427 2.92117 1.36997 1.35952 1.3368 1.87025 1.45461 1.59262 1.30081 1.28045 1.22917 1.15784 1.25553 1.15771 1.15751 1.09256 1.0692 1.63422 1.10799 1.1023 1.08502
threshold=0.014776523706617474 -0.041728093921486457 0.076167544351271613 -0.036406256647584394 -0.014664839607295919 -0.0044495201649288876 -0.050848554471991818 0.0012169651187220467 -0.0021171488871817297 0.0022790740754623511 -0.078998380942597687 0.031834192951774344 -0.086743440768230359 -0.0041235522615818412 -0.0086377534955604501 0.0033170765884955604 -1.3899342186656407 -0.17538326656239009 -0.037572959860838744 0.11562729622090974 0.010190074117167975 0.0045588099205506891 0.0064876450342163947 -0.0045124798037367566 -0.0062791235966478945 -0.034941502499352066 0.05775751016871733 -0.55782002242754924 0.072709976899204123 -0.0062791235966478945
decision_type=2 8 10 8 10 10 10 10 8 10 8 10 8 8 10 8 10 10 10 8 8 10 10 10 10 8 2 10 10 8
left_child=1 4 3 18 -1 7 8 25 19 22 -11 24 17 14 -3 16 -16 -12 -2 -7 21 -15 -10 -6 -8 27 28 -5 29 -27
right_child=2 13 -4 5 23 6 11 -9 9 10 12 -13 -14 20 15 -17 -18 -19 -20 -21 -22 -23 -24 -25 -26 26 -28 -29 -30 -31
leaf_value=0.0013430364092052935 0.0018744322272858007 0.0014828644041919271 -0.0010414610868747676 0.00097443039039695986 0.0006120284985837133 0.00018315480240433985 0.00037823562453848824 0.00057953900854568956 -0.00033135783429725455 0.00076905329255378579 -0.00049440356034544304 -0.00019269996123163596 -0.00033562340525794711 0.00089495484553414302 -0.0039068610419725211 -0.00011925037895798934 -0.00085050007815544416 0.00048403422077577347 0.00032721953579307415 -0.00070755817458002367 0.00031042768645428133 -0.00061472912816386326 -0.0006866458993447116 5.3353841021515595e-06 -2.1991031259563128e-05 0.00027458500487194051 -0.0014904950138702716 -0.00042201539295750852 0.002079163591832515 -0.00019557577927568516
leaf_weight=883 602 467 1979 1783 2987 9752 9695 4354 28785 3045 1753 22762 19337 5491 208 1873 585 4044 2403 1627 36878 545 11573 53942 16735 6294 716 717 220 14818
leaf_count=883 602 467 1979 1783 2987 9752 9695 4354 28785 3045 1753 22762 19337 5491 208 1873 585 4044 2403 1627 36878 545 11573 53942 16735 6294 716 717 220 14818
internal_value=-1.77743e-06 0.00017801 -0.000116337 -0.000104967 5.71133e-05 -0.00011908 -0.000162612 7.53773e-05 -0.000249102 -0.000299723 -0.000108501 -2.21024e-05 -0.000214817 0.000329796 -0.000268442 -0.000575216 -0.00165217 0.000188157 0.000637177 5.57983e-05 0.000373471 0.000758643 -0.00043324 3.71679e-05 0.000124819 -1.40442e-05 -8.0714e-05 0.00057393 -3.33953e-05 -5.54094e-05
internal_weight=266853 103859 162994 161015 57812 158010 129108 28902 79916 68537 28179 49192 25134 46047 3133 2666 793 5797 3005 11379 42914 6036 40358 56929 26430 24548 22048 2500 21332 21112
internal_count=266853 103859 162994 161015 57812 158010 129108 28902 79916 68537 28179 49192 25134 46047 3133 2666 793 5797 3005 11379 42914 6036 40358 56929 26430 24548 22048 2500 21332 21112
is_linear=0
shrinkage=0.03


Tree=44
num_leaves=31
num_cat=0
split_feature=13 12 0 8 0 11 8 3 11 9 10 11 10 10 13 3 1 10 11 11 8 9 10 0 10 10 10 7 9 10
split_gain=4.83741 3.57952 2.05431 1.63678 1.49592 1.4632 1.40095 1.35011 1.41335 1.30609 1.63683 2.52881 1.32404 1.27519 1.24253 1.51974 1.23007 1.53149 1.15406 2.53878 1.13776 1.12494 1.59345 1.1198 1.11827 1.71043 1.35712 1.09574 1.29882 1.03119
threshold=0.016349045504424477 -0.015171084589503168 0.0040912822488965448 0.037936125195822998 0.020539594414491828 -0.0061475536345984563 0.019261266994295916 -0.063667455171537865 -0.010757996424146763 -0.054408318176129004 -0.003612542338496338 -0.0037394986618783372 -0.010872040601414166 0.0059692030208320377 0.069267995657114542 -0.03020836635390944 -0.0035714353833879438 0.0011175450013536372 0.0031836768419917232 0.0044233681894528818 0.017838551234711796 -0.02824571947259907 0.0043667957665520793 -0.003475072875677165 0.00064926187012581693 0.00070435215143260798 0.00032090436257026239 -0.099568951117606039 -0.14318809233710009 -0.0026970840151966376
decision_type=2 8 10 8 8 10 10 10 10 8 8 10 10 10 2 10 2 10 10 10 10 10 10 10 8 8 10 8 10 10
left_child=2 4 9 14 6 -6 29 -8 -9 23 11 -11 -13 -5 -3 -16 -12 24 -14 -20 -4 -10 -23 -1 26 -26 -18 -15 -29 -2
right_child=1 3 20 13 5 -7 7 8 21 10 16 12 18 27 15 -17 17 -19 19 -21 -22 22 -24 -25 25 -27 -28 28 -30 -31
leaf_value=0.00038057596060037016 0.001454223692019168 -0.00014776915077902207 0.00011961409788989156 -0.0005743022058588141 0.0017370089678235858 -0.00073982145113619382 0.0017131183003075419 -0.0016740712172149913 8.9725014718506422e-06 -0.0026487542779168819 0.00060840024548583407 0.0014033789046052792 2.1937570784717487e-06 0.0023216244806000658 0.00098839169014508857 -0.0015388576232863249 0.000459654754423115 1.3853509159933151e-05 -0.0041158137801539851 7.9513218040096743e-05 -0.0002153610709883818 0.00035302347911598039 0.0022544904345413669 -1.5378067358809015e-05 0.0034716953287034871 0.00078273208231023769 -0.0004109222490603917 -0.0018282968888303597 0.00058719090578182543 0.00044946911331362278
leaf_weight=8257 1124 98802 16843 14205 236 2374 465 406 15814 348 13506 537 4222 222 265 1116 12596 12696 204 357 19917 2880 460 29024 235 2264 1848 263 841 5048
leaf_count=8257 1124 98802 16843 14205 236 2374 465 406 15814 348 13506 537 4222 222 265 1116 12596 12696 204 357 19917 2880 460 29024 235 2264 1848 263 841 5048
internal_value=-1.25392e-05 -0.00013019 0.000125861 -0.000204685 0.000169044 -0.000515863 0.000237281 0.000115485 7.75047e-05 0.000206022 0.000308139 -0.000171159 -9.09084e-06 -0.000491248 -0.00016026 -0.0010539 0.000371105 0.000262973 -0.000167673 -0.00144606 -6.18794e-05 0.000114632 0.000614902 7.23179e-05 0.000449648 0.0010356 0.000348271 0.000398481 1.17622e-05 0.000632448
internal_weight=267375 144521 122854 115714 28807 2610 26197 20025 19560 86094 48813 5668 5320 15531 100183 1381 43145 29639 4783 561 36760 19154 3340 37281 16943 2499 14444 1326 1104 6172
internal_count=267375 144521 122854 115714 28807 2610 26197 20025 19560 86094 48813 5668 5320 15531 100183 1381 43145 29639 4783 561 36760 19154 3340 37281 16943 2499 14444 1326 1104 6172
is_linear=0
shrinkage=0.03


Tree=45
num_leaves=31
num_cat=0
split_feature=8 5 1 6 9 11 5 6 11 3 2 11 4 1 8 6 11 2 12 11 4 11 9 0 8 2 9 12 11 1
split_gain=5.38413 1.68378 2.18204 2.22365 1.90231 1.93313 1.39755 1.20202 1.35182 1.92314 1.60627 1.50528 1.15876 1.11 1.04808 1.04587 1.04231 1.00093 0.985323 1.21284 0.952578 1.27666 1.32423 0.949052 1.33139 0.928624 0.905837 0.905058 0.904471 0.894818
threshold=0.014938485243505209 0.036641713730845411 -0.03588497759233477 0.028712335627497535 -0.027832755216320445 0.00067285495850877297 0.0084019381526837227 -0.063613963490407086 0.0012927956214664473 -0.046979232408247799 8.9843658100204227 -0.0023325018854586928 0.012425005303221439 -0.0044487463704663823 0.030313351654568384 0.075848906977140654 -0.0037982327423105029 10.163883354444311 0.0030518716353100665 0.0067660142252137243 -0.055333086272784375 -0.005365314619582894 -0.15891341428014069 0.0060456039921609203 0.018415820407155118 -6.508943923874754 -0.31261890298225414 0.00068924662167457751 0.0021621310719518454 0.043939283787772128
decision_type=8 10 2 10 10 8 8 8 10 10 8 8 10 2 8 10 10 8 10 10 10 10 10 10 10 10 10 10 10 2
left_child=18 4 3 20 5 6 -2 8 9 11 14 27 15 -6 16 -7 -11 -14 19 -1 -3 22 -22 -9 -25 -15 -10 -4 -20 -26
right_child=1 2 7 -5 13 12 -8 23 26 10 -12 -13 17 25 -16 -17 -18 -19 28 -21 21 -23 -24 24 29 -27 -28 -29 -30 -31
leaf_value=0.00034632624307016723 0.0013797971702497168 0.0029078464453082737 0.00099081349241345929 -0.00044840411680257885 0.0004733384042020816 7.6502644597257224e-05 -0.00017567301072423449 -0.00018417454569857639 -0.0019263296765229196 -0.00073285697938281838 0.0017206076734443026 0.0020238327639627916 0.0006927307712669197 0.0014864124909691138 -0.0006006126985882551 -0.00084552760554315403 0.00059815684769285316 -0.001229107795802065 -3.6402212446944424e-05 -0.0013323288736074058 0.0039577206232315311 0.00037987476424351606 0.00085867157945978742 -0.0011536151375519355 -0.00038899231324306631 3.9947456347792592e-05 -0.00022878333587537182 -0.0011846930353290666 0.00058075618416553718 0.00083901201916742132
leaf_weight=41695 524 270 481 1093 9728 33543 65776 40706 303 702 473 920 3939 409 2195 1145 2155 260 14038 391 221 1047 283 2076 18409 17114 4267 268 2521 550
leaf_count=41695 524 270 481 1093 9728 33543 65776 40706 303 702 473 920 3939 409 2195 1145 2155 260 14038 391 221 1047 283 2076 18409 17114 4267 268 2521 550
internal_value=-3.97566e-07 -7.17168e-05 -0.000183853 0.000621277 -7.01247e-06 -6.4884e-05 -0.000163379 -0.000215771 6.21539e-05 0.00031847 4.88805e-05 0.00121091 0.000103045 0.000216368 -0.000107637 4.60678e-05 0.00027111 0.000573731 0.000253597 0.000330731 0.00126332 0.00097704 0.00221758 -0.000268726 -0.000432346 7.3709e-05 -0.000341334 0.000212395 5.75561e-05 -0.000353368
internal_weight=267502 208857 76419 2914 132438 105187 66300 73505 11764 7194 5525 1669 38887 27251 5052 34688 2857 4199 58645 42086 1821 1551 504 61741 21035 17523 4570 749 16559 18959
internal_count=267502 208857 76419 2914 132438 105187 66300 73505 11764 7194 5525 1669 38887 27251 5052 34688 2857 4199 58645 42086 1821 1551 504 61741 21035 17523 4570 749 16559 18959
is_linear=0
shrinkage=0.03


Tree=46
num_leaves=31
num_cat=0
split_feature=8 0 12 13 6 4 5 1 0 12 1 11 13 11 11 13 6 3 5 9 9 5 13 12 8 0 11 9 12 0
split_gain=5.82171 1.86166 2.64093 1.83397 1.47259 1.38972 1.35271 1.32324 1.89018 1.39 1.25771 1.37552 1.24653 1.22378 1.04313 1.0183 1.45117 1.69998 1.47932 1.01279 1.36922 1.17556 1.12515 0.998516 0.962182 0.94989 1.0856 0.935539 1.0328 1.45069
threshold=0.015367075565241731 0.0045340084550890012 -0.0019512416119853435 0.0060007425114591553 -0.070396156535062912 0.076167544351271613 0.038849236122965113 -0.015756634053113724 0.035178982739955351 -0.00049464330569254356 0.023717316277686366 0.0019222775715913578 0.0136955643779162 0.0040985195380104375 0.0067660142252137243 0.028787940964746531 -0.087552950283723049 -0.029387249499080333 0.04548936859388001 -0.027832755216320445 -0.14498596720604287 0.023848953014322456 0.060739509416443474 0.01489441828122068 0.036827040424642597 0.013425776279700987 -0.010757996424146763 -0.017428194245838965 0.014487279195799231 0.0018041068299169407
decision_type=10 10 10 2 10 10 10 2 10 8 2 10 2 10 10 2 10 10 10 10 10 10 2 10 10 8 8 10 10 10
left_child=12 2 14 -4 10 13 19 -8 9 -9 -3 -12 -1 15 -2 27 17 -17 -19 20 21 -6 24 -18 -22 26 -14 28 -5 -30
right_child=1 4 3 5 6 -7 7 8 -10 -11 11 -13 25 -15 -16 16 23 18 -20 -21 22 -23 -24 -25 -26 -27 -28 -29 29 -31
leaf_value=0.00033490950388042121 0.00011721128695578253 0.00034007280822510812 0.0012107208666615455 -0.00023671445948245047 0.0010289964162179608 -0.0017517845969753389 -3.0865754412494013e-05 -0.00090690676147618698 0.0009845115201844762 -0.00037338505781072328 -2.5454109786055783e-05 -0.0029325309282701847 0.0023109094221790386 0.00020461056814370814 0.0011989552710441008 0.0015263688518069231 -0.00098322775952937248 0.0010166102232110192 -0.0024581315357936544 0.00013901789042736524 -0.00022212339261772808 -5.8707206023505404e-05 -0.0018082956513630804 -0.00035785591341887962 -0.0008593031871010951 -0.00057814545566679527 0.00010241608605552791 0.00021536473230059335 -5.3534110822843753e-05 0.0012114229918736789
leaf_weight=41471 55770 6222 888 37338 1317 491 5673 8027 691 9713 413 227 202 7755 814 678 3337 204 240 8666 27538 2786 435 7379 2312 1886 24046 6018 3500 1064
leaf_count=41471 55770 6222 888 37338 1317 491 5673 8027 691 9713 413 227 202 7755 814 678 3337 204 240 8666 27538 2786 435 7379 2312 1886 24046 6018 3500 1064
internal_value=-7.94717e-06 -8.94797e-05 -1.90918e-05 -0.000143825 -0.000208799 -0.000161513 -0.000251571 -0.000431515 -0.000554833 -0.000614793 0.000209813 -0.00105656 0.000232648 -0.000149947 0.000132773 -0.000195959 -0.00044512 0.000581386 -0.000861629 -0.000150829 -0.000223872 0.000290429 -0.00029355 -0.000552599 -0.000271475 7.03726e-05 0.000120814 -0.000134407 -0.000184642 0.000241364
internal_weight=267101 199496 125476 68892 74020 68004 67158 24104 18431 17740 6862 640 67605 67513 56584 59758 11838 1122 444 43054 34388 4103 30285 10716 29850 26134 24248 47920 41902 4564
internal_count=267101 199496 125476 68892 74020 68004 67158 24104 18431 17740 6862 640 67605 67513 56584 59758 11838 1122 444 43054 34388 4103 30285 10716 29850 26134 24248 47920 41902 4564
is_linear=0
shrinkage=0.03


Tree=47
num_leaves=31
num_cat=0
split_feature=8 10 0 9 12 10 10 9 2 0 2 12 10 4 13 10 7 8 13 4 10 1 10 12 6 0 6 0 10 7
split_gain=5.79809 2.20651 1.86639 1.76853 1.69221 1.44111 1.69979 1.53954 1.61799 1.407 1.2757 1.21807 1.3323 1.41654 1.54395 1.15426 2.19857 1.77633 1.56677 1.33931 1.33174 1.12322 1.32041 1.10946 1.05768 1.1317 1.1594 1.04335 1.23332 1.02651
threshold=0.015456149574287445 0.008946640679050823 -0.003475072875677165 -0.028682082783686998 0.049511325747076625 -0.0086377534955604501 -0.0063991799270357022 -0.048863423746953176 11.848044802743138 -0.0036021760812920962 -0.70340672208020616 -0.01726853862018218 -0.0086377534955604501 -0.033889375149029559 0.030394399451728154 0.0022790740754623511 -0.099568951117606039 0.025460046610883785 0.0062422151020392475 -0.047951438567461861 -0.0016081971148838579 -0.027427711123084116 0.0035862285358378991 -0.0077120725802065629 0.021226697720342583 -0.012261595315027738 -0.076662409949269802 0.010752695459062879 -0.00087725342066596868 0.24822156068674431
decision_type=8 10 8 10 8 10 10 10 10 10 10 10 10 10 2 8 8 10 2 8 10 2 10 10 10 10 8 8 8 10
left_child=1 5 4 15 11 -1 9 8 -8 -7 -3 -2 13 -13 -15 17 -17 18 -4 21 -19 -18 -23 27 25 26 -14 -20 -29 -22
right_child=2 10 3 -5 -6 6 7 -9 -10 -11 -12 12 24 14 -16 16 19 20 23 -21 29 22 -24 -25 -26 -27 -28 28 -30 -31
leaf_value=0.0012520239385363792 0.00066079534713852034 0.00017926304098016217 0.0012157317722986381 7.6609386748533302e-05 -0.0013860485990432397 -8.8536745002854866e-05 0.00013869450893349558 0.00040813937026619478 -0.0014233833732506872 -0.002005967748894289 -0.0016481903247134923 -0.0022662305772948241 0.0017134814724614198 8.3187007025213258e-05 -0.0013004283427958088 0.00041592281223607299 0.0029192188352310253 -5.8824924065507298e-05 0.00017837203774626401 -0.0001667675983926645 -0.00055461472756356705 0.0016220064023988979 -0.00082735087295582928 -0.00023272991213277186 -0.00010044574779014866 0.00015695034273141933 0.00047150763078046429 -0.0021018516672473004 -0.00015032916308282826 0.00014013662219343581
leaf_weight=1339 3658 575 780 33407 665 1044 23993 35771 612 514 855 340 822 3025 955 7638 206 7966 12287 39304 24673 408 385 33653 9725 15373 3821 393 1128 2075
leaf_count=1339 3658 575 780 33407 665 1044 23993 35771 612 514 855 340 822 3025 955 7638 206 7966 12287 39304 24673 408 385 33653 9725 15373 3821 393 1128 2075
internal_value=4.71317e-06 0.000251966 -7.42165e-05 -0.000118217 0.00011413 0.000278304 0.000257252 0.000282499 9.9841e-05 -0.000721117 -0.000913375 0.000140578 8.47094e-05 -0.00040759 -0.000248811 -0.000167941 -5.07542e-05 -0.000235665 -0.000117902 -0.000139196 -0.000399315 0.000945553 0.000432848 -0.00013982 0.000156218 0.000280921 0.000691388 8.66207e-05 -0.000654569 -0.000500719
internal_weight=267390 64703 202687 164303 38384 63273 61934 60376 24605 1558 1430 37719 34061 4320 3980 130896 47941 82955 48241 40303 34714 999 793 47461 29741 20016 4643 13808 1521 26748
internal_count=267390 64703 202687 164303 38384 63273 61934 60376 24605 1558 1430 37719 34061 4320 3980 130896 47941 82955 48241 40303 34714 999 793 47461 29741 20016 4643 13808 1521 26748
is_linear=0
shrinkage=0.03


Tree=48
num_leaves=31
num_cat=0
split_feature=8 5 4 11 8 9 11 11 11 11 11 11 11 2 6 5 7 1 11 11 6 5 7 11 5 11 5 13 8 13
split_gain=5.85798 2.59829 1.35357 1.26414 1.2567 1.37289 1.27309 1.1476 1.1615 1.20017 1.11315 1.12586 1.26509 1.10412 1.17241 1.09303 1.95924 1.06769 1.04398 1.04227 1.00561 1.11476 0.998304 0.994776 0.951474 0.951419 2.26345 1.03953 0.944432 0.996189
threshold=0.023027649999032462 0.014331239949247546 -0.072951771337649171 0.006644376754847304 0.038778448648281699 -0.0064463921836128693 -0.0065286733926540599 0.0073264182372776441 0.0067660142252137243 0.0057107012636277163 -0.0024375924578409198 -0.0040185140018970658 -0.0046952678783172544 12.401822847595808 -0.072406224782414583 0.040241448628794807 -0.078883582521172932 -0.019565092020741189 -0.0041995632879857627 -0.0061475536345984563 0.065667964690630534 0.069459377879777684 0.077357652559943549 0.0023590067290921728 0.053875544741433017 -0.0027961301162618408 0.025734238742066942 0.027400771802503721 0.018003126066431323 0.044293193621162998
decision_type=10 8 10 10 10 10 8 10 8 10 8 10 10 8 8 10 10 2 10 10 10 10 8 10 10 10 10 2 8 2
left_child=1 3 -2 10 5 -4 24 8 9 -8 11 12 -1 15 -15 17 19 -3 -14 -17 -7 -22 -12 -19 -6 26 -16 -27 29 -29
right_child=2 13 4 -5 6 20 7 -9 -10 -11 22 -13 18 14 25 16 -18 23 -20 -21 21 -23 -24 -25 -26 27 -28 28 -30 -31
leaf_value=-2.2125536400667904e-05 0.00094960470025202601 0.00055631027842070442 -0.00016327327003584584 -0.0017232212127124753 -6.8483499673418732e-05 -0.00039736384547475262 -0.0004311072752280525 -0.0027270184522960334 0.0015525675529585322 -0.0019936620234415636 0.00040585587911598752 -0.00034020267354738947 0.0020685954008535777 0.0015402322053035559 -0.0032178643356254137 -0.0013942989505751561 -0.00032022936688510557 4.2857144493937912e-05 0.00010160288560738419 0.00054259233334798122 0.0011446924670140703 -0.00088471499506996088 0.00097933074532410131 0.0002905032902679553 0.0018361902039425724 2.8780353439319819e-05 -0.00010160369906624927 -0.0012518790788893211 -0.0014400505163391832 0.0016888207053883709
leaf_weight=1683 947 4525 85862 257 652 793 17316 200 259 454 18057 3314 633 278 353 267 13789 84918 394 3937 1750 283 3219 17629 370 3074 517 202 1020 213
leaf_count=1683 947 4525 85862 257 652 793 17316 200 259 454 18057 3314 633 278 353 267 13789 84918 394 3937 1750 283 3219 17629 370 3074 517 202 1020 213
internal_value=-1.02759e-05 0.000106239 -0.000179644 0.000370974 -0.000189551 -0.00014186 -0.000409263 -0.000467029 -0.000441958 -0.000471028 0.000390688 3.06745e-05 0.000484212 5.04307e-05 -0.000359518 6.89737e-05 -0.000147376 0.00010533 0.00131398 0.000419579 0.00050875 0.000862193 0.000492621 8.54303e-05 0.000621075 -0.000457702 -0.00136602 -0.000282444 -0.000949137 0.000257444
internal_weight=267165 158279 108886 27557 107939 88688 19251 18229 18029 17770 27300 6024 2710 130722 5657 125065 17993 107072 1027 4204 2826 2033 21276 102547 1022 5379 870 4509 1435 415
internal_count=267165 158279 108886 27557 107939 88688 19251 18229 18029 17770 27300 6024 2710 130722 5657 125065 17993 107072 1027 4204 2826 2033 21276 102547 1022 5379 870 4509 1435 415
is_linear=0
shrinkage=0.03


Tree=49
num_leaves=31
num_cat=0
split_feature=8 8 11 13 0 11 7 10 10 11 11 10 10 10 13 10 10 11 11 10 10 8 11 10 8 10 5 11 11 9
split_gain=4.06494 2.25634 1.80675 1.30686 1.27762 1.29758 1.40194 1.33414 1.22923 1.36512 4.95398 2.31337 1.40636 1.29244 1.20289 1.43348 1.27324 1.20109 1.1973 1.12896 1.11353 1.10106 1.08725 1.08596 2.08038 1.25316 1.06798 1.05558 1.04718 1.01753
threshold=0.014938485243505209 0.032292333141394146 -0.0052500257828158028 0.0079592220067343771 -0.0037313019529937037 -0.0036100700342038823 0.27176895519348515 0.00037746041761210774 0.008946640679050823 -0.003853996667671999 -0.0027393443331276686 0.0033453973346292414 0.0046607549596022766 0.0018421243046183868 0.026777145458575107 -0.010872040601414166 -0.003942695866748557 -0.004944952789818712 0.0031836768419917232 0.0045588099205506891 0.00052985485037782009 0.010660045402609593 -0.0031245013392179328 -0.0018969835059131077 0.012128104907728946 0.0049008937763079805 0.012077301779307553 0.0026344616080152821 -0.0031245013392179328 -0.013947024520981231
decision_type=8 10 8 2 8 10 8 8 10 10 10 10 10 10 2 10 10 10 10 10 10 10 10 10 10 10 10 10 10 10
left_child=8 3 -3 19 5 6 7 -5 9 11 23 13 -13 20 15 -12 18 -15 27 -2 21 -1 -7 24 28 -25 -18 -17 -11 -6
right_child=1 2 -4 4 29 22 -8 -9 -10 10 14 12 -14 17 -16 16 26 -19 -20 -21 -22 -23 -24 25 -26 -27 -28 -29 -30 -31
leaf_value=0.0013228764384844468 0.00051275574003000759 0.00039111068785802045 -0.00031726121784415385 -0.00068755364461364939 -9.4040079717500207e-05 0.0012227839271515505 0.0017892689649889829 0.00049868308414827861 -0.00071306583967848411 -0.003695297711519305 0.0016377198032311057 0.0033583593996605134 0.00096355814183769913 -0.0010419391270208582 -0.00037932105985290042 -0.00030084609055582625 0.00063984684556132084 0.00062959419491155427 -0.0019316709916079966 -0.00071538745367433871 0.0014894780669532464 7.780329083975045e-05 0.00020456192804617417 -0.00029664427605793643 -0.00030899025531346436 -0.0027390337759392583 0.00026185396706987323 0.0015762069329788323 -0.0013024720125796026 0.00019278637798549037
leaf_weight=870 6464 3542 38075 3604 119585 985 277 1118 1233 374 733 410 478 884 2317 2269 8610 688 357 752 1160 2410 22574 3185 709 201 30765 306 294 12274
leaf_count=870 6464 3542 38075 3604 119585 985 277 1118 1233 374 733 410 478 884 2317 2269 8610 688 357 752 1160 2410 22574 3185 709 201 30765 306 294 12274
internal_value=2.44426e-06 -5.92593e-05 -0.000256972 -1.01746e-05 -2.79402e-05 0.000153983 -0.000285015 -0.000406695 0.000224089 0.000244354 0.00018989 0.000639971 0.00206927 0.000428857 0.000286542 0.000322388 0.000299598 -0.000310377 -0.000303515 0.000384767 0.000690586 0.000408051 0.000247134 -0.000730506 -0.00144084 -0.00044163 0.000344508 -7.77866e-05 -0.00264217 -6.7341e-05
internal_weight=267503 209250 41617 167633 160417 28558 4999 4722 58253 57020 50120 6900 888 6012 45357 43040 42307 1572 2932 7216 4440 3280 23559 4763 1377 3386 39375 2575 668 131859
internal_count=267503 209250 41617 167633 160417 28558 4999 4722 58253 57020 50120 6900 888 6012 45357 43040 42307 1572 2932 7216 4440 3280 23559 4763 1377 3386 39375 2575 668 131859
is_linear=0
shrinkage=0.03


Tree=50
num_leaves=31
num_cat=0
split_feature=13 8 5 12 11 2 10 11 11 11 5 2 2 2 10 8 12 7 10 10 13 10 6 10 10 9 9 11 12 11
split_gain=4.79712 2.48232 2.07991 1.33006 1.30777 1.26573 1.15593 1.15502 1.7557 1.36394 2.34237 2.02106 1.4726 1.35646 1.62157 1.26883 1.10938 1.07285 1.05172 1.32537 1.03601 1.13009 1.64185 1.55324 1.42442 1.1634 1.15946 1.13827 1.79884 1.13095
threshold=0.014696372178275701 0.037936125195822998 0.015271562897625475 -0.015171084589503168 0.0024429925144738855 12.401822847595808 -0.0083216798107182948 -0.0025261630055238844 -0.0033829897734199972 -0.005104155814304733 0.053875544741433017 -0.53206008440633668 -2.7498468795362871 -2.5314884516701794 -0.0063991799270357022 0.052966135946296573 0.0071717901153845473 0.11146718078144159 0.0024756697197344528 0.00047460859055792343 0.021140193550111781 -0.0021171488871817297 -0.11158717123038418 0.0015252582124792859 -0.0086377534955604501 -0.08887169581845665 -0.18628853546370541 -0.0036100700342038823 0.01489441828122068 0.0015511972858137659
decision_type=2 8 10 10 8 10 8 8 10 8 10 8 10 10 8 8 10 8 10 10 2 10 10 10 10 10 10 10 10 10
left_child=2 3 17 5 -4 -2 -6 8 9 10 12 -12 -3 -9 -15 18 -10 -1 19 -11 -5 24 26 -24 -22 -26 -23 28 -27 -25
right_child=1 7 4 20 6 -7 -8 13 16 15 11 -13 -14 14 -16 -17 -18 -19 -20 -21 21 22 23 29 25 27 -28 -29 -30 -31
leaf_value=0.00031468802431318475 0.00017958275761475166 -0.0023506427868081325 1.5974367661351535e-05 -1.0310231036729429e-05 0.0018337506650216745 -0.0011871987016341193 0.00029297438293224623 -0.00097861628295445248 0.0015048078785332676 -0.00020276892786822497 0.00028653647097991343 0.0032997046016530942 -2.4128591916467599e-05 0.00080219408864288589 -0.00046880735646192141 -0.0023031304994396663 -0.00036523801620196863 0.00093263218086821708 0.00056814966398180974 -0.002388472922002732 -0.00061008391841908067 0.0017486471287922853 -0.00047879931849906135 -0.0002330490082443289 0.00051665363415589333 6.0630425988353892e-05 -0.00031616146186768838 -0.00024180076609521366 0.002667322713596567 0.00027595540889309282
leaf_weight=25579 23562 325 61398 58485 454 626 12611 4422 915 646 533 321 993 986 10786 444 415 2806 553 407 2533 614 20818 17742 5126 878 407 6042 327 5046
leaf_count=25579 23562 325 61398 58485 454 626 12611 4422 915 646 533 321 993 986 10786 444 415 2806 553 407 2533 614 20818 17742 5126 878 407 6042 327 5046
internal_value=-3.3474e-06 -0.0001041 0.000157265 -5.84524e-05 7.39699e-05 0.00014421 0.000346515 -0.000402612 -2.92083e-05 -0.000328633 0.000195217 0.00141912 -0.000597814 -0.000530631 -0.000362351 -0.000883659 0.000921297 0.000375775 -0.000491227 -0.00104758 -9.99883e-05 -0.000188088 -0.000263628 -0.000291472 3.80727e-05 0.000170763 0.000925555 -7.38943e-05 0.000768007 -0.000120339
internal_weight=266800 163952 102848 142206 74463 24188 13065 21746 5552 4222 2172 854 1318 16194 11772 2050 1330 28385 1606 1053 118018 59533 44627 43606 14906 12373 1021 7247 1205 22788
internal_count=266800 163952 102848 142206 74463 24188 13065 21746 5552 4222 2172 854 1318 16194 11772 2050 1330 28385 1606 1053 118018 59533 44627 43606 14906 12373 1021 7247 1205 22788
is_linear=0
shrinkage=0.03


Tree=51
num_leaves=31
num_cat=0
split_feature=8 9 7 13 11 5 0 4 1 3 5 11 11 11 6 11 8 4 8 0 7 13 0 9 13 8 7 11 1 11
split_gain=4.21865 2.52144 1.38251 1.29714 1.3811 1.19194 1.14939 3.80199 1.15654 2.42323 1.16633 1.55612 1.29978 1.43434 1.61003 1.93788 1.86232 1.22604 1.19967 1.15163 1.15267 1.12512 1.10085 1.33892 1.20504 1.1161 1.09157 1.06232 1.05331 1.00439
threshold=0.022033086330640456 -0.02824571947259907 -0.12031651973661932 0.030990482209299942 0.0017713320057639594 0.036392339904546524 -0.024303652410620432 0.015822884989993517 -0.03588497759233477 -0.036297172518624181 0.02256230320490844 -0.0036759829047361965 -0.0027393443331276686 0.0010011138297337798 -0.065238100082155234 -0.0017490787565381802 0.043561952448948289 -0.028378400901646613 0.042081140800916017 0.0047200454065676753 -0.18707910683417936 0.018918912045590517 0.0039084495874769374 -0.13659265870029516 0.03338149456609784 0.030313351654568384 0.32519847238428096 -0.0037982327423105029 -1.0000000180025095e-35 -0.00080069763955337148
decision_type=8 10 10 2 8 10 8 10 2 10 8 8 8 10 8 8 8 8 8 10 10 2 10 8 2 8 10 10 2 10
left_child=1 2 -1 4 -4 -3 7 -2 9 -8 11 18 26 14 15 -14 19 22 -10 21 -21 -17 23 29 -25 -24 27 -12 -13 -16
right_child=6 5 3 -5 -6 -7 8 -9 10 -11 12 28 13 -15 17 16 -18 -19 -20 20 -22 -23 25 24 -26 -27 -28 -29 -30 -31
leaf_value=0.00043674404399830763 0.0011058902778563228 0.00038001164250684745 -2.1091517876858857e-05 -0.00038952650509563763 0.00025747296065702232 -0.00012283437440133261 0.0019880860017865223 -0.0014484693624037146 -0.00040371812454861243 6.2973609810292606e-06 -0.00018384052191412818 0.0003912924658921409 -0.0010719386115622099 -0.00010576004904016916 -0.00046409939575408184 -0.0012412967923881866 -0.0011973798512788945 -0.00037511775960874646 -0.002743736340775251 0.0034054704582561152 0.0010708104627229751 0.00074912298391743783 -0.00065668771896937924 -0.00049810894941584643 0.0015267308130050483 -0.0021663403798452868 0.0010441355511242364 0.00025073724277006561 -6.7082878939405787e-05 -0.0033844719470704217
leaf_weight=7578 2156 37362 66342 6615 21117 4786 705 693 2821 2615 14227 9225 847 34642 210 349 469 31329 212 229 1127 955 799 1134 345 983 887 7859 8831 214
leaf_count=7578 2156 37362 66342 6615 21117 4786 705 693 2821 2615 14227 9225 847 34642 210 349 469 31329 212 229 1127 955 799 1134 345 983 887 7859 8831 214
internal_value=1.72859e-05 0.000127822 4.6932e-05 1.55312e-05 4.6168e-05 0.000322912 -0.000111042 0.00048456 -0.000125065 0.000427129 -0.000140641 6.14872e-05 -0.000184766 -0.000246232 -0.000371038 0.000201044 0.000545633 -0.000436001 -0.00056728 0.000852953 0.00146509 0.000216411 -0.000953617 -0.00045185 -2.57832e-05 -0.00148945 1.22402e-05 -2.9202e-05 0.000167106 -0.00193806
internal_weight=267663 143800 101652 94074 87459 42148 123863 2849 121014 3320 117694 21089 96605 73632 38990 3976 3129 35014 3033 2660 1356 1304 3685 1903 1479 1782 22973 22086 18056 424
internal_count=267663 143800 101652 94074 87459 42148 123863 2849 121014 3320 117694 21089 96605 73632 38990 3976 3129 35014 3033 2660 1356 1304 3685 1903 1479 1782 22973 22086 18056 424
is_linear=0
shrinkage=0.03


Tree=52
num_leaves=31
num_cat=0
split_feature=8 0 8 10 11 4 4 4 9 11 11 10 10 2 11 11 11 10 6 4 1 10 12 11 1 11 0 11 2 7
split_gain=3.65256 1.93226 1.46655 1.70389 1.45166 1.34237 1.27484 1.27317 1.26758 1.48079 2.24465 1.95761 1.71823 1.16245 1.12633 1.57714 1.98985 1.28691 1.36421 1.27225 1.33218 1.11085 1.1036 1.8759 1.18408 1.81415 1.79915 1.17465 1.10705 1.0852
threshold=0.014763502608051706 -0.00056912873061398795 0.028319457068308702 0.0023847339597670163 -0.0089597910907540084 -0.06164151120979066 -0.047951438567461861 0.076167544351271613 -0.054408318176129004 -0.0041995632879857627 -0.0027393443331276686 0.0059692030208320377 -0.0041235522615818412 11.848044802743138 0.0067660142252137243 0.0020686319328877549 0.00094286851011637929 0.00056379306527643014 0.00082059077110185907 -0.04323848616955555 -0.0093794307807835691 0.00074574292199836034 0.0016049443399919208 -0.010757996424146763 -0.026346284593954047 0.0016488552305288231 -0.010053448361886539 -0.0036759829047361965 10.539671338648864 0.0192320884104108
decision_type=8 8 8 10 10 10 8 10 10 8 10 10 8 10 10 8 10 10 10 8 2 10 10 8 2 8 10 8 8 8
left_child=8 5 -3 14 -5 -2 -6 22 13 -10 11 12 -11 -1 15 16 17 -4 -19 -18 -21 -20 23 -7 25 26 -25 28 29 -26
right_child=1 2 3 4 6 7 -8 -9 9 10 -12 -13 -14 -15 -16 -17 19 18 21 20 -22 -23 -24 24 27 -27 -28 -29 -30 -31
leaf_value=6.2717979511826984e-05 0.0013324367742118554 -4.2407611776222166e-05 -0.00022264576674644947 0.0019511104394147943 0.0010504359874669146 -0.001367125443326326 -0.00011534704408330418 -0.00120216903844768 0.00092926355227367758 -0.0024040250475005258 0.00035824337252063517 -0.0032236515456595671 -5.6201603811376325e-05 -0.0014588300643195086 0.001054789416753096 -0.00082111798634397124 -0.0013000940287315127 -0.0012214167909078205 -0.0020176959908413668 0.0014981542301953793 0.00016006130540551649 -0.00021790109320714767 -5.1333394896544689e-05 0.0024908186057821858 -0.00046891103206933484 -0.0016261199722737666 0.0005795555404168038 0.00026636097068509338 -0.0019571038487087044 0.00046464626819545839
leaf_weight=18857 772 98950 10739 328 885 672 18329 696 3333 304 29486 208 3635 463 477 6605 397 3053 338 888 2723 3553 28091 642 2983 232 1432 26209 314 1795
leaf_count=18857 772 98950 10739 328 885 672 18329 696 3333 304 29486 208 3635 463 477 6605 397 3053 338 888 2723 3553 28091 642 2983 232 1432 26209 314 1795
internal_value=8.4503e-06 -4.88031e-05 -0.000108561 -0.000244045 -2.7868e-05 8.90502e-05 -6.16509e-05 7.38298e-05 0.000223182 0.000326104 0.000266332 -0.00038718 -0.000237399 2.62544e-05 -0.000390868 -0.000415238 -0.000291646 -0.000428443 -0.000746712 0.000311894 0.000489119 -0.000374244 8.80689e-05 0.000202306 0.000233689 0.000889752 0.00117118 0.000185355 -0.000231589 -0.000118192
internal_weight=267389 211103 147265 48315 19542 63838 19214 63066 56286 36966 33633 4147 3939 19320 28773 28296 21691 17683 6944 4008 3611 3891 62370 34279 33607 2306 2074 31301 5092 4778
internal_count=267389 211103 147265 48315 19542 63838 19214 63066 56286 36966 33633 4147 3939 19320 28773 28296 21691 17683 6944 4008 3611 3891 62370 34279 33607 2306 2074 31301 5092 4778
is_linear=0
shrinkage=0.03


Tree=53
num_leaves=31
num_cat=0
split_feature=5 9 1 0 3 7 11 3 5 1 10 10 10 11 2 9 11 11 1 2 9 10 10 7 11 11 3 10 0 7
split_gain=4.11183 2.14472 1.64649 2.20957 1.70289 1.61757 1.45599 1.36025 1.54779 1.283 1.27892 1.69861 2.04803 1.47912 3.64508 1.42191 1.25324 1.3829 1.28955 1.17637 1.17346 1.12388 1.06205 1.59628 1.36249 1.27718 1.46699 1.27383 1.32816 1.53662
threshold=0.024508303367421297 -0.054408318176129004 -0.012077294697404038 0.011490297309781019 -0.028635230245198203 0.22153836425394693 -0.0030346586420925132 -0.0086166885717876545 0.041678391907066396 0.02471113088372701 -0.0021171488871817297 -7.8711120603869298e-05 -1.0000000180025095e-35 -0.0031245013392179328 8.9843658100204227 -0.052862677415597518 0.0067660142252137243 0.00073892925960139532 0.012195053784195388 -1.0285636200964474 -0.097171796236066296 0.0013038173820879575 0.0017187842781518638 -0.081980750882097816 0.0067660142252137243 -0.0015172509953642608 -0.046979232408247799 -0.0020158268329569791 -0.0032218705556297795 -0.17836104817905848
decision_type=8 8 2 8 8 8 8 10 10 2 8 10 10 10 8 10 10 8 2 10 10 10 8 10 10 10 10 10 10 10
left_child=1 9 3 -2 -5 22 7 8 -7 -1 13 15 19 14 -3 -12 17 18 -17 -13 21 -11 24 25 27 -24 -27 -4 -29 -30
right_child=2 10 5 4 -6 6 -8 -9 -10 20 11 12 -14 -15 -16 16 -18 -19 -20 -21 -22 -23 23 -25 -26 26 -28 28 29 -31
leaf_value=-2.9645367105671001e-06 0.00017982515392667235 -0.00036494956862762241 -5.3507132534066019e-05 0.00053831649664526848 -0.0006593789467228715 -0.0028594793595901934 -0.00063956186412776226 0.00085911614299414804 0.00058161283831998517 0.0011892155019431225 0.0022745682020076157 -0.0019994081279020469 0.00023906433224106825 0.00010179352718188947 -0.0046140788969761849 0.00045106105570497985 -0.0015771673776481935 0.0010580635865993235 -0.0012859679952056872 -3.4957031449881739e-05 -0.0019077960291282669 -0.0015583068874054902 -0.00019610760668316014 -0.00010440816210169954 0.00073596518646685215 0.0020536654182878463 0.00045744834223832058 5.5171468679470224e-05 -0.0015722815617901778 -0.00036849658908281129
leaf_weight=48108 28293 1662 24094 1330 5432 223 10109 1190 249 310 442 582 38092 8651 204 7655 246 3799 405 519 617 236 2453 33751 1349 581 4793 6827 982 33901
leaf_count=48108 28293 1662 24094 1330 5432 223 10109 1190 249 310 442 582 38092 8651 204 7655 246 3799 405 519 617 236 2453 33751 1349 581 4793 6827 982 33901
internal_value=-1.79026e-05 0.000121114 -0.000117572 6.33863e-05 -0.000423807 -0.000170214 -0.000504275 0.000318596 -0.00104416 -2.67669e-05 0.000238149 0.000299452 0.000202195 -6.34404e-05 -0.000829485 0.000603253 0.000542227 0.000586191 0.000363779 -0.00107339 -0.00101136 1.64172e-06 -0.000134049 -1.48925e-05 -0.000207826 0.00037111 0.00063002 -0.000227174 -0.000327493 -0.000402385
internal_weight=267085 111528 155557 35055 6762 120502 11771 1662 472 49271 62257 51740 39193 10517 1866 12547 12105 11859 8060 1101 1163 546 108731 41578 67153 7827 5374 65804 41710 34883
internal_count=267085 111528 155557 35055 6762 120502 11771 1662 472 49271 62257 51740 39193 10517 1866 12547 12105 11859 8060 1101 1163 546 108731 41578 67153 7827 5374 65804 41710 34883
is_linear=0
shrinkage=0.03


Tree=54
num_leaves=31
num_cat=0
split_feature=8 5 13 3 5 9 1 0 13 10 3 11 10 10 7 9 1 1 0 10 11 10 11 0 1 11 11 10 7 11
split_gain=4.54275 1.99935 2.01778 1.50179 1.47974 1.52087 1.47036 1.91256 1.39281 1.53861 1.98761 1.39144 1.34741 1.35811 1.2549 1.19635 1.35184 1.08547 1.07995 1.37013 1.02704 1.09481 1.48322 1.01026 0.975657 1.30106 1.68262 1.91723 1.72262 1.37536
threshold=0.019877176249503203 0.026708973157373212 0.053331140722772709 -0.046979232408247799 0.103036177656569 -0.017003432284178274 -0.025376456476096428 -0.019721406560940399 0.016523688732881892 0.008551999105847587 -0.011100224865007278 0.006644376754847304 -0.0017260044631248193 -0.0086377534955604501 -0.12319642227676712 -0.041728093921486457 -0.0035714353833879438 -0.0095318546346642701 0.041296227684088478 0.0020804490188220952 0.0067660142252137243 -0.0003514171155731271 0.00073892925960139532 0.014737943483504103 -0.014385572822157909 -0.0041995632879857627 -0.0030346586420925132 0.00017764309787104973 0.19060312433552587 -0.003853996667671999
decision_type=10 10 2 10 10 8 2 10 2 10 10 8 8 10 8 8 2 2 10 10 10 8 10 10 2 10 10 10 8 10
left_child=1 2 12 6 5 8 -2 -8 11 18 23 17 13 -1 -3 -14 -17 -5 24 -20 21 22 -18 -11 -10 -26 27 29 -29 -27
right_child=3 14 -4 4 -6 -7 7 -9 9 10 -12 -13 15 -15 -16 16 20 -19 19 -21 -22 -23 -24 -25 25 26 -28 28 -30 -31
leaf_value=0.00078384871090922664 0.0014940120549352279 0.00063615246503531328 -0.0020076935348381114 0.00044743771552685512 -0.00093710559033764154 0.00016428155325089701 0.0017603863887074786 -7.5788511773666075e-05 -7.0816736146513343e-05 -2.8921884520461263e-05 -0.00013212342975142392 0.0013213608575298103 0.00014815539607502433 -0.00012031567905122676 -9.4786632025449226e-05 0.00066704092177641164 0.00031786798594883109 -9.3535785405212226e-05 -0.00021533067876455979 -0.0030884951516054571 -0.0015424973361935184 0.00019846754608786638 0.0015991188641365579 0.0018869384619924318 -0.00073696559352066037 -0.00024066182328322814 -0.0003197053059048256 -0.00058636216193903965 0.0016911036750990086 0.0014121730920020339
leaf_weight=1664 866 2242 369 3704 2083 14035 582 4158 19925 344 2407 688 33930 14734 37005 11359 2293 33798 327 275 279 18989 1260 885 5882 642 48398 2237 345 1540
leaf_count=1664 866 2242 369 3704 2083 14035 582 4158 19925 344 2407 688 33930 14734 37005 11359 2293 33798 327 275 279 18989 1260 885 5882 642 48398 2237 345 1540
internal_value=-8.7836e-06 0.000124032 0.000205906 -0.00012397 -0.000143591 -0.000131387 0.000357337 0.000149666 -0.00016557 -0.000234412 0.000369079 -1.55778e-05 0.000215572 -2.85649e-05 -5.30315e-05 0.000274349 0.00039962 -4.01049e-05 -0.000261989 -0.00152782 0.000266513 0.000288903 0.000772238 0.00135068 -0.000252339 -0.000313596 -0.000266753 0.000271197 -0.000282053 0.000925867
internal_weight=267245 124124 84877 143121 137515 135432 5606 4740 121397 83207 3636 38190 84508 16398 39247 68110 34180 37502 79571 602 22821 22542 3553 1229 78969 59044 53162 4764 2582 2182
internal_count=267245 124124 84877 143121 137515 135432 5606 4740 121397 83207 3636 38190 84508 16398 39247 68110 34180 37502 79571 602 22821 22542 3553 1229 78969 59044 53162 4764 2582 2182
is_linear=0
shrinkage=0.03


Tree=55
num_leaves=31
num_cat=0
split_feature=8 8 0 4 5 12 2 11 12 11 9 3 11 11 10 8 10 11 10 12 3 9 10 9 3 4 9 4 10 11
split_gain=4.50319 1.69767 1.99912 1.74229 1.37569 1.30082 1.36888 1.27885 1.07423 1.0567 0.950141 0.990109 0.949356 3.96973 1.13801 0.95458 0.949291 0.947594 0.93906 0.92687 1.10284 1.03538 1.53803 1.024 0.942756 1.31025 1.47246 1.48686 1.30011 1.00207
threshold=0.014763502608051706 0.028319457068308702 -0.015680389983539097 -0.072951771337649171 0.024777435449365164 -0.01651670305186614 7.9620701973000054 0.0035361551862770351 -0.0030155684079278817 0.0054405518986990762 -0.017003432284178274 0.0032751649284428201 -0.003853996667671999 -0.0027393443331276686 -0.0020158268329569791 0.013089171870107989 0.0049008937763079805 0.00076169159258399077 0.015893940068006377 -0.031093505766181747 0.00088956819790708696 -0.056474970210108492 -0.0017260044631248193 -0.018754471506078004 0.028961107315372828 -0.002667806147892859 -0.019607870982164818 -0.00049951271511672324 -0.0062837051052680995 -0.00058724555214384455
decision_type=8 10 10 10 10 10 10 10 8 8 10 10 8 10 10 10 10 8 10 8 10 10 10 10 10 10 10 10 10 10
left_child=8 5 4 -4 -3 6 -2 10 -1 -6 -7 -12 -10 14 15 -14 -16 -8 19 20 -5 22 -21 -22 25 -23 27 -27 -26 -30
right_child=1 2 3 18 9 7 17 -9 12 -11 11 -13 13 -15 16 -17 -18 -19 -20 21 23 24 -24 -25 28 26 -28 -29 29 -31
leaf_value=0.00041588781380971096 0.00039055532817420114 0.0020177341246472354 0.0012642931422632154 0.00086666007547034048 0.00041474011350807125 -9.574947653286988e-05 -2.5126898313835441e-05 0.00022540218311860807 0.0005401456822527607 -0.0018014369047064656 0.00064270788596044841 3.5890873252863436e-05 -0.002625339104178428 0.000200206623843199 -0.0003926170826615993 -0.00043178142521004139 -0.0023670358913461965 -0.0017090524710622079 0.00073253123815028131 -4.851182180966022e-06 -0.00084366877559873769 6.8537693244767104e-05 -0.00047979716433606219 0.0011415204143061513 -0.0017887591388535576 -0.0022858869037351245 0.00011042971530590269 -0.00062625868096718486 0.00069567434545933786 -9.8493971199575386e-05
leaf_weight=20584 11518 465 696 1401 2999 103463 829 15589 4718 207 3055 11642 531 27678 2234 269 243 472 871 7780 952 6360 29048 310 281 544 2304 4544 2880 2840
leaf_count=20584 11518 465 696 1401 2999 103463 829 15589 4718 207 3055 11642 531 27678 2234 269 243 472 871 7780 952 6360 29048 310 281 544 2304 4544 2880 2840
internal_value=4.81378e-06 -5.87591e-05 -0.000187038 -0.00022808 0.000492823 -2.32319e-06 0.000286365 -2.99921e-05 0.000243309 0.000271649 -6.36866e-05 0.000162027 0.000143728 8.33086e-05 -0.000904028 -0.00188776 -0.000586313 -0.000636051 -0.000245358 -0.000259735 0.000287228 -0.000285478 -0.000379464 -0.000356023 -0.000110248 -0.000247158 -0.000518779 -0.000803703 0.000203496 0.000301367
internal_weight=267307 211050 64482 60811 3671 146568 12819 133749 56257 3206 118160 14697 35673 30955 3277 800 2477 1301 60115 59244 2663 56581 36828 1262 19753 13752 7392 5088 6001 5720
internal_count=267307 211050 64482 60811 3671 146568 12819 133749 56257 3206 118160 14697 35673 30955 3277 800 2477 1301 60115 59244 2663 56581 36828 1262 19753 13752 7392 5088 6001 5720
is_linear=0
shrinkage=0.03


Tree=56
num_leaves=31
num_cat=0
split_feature=8 5 3 3 9 2 11 8 10 9 9 11 5 1 3 11 11 11 6 11 8 3 10 11 4 6 4 3 9 11
split_gain=3.85923 2.13734 2.16127 1.70829 1.50292 1.55098 1.43799 1.37707 1.25371 1.78719 1.26571 1.21466 1.49634 1.51134 1.30518 1.16498 1.09496 3.29849 0.988694 1.109 0.973568 1.17315 0.963084 1.06567 0.946782 1.04883 0.934298 1.09277 0.975903 0.974511
threshold=0.014310441381180919 0.039120950963567179 0.0056454766950021504 0.01816720837566899 -0.028682082783686998 14.02718225238179 -0.0089597910907540084 0.029259641141979865 -0.0017260044631248193 -0.091771648890997579 -0.06828777815974145 -0.0016335004347811652 0.090319231555580429 0.02978140980251898 0.084201131609985561 -0.0046952678783172544 -0.003853996667671999 -0.0031245013392179328 0.089691781580086963 -0.0022846363625417805 0.037936125195822998 -0.016369617430586288 0.0021102985405636603 0.006644376754847304 0.026090748785843613 0.065667964690630534 0.027663225857651356 0.025531925494599487 -0.093298917460159767 0.0020686319328877549
decision_type=8 8 8 8 10 10 8 8 10 10 10 8 10 2 10 10 8 8 8 10 10 10 10 10 10 10 8 8 8 8
left_child=8 4 6 15 5 24 7 -3 9 -1 -10 14 13 26 -5 -4 -11 -18 19 -17 -8 -22 23 -12 25 -2 28 -28 -13 -29
right_child=1 2 3 11 -6 -7 20 -9 10 16 22 12 -14 -15 -16 18 17 -19 -20 -21 21 -23 -24 -25 -26 -27 27 29 -30 -31
leaf_value=0.0010377480166710328 -3.2755756608216062e-05 -0.00011454259864016693 0.00024802063248438789 -0.00010486075184011456 0.00018161155913890548 -0.0014415951882475386 1.1950473901827725e-05 0.0031420505702525617 -1.8330463428449996e-05 0.00076220951793638434 0.00052931801174673052 -2.2974218544409616e-06 -0.0012311434575096253 0.00076034993519144881 0.0012097552929187625 -0.0017702012775614084 -0.0025202476925462714 -0.00016615786333289183 -0.0018985056690820033 -0.00057355274607460321 -0.00012723344708526338 -0.00099157437651330909 0.00016645763472635002 -0.0016136240739192177 0.00062111173958803701 -0.00046029048731996268 0.001250781058682511 -9.2869521625497402e-05 -0.001006066602029815 -0.00076981291388544077
leaf_weight=1138 108632 221 781 8470 31955 717 28345 248 8928 902 20548 1159 1857 1066 739 867 579 7161 901 3555 4631 2034 11622 211 1906 5422 424 6011 3517 2808
leaf_count=1138 108632 221 781 8470 31955 717 28345 248 8928 902 20548 1159 1857 1066 739 867 579 7161 901 3555 4631 2034 11622 211 1906 5422 424 6011 3517 2808
internal_value=-8.89669e-06 -6.4295e-05 -0.000204105 -0.000382242 -6.75533e-07 -5.05995e-05 -4.26571e-05 0.00160749 0.000225611 -7.98169e-05 0.000297922 -0.000276396 -0.000427873 -0.000328329 6.34009e-07 -0.000833977 -0.000226981 -0.000342258 -0.000992729 -0.000808174 -6.47628e-05 -0.00039101 0.000385119 0.000507537 -4.19988e-05 -5.30803e-05 -0.000411706 -0.000236887 -0.000757271 -0.000308411
internal_weight=267355 216266 67634 32155 148632 116677 35479 469 51089 9780 41309 26051 16842 14985 9209 6104 8642 7740 5323 4422 35010 6665 32381 20759 115960 114054 13919 9243 4676 8819
internal_count=267355 216266 67634 32155 148632 116677 35479 469 51089 9780 41309 26051 16842 14985 9209 6104 8642 7740 5323 4422 35010 6665 32381 20759 115960 114054 13919 9243 4676 8819
is_linear=0
shrinkage=0.03


Tree=57
num_leaves=31
num_cat=0
split_feature=8 12 0 9 0 11 3 10 10 10 7 6 1 7 11 10 9 6 10 11 2 12 3 12 11 11 3 11 10 11
split_gain=3.85684 1.36735 1.70306 1.63107 1.35473 1.775 1.36289 1.69251 1.77935 1.36184 2.32189 1.43444 1.337 1.33419 1.23949 1.33691 1.16336 1.1544 1.05454 1.05127 1.29272 0.998712 1.36965 0.991449 1.09914 0.974708 0.948335 1.12508 0.92913 1.27707
threshold=0.023550984506922133 0.0027018519775784404 0.0052141581726806727 -0.059055663705313281 -0.01163331757445085 0.0062848469957002004 0.015651302660273595 -0.0086377534955604501 -0.017340498250633881 0.010624881496363094 0.14969515102643285 -0.045707831791154334 -0.0035714353833879438 -0.028519891788196246 0.0015250341190581331 -0.0063991799270357022 -0.0064463921836128693 -0.013403114121679769 0.011254416162038596 -0.010757996424146763 -0.58114341396357683 -0.031093505766181747 -0.042370462896746112 -0.0068999484522382351 0.00052471065793802129 -0.0073806561312393928 0.050607399483895595 0.00094286851011637929 -0.00167466023889673 -0.0016335004347811652
decision_type=10 10 10 8 10 8 10 10 10 8 10 10 2 8 10 10 10 10 10 10 8 10 10 10 10 10 10 10 8 10
left_child=1 2 3 -1 5 6 7 8 17 16 11 -11 28 26 19 -16 21 -2 -13 20 -3 22 -6 -20 -25 -21 27 -8 29 -5
right_child=4 14 -4 12 9 -7 13 -9 -10 10 -12 18 -14 -15 15 -17 -18 -19 23 25 -22 -23 -24 24 -26 -27 -28 -29 -30 -31
leaf_value=7.2493247681641105e-05 -0.00034714354429303144 0.0031425048470206094 -3.6856115695647663e-05 -0.00026634012808854552 0.001709235299097132 -0.0018144709394683186 -0.00094348758343003791 0.00091362983144937235 -0.0011237702336727899 0.0016822869880197906 -0.0014288577375432738 0.0019284434909132694 0.00017971460341686368 -0.00082024272921115565 -0.00061226541199851806 0.00034733923846465764 0.00041986169232596343 0.0028029394773907835 -0.0010703588285109118 -0.0012904245403322356 -5.7649334503989317e-05 -0.00021796080883629141 4.6259321880105684e-05 -0.00053217343069519028 0.0013477762237040201 -9.4587840601126379e-05 0.0024361978757869505 0.0018393102271711803 0.00059512743626942291 0.00058178582437369672
leaf_weight=32596 205 200 27226 3041 531 357 355 4020 857 989 517 297 23072 1428 1473 11570 2826 214 539 623 263 86275 2776 513 616 39983 212 207 19713 3367
leaf_count=32596 205 200 27226 3041 531 357 355 4020 857 989 517 297 23072 1428 1473 11570 2826 214 539 623 263 86275 2776 513 616 39983 212 207 19713 3367
internal_value=1.65203e-05 0.000107468 0.000168661 0.000237074 -0.0001265 0.000252271 0.000350674 0.000611478 -0.000340444 -0.000157531 0.000425846 0.000750451 0.000346128 -0.000276582 -1.58126e-05 0.000238967 -0.000179444 0.00126173 0.00028145 -9.67275e-05 0.00132471 -0.00019835 0.000313281 -1.18095e-05 0.000493556 -0.000112935 0.000726451 8.14931e-05 0.000493116 0.000179297
internal_weight=266861 163127 109015 81789 103734 7855 7498 5296 1276 95879 3471 2954 49193 2202 54112 13043 92408 419 1965 41069 463 89582 3307 1668 1129 40606 774 562 26121 6408
internal_count=266861 163127 109015 81789 103734 7855 7498 5296 1276 95879 3471 2954 49193 2202 54112 13043 92408 419 1965 41069 463 89582 3307 1668 1129 40606 774 562 26121 6408
is_linear=0
shrinkage=0.03


Tree=58
num_leaves=31
num_cat=0
split_feature=13 1 9 0 3 11 11 13 7 11 9 0 10 1 13 5 13 10 4 5 7 6 10 0 13 1 1 7 11 0
split_gain=3.55389 1.60761 1.65606 1.86334 1.83098 1.26564 1.16771 2.03535 1.35824 2.12855 1.41372 1.93786 1.26995 1.23603 1.21612 1.13767 1.20713 1.13344 1.40294 1.109 1.04894 1.0424 1.07353 1.00139 1.32825 1.70348 1.50413 1.28674 1.22445 1.14903
threshold=0.011538455017611514 -0.0089175910911575267 -0.057475973569399645 0.020539594414491828 -0.046979232408247799 -0.012546539886328088 0.0034285299068472779 0.021943788525946469 -0.12031651973661932 0.0028505384394292847 -0.054408318176129004 -0.01163331757445085 -0.0086377534955604501 0.012499525779348543 0.05775751016871733 0.057461613862436804 0.064390400744067808 -0.0074088001693107799 -0.015126314218944668 0.023579826453466634 -0.17836104817905848 -0.045707831791154334 -0.00167466023889673 0.015776433166714735 0.044293193621162998 0.036453426445776767 0.02978140980251898 0.035790958371444533 -0.0039297766041208595 -0.0019150282157918139
decision_type=2 2 8 10 10 10 10 2 8 10 10 8 8 2 2 8 2 8 10 10 8 10 10 10 2 2 2 10 8 10
left_child=-1 2 4 5 -2 -4 8 -8 9 13 11 12 -10 -3 -13 16 -16 18 -6 -5 -9 -7 -23 24 26 -26 -12 -28 -25 -27
right_child=1 6 3 19 17 21 7 20 10 -11 23 14 -14 -15 15 -17 -18 -19 -20 -21 -22 22 -24 28 25 29 27 -29 -30 -31
leaf_value=0.00019598981728621793 0.00078021707473105743 7.4210217761501549e-05 -0.0015409818318795842 0.00085438108977906708 -0.00064582698571860012 0.0015768382244277744 0.00034193689009560019 -0.0013892251087621024 -0.00057855360491670558 -0.0018812259303122721 -8.7667816021321925e-05 -0.00031331303323178355 0.00067849923958192369 0.00087868853713158723 -0.00039869486060189568 5.3290200765274231e-05 -0.0028513831603324273 -0.00016353176091686461 0.0012253485566838186 -0.0013045464574974696 -0.00015165514894582057 -0.00011067445860562055 0.00038198801406113641 0.0021945926825543724 -0.0015615704749799453 -0.0013997409246260509 0.0032752209402102414 0.00045127886581818478 0.00025075855907943305 0.00060084302567427216
leaf_weight=61705 2138 6000 335 269 526 576 12134 658 966 421 46412 53029 2879 2409 285 378 493 32719 1147 1050 9747 4941 20481 335 1247 367 212 461 2254 873
leaf_count=61705 2138 6000 335 269 526 576 12134 658 966 421 46412 53029 2879 2409 285 378 493 32719 1147 1050 9747 4941 20481 335 1247 367 212 461 2254 873
internal_value=-3.69985e-06 -6.35897e-05 6.09519e-05 0.000236104 -7.16321e-05 0.00029122 -0.000120056 7.79435e-05 -0.000157551 0.000200456 -0.000186239 -0.000288116 0.000362683 0.000304676 -0.000334297 -0.0012969 -0.0019529 -0.000124588 0.000637041 -0.00086425 -0.000229918 0.000314829 0.000286235 -7.28993e-05 -0.000102939 -0.000778628 -6.72497e-05 0.00134084 0.000502278 8.73471e-06
internal_weight=267447 205742 64182 27652 36530 26333 141560 22539 119021 8830 110191 58030 3845 8409 54185 1156 778 34392 1673 1319 10405 25998 25422 52161 49572 2487 47085 673 2589 1240
internal_count=267447 205742 64182 27652 36530 26333 141560 22539 119021 8830 110191 58030 3845 8409 54185 1156 778 34392 1673 1319 10405 25998 25422 52161 49572 2487 47085 673 2589 1240
is_linear=0
shrinkage=0.03


Tree=59
num_leaves=31
num_cat=0
split_feature=5 9 4 0 3 13 12 9 5 10 12 10 10 9 6 5 10 7 10 0 10 6 0 10 4 12 2 9 4 9
split_gain=3.44138 1.73244 1.52162 1.57409 1.64072 1.40805 1.01815 0.940129 1.79864 1.29502 1.52536 0.916321 0.915597 1.19128 1.07944 1.02649 1.72729 1.02486 1.01294 0.898378 0.876642 1.66774 1.35383 1.42501 1.14862 1.13496 1.11739 0.905911 1.15279 1.13314
threshold=0.025176294008117335 -0.054408318176129004 0.076167544351271613 -0.0044495201649288876 -0.063667455171537865 0.053331140722772709 0.061390783737151351 -0.21465422878873616 0.03939727242309414 -9.0218102185568566e-06 0.016145292866300068 -0.0047679419871566311 -0.0041235522615818412 -0.029144403878375465 0.0017157868908282972 0.0098273434591020278 0.0058968997251246389 0.12463834667434394 -0.0047679419871566311 -0.016812468192848481 0.008946640679050823 -0.066947427552034908 0.041296227684088478 0.0020804490188220952 -0.00049951271511672324 0.00049420772218938824 9.5720834434164921 -0.02824571947259907 -0.010917751011705721 -0.029593554037021793
decision_type=10 8 10 10 8 2 8 10 10 10 10 10 8 8 8 8 10 8 10 10 10 8 10 10 10 10 8 10 10 8
left_child=1 5 3 4 -2 11 7 8 -6 10 -10 -1 13 18 -15 16 17 -14 -3 -13 22 24 27 26 -22 -23 -24 29 -29 -5
right_child=2 12 -4 20 6 -7 -8 -9 9 -11 -12 19 15 14 -16 -17 -18 -19 -20 -21 21 25 23 -25 -26 -27 -28 28 -30 -31
leaf_value=0.00046121090975591111 0.0018857152529203748 0.00070151882813750089 -0.00091207911590833815 -0.00016364811699375931 -0.00076628341874986365 -0.0016135072191799304 -0.0018118995296023785 6.6100226046264505e-05 0.0017140228207370876 0.0035434531932905513 -0.0012418657876218536 0.0012855149191071543 0.00061945008308044499 -0.0016220098438686735 -0.00024508576712647332 0.00021206770021981142 -0.0011927424751975318 0.0019933199090438414 -0.0010097620739841085 -4.2405002374954913e-05 0.0018857632179597377 -0.00044526542386522983 0.0011411048441744155 -0.0027243895381828765 -0.00025481650538581777 0.00053931641726342973 -0.0017751950261067698 0.00074745268919180824 -3.3762571310945993e-05 -0.00079474158428468646
leaf_weight=3688 468 1722 2037 90655 442 488 250 23771 624 223 210 463 5643 648 2449 53052 447 535 380 47382 795 2473 248 375 315 1836 226 1852 20714 2635
leaf_count=3688 468 1722 2037 90655 442 488 250 23771 624 223 210 463 5643 648 2449 53052 447 535 380 47382 795 2473 248 375 315 1836 226 1852 20714 2635
internal_value=-2.70174e-06 0.000119353 -9.77261e-05 -8.65262e-05 0.000125483 -9.62085e-06 9.32032e-05 0.000112051 0.000840728 0.00151272 0.000969734 5.56741e-06 0.000222771 -0.000159064 -0.000533186 0.000256036 0.000608125 0.000738424 0.000392153 -2.95546e-05 -0.000131642 0.000241365 -0.000148962 -0.00134257 0.0012783 -2.57499e-05 -0.000249367 -0.000140215 3.03521e-05 -0.000181474
internal_weight=267046 116897 150149 148112 25988 52021 25520 25270 1499 1057 834 51533 64876 5199 3097 59677 6625 6178 2102 47845 122124 5419 116705 849 1110 4309 474 115856 22566 93290
internal_count=267046 116897 150149 148112 25988 52021 25520 25270 1499 1057 834 51533 64876 5199 3097 59677 6625 6178 2102 47845 122124 5419 116705 849 1110 4309 474 115856 22566 93290
is_linear=0
shrinkage=0.03


Tree=60
num_leaves=31
num_cat=0
split_feature=13 1 0 9 7 13 11 1 11 3 1 2 11 9 1 1 3 3 11 11 0 4 2 2 11 2 9 0 2 1
split_gain=2.50356 1.52988 2.26522 1.79354 1.56307 1.39211 1.98121 1.91686 1.69438 2.3866 1.46952 1.48752 1.23837 1.15987 1.38457 1.18533 1.13774 1.0995 1.06566 1.47122 1.02128 1.01102 0.974212 0.972669 0.969084 0.990497 1.08382 0.91294 1.08885 1.29751
threshold=0.0085338776899021949 -0.0056997461352492609 0.0083997903288483017 -0.079832437248412311 0.070542772063533224 0.021140193550111781 -0.0059230191415868818 0.01382046000755688 0.00094286851011637929 0.028243626117370638 -0.00033049804888063411 -0.7940060318461003 -0.012546539886328088 -0.063361932159896037 0.008311225662386847 -0.0044487463704663823 -0.014337071062717253 -0.0033390441857566451 -0.0043553738595880067 -0.0017490787565381802 -0.0044495201649288876 0.058985007609230651 -5.8313608410969531 -2.6107810786598447 0.0060144310204254267 10.738245592334398 -0.026518502981555832 0.012365310691954125 9.5720834434164921 -0.031563287212033268
decision_type=2 2 8 8 8 2 8 2 8 10 2 8 8 8 2 2 8 8 8 8 10 10 8 10 8 8 10 10 8 2
left_child=-1 2 3 21 20 13 -7 8 9 22 -11 -12 -5 15 -15 -6 -4 23 -17 -20 -3 -2 -8 -10 25 -9 -27 -18 29 -29
right_child=1 4 16 12 5 6 7 24 17 10 11 -13 -14 14 -16 18 27 -19 19 -21 -22 -23 -24 -25 -26 26 -28 28 -30 -31
leaf_value=0.0002828742431806062 -5.4858845295498395e-05 0.00018351710795678537 0.00016869732446986733 -0.0016697305759991942 0.0011206109975264093 0.0013937488211037878 0.00041240190792922319 1.348884528841523e-05 -0.0011194030640537182 -0.0016003052445183344 0.0014212023481515565 -0.00082197583216721628 0.0002872329361200182 -9.9191076057846808e-05 0.0005442194624721337 -0.0027488103506592278 -9.1994316465527138e-05 -0.00068354878663225854 0.00067936338259552698 -0.00085740919531414523 -6.054491691566386e-05 0.0019010003435541876 -0.0015586022659451072 0.00077661876786772554 -0.0015768362348079418 -0.0013917196561811737 0.00031779103292617946 0.00060397536245234795 -0.0014814602230305443 -0.00060625866499284229
leaf_weight=26915 26725 18777 5146 293 357 532 239 8280 309 408 653 449 43146 17440 3638 213 6497 2242 692 2954 86588 240 4054 1149 426 1004 500 930 1034 5587
leaf_count=26915 26725 18777 5146 293 357 532 239 8280 309 408 653 449 43146 17440 3638 213 6497 2242 692 2954 86588 240 4054 1149 426 1004 500 930 1034 5587
internal_value=8.48437e-06 -2.22231e-05 7.59725e-05 0.000154734 -8.05259e-05 -0.00022739 -0.000412793 -0.000461547 -0.000768182 -0.00108805 -6.22163e-05 0.00050724 0.000274033 -7.89961e-05 1.18597e-05 -0.000533232 -0.000212924 -0.000266507 -0.000686231 -0.000565734 -1.70508e-05 -3.74509e-05 -0.00144887 0.000374787 -0.000176145 -0.000115158 -0.000823398 -0.000352718 -0.000577049 -0.000433554
internal_weight=267417 240502 89598 70404 150904 45539 20245 19713 9503 5803 1510 1102 43439 25294 21078 4216 19194 3700 3859 3646 105365 26965 4293 1458 10210 9784 1504 14048 7551 6517
internal_count=267417 240502 89598 70404 150904 45539 20245 19713 9503 5803 1510 1102 43439 25294 21078 4216 19194 3700 3859 3646 105365 26965 4293 1458 10210 9784 1504 14048 7551 6517
is_linear=0
shrinkage=0.03


Tree=61
num_leaves=31
num_cat=0
split_feature=8 5 0 0 12 6 10 7 6 10 2 5 10 3 10 2 2 4 4 12 3 12 7 10 2 5 7 4 2 12
split_gain=3.31231 1.67457 1.49592 1.44159 1.49804 1.14282 1.07462 1.76473 1.42791 1.14694 1.4282 1.2514 1.40662 1.2294 1.22756 1.20298 1.10971 1.03809 1.0334 1.0125 1.01093 1.06683 0.99842 1.7668 1.4957 1.61654 1.71564 0.984592 0.978112 1.35453
threshold=0.028319457068308702 0.012298136343783557 -0.016812468192848481 0.0045340084550890012 -0.0022347273719109935 0.023363671275360657 0.0049008937763079805 -0.080446175517744953 0.10183423150232264 -0.0018969835059131077 12.401822847595808 0.023716963954622177 0.0015252582124792859 0.028961107315372828 0.0032065108569750982 -0.60436359868784939 -2.9043491911381354 0.065499377120657024 0.00011440672033657952 -0.029297019120139597 -0.025988307739951141 -0.00049464330569254356 0.023976568233735954 -0.00167466023889673 -1.6861649016878475 0.053267051501328752 0.14656170548357653 0.018729623993210102 -0.43056097381552683 0.011036610687637951
decision_type=10 8 10 8 10 8 8 10 10 10 10 10 10 10 8 10 8 10 10 10 10 10 8 8 8 10 8 10 10 10
left_child=1 -1 17 4 22 -5 9 18 16 15 11 -11 13 19 20 -4 -9 -2 -8 -13 21 -14 -3 24 -24 -26 -27 -22 -16 -30
right_child=2 3 6 5 -6 -7 7 8 -10 10 -12 12 14 -15 28 -17 -18 -19 -20 -21 27 -23 23 -25 25 26 -28 -29 29 -31
leaf_value=0.00033673788970851258 0.00056395063041090178 0.00010452756487764115 -0.00023523665382280457 -2.0036592030433019e-06 -8.2105695454878993e-08 -0.00028759039331758917 0.0014411488166662825 -0.0020537471642868743 0.00085782423044153443 7.8810992923639901e-05 -0.0015628328044355534 0.00033686693089365373 4.9281149645761431e-05 -0.00010181181227827016 -0.00074755044238510049 0.00038618176778053135 -0.00025348830282211743 -0.0016291606672904522 5.9354346895847338e-06 -0.00076108840497078525 -0.00032867509848347897 0.0015517600457805407 -0.00099085887698624584 0.00053380502703903913 -1.7676605375746231e-06 1.7186720549511622e-05 0.003912829932688577 0.0003756585139892559 0.00061461115921485879 -0.0013820045982022976
leaf_weight=17845 3153 32624 7797 41234 71540 18167 1197 333 1017 6099 846 801 1031 3963 4543 4378 4132 207 725 13427 6059 724 1265 15662 4154 202 205 2533 1212 409
leaf_count=17845 3153 32624 7797 41234 71540 18167 1197 333 1017 6099 846 801 1031 3963 4543 4378 4132 207 725 13427 6059 724 1265 15662 4154 202 205 2533 1212 409
internal_value=-3.63009e-07 5.91988e-05 -0.000187478 3.24352e-05 9.00066e-05 -8.93465e-05 -0.0002213 0.000117565 -0.000156677 -0.000267916 -0.000342794 -0.000317497 -0.000387149 -0.000569116 -0.000186668 -1.17812e-05 -0.000387752 0.000428839 0.00089977 -0.000699276 1.29877e-05 0.000669107 0.00020911 0.000367893 -7.81286e-05 0.000175018 0.00197937 -0.000121031 -0.000521813 0.000110838
internal_weight=267484 202898 64586 185053 125652 59401 61226 7404 5482 53822 41647 40801 34702 18191 16511 12175 4465 3360 1922 14228 10347 1755 54112 21488 5826 4561 407 8592 6164 1621
internal_count=267484 202898 64586 185053 125652 59401 61226 7404 5482 53822 41647 40801 34702 18191 16511 12175 4465 3360 1922 14228 10347 1755 54112 21488 5826 4561 407 8592 6164 1621
is_linear=0
shrinkage=0.03


Tree=62
num_leaves=31
num_cat=0
split_feature=13 0 12 1 10 11 6 13 9 13 10 10 6 4 10 10 2 11 11 10 0 9 11 9 13 0 6 6 1 2
split_gain=2.72121 1.44942 1.69805 1.38601 1.30717 1.91712 1.48598 1.44979 1.17426 1.48173 1.21509 1.1546 1.32718 1.15128 1.04573 1.14998 1.07685 1.04187 2.21761 1.17234 1.03637 1.19084 1.18121 1.04119 1.05618 1.01677 1.00077 0.994197 0.992178 0.982124
threshold=0.011538455017611514 0.003201779960592011 -0.0018542327424588831 -0.0035714353833879438 0.0034581690916765111 -0.0065286733926540599 -0.066947427552034908 0.021943788525946469 -0.061657684494002656 0.029557106890966914 3.4379528609851391e-05 0.0033240738543719455 0.13965682969120488 0.0048147690663866713 0.0026504755997879275 -0.0013561827825562809 -0.94410401329038085 -0.003853996667671999 -0.0026814959715112936 0.0059692030208320377 -0.007537908113674551 -0.0013327721318266981 0.0067660142252137243 -0.10599613264646039 0.044293193621162998 0.00116545276055835 -0.00079362436467472753 -0.11983695467885135 -0.0072105847264469216 -2.4934878013851098
decision_type=2 8 10 2 10 8 8 2 10 2 10 10 10 10 8 10 10 10 10 10 10 8 8 8 2 10 10 8 2 8
left_child=3 2 20 29 5 7 -6 -3 9 26 -10 12 14 -9 15 -11 -16 -5 19 -19 21 -2 23 24 -22 -25 27 -7 -27 -1
right_child=1 4 -4 17 6 8 -8 13 10 11 -12 -13 -14 -15 16 -17 -18 18 -20 -21 22 -23 -24 25 -26 28 -28 -29 -30 -31
leaf_value=-8.5301034516308135e-05 0.000392014529022124 -0.00061476001144588125 -7.8674090650940651e-05 0.00057744607658039384 0.00065677828004203839 0.0011603026303632687 -3.8024011393875583e-05 0.0016416601165588501 -0.00038490034243322786 3.0736615484847779e-05 2.7751975101087978e-05 -0.0027434513960308991 -0.0029375598217805171 -1.130779569552023e-05 -0.00056094452563117722 -0.00089067128422488906 0.0014783952731379597 -0.00051426018426589529 0.00011847440997853188 -0.0025628823023174305 -0.00027457193431735562 0.0025049092128367621 0.0012257560731240157 4.648207877432946e-05 0.00093533318760701944 0.00061214375269734455 7.0714744746040649e-05 -0.00039551860492725876 -7.1573882907821873e-05 0.00051630561133322156
leaf_weight=2951 8559 609 61309 3694 3121 378 24657 1137 9350 1543 20509 241 220 569 513 5807 427 3178 37402 273 9498 247 814 22347 697 6738 6726 16742 2666 14165
leaf_count=2951 8559 609 61309 3694 3121 378 24657 1137 9350 1543 20509 241 220 569 513 5807 427 3178 37402 273 9498 247 814 22347 697 6738 6726 16742 2666 14165
internal_value=8.34587e-06 -4.41183e-05 2.80389e-05 0.000183125 -0.000132123 -0.000205958 4.00406e-05 0.00064179 -0.00023738 -0.000361879 -0.000101465 -0.000695763 -0.000637774 0.00109035 -0.000576742 -0.000697238 0.000365436 9.49622e-05 5.13351e-05 -0.000676322 0.000154914 0.000451279 9.3881e-05 7.1916e-05 -0.000191855 0.000156611 -0.00023935 -0.000361167 0.000418312 0.000412582
internal_weight=267087 205424 112875 61663 92549 64771 27778 2315 62456 32597 29859 8751 8510 1706 8290 7350 940 44547 40853 3451 51566 8806 42760 41946 10195 31751 23846 17120 9404 17116
internal_count=267087 205424 112875 61663 92549 64771 27778 2315 62456 32597 29859 8751 8510 1706 8290 7350 940 44547 40853 3451 51566 8806 42760 41946 10195 31751 23846 17120 9404 17116
is_linear=0
shrinkage=0.03


Tree=63
num_leaves=31
num_cat=0
split_feature=13 12 3 13 1 3 8 9 10 11 8 7 10 5 10 10 10 9 6 3 11 12 8 3 1 3 11 13 5 9
split_gain=2.9659 1.62428 1.5378 1.32639 1.4164 1.32346 1.20741 1.17051 1.47029 1.28719 1.2482 1.4373 1.2532 1.15422 1.1152 1.75733 1.40708 1.74364 1.12492 1.86108 1.04929 2.05698 1.31611 1.28925 1.1261 1.04471 1.20684 0.997572 0.986676 0.977297
threshold=0.011946339177603408 -0.015171084589503168 -0.0328799652855205 0.021546261132986692 0.010287582198841629 0.011470152190725892 0.011898343269700564 -0.020963020191375911 -0.0019487665986173683 0.0004826238977566622 0.040735814898767646 0.30393468319807554 -0.0027255297015332243 0.010525150122679417 0.0017187842781518638 -0.0021171488871817297 -0.0086377534955604501 -0.091771648890997579 -0.068568735952729096 -0.017325511864837769 -0.0036759829047361965 0.01489441828122068 0.036477352469549681 0.035422334844737453 0.015742696157554751 -0.031037184623754984 0.0050570585274101196 0.044293193621162998 0.044399066513356795 -0.059571018127541779
decision_type=2 10 10 2 2 10 10 10 8 8 10 10 8 8 10 8 10 8 8 10 10 10 8 10 2 10 10 2 10 10
left_child=6 2 27 4 -3 13 -1 10 -9 -10 11 12 -4 -6 15 16 25 -18 19 -16 21 23 -22 28 -24 26 -5 -2 -19 -20
right_child=1 3 7 14 5 -7 -8 8 9 -11 -12 -13 -14 -15 18 -17 17 20 29 -21 22 -23 24 -25 -26 -27 -28 -29 -30 -31
leaf_value=0.00038132142691402974 0.00035719808283424031 -5.943400344591305e-05 0.00058965205605836322 -0.0033047156873736317 0.0021668037692475213 0.00090207844679944462 9.7724641857594013e-05 -0.00084608342421326626 0.0013042765261234231 0.00014531207640695 -0.00065610452443465967 0.0018741262664258738 -7.3783365172372885e-05 6.0274337770474817e-05 0.0011248450014793273 -0.0004428871841582725 0.0004572305871039105 -0.00023917187481758346 -0.00029536168829031982 -0.00039872478965704753 -0.00016051087214041823 0.0024400704162560781 -0.00048289296244482946 -0.0022945754135513833 -0.0022623510936280308 -0.00040238210893288692 -0.00030097132493628537 0.0014198386737698224 0.0021713745539998905 9.8824637931808521e-05
leaf_weight=18704 2149 90551 3038 263 241 2539 48666 588 1892 1585 2416 388 16372 8173 1792 25579 6032 592 11833 1208 5930 377 788 203 539 2384 222 1262 206 10852
leaf_count=18704 2149 90551 3038 263 241 2539 48666 588 1892 1585 2416 388 16372 8173 1792 25579 6032 592 11833 1208 5930 377 788 203 539 2384 222 1262 206 10852
internal_value=4.30343e-06 -5.36892e-05 0.000151073 -8.93865e-05 -2.04584e-05 0.000301762 0.00017646 7.3287e-05 0.000541332 0.000775959 -1.23618e-05 6.61957e-05 3.00557e-05 0.000120611 -0.00019108 -0.000284304 -5.29856e-05 6.58676e-05 -3.45925e-05 0.000511354 -0.00020752 0.000551394 -0.000351627 -0.000159925 -0.00120567 -0.000660591 -0.00192981 0.000750353 0.0003831 -0.000106792
internal_weight=267364 199994 29690 170304 101504 10953 67370 26279 4065 3477 22214 19798 19410 8414 68800 43115 17536 14667 25685 3000 8635 1378 7257 1001 1327 2869 485 3411 798 22685
internal_count=267364 199994 29690 170304 101504 10953 67370 26279 4065 3477 22214 19798 19410 8414 68800 43115 17536 14667 25685 3000 8635 1378 7257 1001 1327 2869 485 3411 798 22685
is_linear=0
shrinkage=0.03


Tree=64
num_leaves=31
num_cat=0
split_feature=5 0 1 11 7 11 3 5 8 0 6 1 7 2 2 5 12 6 12 5 4 11 7 5 0 4 11 11 2 8
split_gain=2.60382 1.79093 1.67009 1.29453 1.23681 0.992204 1.01619 0.985543 0.906448 1.10972 0.839209 0.829912 1.40069 0.792692 0.779419 0.820567 0.800107 0.918466 0.771548 0.763872 0.760741 1.26395 1.12953 1.10627 1.08529 0.884833 0.963256 0.840105 0.923395 0.944371
threshold=0.012298136343783557 0.0033139245584261627 0.0015119332079397421 0.0067660142252137243 0.2141473170438524 0.0034285299068472779 0.049703684995656368 0.024508303367421297 0.025584558429249608 -0.01163331757445085 0.036037146634002266 -0.033542172240368366 -0.088466112726560117 -1.7414211059491274 10.539671338648864 0.021539053391309626 -0.040492422626316076 0.068898551427220359 -0.01726853862018218 0.026151143399968897 0.018729623993210102 -0.005365314619582894 -0.070427258724111971 0.082658040644484967 -0.034499345965972088 -0.018492322982358474 -0.004084899335485003 0.0038327712175719735 -2.9585254252122195 0.012128104907728946
decision_type=8 10 2 8 10 8 10 8 8 10 8 2 10 10 8 10 8 10 10 10 10 10 8 10 8 10 10 10 10 10
left_child=-1 2 3 7 5 6 8 10 -4 -10 -2 12 -9 -8 16 -16 17 -3 -12 -17 24 22 -22 -23 -13 26 -26 28 -27 -30
right_child=1 14 4 -5 -6 -7 13 11 9 -11 18 20 -14 -15 15 19 -18 -19 -20 -21 21 23 -24 -25 25 27 -28 -29 29 -31
leaf_value=0.00033952783571439542 0.00017304785175743651 0.0012540059044970177 -5.0426754667552545e-05 0.0013974250236288416 -0.00067674630547570342 0.00020441033885798581 0.0018974122889034569 0.0018625072445343737 0.00027821151307350908 -0.00047649643231189909 0.001952053419334571 0.0014909516361698047 0.00012325854068877886 0.00025101198625323813 0.00015045392881651515 -0.0013275319556739073 -0.00010984360380814282 -0.00063761530408780985 0.00048558215534784285 -0.00042923114886112994 0.0027519499264760977 0.00020953537498726322 0.00060921895129863039 -0.00094661907213774207 -0.00044000078182542522 -0.00062330700090943629 0.0002397725298827889 -0.00092863216340869151 0.00093035519752407458 -0.00011695991706595053
leaf_weight=18501 30258 787 31492 715 2985 11078 366 581 2103 10550 345 397 1474 937 1736 1045 97176 327 5039 4612 297 8330 870 818 2299 3189 10199 1343 813 16523
leaf_count=18501 30258 787 31492 715 2985 11078 366 581 2103 10550 345 397 1474 937 1736 1045 97176 327 5039 4612 297 8330 870 818 2299 3189 10199 1343 813 16523
internal_value=-3.82985e-06 -2.93742e-05 3.98359e-05 0.000126393 -8.1598e-05 -5.01696e-05 -0.000112224 0.000115414 -0.000136595 -0.00035106 0.000234453 2.53963e-05 0.000614988 0.00071347 -0.000123023 -0.000420086 -0.000100679 0.000698745 0.000579552 -0.000595171 -1.48183e-06 0.000224764 0.00115454 0.000106154 -6.86144e-05 -8.66307e-05 0.000114729 -0.000201712 -0.000154147 -6.78444e-05
internal_weight=267185 248684 143001 83490 59511 56526 45448 82775 44145 12653 35642 47133 2055 1303 105683 7393 98290 1114 5384 5657 45078 10315 1167 9148 34763 34366 12498 21868 20525 17336
internal_count=267185 248684 143001 83490 59511 56526 45448 82775 44145 12653 35642 47133 2055 1303 105683 7393 98290 1114 5384 5657 45078 10315 1167 9148 34763 34366 12498 21868 20525 17336
is_linear=0
shrinkage=0.03


Tree=65
num_leaves=31
num_cat=0
split_feature=8 5 12 3 6 7 9 5 0 8 9 6 0 3 5 9 6 0 4 0 12 12 3 9 7 3 13 12 4 6
split_gain=2.46775 1.21244 1.17695 1.1477 1.32868 0.935016 0.873663 1.00296 0.979852 1.20723 1.08858 0.907745 0.865387 0.853045 0.832612 0.840433 1.02206 0.992797 1.33046 1.07575 2.52531 1.72593 1.5708 1.09452 1.03596 1.20967 1.34083 1.12717 1.65065 0.985646
threshold=0.019877176249503203 0.012298136343783557 0.049511325747076625 -0.046979232408247799 0.082284739503091023 0.12718852137184569 -0.057996141893881852 0.012508242324273189 -0.010053448361886539 0.01917309560130721 -0.17868927980519475 -0.021337778265839265 -6.3460237334778111e-05 -0.0078378635421353909 0.103036177656569 -0.026957577898237158 0.026300437974361993 -0.024303652410620432 0.0064557997508122309 0.011490297309781019 -0.001557568402458964 -0.0023254218814738876 -0.033911450980316053 -0.081123223271566888 0.08033820095989587 0.024880115342457491 0.055382658408149606 0.028999523715545875 -0.0076608759331790446 0.15943012003017734
decision_type=10 8 10 10 10 8 10 8 8 8 8 10 10 10 10 10 10 10 10 10 10 10 10 10 10 10 2 10 10 10
left_child=1 5 6 4 -2 13 7 -3 9 -9 -10 -8 -7 -1 15 17 -17 18 -5 21 22 23 -21 -19 -23 26 27 29 -29 -26
right_child=3 2 -4 14 -6 12 11 8 10 -11 -12 -13 -14 -15 -16 16 -18 19 -20 20 -22 24 -24 -25 25 -27 -28 28 -30 -31
leaf_value=0.0010949787436049117 0.00042868306679902688 -0.0017720095988968075 -0.0018054227225773691 0.0010017677408201261 -0.0017843087930759793 0.002356088741678346 0.00050551502470056419 0.00022758764907675389 0.00095757242884184849 0.0018964046856950721 -8.220979580075186e-05 9.5086790963840978e-05 0.00058286808795445237 0.0002042076441397602 -0.00071374299627830807 0.00045643669169335505 -3.9475681032864343e-05 -0.00019225538839585103 -0.00066198792848554035 0.0011838488547879055 0.00053459800479035903 -0.00022907812894572003 -0.00038418973151083146 0.00010580794331756943 -0.00059395176458852943 0.00028071605732252138 -0.0021443695396138195 -0.00084081808143779099 0.0024539323092684288 -0.0023649063853777405
leaf_weight=1038 5287 299 307 1464 256 367 5331 2047 925 482 44552 53740 762 14260 2051 4635 19377 23639 614 623 6394 37475 7459 20883 10093 1433 512 283 265 291
leaf_count=1038 5287 299 307 1464 256 367 5331 2047 925 482 44552 53740 762 14260 2051 4635 19377 23639 614 623 6394 37475 7459 20883 10093 1433 512 283 265 291
internal_value=-1.1822e-05 8.60629e-05 4.944e-05 -9.67563e-05 0.000326477 0.000326135 5.47433e-05 -3.98871e-05 -2.90988e-05 0.000545646 -6.10607e-05 0.000132127 0.00115928 0.000264648 -0.000113819 -0.000104734 5.62495e-05 -0.000139425 0.000510167 -0.00015177 8.9119e-05 -0.000188525 -0.000263318 -5.24491e-05 -0.000308845 -0.000540984 -0.000643876 -0.000573601 0.000752446 -0.000643581
internal_weight=267144 124110 107683 143034 5543 16427 107376 48305 48006 2529 45477 59071 1129 15298 137491 135440 24012 111428 2078 109350 14476 94874 8082 44522 50352 12877 11444 10932 548 10384
internal_count=267144 124110 107683 143034 5543 16427 107376 48305 48006 2529 45477 59071 1129 15298 137491 135440 24012 111428 2078 109350 14476 94874 8082 44522 50352 12877 11444 10932 548 10384
is_linear=0
shrinkage=0.03


Tree=66
num_leaves=31
num_cat=0
split_feature=8 7 8 3 0 7 10 7 13 0 1 10 10 10 0 7 4 10 9 10 5 4 5 9 3 0 6 10 1 6
split_gain=2.38254 1.1878 1.11149 1.2035 1.18295 1.22433 1.36047 1.12211 1.09735 1.05017 1.52275 1.47419 2.00882 1.19122 1.10718 1.17868 1.04974 1.0322 1.7729 1.52642 1.43883 1.12135 1.03299 1.03197 1.02266 0.972474 0.941272 0.933591 0.913389 1.10306
threshold=0.01520545354192236 0.093045459943375888 0.028319457068308702 -0.03192402797107307 0.0045957271921760476 -0.12319642227676712 0.0025175133770660722 0.32519847238428096 0.0050432397564790146 -0.019721406560940399 0.025737974595173577 0.0058968997251246389 0.0036264817377663632 0.0024302424577823394 -0.0023752386236354779 0.22960836875330551 -0.06164151120979066 -0.0016081971148838579 -0.055953209766494809 0.0018421243046183868 0.022296672355963342 -0.027164638942562599 0.016700567769504834 -0.20098730955311198 -0.022259302867313532 -0.0078400344475531552 -0.0090658121821906561 0.008946640679050823 -0.0061805017234904938 0.025164628258197989
decision_type=8 8 10 10 10 8 10 10 2 10 2 8 10 10 10 8 10 8 10 10 10 10 10 10 10 10 10 10 2 10
left_child=1 27 4 9 8 6 24 16 -2 -4 11 12 13 14 25 -16 -7 -5 -19 20 -20 -22 -21 -12 -6 -11 -27 -1 -24 -30
right_child=2 -3 3 17 5 7 -8 -9 -10 10 23 -13 -14 -15 15 -17 -18 18 19 22 21 -23 28 -25 -26 26 -28 -29 29 -31
leaf_value=0.00014306470695843915 0.0013287834146402987 0.00061322340538870446 0.0012591699022307275 3.8440053102389515e-05 -0.0013068445231484282 -0.0021813331066700132 0.00092909206712098343 0.0016748092006655189 5.1174862652115019e-05 -8.1613636145073758e-05 0.00041460838675807599 0.0012956209790129512 -0.0018520216547950714 0.0012221664454002998 -0.00058799002855897478 0.0014318437192145236 -0.0001708281277425863 -0.00041761393164338755 0.00078811294759631965 -0.0014744959406916708 -0.0023526504300892923 -0.00039201608936981734 0.00069844044997345426 -0.0018891271079451144 0.00025373851708315103 0.0024130855173033895 6.4530569484065235e-06 -0.00068308574533177096 0.00083741225932794491 -0.00019800211296241266
leaf_weight=55483 609 4864 756 12633 534 235 2007 295 93310 680 258 1001 461 875 2310 293 43224 27395 929 301 273 6850 3339 544 1293 408 228 1259 1229 3756
leaf_count=55483 609 4864 756 12633 534 235 2007 295 93310 680 258 1001 461 875 2310 293 43224 27395 929 301 273 6850 3339 544 1293 408 228 1259 1229 3756
internal_value=-3.87981e-07 0.000163302 -4.93346e-05 -0.00015253 -2.28361e-06 -0.000124138 0.00038991 -0.000169183 5.94593e-05 0.00019651 8.26863e-05 0.00024046 3.94671e-05 0.000221356 -2.0959e-06 -0.000360633 -0.0001817 -0.000200628 -0.000269155 -2.52847e-05 -0.000322333 -0.00046716 0.000252029 -0.00114803 -0.000202392 0.000707077 0.00155033 0.000124734 0.000314461 5.72686e-05
internal_weight=267632 61606 206026 64519 141507 47588 3834 43754 93919 7814 7058 6256 5255 4794 3919 2603 43459 56705 44072 16677 8052 7123 8625 802 1827 1316 636 56742 8324 4985
internal_count=267632 61606 206026 64519 141507 47588 3834 43754 93919 7814 7058 6256 5255 4794 3919 2603 43459 56705 44072 16677 8052 7123 8625 802 1827 1316 636 56742 8324 4985
is_linear=0
shrinkage=0.03


Tree=67
num_leaves=31
num_cat=0
split_feature=13 8 10 9 7 11 3 12 2 4 11 13 9 8 11 2 2 8 11 10 11 11 9 10 3 4 7 13 4 11
split_gain=2.75388 1.15626 1.78681 1.42944 1.67406 1.21557 1.41995 1.09474 1.07363 1.35342 1.16886 1.69294 2.14293 1.78976 1.68879 1.07294 1.00073 0.996861 0.973401 2.88548 2.1749 1.23908 1.11138 0.953493 0.994101 0.859259 1.2588 0.84012 1.6895 1.61886
threshold=0.011538455017611514 0.031456098744024989 0.0045588099205506891 -0.042200833653176721 0.00084399495353015841 -0.0027393443331276686 -0.0069023289553066794 -0.0041450504063406659 10.539671338648864 -0.016683977382322631 -0.0052500257828158028 0.025383805330160221 -1.0000000180025095e-35 0.032292333141394146 -0.010757996424146763 10.163883354444311 -1.8791193572688272 0.012128104907728946 -0.0027393443331276686 -0.0041235522615818412 -0.0033318839350413017 -0.0015424658277066736 -0.00039096901419055635 0.004396140493020507 -0.0069023289553066794 -1.0000000180025095e-35 0.0091524981836406134 0.030990482209299942 -0.038520607700175895 -0.0041995632879857627
decision_type=2 8 10 10 8 10 8 10 10 10 8 2 8 10 10 10 10 10 8 10 10 10 8 10 10 10 8 2 10 10
left_child=17 27 8 4 16 6 -6 -5 10 -10 11 13 14 -3 -13 23 -4 18 19 -1 -21 22 -20 -12 -25 -15 -27 -2 29 -29
right_child=1 2 3 7 5 -7 -8 -9 9 -11 15 12 -14 25 -16 -17 -18 -19 21 20 -22 -23 -24 24 -26 26 -28 28 -30 -31
leaf_value=-0.0034722724140724723 -2.8027269560248319e-06 -0.0028127857026406791 -0.00061884069013907464 0.0020211477235258187 0.0019897076720970237 -0.00089938494015763852 -0.0011476992963308068 0.00034330252420658041 0.00041498622802932481 -0.001418592587739821 -0.0002861046308844911 -0.001745256412020231 0.0035774485225084462 -0.00096448571875280928 0.00081622592192669391 0.0016995251009121444 0.00093288789597033653 7.8050574821467809e-05 0.00088658610257455678 0.00058679397341727501 -0.0012330361886661487 0.00033187578843503859 0.0032086389994180602 -0.0031847656168905308 -0.00046480151225235927 0.0024672383663748004 -0.00069625332552744569 -0.0013238574390182687 -0.00026966949072538957 0.00092767737982649124
leaf_weight=217 134043 263 473 648 321 1838 218 761 482 1459 34333 268 222 422 1708 242 1788 42881 1951 2247 802 13251 205 209 287 231 222 338 22785 1920
leaf_count=217 134043 263 473 648 321 1838 218 761 482 1459 34333 268 222 422 1708 242 1788 42881 1951 2247 802 13251 205 209 287 231 222 338 22785 1920
internal_value=-1.83033e-05 -7.10326e-05 -0.000202811 0.000278101 2.38724e-05 -0.000532003 0.000720775 0.00111494 -0.000274886 -0.000963268 -0.000240097 0.000296513 0.000782793 -0.000642717 0.000468818 -0.00029114 0.000608267 0.000157719 0.00034067 -0.000129777 0.000108111 0.000440396 0.00110737 -0.000304971 -0.00161092 9.54383e-06 0.000916918 -3.26014e-05 -0.000192099 0.000590645
internal_weight=267035 205481 46395 6047 4638 2377 539 1409 40348 1941 38407 3336 2198 1138 1976 35071 2261 61554 18673 3266 3049 15407 2156 34829 496 875 453 159086 25043 2258
internal_count=267035 205481 46395 6047 4638 2377 539 1409 40348 1941 38407 3336 2198 1138 1976 35071 2261 61554 18673 3266 3049 15407 2156 34829 496 875 453 159086 25043 2258
is_linear=0
shrinkage=0.03


Tree=68
num_leaves=31
num_cat=0
split_feature=13 12 8 1 10 10 10 10 10 10 2 3 7 10 2 10 2 1 8 6 10 10 13 12 6 5 13 6 2 7
split_gain=2.35891 1.54658 1.13687 1.24619 1.07731 2.04388 1.31316 1.47358 1.26768 1.81417 1.12242 1.04937 1.00879 1.58384 0.994845 1.26115 1.06814 1.291 0.981654 1.31291 0.959931 1.0145 0.941777 1.55828 1.53635 1.27488 1.422 1.52545 1.1245 1.02479
threshold=0.016988415972371652 -0.016162469898227002 0.01177824683650963 -0.0066785727404994324 -0.0024257097771178122 -0.0026199294362432841 -0.0086377534955604501 -0.0072726750358191863 0.0010887306377617147 0.00064926187012581693 -1.0000000180025095e-35 -0.027958989873085257 -0.09380787730439398 0.0024302424577823394 9.3801751008015533 -0.0033111730409929314 -1.9180354172158884 0.014904596106135816 0.022634924617080072 -0.014287317074186788 -7.8711120603869298e-05 -3.8365969389053671e-05 0.038519524630405332 0.027589163187942859 0.024546098066325798 0.053875544741433017 0.089033221022337711 0.017587112611901715 -0.78321436973211211 0.014545933724586459
decision_type=2 8 10 2 10 10 8 8 10 10 8 10 8 10 10 8 10 2 10 10 10 10 2 10 10 8 2 10 10 10
left_child=2 11 4 -4 5 6 -1 -8 9 10 20 -2 13 14 15 -3 17 -17 19 -18 -6 -22 28 24 -24 26 27 -25 -14 -26
right_child=1 12 3 -5 8 -7 7 -9 -10 -11 -12 -13 22 -15 -16 16 18 -19 -20 -21 21 -23 23 25 29 -27 -28 -29 -30 -31
leaf_value=0.0017773902350101249 0.00057875138591374873 0.00034540099746090765 0.00026025737086394563 8.3248030837259273e-06 0.00049673105574634226 -0.0030460315516427981 -0.0023062170058970083 5.4627517437746739e-06 0.00014184378033426197 0.0015705613255586185 0.00087703022079089088 5.2071490504573722e-05 -0.00023068177253548743 0.00054438929540995057 0.00090927231355390108 -0.00019211338192224426 -0.00045302861958183859 0.0016187689324927773 -0.00087802273249942072 0.0013445488911146605 -0.0022846998829740067 -0.0001106775147985569 -0.00026922239233410249 -0.00075930222046298348 -0.0023597232137508787 0.00056468187241931066 -0.0022645564085407252 0.00041003819828520601 -8.1425817546187002e-06 -0.00094615172260489357
leaf_weight=341 4042 3046 22377 84023 3099 209 269 3206 9966 1531 3314 21593 42514 4911 822 1531 1754 461 3667 462 217 1760 3289 2094 558 1987 324 1929 39351 2671
leaf_count=341 4042 3046 22377 84023 3099 209 269 3206 9966 1531 3314 21593 42514 4911 822 1531 1754 461 3667 462 217 1760 3289 2094 558 1987 324 1929 39351 2671
internal_value=1.19381e-05 -7.49749e-05 0.000103316 6.13088e-05 0.000290232 -0.000157364 8.46771e-07 -0.000173485 0.000380823 0.000620885 0.000447589 0.000135116 -0.000123333 9.19897e-05 -9.72068e-05 -0.000172962 -0.000373462 0.000226971 -0.00057677 -7.82629e-05 0.000167218 -0.000349303 -0.000161193 -0.000399944 -0.000725586 -6.48419e-05 -0.000352595 -0.000198612 -0.000123711 -0.00119043
internal_weight=267318 137006 130312 106400 23912 4025 3816 3475 19887 9921 8390 25635 111371 16654 11743 10921 7875 1992 5883 2216 5076 1977 94717 12852 6518 6334 4347 4023 81865 3229
internal_count=267318 137006 130312 106400 23912 4025 3816 3475 19887 9921 8390 25635 111371 16654 11743 10921 7875 1992 5883 2216 5076 1977 94717 12852 6518 6334 4347 4023 81865 3229
is_linear=0
shrinkage=0.03


Tree=69
num_leaves=31
num_cat=0
split_feature=8 2 10 2 11 4 1 0 11 1 11 13 2 10 0 4 3 12 2 0 2 2 12 0 9 9 2 3 12 1
split_gain=2.06877 1.53333 1.44093 1.75305 1.63486 1.42369 1.39601 1.53676 1.29921 1.22319 1.17707 1.12075 1.15798 1.22191 1.60947 1.46637 1.32242 1.78214 1.10766 1.08151 1.05343 1.0393 1.02905 1.00623 1.00215 0.991337 0.972708 1.04908 1.32985 1.00597
threshold=0.017584639002287024 -2.9043491911381354 0.010624881496363094 -1.0000000180025095e-35 -0.010757996424146763 0.0080000073362576102 -0.015463913258081883 -0.024303652410620432 0.0062848469957002004 -0.0018512695372855379 0.0039501109334597615 0.038519524630405332 -2.1589672591499118 0.0017187842781518638 -0.0015589210248799776 -0.0074749822554707182 -0.033911450980316053 0.019320816407635669 10.163883354444311 0.041296227684088478 1.0000000180025095e-35 -0.54863440867948243 0.049511325747076625 0.00081230727044923079 -0.14318809233710009 -0.083891641464011665 12.401822847595808 0.0052744930944573784 0.043082652391379213 0.02978140980251898
decision_type=10 10 10 8 8 10 2 10 8 2 8 2 10 10 10 10 10 10 10 10 10 10 10 10 10 10 10 10 10 2
left_child=2 5 4 -4 21 24 19 8 -8 -7 11 -9 -13 15 -15 18 -16 20 23 -3 -18 -1 -6 -14 -2 -25 27 29 -29 -17
right_child=1 6 3 -5 22 9 7 10 -10 -11 -12 12 13 14 16 26 17 -19 -20 -21 -22 -23 -24 25 -26 -27 -28 28 -30 -31
leaf_value=0.003529138806389599 8.6513193263423118e-05 0.00022179613423813346 9.9708853930470553e-05 -0.001980726144876994 0.00012572412717027262 -0.00031896905291536144 0.00087791842481837914 -8.5902830056420711e-05 -0.0014536040461374611 0.00051921359378823335 0.00015581960015898519 0.00063417666384561039 -0.0011673220911884194 0.001793158412614378 0.001386350631265717 -0.00032972369440310438 -0.00094197484652904211 -5.1844750743675085e-05 -8.0941387206987065e-05 -0.0010924049739175633 -0.0032842131915959321 0.000515594951891968 -0.0020231327406172433 -0.003532206842611576 -0.00056084298018405272 -0.0011763890889089773 -0.0017780758793215585 -0.00091879209769394937 0.00097087230722261769 0.0021029162767789984
leaf_weight=205 2590 22580 830 650 93715 3251 2328 98144 237 3025 16589 836 984 365 359 304 477 1825 433 578 271 207 201 435 12733 255 402 1600 424 308
leaf_count=205 2590 22580 830 650 93715 3251 2328 98144 237 3025 16589 836 984 365 359 304 477 1825 433 578 271 207 201 435 12733 255 402 1600 424 308
internal_value=3.18242e-06 -5.92467e-05 0.000114824 -0.000813996 0.000129397 -0.000295546 -2.51608e-05 -6.43422e-05 0.000662491 8.50307e-05 -7.93757e-05 -0.000115697 -0.000430859 -0.000536328 -8.54588e-05 -0.000825252 -0.000319325 -0.000557311 -0.0014334 0.000188995 -0.00179057 0.00201505 0.000121125 -0.00178323 -0.000451422 -0.00266158 -0.00040347 -0.000193837 -0.000522934 0.000894546
internal_weight=267141 171333 95808 1480 94328 21599 149734 126576 2565 6276 124011 107422 9278 8442 3297 5145 2932 2573 2107 23158 748 412 93916 1674 15323 690 3038 2636 2024 612
internal_count=267141 171333 95808 1480 94328 21599 149734 126576 2565 6276 124011 107422 9278 8442 3297 5145 2932 2573 2107 23158 748 412 93916 1674 15323 690 3038 2636 2024 612
is_linear=0
shrinkage=0.03


Tree=70
num_leaves=31
num_cat=0
split_feature=5 1 12 10 13 11 13 6 12 11 3 13 11 11 13 8 10 11 5 3 10 6 10 3 11 10 3 4 13 11
split_gain=2.16994 1.45042 1.16063 1.23505 1.16723 1.11445 1.04599 1.37323 1.50391 1.31054 1.75227 1.88594 1.40586 1.36358 1.10164 1.06407 0.938979 1.11654 1.04144 0.911673 1.03589 0.903266 0.876024 0.873672 0.870176 0.867456 0.862416 0.859391 1.06026 0.970789
threshold=0.025040313683380513 -0.015463913258081883 -0.0029126469726973299 -0.0086377534955604501 0.053331140722772709 -0.0013011011259722036 0.021140193550111781 -0.034917029735861131 0.023117505022958344 0.00089469507476269705 0.02320206247288881 0.049938084912688925 -0.0057323304285094015 0.0017713320057639594 0.022792132332065857 0.044424187962978208 0.0032752058965563884 0.00031684396026343547 0.041384115682613999 -0.044457566656412477 0.0035161159639947042 0.19839197925800892 0.00022412339472466239 -0.0090133502201353282 0.0050347467131732779 0.0059692030208320377 -0.0005164784016090106 0.016576475499584079 0.020263140263589118 0.0068658124031664167
decision_type=10 2 10 8 2 10 2 8 10 10 8 2 8 10 2 10 8 10 10 10 10 8 10 10 10 10 8 10 2 10
left_child=2 19 3 5 -4 -1 27 -8 9 10 12 16 14 -11 -9 -14 17 18 -12 20 22 -5 -2 -17 -15 -18 -6 29 -29 -3
right_child=1 6 4 21 26 -7 7 8 -10 13 11 -13 15 24 -16 23 25 -19 -20 -21 -22 -23 -24 -25 -26 -27 -28 28 -30 -31
leaf_value=-0.00048511980587373607 0.0010980161061368702 -0.00010704432061518964 4.0845431088784488e-05 0.0001849240130522844 -0.002419432465162053 0.0018044543876520292 2.8493027755558719e-05 -0.0016698609505575793 7.2743136662900497e-05 0.00040767901636210957 0.0011633372266411617 -0.0024841476696845443 -0.0007835338089400059 -0.00049377907013292363 0.00066915099240493013 -0.00094139045120010642 -0.0013327538943778863 -0.0010652073732874703 6.3020481533415548e-05 9.0588347901293624e-05 0.0017678933711924158 0.0014622589649990827 -0.00059446722200869105 -0.0028332736108374469 0.00017359656836425226 0.00024054574033433623 -0.00025611395159808487 8.6458804032260738e-05 0.0010290599737090909 0.0011064666389604099
leaf_weight=253 547 53195 69997 43685 298 785 15643 224 7629 2917 1048 296 10242 7293 949 447 824 573 2963 23582 635 504 554 432 2317 511 374 16450 1149 600
leaf_count=253 547 53195 69997 43685 298 785 15643 224 7629 2917 1048 296 10242 7293 949 447 824 573 2963 23582 635 504 554 432 2317 511 374 16450 1149 600
internal_value=7.20468e-06 -6.77287e-05 0.000104848 0.00022352 2.88992e-05 0.0012464 -0.000109454 -0.000208677 -0.000304631 -0.000397393 -0.000557771 -0.00014723 -0.000765313 -0.00016043 0.000222485 -0.000869502 -3.03644e-05 0.000173548 0.000350513 0.000139432 0.000802933 0.000199493 0.000246394 -0.00187119 -0.000332873 -0.00073054 -0.00121544 -3.39763e-05 0.000147999 -9.35095e-05
internal_weight=266916 151020 115896 45227 70669 1038 125702 54308 38665 31036 18509 6215 12294 12527 1173 11121 5919 4584 4011 25318 1736 44189 1101 879 9610 1335 672 71394 17599 53795
internal_count=266916 151020 115896 45227 70669 1038 125702 54308 38665 31036 18509 6215 12294 12527 1173 11121 5919 4584 4011 25318 1736 44189 1101 879 9610 1335 672 71394 17599 53795
is_linear=0
shrinkage=0.03


Tree=71
num_leaves=31
num_cat=0
split_feature=13 9 1 0 11 3 6 10 7 0 11 3 11 11 11 7 9 5 1 3 7 0 6 4 11 7 3 1 7 9
split_gain=1.79248 1.05954 0.997843 1.39072 1.20821 1.0773 1.0209 0.999195 1.2715 0.954398 0.913316 0.89528 1.39332 1.00216 0.920712 0.891713 0.85936 0.842221 1.13481 1.22584 0.981802 0.964126 0.841165 1.33456 0.789866 1.5914 0.976917 0.788841 0.824242 0.768465
threshold=0.014603592580550164 -0.041275982249083291 -0.014385572822157909 0.020539594414491828 -0.0073806561312393928 -0.015175963886285724 -0.11158717123038418 0.0011175450013536372 -0.17836104817905848 0.0031422502133098278 0.0028505384394292847 -1.0000000180025095e-35 -0.0041995632879857627 -0.0027393443331276686 -0.0046952678783172544 -0.12319642227676712 -0.017003432284178274 0.033882468091142086 0.011347631944570559 0.013441302920608302 -0.12319642227676712 -0.0054377238339786685 0.044901024135594388 -0.0099651319968650492 -0.0078541111903929744 0.12718852137184569 0.025531925494599487 -0.0025447242715075364 0.011843727951998175 -0.05235978511951072
decision_type=2 8 2 8 8 8 8 10 10 10 8 10 10 10 10 8 10 10 2 10 8 10 8 8 10 8 10 2 10 8
left_child=1 9 3 24 -5 -6 7 -4 -9 10 27 -3 14 -14 -13 -11 -7 18 29 20 -20 -21 -22 -24 25 26 -2 -1 -29 -8
right_child=2 11 6 4 5 16 17 8 -10 15 -12 12 13 -15 -16 -17 -18 -19 19 21 22 -23 23 -25 -26 -27 -28 28 -30 -31
leaf_value=0.00022970437267708156 0.0001891831305655209 0.0003716563754760289 -2.2305798373067375e-05 0.001293380217429619 0.00012929906775944046 -0.0014186318047936326 -0.00022853616085213952 0.0025513679563706785 0.00042875736879462254 0.00057185987284667469 0.00049536052362364913 0.00046126175049418706 -0.00046845910659917481 0.00010610031869766988 0.0018697731667505148 -0.00019117206490881056 0.00035066884215253661 -0.0001987939748769213 0.00098467990545360665 -0.00051197537835056726 7.9871950813448762e-05 0.00086662833793671598 -0.0018026209917545279 -0.00014886597615173852 0.00017084971543194165 -0.0024640421874552836 -0.0016307102043991775 -0.00019221439336776979 0.00030787352968980993 1.1240734371343725e-05
leaf_weight=12511 1660 17690 1511 293 885 1576 26850 387 739 1475 4765 1610 3117 22130 564 21052 293 57900 930 539 12734 2985 566 1960 31110 295 316 13557 3797 21794
leaf_count=12511 1660 17690 1511 293 885 1576 26850 387 739 1475 4765 1610 3117 22130 564 21052 293 57900 930 539 12734 2985 566 1960 31110 295 316 13557 3797 21794
internal_value=-2.15212e-06 9.65689e-05 -6.32204e-05 7.54187e-05 -0.000538112 -0.000732966 -0.000102402 0.000481808 0.00115829 1.07827e-05 0.000109655 0.000205263 9.79175e-05 3.51651e-05 0.000826671 -0.000141211 -0.00114126 -0.000114604 -4.32942e-05 0.000148712 3.83435e-05 0.000655769 -1.93297e-05 -0.000519422 0.000131422 -0.000408698 -0.000101852 4.81157e-05 -8.27967e-05 -0.000121109
internal_weight=267591 102268 165323 36428 3047 2754 128895 2637 1126 57157 34630 45111 27421 25247 2174 22527 1869 126258 68358 19714 16190 3524 15260 2526 33381 2271 1976 29865 17354 48644
internal_count=267591 102268 165323 36428 3047 2754 128895 2637 1126 57157 34630 45111 27421 25247 2174 22527 1869 126258 68358 19714 16190 3524 15260 2526 33381 2271 1976 29865 17354 48644
is_linear=0
shrinkage=0.03


Tree=72
num_leaves=31
num_cat=0
split_feature=5 11 11 11 4 13 8 10 5 0 12 11 11 5 10 9 10 5 12 4 4 5 11 10 9 4 0 9 2 3
split_gain=2.05695 1.51167 1.34156 1.20927 1.08607 1.57906 1.11339 1.72536 1.37836 1.32618 1.75934 1.60737 1.82565 1.55977 1.31379 1.8025 1.45215 1.27821 1.21201 1.19246 1.18707 1.33082 1.1958 1.51778 1.05908 1.0259 1.02084 0.973782 0.920324 0.919502
threshold=0.020146613853439268 0.0067660142252137243 0.0057107012636277163 0.0089139017152821704 -0.072951771337649171 0.036359441812190578 0.023443539949086933 0.0064987071665513216 0.095409490574798556 -0.0052428208913623533 0.023117505022958344 -0.010757996424146763 -0.0055927513385567442 0.042972980326150677 -0.0086377534955604501 -0.154458598193041 -0.017340498250633881 0.055980945427955023 0.026334491549525 0.020137688173613947 0.0071194432581702669 0.056725919701095216 -0.0010494861981825141 -0.00029914952501836062 -0.14860040617505679 0.036087483792743853 0.0099342448688291025 -0.14318809233710009 -1.9734644781603305 -0.0065322379281756984
decision_type=10 10 8 10 10 2 8 10 10 10 8 10 10 10 10 10 10 10 10 10 10 10 10 10 10 10 10 10 10 8
left_child=1 2 -1 -3 5 -2 -6 9 17 11 20 -8 13 24 16 18 -14 -9 -16 -19 29 -22 23 25 -13 -23 -25 -18 -15 -11
right_child=4 3 -4 -5 6 -7 7 8 -10 10 -12 12 14 28 15 -17 27 19 -20 -21 21 22 -24 26 -26 -27 -28 -29 -30 -31
leaf_value=0.00012472245180493425 -0.00091461223307996991 -0.0027164179618433992 0.0011631013100443402 -5.0909753789167149e-05 1.1383249876135902e-05 0.0016722740702428906 -0.0018573623664728813 0.00020369069099537187 -0.0017010674327869728 -0.00024883905426455004 0.00027937870682726381 -0.001525383410397418 0.00019461365933028482 0.0038335119849070907 0.0011501012007197758 -4.8740334257531129e-05 -0.0030997115738599403 0.0021295489968898009 -0.0006984291895098467 0.00033272039475653172 4.0809276208361177e-05 -0.00059013420607037699 -0.00077460968544898576 -0.00094871436206229911 0.00093162025461869882 0.0016131953191872294 0.00057633456316304426 -0.00094605257658801753 0.0014531205129894871 -0.00053237243387958735
leaf_weight=74014 300 300 1137 313 94616 727 374 5195 289 26470 5807 224 890 210 2083 9074 247 676 377 654 17589 263 4128 1267 535 687 574 804 481 16845
leaf_count=74014 300 300 1137 313 94616 727 374 5195 289 26470 5807 224 890 210 2083 9074 247 676 377 654 17589 263 4128 1267 535 687 574 804 481 16845
internal_value=-3.97582e-06 0.00012833 0.000140433 -0.0013554 -5.63517e-05 0.000916611 -6.16009e-05 -0.000133726 0.000326349 -0.000168978 -0.000221787 8.51755e-05 0.000133853 0.00114532 2.50118e-05 0.000146531 -0.000697089 0.000416145 0.00086681 0.001246 -0.000264697 -9.78431e-05 -0.000450316 2.93281e-05 0.000206497 0.00100322 -0.000473224 -0.00145219 0.00217654 -0.000359104
internal_weight=267150 75764 75151 613 191386 1027 190359 95743 6814 88929 73630 15299 14925 1450 13475 11534 1941 6525 2460 1330 67823 24508 6919 2791 759 950 1841 1051 691 43315
internal_count=267150 75764 75151 613 191386 1027 190359 95743 6814 88929 73630 15299 14925 1450 13475 11534 1941 6525 2460 1330 67823 24508 6919 2791 759 950 1841 1051 691 43315
is_linear=0
shrinkage=0.03


Tree=73
num_leaves=31
num_cat=0
split_feature=13 0 6 1 2 12 0 9 1 9 13 13 10 0 0 9 0 10 10 10 8 0 1 13 5 0 8 6 2 2
split_gain=1.78239 1.49902 1.0902 1.24088 1.55912 1.36977 1.53986 1.34648 1.11514 1.02459 0.996648 0.995636 0.992447 1.04079 0.955607 0.933429 1.58111 1.30948 1.28669 1.61271 1.01713 0.907961 1.00077 1.2519 1.33102 0.903738 0.968665 0.88938 0.865552 1.2593
threshold=0.021269211286581675 -0.00011485734308497307 -0.041542281606812885 0.022865386234304456 -0.63947254979549883 -0.01457230349863353 0.017801484232115809 -0.023544944875818371 -0.03588497759233477 -0.0088273225562884843 0.069267995657114542 0.038519524630405332 0.010624881496363094 0.035178982739955351 0.0047200454065676753 -0.058512345036840323 -0.011059418912336914 -0.012419575027388883 -0.014040292355313675 -0.0041235522615818412 0.036827040424642597 -0.0033504986423288914 0.043939283787772128 0.044293193621162998 0.047555768519747951 0.041296227684088478 0.023443539949086933 0.031210731843001386 8.9843658100204227 -0.60436359868784939
decision_type=2 8 8 2 8 8 10 10 2 10 2 2 8 10 10 8 10 10 10 10 8 10 2 2 10 10 8 10 10 10
left_child=1 15 8 5 21 6 9 11 -2 10 -4 -6 13 -10 -11 16 17 -1 -17 -20 -21 -5 23 24 -23 26 -3 -26 29 -8
right_child=2 25 3 4 7 -7 28 -9 12 14 -12 -13 -14 -15 -16 18 -18 -19 19 20 -22 22 -24 -25 27 -27 -28 -29 -30 -31
leaf_value=-0.00036644949074764351 0.00091046791407876232 4.684141894733612e-05 6.7042834039208167e-05 -8.3905122201617956e-05 0.00021213059440115331 -0.00030665056785711208 -0.00097423298915139914 0.00067016347673833218 7.3206561984025827e-06 0.00022062586131297785 -0.0015489658851049139 -0.00070974410073524285 0.00098637462340553307 -0.0018155415990256372 0.0020158152380776156 0.0016759199331790656 -4.5542471254244156e-05 0.0010361733234598401 -0.00021157842355444179 0.00033186490347011813 0.001339459177904567 0.0014747862991019716 0.0021682836418836331 -0.00033901318089810546 -0.0014186413537107952 0.0013740843771062618 -0.00014459561637310592 0.00094537307759586344 -0.0018808119294560276 0.00069698829210571587
leaf_weight=806 1366 82111 16024 1488 1551 42832 1267 1308 19673 630 351 3293 925 286 463 597 21136 2333 5190 23915 937 1518 424 880 283 427 33491 290 469 597
leaf_count=806 1366 82111 16024 1488 1551 42832 1267 1308 19673 630 351 3293 925 286 463 597 21136 2333 5190 23915 937 1518 424 880 283 427 33491 290 469 597
internal_value=-4.91847e-07 5.75852e-05 -0.000103995 -0.00015958 0.000133754 -0.000211261 -4.92035e-06 -0.00018394 8.00391e-05 9.17635e-05 3.24035e-05 -0.000414569 2.57216e-05 -1.87998e-05 0.000981077 0.000186719 4.77631e-05 0.000676022 0.000296813 0.000269407 0.000369854 0.000534011 0.000804839 0.000610258 0.00100976 -3.5312e-06 -8.61971e-06 -0.000222194 -0.000728826 -0.000438976
internal_weight=266861 170943 95918 73668 11035 62633 19801 6152 22250 17468 16375 4844 20884 19959 1093 54914 24275 3139 30639 30042 24852 4883 3395 2971 2091 116029 115602 573 2333 1864
internal_count=266861 170943 95918 73668 11035 62633 19801 6152 22250 17468 16375 4844 20884 19959 1093 54914 24275 3139 30639 30042 24852 4883 3395 2971 2091 116029 115602 573 2333 1864
is_linear=0
shrinkage=0.03


Tree=74
num_leaves=31
num_cat=0
split_feature=8 0 6 12 9 11 0 5 13 9 12 13 12 3 5 2 11 11 3 11 11 11 8 11 8 0 12 6 3 11
split_gain=1.88215 1.22066 1.67321 1.23861 1.19019 1.32406 1.19337 1.12601 0.949062 1.25154 0.987563 1.26757 1.20502 0.941414 1.15681 0.939678 0.891368 1.06597 1.02868 0.920537 1.11975 1.38978 1.09142 1.44643 0.940031 0.879393 0.873382 1.60454 1.02096 0.857106
threshold=0.022033086330640456 -0.010553698626244166 -0.087552950283723049 -0.026440112667708845 -0.02824571947259907 0.006644376754847304 0.041296227684088478 0.050400063041797241 0.016618096826446233 -0.31261890298225414 0.027589163187942859 0.055382658408149606 0.035520091701825691 -0.019300612112490619 0.041678391907066396 -1.9734644781603305 -0.010757996424146763 -0.0065286733926540599 0.01468065883977432 -0.0041995632879857627 -0.0027393443331276686 -0.0022846363625417805 0.013670225928608361 -0.0033318839350413017 0.019345851877558672 -0.00011485734308497307 -0.036406256647584394 -0.047500529970929621 0.002942224284157025 -0.0048747298801486419
decision_type=8 8 10 8 10 10 10 10 2 10 10 2 10 10 10 10 8 8 10 8 10 10 10 10 10 10 8 10 10 10
left_child=4 2 -2 7 6 16 -1 -4 -3 -10 26 13 -13 14 -12 -14 -6 18 -18 24 22 -22 23 -21 29 -17 27 -11 -29 -19
right_child=1 8 3 -5 5 -7 -8 -9 9 10 11 12 15 -15 -16 25 17 19 -20 20 21 -23 -24 -25 -26 -27 -28 28 -30 -31
leaf_value=2.0410979528668933e-05 0.0013194118279722185 1.6224666557237071e-05 0.00010920619927346707 7.9203226562549199e-06 0.0022122076141939903 -0.0015955205951779059 -0.001684170989143961 0.0030974148227080832 -0.00084994683843519039 0.0016508293075064078 -0.0022835951854286744 -0.0020944483317127198 0.0015328843366417761 0.0008611138702157901 0.00039864682897695317 -0.0016260087722320758 -0.0002608193549087476 0.00048937279538601071 -0.0026593675313220507 -1.6918692698664267e-05 0.001064751421994874 0.00020960626530572486 0.00014941947057680818 -0.0016238099783060203 -0.00044794764303514962 4.4536272890182546e-05 -0.00020155154177098751 0.0007414054946635561 -0.00079802161889783792 0.0016540858765415997
leaf_weight=101077 1122 33528 225 8442 201 365 371 229 2391 654 203 299 288 2640 504 364 723 1268 207 1086 1809 31396 2825 941 480 1284 69778 695 877 1031
leaf_count=101077 1122 33528 225 8442 201 365 371 229 2391 654 203 299 288 2640 504 364 723 1268 207 1086 1809 31396 2825 941 480 1284 69778 695 877 1031
internal_value=-3.85209e-06 -8.97379e-05 0.000227702 9.00116e-05 6.99334e-05 0.000203552 1.41772e-05 0.00161647 -0.000117755 -0.000173922 -0.000153089 0.000231322 -0.000321902 0.000600744 -0.000371502 -4.81467e-05 0.000219199 0.000209608 -0.00079469 0.00023248 0.00019399 0.000256194 -0.000231712 -0.00076289 0.00075958 -0.000324443 -0.00018289 0.000402091 -0.000117422 0.0010117
internal_weight=267303 123523 10018 8896 143780 42332 101448 454 113505 79977 77586 5582 2235 3347 707 1936 41967 41766 930 40836 38057 33205 4852 2027 2779 1648 72004 2226 1572 2299
internal_count=267303 123523 10018 8896 143780 42332 101448 454 113505 79977 77586 5582 2235 3347 707 1936 41967 41766 930 40836 38057 33205 4852 2027 2779 1648 72004 2226 1572 2299
is_linear=0
shrinkage=0.03


Tree=75
num_leaves=31
num_cat=0
split_feature=8 11 11 5 8 10 10 13 11 10 10 10 10 11 2 5 10 11 5 3 3 7 6 0 10 3 11 11 11 11
split_gain=2.05435 1.01968 3.93345 1.70432 4.20157 1.61321 1.86459 1.48135 1.37622 1.24633 1.43434 1.70351 1.26118 1.45181 1.16573 1.01464 0.977795 0.930897 0.893203 1.08768 1.5885 1.2857 1.5309 1.2721 2.12507 1.72923 1.28654 1.21852 1.20135 1.33072
threshold=0.013389005627279373 -0.0027393443331276686 -0.003853996667671999 0.049882627602997408 1.0000000180025095e-35 -0.0020406306472922071 0.0040110239669326484 0.021402342520969442 -0.0031245013392179328 0.008946640679050823 0.0033453973346292414 0.0046607549596022766 -0.0025046030736606269 -0.0060388622353809143 -2.0382983673828496 0.021539053391309626 0.0011552834488944843 0.0067660142252137243 0.039120950963567179 0.0052744930944573784 0.028961107315372828 -0.070427258724111971 -0.066947427552034908 -0.034499345965972088 -0.0086377534955604501 -0.03020836635390944 -0.0089597910907540084 0.0031109587433471035 -0.012546539886328088 0.0008289380478214704
decision_type=10 8 10 10 10 10 10 2 10 10 10 10 10 10 8 10 10 10 10 10 10 8 10 10 8 10 8 10 10 10
left_child=1 2 3 4 -1 8 -7 17 15 10 12 -12 -6 -14 -9 -4 -16 -3 -2 23 21 22 -21 -20 25 -25 -26 -27 -22 -30
right_child=18 7 5 -5 9 6 -8 14 -10 -11 11 -13 13 -15 16 -17 -18 -19 19 20 28 -23 -24 24 26 27 -28 -29 29 -31
leaf_value=-0.0034890398120860987 -6.4021806130882534e-06 0.00033028997240474841 -0.0043720122205426872 0.0030709234865654894 0.0017912782418331461 -0.00025812316695694336 -0.0026506927029082104 0.00091262804920263661 -0.00052481134769084804 -0.0015692107374488842 0.0036347797364609216 0.00045031040867348756 -0.0010400866019813586 0.00048175425620015276 -0.00086244716448746512 -0.0015391833319736178 0.00024304321671352605 -0.0014387113103229139 0.0012578034869728297 -0.0013526862849560528 -0.0022943350476975558 -0.00067156484203034013 0.00055522496008097218 -0.0028480905326270858 0.0016767915308450903 0.00087814158004409851 -2.8562702670721466e-05 -0.0020969135223875245 0.00010915763052144523 -0.00041902534835961736
leaf_weight=253 155693 31765 264 205 503 2299 336 605 293 255 285 322 699 2925 2311 200 1046 270 685 487 221 10199 1699 432 403 318 33027 203 12674 6492
leaf_count=253 155693 31765 264 205 503 2299 336 605 293 255 285 322 699 2925 2311 200 1046 270 685 487 221 10199 1699 432 403 318 33027 203 12674 6492
internal_value=-8.45614e-06 0.000176806 -0.00011191 0.000387498 0.000282556 -0.000913878 -0.00056321 0.0002477 -0.0021345 0.00047382 0.000583869 0.00194549 0.000383602 0.00018822 -0.000299534 -0.00315097 -0.00051799 0.00031538 -4.57828e-05 -0.000137514 -0.000264655 -0.000530054 0.000130178 -2.23223e-05 -4.78258e-05 -0.0014447 -8.00459e-06 -0.000281045 -9.511e-05 -6.97511e-05
internal_weight=267369 44836 8839 5447 5242 3392 2635 35997 757 4989 4734 607 4127 3624 3962 464 3357 32035 222533 66840 31772 12385 2186 35068 34383 953 33430 521 19387 19166
internal_count=267369 44836 8839 5447 5242 3392 2635 35997 757 4989 4734 607 4127 3624 3962 464 3357 32035 222533 66840 31772 12385 2186 35068 34383 953 33430 521 19387 19166
is_linear=0
shrinkage=0.03


Tree=76
num_leaves=31
num_cat=0
split_feature=8 6 7 0 12 0 8 11 11 13 11 8 5 12 7 11 2 0 12 11 12 2 3 5 9 7 13 6 0 3
split_gain=1.65224 1.06147 1.26989 1.58653 0.980914 0.905579 0.823814 1.24435 1.99171 0.832076 0.800716 2.28753 1.65606 1.51326 1.41463 1.29318 1.34519 1.30121 1.13553 0.948156 1.35261 1.02411 1.15036 0.979647 0.93096 1.15374 1.04099 1.10993 1.05391 0.912486
threshold=0.022033086330640456 -0.060813911976885286 -0.27885339632819073 -0.024303652410620432 -0.036406256647584394 0.017801484232115809 0.01049094598933225 -0.003853996667671999 -0.0027393443331276686 0.0050432397564790146 -0.0027393443331276686 0.022226638649599981 0.023848953014322456 -0.0064023207584852351 0.34999994988344224 0.0010011138297337798 5.3936527788285034 0.030987044945001378 -0.0065295729012145301 -0.0033318839350413017 0.010064431961596789 -0.52501237572245241 0.018578578360367696 0.043309941845436822 -0.051355250158456094 0.053244571577415807 0.048620097632458378 0.025742558406936292 0.0078058460674117489 0.0088049928718744192
decision_type=8 8 8 10 10 10 10 10 10 2 8 10 10 10 10 10 10 10 10 10 10 10 10 10 8 8 2 8 10 10
left_child=6 2 -2 -4 -5 -6 7 -1 -9 -8 11 13 24 -3 19 -14 17 -17 -19 -13 23 22 -22 -21 25 29 27 -26 -29 -12
right_child=1 10 3 4 5 -7 9 8 -10 -11 12 14 15 -15 -16 16 -18 18 -20 20 21 -23 -24 -25 26 -27 -28 28 -30 -31
leaf_value=0.0010069816168868267 -0.0012150372831114618 0.00013622862422530812 0.0017656597625764626 0.0013462720940819125 7.8069540146540367e-06 0.00076491276123510574 0.00070508358575031285 -0.00091768640433990056 0.00029385609734037795 3.4772838537381436e-05 -8.1381351493290907e-05 -5.7784756933421447e-05 -0.00036130386681778904 -0.0027971360454768206 0.0012965244729078579 -5.0050644914971913e-05 -0.00071578542675624843 0.00019219559524208307 0.0031558632359526633 0.00037530141559576839 -0.00073626774425097007 -0.0017924585249561311 0.0017985705021560387 0.001451455828596751 0.00068992968599203459 -0.00064230110835466678 0.0024454101696057191 0.0001618474082267616 -0.001078528844818102 0.00072643132299404995
leaf_weight=1838 597 254 558 581 13166 1594 1689 1352 12624 126145 6392 18965 33795 420 831 25704 2778 255 214 2609 460 372 248 1075 3327 2677 202 4254 721 1567
leaf_count=1838 597 254 558 581 13166 1594 1689 1352 12624 126145 6392 18965 33795 420 831 25704 2778 255 214 2609 460 372 248 1075 3327 2677 202 4254 721 1567
internal_value=-2.96994e-07 -8.07051e-05 0.000143314 0.000194319 0.000137165 8.95703e-05 6.8898e-05 0.00027316 0.000176655 4.36293e-05 -0.000115203 3.25503e-05 -0.000160735 -0.00169168 7.98684e-05 -0.000235248 -8.81002e-05 -2.14778e-05 0.00154449 3.72606e-05 0.000415626 -0.000517993 0.000151642 0.000689326 8.3539e-05 -0.000103546 0.000317527 0.000265752 -1.79137e-05 7.76641e-05
internal_weight=267264 123616 16496 15899 15341 14760 143648 15814 13976 127834 107120 25234 81886 674 24560 62746 28951 26173 469 23729 4764 1080 708 3684 19140 10636 8504 8302 4975 7959
internal_count=267264 123616 16496 15899 15341 14760 143648 15814 13976 127834 107120 25234 81886 674 24560 62746 28951 26173 469 23729 4764 1080 708 3684 19140 10636 8504 8302 4975 7959
is_linear=0
shrinkage=0.03


Tree=77
num_leaves=31
num_cat=0
split_feature=5 9 1 10 11 10 13 9 1 10 6 10 10 11 11 7 10 11 10 3 7 11 5 13 9 1 3 10 11 11
split_gain=1.7589 1.31672 1.18181 1.14359 1.0982 1.00608 1.09773 1.0022 1.59132 0.998796 0.99579 1.99958 1.4122 1.40149 1.2042 1.36215 1.19126 1.10938 0.972646 0.971726 1.10942 0.885504 1.0188 0.876526 1.14631 0.870982 1.16536 0.87087 0.868958 1.62686
threshold=0.033882468091142086 -0.027832755216320445 -0.015756634053113724 -0.0062837051052680995 0.0035361551862770351 0.0047846400808956311 0.069267995657114542 -0.15891341428014069 -0.03588497759233477 0.00047460859055792343 -0.037721662524742898 -0.0086377534955604501 -0.0038515799783213618 -0.0040185140018970658 0.0012132387889688403 -0.13293833106454436 -0.0026199294362432841 0.0031109587433471035 -0.0041235522615818412 -0.037572959860838744 -0.1401329831607184 0.0026344616080152821 0.066478623969780354 0.026350346990047267 -0.05235978511951072 -0.0035714353833879438 -0.0092156173906094967 0.0010660783705950252 -0.0030346586420925132 -0.001691352264989676
decision_type=8 10 2 10 10 10 2 8 2 10 8 8 10 10 10 10 10 8 8 10 8 10 10 2 10 2 10 10 10 10
left_child=1 3 5 -1 -5 6 7 8 9 -2 11 -4 17 -14 15 16 -15 21 -3 -18 -21 22 -13 27 -25 26 -20 -6 -17 -30
right_child=2 18 10 4 23 -7 -8 -9 -10 -11 -12 12 13 14 -16 28 19 -19 25 20 -22 -23 -24 24 -26 -27 -28 -29 29 -31
leaf_value=0.00033789236923774255 0.0023343350742077236 -0.00029373223153442065 -0.0016049588141901171 -6.094776505980381e-05 0.00057063098937343672 0.00068885967447427786 -0.0012195913249198526 0.00017851789386931922 -0.00084862417911595327 -0.00029285096337871815 -0.00023408034513751626 0.00037586433923390042 -0.0007984935991424293 -0.0010331536135570684 -0.00020164235868438103 0.00090225205443665146 0.0024587993104337636 0.0022939032622511972 0.0013053771131862251 0.00036385335716801275 0.0028291156226666371 -0.0012562453206077121 0.0023927851353283628 2.9745151664104341e-05 -0.0017645452151325313 0.00012073507383061259 0.00032789119395283797 3.1741695270511628e-05 -0.001167509265032309 0.00021557800671104363
leaf_weight=8145 258 3571 664 106858 6166 2289 622 12387 2050 263 56143 1210 1857 213 7334 1058 493 371 1193 844 204 228 277 1430 413 27149 13741 4800 942 4083
leaf_count=8145 258 3571 664 106858 6166 2289 622 12387 2050 263 56143 1210 1857 213 7334 1058 493 371 1193 844 204 228 277 1430 413 27149 13741 4800 942 4083
internal_value=-1.32639e-05 4.33273e-05 -0.00011793 -6.07121e-06 -2.94827e-05 0.000101577 1.52936e-05 6.6644e-05 -0.000472361 0.00100814 -0.000169594 1.34606e-05 6.96827e-05 -2.05717e-05 7.46495e-05 0.000333208 0.00106976 0.000806429 0.000181622 0.00136043 0.000843733 0.000484649 0.000751579 0.000233012 -0.000372339 0.000221959 0.000405977 0.00033475 0.000120828 -4.36992e-05
internal_weight=267256 173466 93790 127812 119667 17869 15580 14958 2571 521 75921 19778 19114 17028 15171 7837 1754 2086 45654 1541 1048 1715 1487 12809 1843 42083 14934 10966 6083 5025
internal_count=267256 173466 93790 127812 119667 17869 15580 14958 2571 521 75921 19778 19114 17028 15171 7837 1754 2086 45654 1541 1048 1715 1487 12809 1843 42083 14934 10966 6083 5025
is_linear=0
shrinkage=0.03


Tree=78
num_leaves=31
num_cat=0
split_feature=13 3 9 1 10 10 12 0 0 9 10 10 13 12 13 3 7 10 7 1 1 0 11 7 7 13 9 10 3 3
split_gain=2.04637 1.10848 0.972454 1.08034 2.03283 1.93906 1.16597 1.00664 0.995505 1.15933 2.02529 1.35129 1.5514 1.20403 1.40298 1.14476 1.09009 1.44694 1.21073 1.37452 1.37052 1.13972 1.01398 1.00306 1.00014 1.1319 0.998403 1.92293 0.992486 0.983251
threshold=0.011538455017611514 -0.0045316074095032568 -0.027390142353965082 -0.015756634053113724 -0.0043015024416983563 -0.0065401009868871198 -0.022608058515682147 -0.028191641117838614 -0.0069629586816009606 -0.10599613264646039 -0.0086377534955604501 -0.0041925162433013021 0.048620097632458378 -0.0070301519299790774 0.041759288596271225 -0.027958989873085257 0.053244571577415807 -0.0033757434950809069 0.32519847238428096 -0.0072105847264469216 -0.022354404821055825 0.0062196826935922997 0.0058389064407663458 0.30393468319807554 0.17177820590564832 0.033757772185589084 -0.15666280031026122 1.0000000180025095e-35 0.0019175164542778458 -0.014062699223687468
decision_type=2 10 10 2 8 10 10 10 8 10 10 10 2 10 2 10 8 10 10 2 2 8 8 10 10 2 10 10 10 8
left_child=1 -1 8 4 5 -4 -6 -5 9 10 15 12 29 14 -11 -2 22 -18 19 20 24 -22 -10 -21 -19 -26 27 -13 -16 -12
right_child=2 -3 3 7 6 -7 -8 -9 16 13 11 26 -14 -15 28 -17 17 18 -20 23 21 -23 -24 -25 25 -27 -28 -29 -30 -31
leaf_value=0.00033085057493054598 -0.0019141473220121285 6.1062209176862388e-05 0.00048488954102239492 -0.0015157950412350825 9.6157155346362626e-05 -0.0035260259576150536 0.0010257579854583353 4.061510667544825e-05 -7.3144355659208129e-05 0.00072691251415257785 0.0022560703222443534 9.2980363835332387e-06 -0.00098440555980137782 -0.00023609606563602316 0.00013428129584491742 -7.7131721866756478e-05 -0.00076907573180506005 -0.00088352812665115751 0.000492672457824141 -0.00034026545964710041 0.00045497580845170883 -0.00020669046107999701 0.00041106056983940785 -0.0021132329788800695 -0.0014444983303773555 0.0010576849159237203 -0.00013493841219233929 0.0019983329377441161 -0.002587487792808442 0.00093924324275286174
leaf_weight=20537 415 41210 220 378 2049 214 2981 35318 98789 2598 861 1072 259 9193 285 1155 4131 2126 2279 21937 6000 3844 4052 291 226 581 2152 739 209 1253
leaf_count=20537 415 41210 220 378 2049 214 2981 35318 98789 2598 861 1072 259 9193 285 1155 4131 2126 2279 21937 6000 3844 4052 291 226 581 2152 739 209 1253
internal_value=-6.6032e-07 0.000150794 -4.61443e-05 8.4266e-05 0.000477108 -0.00149284 0.00064708 2.41336e-05 -7.87852e-05 0.000118511 0.000401882 0.000640899 0.00120707 -6.38524e-05 0.000448255 -0.000562712 -0.0001064 -0.000236354 -0.000177329 -0.00022095 2.70028e-05 0.000196601 -5.40664e-05 -0.000363476 -0.000542217 0.00035695 0.000301879 0.000820947 -0.00101724 0.00147557
internal_weight=267354 61747 205607 41160 5464 434 5030 35696 164447 20191 7906 6336 2373 12285 3092 1570 144256 41415 37284 35005 12777 9844 102841 22228 2933 807 3963 1811 494 2114
internal_count=267354 61747 205607 41160 5464 434 5030 35696 164447 20191 7906 6336 2373 12285 3092 1570 144256 41415 37284 35005 12777 9844 102841 22228 2933 807 3963 1811 494 2114
is_linear=0
shrinkage=0.03


Tree=79
num_leaves=31
num_cat=0
split_feature=13 5 12 8 8 7 12 6 6 12 13 12 13 11 11 11 12 12 3 3 2 5 11 10 5 3 5 10 8 11
split_gain=2.54382 1.51988 1.01482 0.963045 0.954082 0.963025 0.945997 1.78745 1.04576 1.65146 1.02456 0.995095 0.912511 1.0763 1.3262 1.01002 1.396 1.06414 1.03296 0.999602 0.996877 0.977334 0.95876 1.49383 0.92153 0.903625 0.87418 0.861183 0.834665 1.27561
threshold=0.021140193550111781 0.0084019381526837227 -0.01457230349863353 0.06566694001655618 0.039206858551288061 0.24822156068674431 0.0152975090180435 -0.045707831791154334 0.19839197925800892 0.023117505022958344 0.041024297089336963 0.024050800386966779 0.0088558323869253695 -0.0040185140018970658 -0.0048747298801486419 0.0023590067290921728 0.0012924839238106502 -0.0072981505613444178 -0.0059776343517398125 -0.0067077205158506117 -2.422559665834406 0.059109000061700057 -0.0027393443331276686 0.0059692030208320377 0.060887161530463342 -0.0084239241917107282 0.056725919701095216 0.0020684134140932513 0.018082774503711162 -0.0058529657534840398
decision_type=2 8 8 10 10 10 10 10 8 10 2 10 2 10 8 8 8 10 10 8 10 10 10 10 8 8 10 10 8 10
left_child=3 -2 4 12 5 -3 7 -4 10 -10 -8 27 13 14 -1 17 24 18 19 -14 28 -20 23 -15 -17 -26 -7 -12 -19 -30
right_child=1 2 6 -5 -6 26 8 -9 9 -11 11 -13 15 22 -16 16 -18 20 21 -21 -22 -23 -24 -25 25 -27 -28 -29 29 -31
leaf_value=0.00018780260438235207 0.0022952015200917619 5.9106536806223068e-05 8.8580343822061285e-05 0.001891854589876647 -0.00040325553635401121 0.0016225513552792176 0.00013933133842335547 -0.00036905895481559065 -0.0033501848367948647 -0.00015710189495291721 -0.00050606466399763679 -0.00012082313009294361 0.00035283882924211075 -0.00015855248707156159 0.0016510898618673719 9.5530919148184635e-05 0.00053655787826311177 -2.6986279997757278e-05 7.1022245931155281e-05 0.0017423791259164056 -3.1878572426619017e-06 -0.0011935934914233113 0.0002218566579982622 -0.0027034928780811452 0.00054373637096432497 -0.0019270057158012473 -0.00012563456336366026 -0.0020726248097127755 -0.0019928847603289724 -0.00036193759390929821
leaf_weight=1241 233 21326 9772 260 3925 689 15346 35901 219 436 1094 7521 8202 2547 1012 16722 7842 8173 15681 494 71486 570 25112 226 200 399 411 444 452 9562
leaf_count=1241 233 21326 9772 260 3925 689 15346 35901 219 436 1094 7521 8202 2547 1012 16722 7842 8173 15681 494 71486 570 25112 226 200 399 411 444 452 9562
internal_value=-2.52882e-06 -0.000124868 -0.000130676 6.743e-05 2.82354e-05 0.000103755 -0.000189877 -0.000271144 -4.17637e-05 -0.00122471 -1.00148e-05 -0.000263008 6.46384e-05 0.000214361 0.00084508 3.23574e-05 0.000204468 -5.42668e-06 0.000167879 0.000431775 -5.36402e-05 2.66661e-05 0.000163401 -0.000365966 5.41158e-05 -0.00110205 0.000969366 -0.00095831 -0.000251949 -0.000435553
internal_weight=267498 97317 97084 170181 26351 22426 70733 45673 25060 655 24405 9059 169921 30138 2253 139783 25163 114620 24947 8696 89673 16251 27885 2773 17321 599 1100 1538 18187 10014
internal_count=267498 97317 97084 170181 26351 22426 70733 45673 25060 655 24405 9059 169921 30138 2253 139783 25163 114620 24947 8696 89673 16251 27885 2773 17321 599 1100 1538 18187 10014
is_linear=0
shrinkage=0.03


Tree=80
num_leaves=31
num_cat=0
split_feature=13 1 7 11 7 3 9 0 10 11 12 9 13 10 11 0 3 7 10 11 13 3 11 13 2 10 10 1 2 0
split_gain=1.46821 1.21761 1.75121 1.31611 1.17841 1.21374 1.38195 1.10803 1.17667 1.30578 1.25859 1.33927 1.11961 1.0695 1.45465 1.19128 1.32091 1.293 1.04234 1.01166 0.988916 0.983049 0.951147 1.05483 1.21142 1.05578 0.93176 1.68506 1.35784 0.919925
threshold=0.011450014007048169 -0.0080284938883891082 -0.077441167092704918 0.002769761692301143 -0.2115245281657144 -0.017017136055413381 -0.081123223271566888 0.018674502015312181 -0.00167466023889673 -0.012546539886328088 -0.0071617113518322997 -0.022259931081900327 0.047399238518947624 0.0024302424577823394 0.00031684396026343547 -0.0022777814208124743 0.012860275757213714 -0.19779059448194233 0.008946640679050823 -0.012546539886328088 0.028546979608938098 -0.0031726890598154918 0.0060144310204254267 0.034156260521260924 -0.5530474876675413 -0.0055056309784668458 -0.00059452740815729699 0.0087092471177843151 -1.1864958304267612 0.010985605481478424
decision_type=2 2 8 8 8 8 10 10 10 10 10 10 2 8 8 10 10 10 10 10 2 10 8 2 10 10 8 2 10 8
left_child=-1 4 13 19 -2 18 -7 8 9 -8 11 -10 21 15 -15 -3 -17 -18 -6 -4 26 -11 23 24 -22 -25 -5 28 -28 -21
right_child=1 2 3 20 5 6 7 -9 10 12 -12 -13 -14 14 -16 16 17 -19 -20 29 22 -23 -24 25 -26 -27 27 -29 -30 -31
leaf_value=0.0001414368881275804 -0.00087050312153301142 0.00036635978009497545 0.0019329747393289033 -9.9872438823347772e-05 0.00027577548695262934 -0.00017703848665383124 -0.0021930113325773029 -0.00055158875362844035 4.2628524522056728e-05 0.00042220281640519962 0.00083117949916899306 0.00053748840465681958 0.0018276299672208359 7.8405551084855787e-05 0.00095521797725007954 -0.00033937070089164097 -0.0015353853748622638 0.00079772383482730361 0.0013675656343347521 -0.00021455828016207244 -1.2538846339116722e-05 -0.00041784304300268143 -0.0010221848966107303 0.0013568340039754648 -0.0017246098755855075 -3.0514007273146308e-05 -0.00042080691966097798 0.00088475441041133531 0.00042549819517816222 9.710973394529829e-05
leaf_weight=60564 1164 5891 204 6245 13173 19160 277 1967 16056 1773 3176 7098 263 3777 3101 8172 243 1778 837 81635 932 4281 1185 633 619 2243 2812 3652 4339 9517
leaf_count=60564 1164 5891 204 6245 13173 19160 277 1967 16056 1773 3176 7098 263 3777 3101 8172 243 1778 837 81635 932 4281 1185 633 619 2243 2812 3652 4339 9517
internal_value=1.15727e-05 -2.65698e-05 -7.83941e-05 -0.000126532 7.59767e-05 9.21637e-05 2.76648e-05 0.000140075 0.000181398 -0.000176982 0.000271149 0.000194331 -8.8579e-05 0.000160631 0.000473723 2.67435e-05 -0.000169536 0.000517197 0.000341002 -0.000177295 7.81232e-05 -0.000171824 -0.000267298 -6.5233e-05 -0.000695822 0.000274838 0.000191832 0.00036046 9.27042e-05 -0.000182018
internal_weight=266767 206203 136978 114016 69225 68061 54051 34891 32924 6594 26330 23154 6317 22962 6878 16084 10193 2021 14010 91356 22660 6054 5612 4427 1551 2876 17048 10803 7151 91152
internal_count=266767 206203 136978 114016 69225 68061 54051 34891 32924 6594 26330 23154 6317 22962 6878 16084 10193 2021 14010 91356 22660 6054 5612 4427 1551 2876 17048 10803 7151 91152
is_linear=0
shrinkage=0.03


Tree=81
num_leaves=31
num_cat=0
split_feature=9 11 10 0 7 6 12 11 0 8 10 5 1 5 8 10 10 11 7 5 8 11 8 0 1 11 11 10 12 3
split_gain=1.52223 1.39583 1.28213 1.19027 1.17415 1.26313 1.06806 0.996903 1.70673 1.18096 1.09948 2.04239 0.943761 1.02577 0.925557 1.22576 0.99117 0.986341 0.939935 0.904303 0.965407 0.868902 1.91864 1.15279 0.920965 0.887529 0.871183 0.865364 0.861402 1.06383
threshold=-0.026957577898237158 0.006644376754847304 -0.0043015024416983563 -0.0029938325623005686 -0.090255448510158418 -0.11158717123038418 -0.031093505766181747 -0.0037394986618783372 -0.013015486744986647 0.028925198614051264 -0.0086377534955604501 0.032752306195328533 -0.015756634053113724 0.036869798639970884 0.031456098744024989 -0.010872040601414166 0.012216338562045183 0.0056068123021811864 -0.16444793325372611 0.044050898320713579 0.020321471808435222 -0.0025460857065984772 0.018254542374280307 -0.0027740226199424729 0.016163282976087826 0.0051049438007758638 0.0037256101513831745 -0.010872040601414166 -0.0012740840670776852 -0.026609439965862066
decision_type=10 10 10 10 10 10 10 10 8 8 8 10 2 10 8 10 10 10 8 10 8 8 10 10 2 10 10 10 10 8
left_child=3 2 21 4 6 -6 -1 8 9 -8 11 -9 -4 -14 15 -5 -16 -17 -19 20 -10 22 -2 -24 25 26 -23 -26 -12 -30
right_child=1 -3 12 14 5 -7 7 10 19 -11 28 -13 13 -15 16 17 -18 18 -20 -21 -22 24 23 -25 27 -27 -28 -29 29 -31
leaf_value=0.0021801025451109249 -0.0029368076705068875 -0.0013356448133678327 0.00059186514713590146 0.0019338580640461786 0.0017886948132005041 6.6940462975832494e-06 -0.00036426681313484773 0.00093540308934678931 -5.2391508128494017e-06 0.0025902708572438523 0.0010679348706995712 -0.0019406196286145131 0.00022398513797515884 -0.00011967973345421468 -0.00023719657756907927 -5.1385811150404756e-05 0.00070943253223753439 -0.0014054512783228928 0.00049676910743748815 0.00039118944422092145 -0.0020924622713237953 6.4568067726234515e-05 -0.0013769753898003612 0.0013027584023831667 -0.0027334119657780108 0.0015668755907986324 -0.0017949247349754471 -0.00032927557737037663 0.0012807629249379003 9.6681037902257875e-05
leaf_weight=296 339 571 4934 285 362 32341 229 449 300 260 2540 440 40021 9714 32431 126908 1027 247 4370 358 595 2767 302 277 215 323 247 361 878 3073
leaf_count=296 339 571 4934 285 362 32341 229 449 300 260 2540 440 40021 9714 32431 126908 1027 247 4370 358 595 2767 302 277 215 323 247 361 878 3073
internal_value=7.57587e-06 0.000140558 0.000154724 -3.09429e-05 0.00011142 2.64196e-05 0.000406574 0.000349024 -0.000296491 0.00120665 0.000501394 -0.00048805 0.000196122 0.000156862 -6.72261e-05 -3.14573e-05 -0.00020814 -3.57159e-05 0.000395004 -0.000883113 -0.00139283 -0.000313744 -0.0011444 -9.49611e-05 -0.00011887 7.23447e-05 -8.7819e-05 -0.00122665 0.000636907 0.00035981
internal_weight=267460 60071 59500 207389 42121 32703 9418 9122 1742 489 7380 889 54669 49735 165268 131810 33458 131525 4617 1253 895 4831 918 579 3913 3337 3014 576 6491 3951
internal_count=267460 60071 59500 207389 42121 32703 9418 9122 1742 489 7380 889 54669 49735 165268 131810 33458 131525 4617 1253 895 4831 918 579 3913 3337 3014 576 6491 3951
is_linear=0
shrinkage=0.03


Tree=82
num_leaves=31
num_cat=0
split_feature=13 5 2 2 11 4 13 12 4 1 7 11 3 11 3 0 1 3 12 4 5 12 0 1 8 5 2 7 11 13
split_gain=1.40525 1.0668 1.03573 1.19372 1.25512 1.14171 1.08013 0.895266 1.2939 1.19826 1.06849 1.04595 1.02614 0.993868 1.08818 0.868011 1.07087 0.855148 1.13333 0.925407 0.848508 0.843109 0.853033 0.824303 1.1372 0.810742 0.804847 1.00314 0.799685 1.16121
threshold=0.016349045504424477 0.0076872561909701294 -1.6460740745384155 5.7942592730076132 0.00052471065793802129 -0.0036373276922148086 0.021140193550111781 0.0152975090180435 0.024749439460086457 0.0034369240331267874 -0.27885339632819073 0.0045139161619989219 0.043956062526263169 0.00057985666058124618 0.018578578360367696 0.0045340084550890012 -0.0078826991961180575 -0.0033390441857566451 -0.0068999484522382351 -0.0081676367315339764 0.0076872561909701294 -0.020046207352180153 0.015776433166714735 -0.015463913258081883 0.029259641141979865 0.025176294008117335 -1.1864958304267612 -0.14877258981782984 0.0027916528552079938 0.035416986588040288
decision_type=2 8 10 10 8 10 2 8 10 2 10 10 10 10 10 10 2 10 10 8 10 10 10 2 10 10 8 8 10 2
left_child=15 -2 7 -4 5 23 -6 8 9 12 -9 -10 28 -11 -15 16 -1 18 -18 -20 -17 22 -8 -5 -25 -12 27 -22 -3 -30
right_child=1 2 3 4 6 -7 21 10 11 13 25 -13 -14 14 -16 20 17 -19 19 -21 26 -23 -24 24 -26 -27 -28 -29 29 -31
leaf_value=0.0003989490421968175 0.0019387846370325056 -0.00013190274061908373 3.8406374789010873e-05 0.00090458187554849905 0.00011166146540832691 -0.0002879729477946764 -0.0010233950201670623 -0.0012807448474632108 0.00030395968059060451 -0.0009991652347702345 0.00087596165059938282 -0.0014106772951177611 -0.0021472482368878926 -0.00048978012702177221 0.001041234880513456 0.00093367454446088372 0.00088782570081578872 4.625470903823831e-06 3.5677930352906189e-05 0.00039423579020430531 0.001340366528745283 -0.00056388750248197357 -0.0032121357657726749 0.00038046897421309422 -0.00071810559716196823 4.8614628804040737e-05 4.2930925260436401e-05 -0.00030614546695735556 -0.00047087467879912539 -0.0025759714439426633
leaf_weight=11053 239 20386 79808 1444 1921 6949 621 462 4815 3660 1325 343 243 4460 461 759 2054 48113 18925 9850 342 5317 216 3041 1176 5453 19083 12688 1656 275
leaf_count=11053 239 20386 79808 1444 1921 6949 621 462 4815 3660 1325 343 243 4460 461 759 2054 48113 18925 9850 342 5317 216 3041 1176 5453 19083 12688 1656 275
internal_value=-3.64441e-07 -6.38621e-05 -6.71852e-05 -1.42328e-05 -0.000217328 -3.03246e-05 -0.000509355 -0.000189405 -0.00025016 -0.000323055 0.000115199 0.000189939 -0.000208285 -0.000624794 -0.000346354 7.41948e-05 0.000122386 8.36635e-05 0.000207014 0.000158416 -5.77409e-05 -0.000703208 -0.00158823 0.000285944 7.41081e-05 0.000210349 -8.11733e-05 -0.000262929 -0.000187173 -0.000770668
internal_weight=267138 144271 144032 100493 20685 12610 8075 43539 36299 31141 7240 5158 22560 8581 4921 122867 89995 78942 30829 28775 32872 6154 837 5661 4217 6778 32113 13030 22317 1931
internal_count=267138 144271 144032 100493 20685 12610 8075 43539 36299 31141 7240 5158 22560 8581 4921 122867 89995 78942 30829 28775 32872 6154 837 5661 4217 6778 32113 13030 22317 1931
is_linear=0
shrinkage=0.03


Tree=83
num_leaves=31
num_cat=0
split_feature=5 8 10 10 10 13 13 8 10 10 3 6 1 6 11 10 1 11 5 10 5 11 2 11 5 1 13 1 9 5
split_gain=1.45052 1.03122 1.32063 1.30246 1.51746 1.17482 1.14968 1.13931 1.00153 0.93051 0.901432 1.43567 1.56822 1.19275 1.02473 0.948423 0.892016 1.02838 1.16046 0.878792 1.1342 1.1147 0.99694 1.7267 1.11631 1.00148 0.94017 0.877041 0.851851 0.847451
threshold=0.011845921519713922 0.028319457068308702 0.026841081570496365 -0.0016081971148838579 -0.0012268975765569177 0.020140425567763059 0.076453075949644719 0.020593573483945218 0.0083701210885805972 -0.003942695866748557 -0.016697568761468492 -0.058191938413415793 -0.0017548619764579663 -0.016117770407419792 0.0027916528552079938 -0.00015313900887686802 -0.0068068747232883911 0.00076169159258399077 0.095409490574798556 0.0020804490188220952 0.016566785059386233 -0.00092384265046596681 -0.5185916731331276 -0.0028755546026011931 0.020521458550737063 0.02471113088372701 0.018918912045590517 -0.016384459032671769 -0.19077958135772063 0.057461613862436804
decision_type=10 8 10 8 10 2 2 10 10 8 8 10 2 10 10 10 2 8 10 10 10 10 10 10 10 2 2 2 10 10
left_child=8 6 3 29 5 -5 16 -8 9 -1 11 14 -13 -12 15 -6 -2 18 28 22 21 -21 24 -24 -15 26 -25 -28 -18 -3
right_child=1 2 -4 4 10 -7 7 -9 -10 -11 13 12 -14 19 -16 -17 17 -19 -20 20 -22 -23 23 25 -26 -27 27 -29 -30 -31
leaf_value=-0.00045158008174687645 0.00012935053769310188 -1.25076793826457e-05 0.001680244759006847 0.00012282533058857986 -0.0007415668008404683 -0.0014504378106858819 0.00059895268409495541 -0.0021128048444670889 -0.0011026626606793048 0.00037908370475582542 -0.00049629390398065549 0.00021798546363105645 -0.00062212981282861661 0.00083843014816034449 -0.00045795841494011353 0.00092282494714639922 0.00081525668994124442 8.5659836359795358e-05 -0.0020464578110937757 -0.0030656345606856869 0.00010892978270622943 -4.3545719705709888e-05 -0.0023271633060913156 5.7706759605452932e-05 -0.00024638308519180205 0.0009566790473807458 0.00015003228802184528 -0.0015042089259993934 -9.1162488720931324e-05 0.00049468781432714299
leaf_weight=1320 54122 12178 367 602 344 1471 205 436 463 15072 11242 4295 3742 948 783 2955 945 52855 271 204 12062 238 519 996 8585 394 377 1228 74367 3919
leaf_count=1320 54122 12178 367 602 344 1471 205 436 463 15072 11242 4295 3742 948 783 2955 945 52855 271 204 12062 238 519 996 8585 394 377 1228 74367 3919
internal_value=3.93437e-06 -1.4181e-05 -0.000114467 -0.000124286 -0.000198562 -0.000993562 2.27412e-05 -0.00124555 0.000273327 0.000312193 -0.000164868 5.9535e-05 -0.000173169 -0.000238783 0.000517704 0.000749272 2.71944e-05 -1.58528e-05 -8.68403e-05 -0.000125483 5.42353e-05 -0.00143836 -0.000297721 -0.000729652 -0.000138505 -0.000452821 -0.000666332 -0.00111564 -7.97889e-05 0.000110975
internal_weight=267505 250650 67449 67082 50985 2073 183201 641 16855 16392 48912 12119 8037 36793 4082 3299 182560 128438 75583 25551 12504 442 13047 3514 9533 2995 2601 1605 75312 16097
internal_count=267505 250650 67449 67082 50985 2073 183201 641 16855 16392 48912 12119 8037 36793 4082 3299 182560 128438 75583 25551 12504 442 13047 3514 9533 2995 2601 1605 75312 16097
is_linear=0
shrinkage=0.03


Tree=84
num_leaves=31
num_cat=0
split_feature=13 0 12 13 11 11 5 5 12 11 10 10 13 1 10 8 2 10 6 7 10 12 6 0 10 10 2 5 10 10
split_gain=1.34022 1.0549 0.884364 1.00529 1.93414 1.3993 1.30025 1.89018 0.986756 1.17472 1.31884 1.2018 1.0007 1.47518 1.05705 0.99196 0.976878 0.965051 0.914927 1.16791 1.08291 0.912481 0.883556 1.0945 1.00201 0.858439 1.61324 1.13449 0.969098 2.08557
threshold=0.016256844496877077 -0.00056912873061398795 -0.031093505766181747 0.053331140722772709 -0.012546539886328088 -0.0073806561312393928 0.02745296250504425 0.029777297368173361 0.027589163187942859 -0.0026136636918970275 -0.0022431689842301035 -0.0022431689842301035 0.028546979608938098 0.019288350352155485 -0.0021171488871817297 0.034808485311067047 -1.3468206230265056 -0.0083216798107182948 0.084563057947879675 0.076024624301614621 0.0018819521448376622 -0.015491196142413231 0.017587112611901715 0.0058771043837467793 0.0018421243046183868 0.00032090436257026239 -0.67548990226009942 0.023848953014322456 0.00057765818009547509 0.00070435215143260798
decision_type=2 10 8 2 8 10 8 10 10 10 10 8 2 2 8 8 10 10 10 8 10 10 10 10 10 10 8 10 10 10
left_child=1 -1 18 4 -4 -5 -7 -8 12 10 -10 15 13 21 17 -11 -13 -14 -2 -20 -21 -6 23 -12 -24 26 -16 -28 -27 -30
right_child=2 -3 3 5 8 6 7 -9 9 11 22 16 14 -15 25 -17 -18 -19 19 20 -22 -23 24 -25 -26 28 27 -29 29 -31
leaf_value=0.00022130764325985525 0.00052814185891171149 2.5886269549382536e-05 0.0013918126961839595 -0.002483993621135596 0.00020718704425105175 -0.0013504598339029207 0.0025799872913742309 -0.00027156709165753384 0.0015507348923075224 0.00021002980043280899 -0.00060669885141061174 0.0016697521115011653 -0.00057215124959967168 0.00061744220952394241 -0.00021076003101773642 -0.0020268095276153443 0.00051973123249107614 0.00022488935421144653 -0.0023163212767715359 -0.00098187282334380021 0.0011664837892454089 -8.2513933424112514e-05 -0.0014812813535585855 -0.0032723277106975453 0.001354839636762513 0.00055890029403219408 1.8007415135704827e-06 -0.0013584493789285759 -0.0020435967692973029 -0.00019442916300324746
leaf_weight=34852 4204 86716 832 288 11177 962 219 4680 238 722 334 957 1691 3117 4768 237 2177 7140 236 431 414 78576 206 237 246 1422 699 2621 568 16347
leaf_count=34852 4204 86716 832 288 11177 962 219 4680 238 722 334 957 1691 3117 4768 237 2177 7140 236 431 414 78576 206 237 246 1422 699 2621 568 16347
internal_value=8.36036e-06 8.19111e-05 -5.29889e-05 -6.73235e-05 -5.01509e-05 -0.000442421 -0.000342102 -0.000144094 -5.91389e-05 0.000339884 -0.000460712 0.000586537 -7.58128e-05 -2.41555e-05 -0.000211887 -0.000342766 0.000870902 7.22684e-05 0.000327984 -0.00045043 7.06948e-05 -4.64373e-05 -0.000928673 -0.0017131 6.22712e-05 -0.000306849 -0.00056431 -0.00107206 -0.000193289 -0.000256524
internal_weight=267314 121568 145746 140461 134312 6149 5861 4899 133480 5354 1261 4093 128126 92870 35256 959 3134 8831 5285 1081 845 89753 1023 571 452 26425 8088 3320 18337 16915
internal_count=267314 121568 145746 140461 134312 6149 5861 4899 133480 5354 1261 4093 128126 92870 35256 959 3134 8831 5285 1081 845 89753 1023 571 452 26425 8088 3320 18337 16915
is_linear=0
shrinkage=0.03


Tree=85
num_leaves=31
num_cat=0
split_feature=13 10 13 0 9 1 12 13 0 6 6 5 10 9 13 10 5 10 12 1 1 1 10 10 6 1 0 9 2 2
split_gain=1.50004 0.970519 1.13129 0.85225 1.16861 1.51795 1.73675 1.89787 1.42801 1.10892 1.2233 1.03836 1.03131 1.41432 1.69435 1.21449 1.05794 0.992892 0.965994 0.959534 0.87799 0.873103 0.865898 0.992745 0.835418 1.17078 1.05695 0.956212 0.95162 0.942405
threshold=0.0085338776899021949 0.0049008937763079805 0.0030119229169466876 -0.0044495201649288876 -0.054408318176129004 -0.0056997461352492609 0.024050800386966779 0.044293193621162998 0.018674502015312181 0.0045352409763677057 -0.010799079749854888 0.090319231555580429 0.0024302424577823394 -0.13374064914896031 0.064390400744067808 -0.0060345112474247111 0.057461613862436804 -0.00167466023889673 -0.0061596263248716579 0.016640368318574853 0.02978140980251898 -0.027427711123084116 0.0012169651187220467 0.004190765150861365 0.0021116569970072168 0.0095836474039181514 0.011235947175568974 -0.030033043871298345 6.9923213212168278 -2.7982373347498339
decision_type=2 10 2 10 10 2 10 2 10 10 10 10 8 8 2 10 10 10 10 2 2 2 8 10 10 2 10 10 10 10
left_child=1 -1 -3 22 12 8 7 24 11 10 -8 17 15 -14 16 -5 20 18 -6 -9 -15 -18 -2 -24 25 -7 -26 28 -28 -29
right_child=3 2 -4 4 5 6 9 19 -10 -11 -12 -13 13 14 -16 -17 21 -19 -20 -21 -22 -23 23 -25 26 -27 27 29 -30 -31
leaf_value=0.00025783438491577398 3.5647572996550896e-05 -0.0021916843383310118 -0.00014131465147341045 0.00040966267765029317 -0.00035989753719817567 -3.165049040741285e-05 0.00098096607348664472 -0.00078055555690964887 -0.00065616389032359943 0.00075420381525911895 -0.0017274145665578545 -0.0011417648493474706 0.00031898671573431562 -3.8100376692893693e-05 -0.002193516455671945 -0.00020731254765923117 0.00099038164525364438 0.00032949319932587805 0.00068670776978483423 -0.0030350435401614168 0.0013098550325471897 -0.00084445463862907737 0.00059383056399026524 -0.00041087558045587634 -0.00021407668827900795 0.00066508221222177834 0.0014619538004952146 -0.0018113038485834398 -0.00079072108417658983 0.00020601882023786147
leaf_weight=24823 32262 278 1880 2989 3789 10810 253 442 1711 3329 369 486 9806 23760 344 73007 260 25821 1004 276 443 2282 5169 1068 34634 2716 934 237 206 1728
leaf_count=24823 32262 278 1880 2989 3789 10810 253 442 1711 3329 369 486 9806 23760 344 73007 260 25821 1004 276 443 2282 5169 1068 34634 2716 934 237 206 1728
internal_value=-7.30702e-06 0.000204783 -0.000405449 -3.1137e-05 -5.58325e-05 2.56248e-05 -6.94028e-05 -0.000115489 0.000187622 0.000536956 -0.000625774 0.000234043 -0.000119867 1.02688e-05 -0.000101485 -0.000183046 -7.45764e-05 0.000255884 -0.000140663 -0.00164718 -1.34281e-05 -0.000656785 9.8204e-05 0.000421789 -9.40371e-05 0.000108252 -0.00016654 0.000363703 0.00105489 -3.72919e-05
internal_weight=267116 26981 2158 240135 201636 88745 55934 51983 32811 3951 622 31100 112891 36895 27089 75996 26745 30614 4793 718 24203 2542 38499 6237 51265 13526 37739 3105 1140 1965
internal_count=267116 26981 2158 240135 201636 88745 55934 51983 32811 3951 622 31100 112891 36895 27089 75996 26745 30614 4793 718 24203 2542 38499 6237 51265 13526 37739 3105 1140 1965
is_linear=0
shrinkage=0.03


Tree=86
num_leaves=31
num_cat=0
split_feature=0 10 4 2 1 6 8 7 3 13 8 0 3 13 10 13 2 4 13 2 3 7 3 10 12 3 2 8 10 6
split_gain=1.19671 1.13691 1.20247 1.0763 1.05381 1.81368 1.04984 0.958269 0.937492 1.13289 0.915683 1.09458 0.8707 1.01092 1.07875 0.832654 1.23107 0.833034 0.889387 0.798347 0.936954 0.967679 0.776598 1.2081 0.766429 0.760305 0.750798 0.78592 1.43533 2.00732
threshold=-0.00011485734308497307 -0.0012268975765569177 -0.072951771337649171 -3.2281192852745484 0.011073613154953145 0.017587112611901715 0.018165630375609546 -0.2115245281657144 -0.0065322379281756984 0.055382658408149606 0.031456098744024989 -0.0044495201649288876 -0.0080342859569725849 0.017377241110516108 0.00034577380771638749 0.020376185961597341 11.848044802743138 0.024749439460086457 0.041759288596271225 -0.47740662360832808 -0.037572959860838744 0.094724336139470081 0.056788152311820335 -0.0068527525938135705 0.027589163187942859 -0.031037184623754984 -3.0815399047161161 0.025460046610883785 0.0045588099205506891 0.082284739503091023
decision_type=8 8 10 10 2 8 8 10 10 2 8 10 10 2 10 2 8 10 2 10 10 10 10 10 10 8 10 10 10 10
left_child=1 4 -3 6 8 7 12 -6 19 22 -7 24 13 14 -2 16 -4 -17 -19 -1 -21 -22 -10 -24 -12 -8 -5 -28 -29 -30
right_child=3 2 15 26 5 10 25 -9 9 -11 11 -13 -14 -15 -16 17 -18 18 -20 20 21 -23 23 -25 -26 -27 27 28 29 -31
leaf_value=0.00038946208712175765 -2.3768083232972286e-05 0.0024334090414117569 0.00024680772694960976 0.00071892614551092942 -0.0018821821207913789 -0.00052414494766295672 -0.0011205258286764073 7.4090928699165005e-05 -9.1614428279355293e-05 -0.0021470989921461726 -0.0017300141241849976 -0.0031864397503320392 -0.00017154797820189633 -0.00043800113624962767 0.0014637555201778821 -9.2934195648748967e-05 0.001577771594675596 0.00077347014768249628 -0.00055517571183706226 -0.0013773845179478217 0.00021185208468382441 -0.0012538667308616932 0.0028330472576277078 0.00012407983792305345 0.00021676005048565432 -0.00033576880446370769 1.923307899637191e-05 -0.00019849522447304514 2.1453667170265965e-06 0.0011183778106518595
leaf_weight=9698 739 214 27510 1216 235 1940 1214 5492 19946 236 510 291 6885 769 1080 13168 640 2104 578 458 3718 455 209 509 283 13111 101704 42811 7998 1771
leaf_count=9698 739 214 27510 1216 235 1940 1214 5492 19946 236 510 291 6885 769 1080 13168 640 2104 578 458 3718 455 209 509 283 13111 101704 42811 7998 1771
internal_value=-7.85035e-06 8.26246e-05 0.000190051 -5.23536e-05 -2.53738e-05 -0.000320017 -0.00024024 -6.18219e-06 4.78164e-05 -8.0325e-05 -0.000914371 -0.00161275 4.78841e-06 0.000473906 0.000859424 0.000179141 0.000277068 5.21969e-06 0.000487133 0.000234721 -8.93296e-05 5.20385e-05 -5.67208e-05 0.000912623 -0.00103526 -0.000402275 -2.35992e-05 -2.94515e-05 -0.000123621 0.000204505
internal_weight=267492 88194 44214 179298 43980 8751 23798 5727 35229 20900 3024 1084 9473 2588 1819 44000 28150 15850 2682 14329 4631 4173 20664 718 793 14325 155500 154284 52580 9769
internal_count=267492 88194 44214 179298 43980 8751 23798 5727 35229 20900 3024 1084 9473 2588 1819 44000 28150 15850 2682 14329 4631 4173 20664 718 793 14325 155500 154284 52580 9769
is_linear=0
shrinkage=0.03


Tree=87
num_leaves=31
num_cat=0
split_feature=13 5 1 11 9 11 4 9 11 0 0 9 4 5 9 7 12 10 0 10 5 4 6 13 1 12 7 6 0 13
split_gain=1.41989 1.11064 1.0689 0.994173 2.37576 2.07559 1.23104 1.17721 1.40418 0.918416 0.976995 0.95586 0.897131 0.892892 0.983493 0.945487 0.8735 0.825784 1.23274 2.79652 1.35735 1.11284 0.91278 0.838575 0.793066 0.76665 0.748751 0.865803 0.988459 0.72866
threshold=0.021546261132986692 0.0084019381526837227 0.014904596106135816 -0.0055927513385567442 -0.00039096901419055635 -0.0045449700422855446 0.0036943593418748981 -0.049847585961223677 -0.0046952678783172544 0.030987044945001378 -0.00011485734308497307 -0.0013327721318266981 -0.0085137552102041419 0.019266593267904839 -0.054408318176129004 -0.065238699212496351 -0.01651670305186614 0.008946640679050823 0.041296227684088478 0.0022102004023298876 0.051438703795285118 -0.027738347869020571 0.054030445006532431 0.023693749321760747 0.016640368318574853 -0.0032203106709501879 -0.27885339632819073 -0.11158717123038418 -0.019721406560940399 0.012264039017007582
decision_type=2 8 2 8 8 10 10 8 10 10 10 8 10 10 10 8 10 10 10 10 10 10 10 2 2 10 8 10 10 2
left_child=2 -2 3 4 6 7 -1 -5 -9 10 11 -7 -4 14 15 16 -3 18 26 20 -20 -19 23 -23 -14 -11 -15 28 -28 -27
right_child=1 13 12 5 -6 9 -8 8 -10 25 -12 -13 24 17 -16 -17 -18 21 19 -21 -22 22 -24 -25 -26 29 27 -29 -30 -31
leaf_value=-0.00049083927241620848 0.0019720541444057113 0.0015088304448615127 -0.00016728242680511148 0.00020001891113206392 -0.0034105765010872986 0.00011322616317148926 0.00026200879409666125 0.0008502920180786151 0.0029803152969349262 0.0022596012885950393 -2.4339442153731873e-05 0.00087771917541298308 0.00046167533191545507 -0.0010524033740605715 -7.1645069942813418e-05 -0.0010698400159894611 -0.00047199504366936051 0.0016751340213340519 -0.00099610886411729692 -0.0031421947347189416 0.0021325682441351891 0.0011511026539148823 0.0011963670201564308 -0.00034408713961406296 0.0017365485829077211 0.0013667768075837608 0.0022239223224044379 -9.6364233872085124e-05 0.00025931078729627191 -0.00099289765491156917
leaf_weight=5089 232 253 832 2434 213 48510 3174 2064 322 297 106342 1518 992 715 3761 2657 963 503 319 384 205 403 607 2080 788 265 252 78169 2700 212
leaf_count=5089 232 253 832 2434 213 48510 3174 2064 322 297 106342 1518 992 715 3761 2657 963 503 319 384 205 403 607 2080 788 265 252 78169 2700 212
internal_value=-7.35863e-06 -0.000101081 4.36601e-05 3.44301e-05 -0.000282293 5.10051e-05 -0.000201654 0.000664214 0.00113775 3.21964e-05 2.70939e-05 0.000136423 0.000645943 -0.000106199 -0.000417189 -0.00075274 -5.98661e-05 -7.87009e-05 -9.80347e-05 -0.00119734 0.000227896 0.000366541 0.000153524 -0.000101412 0.00102606 0.00106305 -8.58375e-05 -7.73182e-05 0.000427022 0.000318033
internal_weight=267255 94203 173052 170440 8476 161964 8263 4820 2386 157144 156370 50028 2612 93971 7634 3873 1216 86337 82744 908 524 3593 3090 2483 1780 774 81836 81121 2952 477
internal_count=267255 94203 173052 170440 8476 161964 8263 4820 2386 157144 156370 50028 2612 93971 7634 3873 1216 86337 82744 908 524 3593 3090 2483 1780 774 81836 81121 2952 477
is_linear=0
shrinkage=0.03


Tree=88
num_leaves=31
num_cat=0
split_feature=13 1 1 0 2 6 9 9 4 4 9 12 9 6 3 13 4 2 0 11 4 1 8 8 3 6 12 1 9 13
split_gain=1.353 1.15797 1.11948 1.02822 1.26875 1.44146 1.0196 1.04331 1.12951 0.945596 0.910166 0.898163 1.14064 0.855202 0.830045 0.813975 0.807308 0.800111 0.748013 0.755332 0.807225 0.993884 0.734127 0.945977 1.12778 0.773301 0.730293 1.34251 1.15065 1.05061
threshold=0.021269211286581675 -0.033542172240368366 -0.019565092020741189 0.0045957271921760476 -0.7940060318461003 -0.066947427552034908 -0.13659265870029516 -0.088141959968327008 -0.0029905175965156956 0.025392220201261421 -0.085971105209528761 -0.0022347273719109935 -0.10875540320606157 -0.030460609262469737 0.016327207736962616 0.011946339177603408 -0.055333086272784375 -6.6738424871129611 -0.028191641117838614 0.0023590067290921728 -0.00251991706985305 0.01382046000755688 0.029767086854527388 0.039206858551288061 -0.00034819331904811785 0.038322906934477048 0.0152975090180435 0.0038370569669784475 -0.091771648890997579 0.028546979608938098
decision_type=2 2 2 10 10 10 8 10 10 8 10 10 8 8 8 2 10 8 10 10 10 2 10 10 10 10 10 2 10 2
left_child=2 16 -1 9 6 15 -5 8 -8 11 -9 12 -4 -11 -15 -6 -2 -14 -13 -20 -21 -22 -7 25 -25 -24 27 -3 -29 -30
right_child=1 26 3 4 5 22 7 10 -10 13 -12 18 17 14 -16 -17 -18 -19 19 20 21 -23 23 24 -26 -27 -28 28 29 -31
leaf_value=0.0019260811408209366 0.0016627982206305052 -8.0773054249193198e-05 -0.00016059275078785971 0.00032295004816927089 -0.00049281393108203833 9.4088818722939621e-05 -0.0010107345377155363 0.0015293817072051751 -0.00013923028473243151 -0.00072742020867127156 -0.00019602057508330309 0.001410889132253942 -0.00057083578361439918 0.0022912862631038491 0.0004764506620992487 0.0013369610266763263 0.00024211822410725198 0.00026336581371421927 -4.0214606290074248e-05 -1.1133382874574903e-05 0.0004139527430132953 0.0020763720182207057 -0.0010852654065075806 -0.00067686754601383836 0.0017854844799513709 7.3878036075397037e-05 2.6569582404153874e-05 -8.1670903000595707e-05 -0.00035683647589331431 -0.00096620070649226049
leaf_weight=287 389 47896 7558 2779 268 20254 3186 280 2308 514 15912 340 1063 236 5827 1192 4827 38988 57861 4968 4021 352 1542 327 343 780 24983 6954 7153 3954
leaf_count=287 389 47896 7558 2779 268 20254 3186 280 2308 514 15912 340 1063 236 5827 1192 4827 38988 57861 4968 4021 352 1542 327 343 780 24983 6954 7153 3954
internal_value=3.41817e-06 -8.66314e-05 5.39995e-05 5.08556e-05 -6.4925e-05 8.67194e-05 -0.000218063 -0.000287393 -0.00064462 9.76242e-05 -0.000166184 7.76413e-05 0.000177436 0.000447488 0.000547092 0.00100108 0.00034807 0.000241225 7.298e-06 1.96705e-07 0.000250517 0.000547767 2.92913e-05 -0.000409348 0.00058371 -0.000695889 -0.000111564 -0.000163886 -0.000384295 -0.000573765
internal_weight=267342 96156 171186 170899 49171 24706 24465 21686 5494 121728 16192 115151 47609 6577 6063 1460 5216 40051 67542 67202 9341 4373 23246 2992 670 2322 90940 65957 18061 11107
internal_count=267342 96156 171186 170899 49171 24706 24465 21686 5494 121728 16192 115151 47609 6577 6063 1460 5216 40051 67542 67202 9341 4373 23246 2992 670 2322 90940 65957 18061 11107
is_linear=0
shrinkage=0.03


Tree=89
num_leaves=31
num_cat=0
split_feature=13 12 10 0 1 13 1 0 10 6 4 10 12 3 13 11 0 13 13 0 0 8 1 10 3 8 10 10 7 6
split_gain=1.52601 1.37133 1.21774 1.14347 1.12728 1.11304 1.39273 1.18406 1.21338 1.14529 1.07617 1.04938 1.06889 1.03124 1.19807 1.01125 1.07887 1.00615 0.994673 0.967975 0.960652 0.97335 1.25152 1.00009 1.00682 0.959619 0.925452 1.17245 1.55115 1.19735
threshold=0.028546979608938098 -0.031093505766181747 -0.0083216798107182948 -0.049601262336056155 0.01811087337814277 0.0085338776899021949 -0.0078826991961180575 0.0044018707052196912 0.0036264817377663632 0.054030445006532431 0.042901326330239693 0.0049008937763079805 0.0027018519775784404 -0.0035006389998078476 0.021269211286581675 -0.012546539886328088 0.023430777710393928 0.0298296088815766 0.017984125759869771 -0.013759812659194624 -0.00070815570756643787 0.024988384469595271 0.009800627270882047 0.015893940068006377 -0.0033390441857566451 0.052966135946296573 -0.0021171488871817297 -0.00093494062789750687 -0.19779059448194233 -0.11158717123038418
decision_type=2 8 10 8 2 2 2 8 10 10 8 8 10 8 2 10 8 2 2 8 10 8 2 10 10 8 10 10 10 8
left_child=4 -2 3 -3 5 11 7 8 18 10 -9 19 -13 -6 -15 -8 20 -5 -7 -1 -17 22 23 24 -22 -20 -4 28 -28 -29
right_child=1 2 26 17 13 6 15 9 -10 -11 -12 12 -14 14 -16 16 -18 -19 25 -21 21 -23 -24 -25 -26 -27 27 29 -30 -31
leaf_value=0.0017570287461873559 0.00030494068202629819 0.00068634872106445807 8.9909144917581837e-05 0.00061569916364490323 -7.4703176229029423e-06 0.0003835762860873392 0.0016223582980510228 -0.00011322940909633928 0.00095790506440089943 0.00046093635351201925 -0.0016764193874143816 -6.1439811760775385e-05 -0.0016134699302656581 0.0028804880353840946 0.00068692267774349606 4.8149791936552003e-05 0.00067237765443730582 -0.0014009316856051859 6.7743476281086664e-05 0.00023112089031915593 4.7151521945879153e-05 -0.00027885258497912011 0.00028027993988822788 -0.0018786615393961861 -0.00021466585337331749 -0.0014087580062943242 -0.0030478829784709727 0.00068485125366990658 -0.00057425032209125124 -0.00021849750794812123
leaf_weight=380 5311 362 9760 255 2008 13250 321 16709 1999 3289 406 1700 522 249 2240 40340 1769 1756 14878 24319 22576 26970 8279 288 31894 407 243 1382 3734 29697
leaf_count=380 5311 362 9760 255 2008 13250 321 16709 1999 3289 406 1700 522 249 2240 40340 1769 1756 14878 24319 22576 26970 8279 288 31894 407 243 1382 3734 29697
internal_value=-7.0995e-06 -0.000152089 -0.000203526 -0.000865813 2.8339e-05 1.82888e-05 -8.1557e-06 0.000125156 0.000243393 -5.17818e-05 -0.000150311 0.000198418 -0.000426048 0.000498321 0.000906367 -5.94302e-05 -6.35164e-05 -0.00114522 0.000193338 0.000254597 -7.35036e-05 -0.000128027 -6.34973e-05 -0.000115474 -0.000106151 2.84281e-05 -0.000168458 -0.000240391 -0.000725393 -0.000178328
internal_weight=267293 52500 47189 2373 214793 210296 183375 50938 30534 20404 17115 26921 2222 4497 2489 132437 132116 2011 28535 24699 130347 90007 63037 54758 54470 15285 44816 35056 3977 31079
internal_count=267293 52500 47189 2373 214793 210296 183375 50938 30534 20404 17115 26921 2222 4497 2489 132437 132116 2011 28535 24699 130347 90007 63037 54758 54470 15285 44816 35056 3977 31079
is_linear=0
shrinkage=0.03


Tree=90
num_leaves=31
num_cat=0
split_feature=8 10 10 5 5 2 10 0 7 4 7 0 12 10 10 3 7 6 2 12 8 4 6 10 7 2 10 5 6 2
split_gain=1.18052 1.04596 1.10978 1.72759 1.45526 1.04485 1.02079 0.94795 0.962647 0.898886 0.792824 0.75912 0.988201 0.916151 0.840366 1.47489 1.02176 0.825479 1.17054 0.804378 1.05296 0.824175 1.26641 0.85758 0.796702 2.28068 1.90973 0.909103 0.907055 0.909112
threshold=0.014763502608051706 0.0083701210885805972 -0.0017260044631248193 0.059973498246801184 0.059109000061700057 11.848044802743138 -0.010872040601414166 -1.0000000180025095e-35 -0.0042950286016765751 -0.021579347586779592 -0.074596862491040791 -0.00056912873061398795 0.014487279195799231 -0.0021171488871817297 -0.0086377534955604501 0.047703449259564941 -0.14877258981782984 -0.10476213645166825 -0.58960147450695244 -0.013262224545934729 0.016376173735384237 0.022810556206626979 0.058884566686333691 -0.017340498250633881 -0.09380787730439398 10.955286607492502 -0.003942695866748557 0.023848953014322456 -0.081631439181985607 -2.0873132581716187
decision_type=10 10 8 8 10 10 10 8 8 10 8 10 10 10 8 10 10 10 10 10 10 10 10 10 8 10 10 10 10 10
left_child=1 2 3 5 7 6 -1 8 9 -4 -8 14 17 -14 15 16 -2 18 -13 -18 -21 22 -22 -24 25 26 -16 -28 29 -26
right_child=11 -3 4 -5 -6 -7 10 -9 -10 -11 -12 12 13 -15 24 -17 19 -19 -20 20 21 -23 23 -25 28 -27 27 -29 -30 -31
leaf_value=0.00087570256222525822 -0.0018093963095023454 -0.0006633517339840495 -0.0014456655118843371 0.0025068600977574693 -0.0013358253985557471 -0.0020137256840924113 0.00059189037727476967 0.00014254728435512444 0.00067590490310489866 0.00024361127800860452 -0.00027619973616746784 1.4351706937059663e-05 0.00078988742878923683 7.3512079171699575e-05 0.0010407195246889284 0.0017895622163753917 0.00065472364890146247 -0.00010556463420759274 0.0013893923168888725 0.00097935287095437607 -0.00072575108778705536 -0.002113063293815541 0.0021297583132763973 -0.00041810430136408552 0.001920294603468429 0.0030001525216472435 -0.0007264595744784939 0.00018453138249260208 2.3156937054268381e-05 0.00030184730908258743
leaf_weight=866 434 1486 299 223 542 267 1046 33085 7218 5467 9991 1841 1798 15099 2136 288 694 124598 799 414 2768 304 256 222 438 285 1242 4781 47129 1089
leaf_count=866 434 1486 299 223 542 267 1046 33085 7218 5467 9991 1841 1798 15099 2136 288 694 124598 799 414 2768 304 256 222 438 285 1242 4781 47129 1089
internal_value=6.16926e-06 0.000122731 0.000142528 -0.000109793 0.000209616 -0.00015774 -0.000116108 0.000227798 0.000445029 0.000156013 -0.000193929 -2.79561e-05 -6.58162e-05 0.000149741 5.93832e-05 -0.000299053 -0.000417184 -9.44419e-05 0.00043051 -0.000287467 -0.000452422 -0.000619395 -0.000479507 0.000946441 9.31553e-05 0.000362151 0.000270004 -3.32363e-06 4.64725e-05 0.000766078
internal_weight=267105 60490 59004 12393 46611 12170 11903 46069 12984 5766 11037 206615 144135 16897 62480 5380 5092 127238 2640 4658 3964 3550 3246 478 57100 8444 8159 6023 48656 1527
internal_count=267105 60490 59004 12393 46611 12170 11903 46069 12984 5766 11037 206615 144135 16897 62480 5380 5092 127238 2640 4658 3964 3550 3246 478 57100 8444 8159 6023 48656 1527
is_linear=0
shrinkage=0.03


Tree=91
num_leaves=31
num_cat=0
split_feature=13 12 8 11 11 12 3 2 11 11 11 9 13 7 11 8 11 2 11 2 3 11 6 8 0 0 5 7 3 11
split_gain=1.35656 0.803991 0.923238 1.35506 0.978366 0.849476 0.832826 0.892625 1.38055 0.784883 1.45054 1.38493 1.2303 1.11867 1.07446 0.990444 1.35901 1.52377 1.37585 1.201 1.1931 0.853891 0.854928 0.80562 0.794829 0.788069 0.879261 0.742416 0.884357 0.739436
threshold=0.016256844496877077 -0.031093505766181747 0.037936125195822998 0.0073264182372776441 -0.0065286733926540599 -0.029297019120139597 -0.037572959860838744 9.3801751008015533 0.00057985666058124618 -0.0040185140018970658 -0.0027961301162618408 -0.00039096901419055635 0.0094486733509474251 0.086541488141717485 -0.0048747298801486419 0.018337597311993432 -0.0015424658277066736 -7.2746421845490516 -0.0016335004347811652 -2.4594223320601709 -0.0045316074095032568 0.0044233681894528818 -0.051374781416071484 0.017274010936071931 0.011235947175568974 0.011771509651859914 0.022296672355963342 -0.1401329831607184 -0.0059776343517398125 -0.003853996667671999
decision_type=2 8 8 10 8 10 10 10 10 10 10 8 2 8 10 10 10 10 10 10 10 10 10 10 10 10 10 10 10 10
left_child=9 6 -3 4 27 -6 -2 -8 -9 11 13 12 14 23 -1 16 17 -12 24 -17 -18 25 -23 29 -19 26 -21 -4 -29 -11
right_child=1 2 3 -5 5 -7 7 8 -10 10 15 -13 -14 -15 -16 19 20 18 -20 21 -22 22 -24 -25 -26 -27 -28 28 -30 -31
leaf_value=0.00038355361958482113 0.0011459672007120864 -4.5963828758360556e-05 -0.00094011076588568622 -0.0027136481412695628 -0.0020059947468202693 -0.00026885779913119552 0.00029860923578053239 0.00015933208034708045 -0.0028429185942912549 0.00013217544891613495 0.00296871193378654 -0.0018936255866927761 0.00018655355938319341 0.00039706091877289882 0.0016130634770414294 -0.0003894204346939968 0.00030407927767065135 0.00024620649294274148 0.0015100590021759187 0.0001649573793756589 -4.3562087113355502e-06 -0.00078717743920917794 0.00063622830610889905 -9.1050511788269645e-05 0.0018933256793712831 0.00058066171330627917 -0.00017934773700631346 0.0024726952565833926 0.00035440092792949284 -0.00080419546679328757
leaf_weight=1440 873 121018 202 202 257 17852 3869 372 219 914 222 252 8860 1883 1151 6885 17457 6996 972 10806 31937 429 3309 4196 274 1918 17463 274 503 4476
leaf_count=1440 873 121018 202 202 257 17852 3869 372 219 914 222 252 8860 1883 1151 6885 17457 6996 972 10806 31937 429 3309 4196 274 1918 17463 274 503 4476
internal_value=-1.15173e-06 -6.29459e-05 -7.66878e-05 -0.000269438 -0.000243572 -0.000293511 0.000298598 0.000132734 -0.000953177 7.27137e-05 4.78932e-05 0.0003063 0.000354713 -0.000271441 0.000929739 8.5012e-05 0.000164839 0.000516076 0.000450013 -2.8162e-05 0.000104652 4.51546e-05 0.000472868 -0.000402756 0.000308285 -7.80836e-06 -4.7735e-05 0.000680163 0.00110139 -0.000645412
internal_weight=267481 145641 140308 19290 19088 18109 5333 4460 591 121840 110137 11703 11451 11469 2591 98668 57858 8464 8242 40810 49394 33925 3738 9586 7270 30187 28269 979 777 5390
internal_count=267481 145641 140308 19290 19088 18109 5333 4460 591 121840 110137 11703 11451 11469 2591 98668 57858 8464 8242 40810 49394 33925 3738 9586 7270 30187 28269 979 777 5390
is_linear=0
shrinkage=0.03


Tree=92
num_leaves=31
num_cat=0
split_feature=12 0 0 9 13 11 12 4 4 11 8 11 5 11 9 6 10 2 0 12 6 11 8 8 6 12 2 5 2 10
split_gain=1.14932 1.61553 1.29174 0.936391 1.08415 1.21806 1.12381 1.18421 0.932106 0.92118 1.69049 1.55252 0.894825 1.1188 1.08191 1.07139 2.699 1.35083 1.31243 1.88817 1.273 1.12788 0.868401 0.864659 1.13455 0.929358 0.906045 0.87676 1.06079 1.13719
threshold=0.0027018519775784404 0.0060456039921609203 0.01703965754755821 -0.027390142353965082 0.022792132332065857 0.0018509915719264749 0.02142482606223051 -0.0022152498004945338 0.042901326330239693 -0.0016335004347811652 0.036477352469549681 -0.00092384265046596681 0.031656127294939718 -0.0075704983180138177 -0.22299053530848864 -0.049373584632069527 0.0059692030208320377 -3.6166792904834999 0.020539594414491828 -0.0067844294174949629 0.095338389852741248 -0.0036100700342038823 0.059080598138895372 0.040735814898767646 0.1483694441019581 0.0095917927069295045 10.738245592334398 0.032752306195328533 -2.1589672591499118 -0.0020158268329569791
decision_type=8 10 10 10 2 8 10 10 10 8 10 10 10 10 10 10 10 10 10 10 10 10 10 8 10 10 10 10 10 10
left_child=1 -1 3 22 5 8 9 -8 -5 -6 11 -11 -3 -14 -15 16 17 -16 19 -17 -20 -19 23 24 25 -2 -25 -27 -29 -30
right_child=2 12 -4 4 6 -7 7 -9 -10 10 -12 -13 13 14 15 18 -18 21 20 -21 -22 -23 -24 26 -26 27 -28 28 29 -31
leaf_value=0.00011087885453051779 -0.00025401629712843365 3.8808987302789747e-05 0.00041544425563103262 6.9642118133537507e-05 0.00019689148820857527 0.00089009691063587004 0.00165895486009876 -2.6037373402881557e-05 0.0018605254967644837 -0.0022923642164568892 -0.0027231415299376329 -0.00024752766115689875 0.0010664562028116331 -0.0011080447144242805 -0.0021418256280391454 7.2248339012194189e-05 0.0015119246588999023 -0.0015491555455117299 -0.00059274245378694796 -0.00062765520048477653 -0.0022236985585123016 0.00021733620425708916 0.00097015026344576772 -0.00043891784581610681 0.0015331353202693123 0.00012790698781563856 -0.0022912581063700413 0.0003134765731521183 0.00013242118046406884 -0.00050958572869049933
leaf_weight=128011 31753 21996 4622 10887 1134 2166 447 2343 268 391 364 2299 585 1284 301 8731 1079 377 1999 5756 549 2372 616 5217 367 16371 249 3001 3540 8317
leaf_count=128011 31753 21996 4622 10887 1134 2166 447 2343 268 391 364 2299 585 1284 301 8731 1079 377 1999 5756 549 2372 616 5217 367 16371 249 3001 3540 8317
internal_value=1.05857e-05 5.65129e-05 -7.36438e-05 -9.88368e-05 8.03972e-05 0.000239078 -0.000222525 0.000243924 0.000112668 -0.000533269 -0.000804389 -0.000544751 -9.80419e-05 -0.000228731 -0.000262484 -0.000211185 0.00022237 -0.000233836 -0.000316272 -0.000205839 -0.000944153 -2.49218e-05 -0.000151238 -0.000161276 -0.000130039 -0.000139731 -0.0005233 -2.35277e-05 -0.000190383 -0.00031791
internal_weight=267392 173040 94352 89730 20299 13321 6978 2790 11155 4188 3054 2690 45029 23033 22448 21164 4129 3050 17035 14487 2548 2749 69431 68815 63349 62982 5466 31229 14858 11857
internal_count=267392 173040 94352 89730 20299 13321 6978 2790 11155 4188 3054 2690 45029 23033 22448 21164 4129 3050 17035 14487 2548 2749 69431 68815 63349 62982 5466 31229 14858 11857
is_linear=0
shrinkage=0.03


Tree=93
num_leaves=31
num_cat=0
split_feature=0 5 10 9 12 11 10 9 10 13 1 11 1 0 10 9 7 1 10 9 0 10 10 4 11 7 1 10 12 6
split_gain=1.16558 1.17474 1.32541 1.18029 1.38627 1.1883 0.853007 1.0458 0.944568 0.865094 1.05578 0.922847 0.846148 0.902234 1.19052 0.835875 1.13712 1.11647 1.05166 1.32262 1.13157 1.02288 0.994344 1.07833 0.984126 0.976974 0.936756 1.04455 1.00121 0.849178
threshold=-0.00011485734308497307 0.038587299757421832 -0.0086377534955604501 -0.22299053530848864 0.016602625916456119 0.0028505384394292847 -0.0012268975765569177 -0.035338114655571455 -0.0011621878052202048 0.047399238518947624 0.008311225662386847 0.0031836768419917232 -0.015756634053113724 0.041296227684088478 0.010624881496363094 -0.02824571947259907 0.04872901707133593 -0.0034660989177940911 0.003239658078670105 -0.14686221527154106 0.041296227684088478 0.00073236013288280344 0.00057765818009547509 0.014389491044032645 0.0004826238977566622 -0.024834576358714108 -0.01672448023507039 -0.0063991799270357022 0.022252796716273674 -0.019392883859920548
decision_type=8 8 8 10 10 10 10 8 10 2 2 10 2 10 10 10 10 2 8 8 10 8 10 10 10 10 2 8 10 10
left_child=6 2 -2 4 5 -3 -1 8 -8 11 -11 -9 13 14 -5 16 18 21 20 24 25 22 23 -18 -20 -4 -17 -28 -29 -27
right_child=1 3 15 12 -6 -7 7 9 -10 10 -12 -13 -14 -15 -16 26 17 -19 19 -21 -22 -23 -24 -25 -26 29 27 28 -30 -31
leaf_value=6.9358518932604879e-06 0.0022043591372799239 -0.00074197482567609971 -0.00014447794336409214 0.00011721419085496212 0.00073448586011096379 -0.0025722272403337857 0.0011729052829579844 0.00052935828170512674 6.3683698486860073e-05 0.00069552713603650979 -0.0022288809765557776 -0.00022573592598892168 -0.00018896152838825657 -0.0013973299395292997 0.0018570476145922713 0.00076472767651029774 -0.00041967433990684088 -0.00043513073825192036 0.00036328948579050335 0.00010718446318393665 -0.0020913717617355517 0.0002613686580056028 -0.0021371486587680177 0.0015966639579969575 0.001531152999083075 0.00036896241944325055 -0.0019434195066839624 8.0171256034373216e-05 0.00099868558023218307 -1.6253459577706574e-05
leaf_weight=44061 248 2216 33279 8689 490 373 708 12549 28671 204 244 1648 35173 335 369 2017 2795 11233 1669 17222 243 5610 273 261 1063 7601 224 30361 1107 15974
leaf_count=44061 248 2216 33279 8689 490 373 708 12549 28671 204 244 1648 35173 335 369 2017 2795 11233 1669 17222 243 5610 273 261 1063 7601 224 30361 1107 15974
internal_value=1.09287e-05 -3.30706e-05 1.3269e-05 -0.000160657 -0.00072873 -0.00100566 0.000100254 0.00019365 9.04147e-05 0.000400747 -0.000897231 0.000441706 -0.000121409 0.000131547 0.000188091 9.11885e-06 -3.55143e-05 -0.000236032 1.69815e-05 0.000204464 -4.85391e-05 1.416e-05 -0.000402434 -0.000247467 0.000817696 -3.98078e-05 0.000137849 9.79521e-05 0.000112483 0.000107947
internal_weight=266910 178825 131180 47645 3079 2589 88085 44024 29379 14645 448 14197 44566 9393 9058 130932 97223 20172 77051 19954 57097 8939 3329 3056 2732 56854 33709 31692 31468 23575
internal_count=266910 178825 131180 47645 3079 2589 88085 44024 29379 14645 448 14197 44566 9393 9058 130932 97223 20172 77051 19954 57097 8939 3329 3056 2732 56854 33709 31692 31468 23575
is_linear=0
shrinkage=0.03


Tree=94
num_leaves=31
num_cat=0
split_feature=5 11 3 11 10 9 10 9 13 10 6 3 6 9 8 6 9 11 13 11 11 5 3 6 10 10 6 10 10 11
split_gain=0.961518 1.79459 0.799811 0.760845 0.900987 1.68639 1.34773 1.01131 1.0374 0.944556 1.13693 0.942214 0.685413 0.684232 0.807704 0.764205 0.680835 1.20953 0.831711 1.28958 1.22505 0.952639 0.8271 0.78666 0.771999 1.4526 1.09176 1.35218 1.67982 1.42627
threshold=0.017883216243715288 0.0067660142252137243 -0.013544153341942753 0.0051049438007758638 -0.0037010090502252453 -0.031818035559854789 -0.0048640820557705458 -0.069461014732136936 0.030394399451728154 0.0066181232477415817 0.016627715618144471 0.0020909390769711105 -0.023421565650917294 -0.013947024520981231 0.033756042337265174 0.10545464090749458 -0.045576443508930968 0.006644376754847304 0.044293193621162998 -0.0073806561312393928 -0.010757996424146763 0.13670764813179195 -0.023749993642171226 0.23968869885597513 -0.0041235522615818412 -0.0068527525938135705 -0.070396156535062912 0.0011175450013536372 0.00064926187012581693 -0.0036759829047361965
decision_type=8 10 10 10 8 8 10 8 2 10 8 10 8 8 8 10 10 8 2 10 8 10 8 10 10 10 8 10 10 10
left_child=1 2 -1 4 5 6 -4 8 -6 12 11 -11 -9 14 -14 -15 17 22 20 -20 -18 -21 24 -22 25 -2 27 28 -26 -29
right_child=16 -3 3 -5 7 -7 -8 9 -10 10 -12 -13 13 15 -16 -17 18 -19 19 21 23 -23 -24 -25 26 -27 -28 29 -30 -31
leaf_value=0.00069240486081746612 -9.407483630566542e-05 -0.0018299518978164995 0.00067809759599701792 0.00084769441661864189 -6.2512714285470832e-05 -0.0010084175589813577 -0.00068803514463029053 0.00068579363481038782 -0.0013859477675249498 -0.0006962252764005308 -0.0016954850747917347 0.0011385006300047955 0.00011419416128063176 0.00035542074221839027 -0.0015614719524222446 0.0020564474940436444 0.00163873263577331 0.00050771979994670199 -0.0021725745853916852 -0.00011984559671510788 3.9610469553151104e-05 -0.0022208338333567714 -0.000132518335425569 0.00144766066856371 7.7319322525785494e-05 0.0011266075174492121 -0.00013831737684996397 -0.00028545442570199105 -0.0025064304459019473 0.0011193059271536903
leaf_weight=2052 1907 432 1685 1164 11932 1918 1058 2676 558 634 508 418 21828 9207 262 244 438 3057 328 4057 67582 204 108143 359 2852 1625 16471 888 246 2432
leaf_count=2052 1907 432 1685 1164 11932 1918 1058 2676 558 634 508 418 21828 9207 262 244 438 3057 328 4057 67582 204 108143 359 2852 1625 16471 888 246 2432
internal_value=-1.35732e-05 9.62291e-05 0.00011105 8.89962e-05 7.23108e-05 -0.000326001 0.000151168 0.000110775 -0.000121638 0.000191912 -0.000530013 3.27818e-05 0.000224825 0.000185716 9.43198e-05 0.000399337 -4.30723e-05 -8.23502e-05 3.10076e-05 -0.000359963 5.72461e-05 -0.000220433 -9.57553e-05 4.70506e-05 5.47183e-05 0.000467536 -8.98354e-06 0.000322936 -0.000127846 0.000743575
internal_weight=267165 56576 56144 54092 52928 4661 2743 48267 12490 35777 1560 1052 34217 31541 22090 9451 210589 137621 72968 4589 68379 4261 134564 67941 26421 3532 22889 6418 3098 3320
internal_count=267165 56576 56144 54092 52928 4661 2743 48267 12490 35777 1560 1052 34217 31541 22090 9451 210589 137621 72968 4589 68379 4261 134564 67941 26421 3532 22889 6418 3098 3320
is_linear=0
shrinkage=0.03


Tree=95
num_leaves=31
num_cat=0
split_feature=5 13 13 6 1 7 0 9 1 0 3 11 6 11 0 8 7 0 6 1 2 11 11 7 11 13 9 0 6 1
split_gain=1.0183 1.00991 0.887784 1.1204 1.07347 0.862733 0.806256 0.978766 1.16888 1.39752 1.18288 1.10265 0.839792 0.929462 1.12036 1.02843 0.796029 1.41791 1.04297 0.97891 1.2865 1.02192 1.08827 0.79533 0.787765 1.78828 1.68854 1.43492 1.51964 1.13207
threshold=0.0076872561909701294 0.0030119229169466876 0.028546979608938098 -0.072406224782414583 0.01811087337814277 0.069172940899502225 -0.003475072875677165 -0.041728093921486457 -0.0035714353833879438 0.013845676060165403 -0.019685674495853563 0.00648197511525861 -0.060813911976885286 0.0019851601141457347 0.0073587924065795516 0.028022916826295072 -0.27885339632819073 -0.024303652410620432 -0.074487082574776362 0.014904596106135816 -2.7498468795362871 -0.0015172509953642608 -0.00030249170927321151 0.089739131695829935 -0.0057323304285094015 0.037415422289438179 -0.11593922379454023 -0.0050715417588754743 0.095338389852741248 0.02978140980251898
decision_type=8 2 2 8 2 8 8 8 2 8 10 10 10 10 10 10 8 10 10 2 10 10 10 10 8 2 10 10 10 2
left_child=1 -1 4 16 6 -3 -2 11 9 10 -9 12 13 14 -8 -15 -4 -18 19 -19 -21 -22 -23 -13 25 -5 -27 -28 -29 -26
right_child=2 5 3 24 -6 -7 7 8 -10 -11 -12 23 -14 15 -16 -17 17 18 -20 20 21 22 -24 -25 29 26 27 28 -30 -31
leaf_value=-1.651710703225204e-05 0.00016129228550734243 0.0006036691871082906 -0.0010763784986311151 0.00078153081884769951 0.00049252109587417275 0.0020598792870619468 8.4112668893995989e-05 0.0014769230980781162 -1.5510131651736522e-05 -0.00066894910980253193 0.00025744758446700784 0.00074203991682155368 -9.9950043217176504e-05 0.00011735242563994434 0.00081870430036827915 -0.0012456591212740419 0.0020817424598024038 0.00041303159135944271 0.0020360656988016083 0.0015132398028444083 -0.0025616249066323857 0.00157058376587444 -0.00075881763835608876 -0.0010993691502826472 -0.00027195104044234851 0.00088040160570712275 -0.0025469114775870916 -0.00088621367810392941 0.0018253259940164363 0.0001492531332926942
leaf_weight=2249 33073 2134 382 2416 4529 442 5803 737 38507 1437 24978 2246 93774 1376 2756 781 392 3857 272 270 233 211 1249 233 33549 683 367 1097 224 6929
leaf_count=2249 33073 2134 382 2416 4529 442 5803 737 38507 1437 24978 2246 93774 1376 2756 781 392 3857 272 270 233 211 1249 233 33549 683 367 1097 224 6929
internal_value=1.61197e-05 0.00044799 8.17732e-06 -0.000102644 3.56579e-05 0.000853531 2.5599e-05 -3.97879e-07 9.07795e-05 0.00024152 0.000292398 -5.63638e-05 -7.11996e-05 0.000180391 0.000320651 -0.000376163 0.000254455 0.00033286 0.000220325 0.000135465 -0.00040991 -0.000716615 -0.000422171 0.000568967 -0.000156811 0.000207118 -0.000378197 -0.000887453 -0.000426422 -0.00019985
internal_weight=267186 4825 262361 52131 210230 2576 205701 172628 65659 27152 25715 106969 104490 10716 8559 2157 6866 6484 6092 5820 1963 1693 1460 2479 45265 4787 2371 1688 1321 40478
internal_count=267186 4825 262361 52131 210230 2576 205701 172628 65659 27152 25715 106969 104490 10716 8559 2157 6866 6484 6092 5820 1963 1693 1460 2479 45265 4787 2371 1688 1321 40478
is_linear=0
shrinkage=0.03


Tree=96
num_leaves=31
num_cat=0
split_feature=5 4 11 2 6 1 2 13 3 13 6 4 3 11 13 10 8 11 11 11 10 10 6 13 3 8 2 12 13 8
split_gain=1.08628 0.940237 0.96891 2.74802 1.29886 1.3716 0.932681 1.39524 1.76253 1.31025 1.24059 0.91621 0.994517 0.967404 0.903596 1.05615 0.890519 0.887323 1.69751 1.06784 0.9614 1.56121 0.958527 1.15246 0.899284 1.10577 0.867508 0.851912 0.819083 0.995133
threshold=0.036869798639970884 -0.072951771337649171 -0.0057323304285094015 13.493365295875696 0.095338389852741248 0.012195053784195388 -2.7498468795362871 0.025383805330160221 0.016327207736962616 0.033757772185589084 -0.01984779535502423 0.017403113154917386 0.015983665731243327 -0.0052500257828158028 0.036359441812190578 0.0010887306377617147 0.019787831969935644 -0.0041995632879857627 -0.0030346586420925132 -0.0032948680536851733 -0.0026199294362432841 0.00056379306527643014 0.098519499321362516 0.053331140722772709 -0.031037184623754984 0.046534153685564815 -0.59972125868357362 -0.029297019120139597 0.030990482209299942 0.010660045402609593
decision_type=10 10 8 8 10 2 10 2 10 2 10 10 8 8 2 10 10 10 10 10 10 10 8 2 8 8 10 10 2 8
left_child=11 14 3 4 5 6 9 10 27 -3 -8 28 13 -13 -2 -16 -12 22 19 24 -21 -22 23 -4 -19 -26 -20 -9 -1 -30
right_child=1 2 17 -5 -6 -7 7 8 -10 -11 16 12 -14 -15 15 -17 -18 18 26 20 21 -23 -24 -25 25 -27 -28 -29 29 -31
leaf_value=5.0027246464257437e-05 -0.00057130615010724526 0.0001846562473277207 -0.00054645825560422159 0.0032238409021221499 0.0014937279126693266 -0.0018885965934628197 -0.0014593145878151305 0.0026841772706691349 -0.00039868969718803786 -0.002966960127264696 -0.0013773394042472056 -0.00087294530697568735 0.00017499156623496394 0.0011207567475366789 0.00032207525056687048 0.0026410673579257546 0.00066369837670895537 0.00096430544550694442 -0.00023484844522014424 -0.00015055258081115045 0.002811933524843832 0.00064179902706385092 0.00065784760034195598 -0.0024877654082456958 7.6656451764879309e-05 -0.0017462934117281326 4.0086139174261309e-06 0.00094871823987234007 -0.0022790189717597424 -0.00015376334853218072
leaf_weight=160789 294 284 3753 271 566 331 633 315 854 204 248 248 10296 1876 378 332 858 938 39026 502 456 863 539 297 3956 324 21075 1327 201 14708
leaf_count=160789 294 284 3753 271 566 331 633 315 854 204 248 248 10296 1876 378 332 858 938 39026 502 456 863 539 297 3956 324 21075 1327 201 14708
internal_value=8.76691e-06 -8.48781e-05 -9.6677e-05 0.000273176 0.000130893 -2.17317e-05 0.000109103 0.00025221 0.000706724 -0.00113282 -0.000400157 4.79059e-05 0.000296921 0.00088797 0.000827306 0.00140645 0.000206033 -0.000127053 -9.94669e-05 0.000341314 0.000966797 0.00139205 -0.000530648 -0.000688821 0.00012303 -6.13426e-05 -0.000151091 0.00128165 3.03031e-05 -0.000182416
internal_weight=266742 78624 77620 5891 5620 5054 4723 4235 2496 488 1739 188118 12420 2124 1004 710 1106 71729 67140 7039 1821 1319 4589 4050 5218 4280 60101 1642 175698 14909
internal_count=266742 78624 77620 5891 5620 5054 4723 4235 2496 488 1739 188118 12420 2124 1004 710 1106 71729 67140 7039 1821 1319 4589 4050 5218 4280 60101 1642 175698 14909
is_linear=0
shrinkage=0.03


Tree=97
num_leaves=31
num_cat=0
split_feature=8 11 0 2 1 9 3 2 0 7 1 11 3 13 11 6 13 8 8 4 7 11 7 1 2 13 2 6 1 8
split_gain=1.19179 1.44876 0.933597 0.914942 0.802712 1.05522 1.3753 0.885023 1.21306 0.832611 0.906614 1.06637 0.939111 0.787158 0.819869 0.812495 0.785375 0.832383 0.776838 0.77333 0.749588 1.06446 0.747299 1.03291 1.47852 1.03571 0.930576 0.83695 1.08019 0.945424
threshold=0.031862229501837654 -0.0052500257828158028 0.0045340084550890012 -2.9043491911381354 -0.0060606032144705493 -0.10875540320606157 0.072709976899204123 12.401822847595808 -0.0013930641468170577 -0.06017859110039802 -0.026346284593954047 -0.0037394986618783372 -0.010245380725427742 0.0095468059610051819 -0.012546539886328088 -0.024437189242251241 0.0050432397564790146 0.014131407617077844 0.023443539949086933 -0.06164151120979066 0.32519847238428096 0.00067285495850877297 -0.095629666685773759 -0.017100491270644832 11.386562539716001 0.069267995657114542 -0.85345829113120886 0.01474517261035624 0.0066585482334456944 0.020684729783022927
decision_type=10 8 8 10 2 8 10 10 10 8 2 8 10 2 10 8 2 10 8 10 10 10 8 2 8 2 10 10 2 10
left_child=2 -2 4 -3 5 9 7 -7 -9 10 -1 12 -12 15 -15 -6 17 -4 -11 -16 22 -22 -18 24 -24 26 -25 -28 -29 -30
right_child=1 3 16 -5 13 6 -8 8 -10 18 11 -13 -14 14 19 -17 20 -19 -20 -21 21 -23 23 25 -26 -27 27 28 29 -31
leaf_value=0.00095704861277488417 0.00041674334750382337 -0.00057646451938704829 0.0013709746052543079 -0.0001419405989226234 0.00056429618867217526 0.00028574420458381933 -0.0021289678905073396 -0.0023448843984854419 0.00049372212404556574 -0.0014629768628312493 -0.0016515710499812588 0.00015665689085466846 -0.00018682462280920445 0.0018046697758573288 0.0014376836507020657 9.8695073224921477e-05 0.00017705794335447385 -0.00041166485355158028 -0.00020352183360732942 -3.0891170868540365e-05 -4.6590785495936869e-05 0.0027648891733572036 0.00035880786913885376 -0.00028341689867275279 -0.0012484058701522887 -0.001643748302945108 9.6971504382691663e-05 -0.00042460726525363521 0.00085992634737326655 -0.00020924767071620911
leaf_weight=845 3802 4982 683 35001 3944 34334 217 273 269 705 628 4334 1057 221 324 23305 8761 360 1176 81182 303 202 6301 25390 561 422 17268 7863 1284 1771
leaf_count=845 3802 4982 683 35001 3944 34334 217 273 269 705 628 4334 1057 221 324 23305 8761 360 1176 81182 303 202 6301 25390 561 422 17268 7863 1284 1771
internal_value=2.78817e-07 -0.00014287 2.8262e-05 -0.000196084 7.00602e-05 0.000178468 0.000251942 0.000266756 -0.000936056 -0.00011638 3.68585e-05 -9.23258e-05 -0.000732736 2.64508e-05 -2.01055e-05 0.000166086 -6.1487e-05 0.000755682 -0.000675566 -2.50533e-05 -7.36409e-05 0.001078 -8.19944e-05 -0.000119286 0.000227411 -0.000163344 -0.000151683 -3.30169e-05 -0.000238608 0.00024012
internal_weight=267768 43785 223983 39983 152814 43838 35093 34876 542 8745 6864 6019 1685 108976 81727 27249 71169 1043 1881 81506 70126 505 69621 60860 6862 53998 53576 28186 10918 3055
internal_count=267768 43785 223983 39983 152814 43838 35093 34876 542 8745 6864 6019 1685 108976 81727 27249 71169 1043 1881 81506 70126 505 69621 60860 6862 53998 53576 28186 10918 3055
is_linear=0
shrinkage=0.03


Tree=98
num_leaves=31
num_cat=0
split_feature=9 7 11 2 6 10 8 10 11 6 2 4 7 11 10 7 8 11 11 7 10 13 10 5 10 10 1 7 4 9
split_gain=0.910027 1.13295 1.07027 1.33741 1.65029 1.26255 1.45675 1.20311 1.01551 1.01013 1.14072 1.15757 0.959238 0.958082 1.15027 1.27528 1.09109 0.928771 0.995705 1.83525 1.20362 1.55479 1.10497 1.47802 1.04934 0.94813 0.928292 0.888915 0.868839 0.82179
threshold=-0.053899664493991799 -0.077441167092704918 0.0004826238977566622 10.955286607492502 -0.050349718054792041 0.0025462837374615748 0.019877176249503203 -0.0037010090502252453 0.0034285299068472779 0.010130957598990744 -0.56283742497269085 0.033427549360467108 0.066523830016616561 0.0051049438007758638 0.0056557822885027207 -0.12031651973661932 0.023443539949086933 0.0067660142252137243 0.0021621310719518454 -0.17836104817905848 -0.0004289695500651613 0.027190464557258841 -0.0063991799270357022 0.033127746178129878 -0.0027666628639469999 -5.2439772548040768e-05 0.016163282976087826 -0.10162373204889129 -0.0055858868836436973 -0.091025122020854873
decision_type=8 8 8 10 10 8 10 10 8 10 10 10 10 10 10 10 10 10 10 10 10 2 10 10 10 10 2 10 10 10
left_child=1 2 3 7 -5 6 -4 -1 12 10 -2 -12 -3 14 15 -7 -15 18 22 20 21 -20 23 -8 -24 -26 -21 -6 -16 -9
right_child=9 8 5 4 27 13 17 29 -10 -11 11 -13 -14 16 28 -17 -18 -19 19 26 -22 -23 24 -25 25 -27 -28 -29 -30 -31
leaf_value=0.00050333611246752385 0.00029777113333858427 -8.0726879513749346e-05 0.00054860320756336292 0.0025915349589195101 0.00097746671067370952 0.0023409024382017377 0.00086035708996359307 -0.00020383329840755046 0.0001518722117271861 6.2086612849785434e-06 -3.6346989561463513e-05 0.0019725857715554296 -0.00033215449051341751 0.0011580679615320413 -0.00028373217520049276 0.000756169886212083 -0.001174160998068571 0.0014596568580799471 0.0012927846332492592 -0.00037362183340703325 -0.002646850547027505 -0.0017626390314289106 0.0017144985080019316 -0.0024442042249383294 -0.00048278967978644953 0.00068832704126836066 0.00077189473462422481 -0.001295768491890415 0.0010713969286987662 0.00071504970536211295
leaf_weight=2771 29297 71053 4761 380 404 800 207 19571 13337 76758 17531 262 16906 298 899 1066 458 329 234 2910 478 417 484 296 1082 1464 815 251 809 917
leaf_count=2771 29297 71053 4761 380 404 800 207 19571 13337 76758 17531 262 16906 298 899 1066 458 329 234 2910 478 417 484 296 1082 1464 815 251 809 917
internal_value=1.37467e-05 -3.77012e-05 9.30981e-05 -3.64014e-05 0.00101878 0.000269774 0.000126589 -8.3356e-05 -9.20646e-05 7.33155e-05 0.000182702 -6.76567e-06 -0.000129052 0.000715432 0.000920673 0.00143558 -0.000254843 -0.000103931 -0.000165266 -0.000444139 -0.00150372 -0.000664376 0.000217877 -0.00108428 0.000434043 0.000190625 -0.000122992 0.000106349 0.000358129 -0.000162706
internal_weight=267245 143397 42101 24294 1035 17807 13477 23259 101296 123848 47090 17793 87959 4330 3574 1866 756 8716 8387 4854 1129 651 3533 503 3030 2546 3725 655 1708 20488
internal_count=267245 143397 42101 24294 1035 17807 13477 23259 101296 123848 47090 17793 87959 4330 3574 1866 756 8716 8387 4854 1129 651 3533 503 3030 2546 3725 655 1708 20488
is_linear=0
shrinkage=0.03


Tree=99
num_leaves=31
num_cat=0
split_feature=12 5 11 0 13 11 0 1 3 7 7 8 7 8 11 3 11 11 13 13 1 4 4 3 11 11 13 7 0 11
split_gain=0.917036 1.18776 1.40331 1.01921 1.00004 0.959724 1.40029 0.933651 1.46743 1.80909 1.06124 1.05764 0.933506 1.23741 1.76938 1.14811 0.969533 0.928544 0.906385 0.868623 0.90414 0.850078 0.849257 0.83963 0.807831 0.80506 0.890276 1.09181 1.18505 1.02335
threshold=-0.016162469898227002 0.038587299757421832 0.0044233681894528818 0.017801484232115809 0.069267995657114542 0.0046420840247548565 0.0049662541306345629 0.02471113088372701 0.012576435883794203 0.10750314804260876 -0.11758328944992617 0.020410962359362479 -0.081980750882097816 0.018165630375609546 0.0051049438007758638 -0.0035006389998078476 0.0067660142252137243 -0.0066298657891146742 0.016256844496877077 0.0079592220067343771 -0.0025447242715075364 -0.01881206379583 0.0019452866642826196 0.02320206247288881 -0.010757996424146763 -0.010757996424146763 0.030990482209299942 0.022998156679433838 0.0082683146569265693 0.0042649711434993307
decision_type=8 8 8 8 2 8 10 2 10 10 8 10 10 10 8 10 8 10 2 2 2 10 10 10 10 10 2 10 10 10
left_child=3 2 4 24 7 6 -4 19 10 11 -9 -10 -7 14 15 18 -16 -5 -14 20 -2 -12 -23 -13 -1 -21 29 -28 -29 -27
right_child=1 -3 5 17 -6 12 -8 8 9 -11 21 23 13 -15 16 -17 -18 -19 -20 25 -22 22 -24 -25 -26 26 27 28 -30 -31
leaf_value=-0.0010043293379490741 0.00051954089841825665 -0.00012707775745312791 0.0013631924064652458 0.0016501394134014844 -0.0011648449179483577 0.00087579968005157367 -0.00057341055169630268 0.0020071297562940867 -0.00095406351241763328 0.0033200078994656602 -0.0013400765945288267 0.0024832980780839235 0.00049894254794523069 0.0003923973032663246 0.00055638559281726561 -0.0017678624248760905 -0.00079681903468353397 -0.00046182540123783822 -0.0018476585546791876 0.00077403745420123152 6.1868831027001457e-05 0.00051270187185377891 -0.00065683994414625412 -5.2394610621146298e-05 0.00027102896578984272 -1.2255045728156424e-05 -0.00079569529658637971 -0.00035098797537185043 0.00096022664078764658 -0.0010283366148771675
leaf_weight=456 5271 59028 1525 200 656 1662 431 251 256 315 385 283 521 5748 1874 907 639 2964 207 1116 14772 1892 793 201 22625 135578 3014 2296 850 898
leaf_count=456 5271 59028 1525 200 656 1662 431 251 256 315 385 283 521 5748 1874 907 639 2964 207 1116 14772 1892 793 201 22625 135578 3014 2296 850 898
internal_value=8.20025e-06 -1.0112e-05 2.77525e-05 0.000176614 4.20593e-06 0.000321913 0.000936466 8.76615e-06 0.00044123 0.00141593 0.000131592 0.000605408 0.000217911 0.00010742 -0.00028748 -0.00105564 0.000212296 -0.000328326 -0.000168292 -2.78769e-06 0.00018223 -2.17497e-05 0.000167284 0.00143025 0.000245832 -2.85842e-05 -3.4864e-05 -0.000387646 3.28171e-06 -1.89408e-05
internal_weight=267614 241369 182341 26245 168827 13514 1956 168171 4376 1055 3321 740 11558 9896 4148 1635 2513 3164 728 163795 20043 3070 2685 484 23081 143752 142636 6160 3146 136476
internal_count=267614 241369 182341 26245 168827 13514 1956 168171 4376 1055 3321 740 11558 9896 4148 1635 2513 3164 728 163795 20043 3070 2685 484 23081 143752 142636 6160 3146 136476
is_linear=0
shrinkage=0.03


Tree=100
num_leaves=31
num_cat=0
split_feature=5 4 9 3 5 1 3 3 4 1 13 6 0 1 5 11 8 11 11 9 3 0 8 1 0 3 0 1 13 2
split_gain=1.12354 0.981099 1.45458 1.37544 0.992875 0.950236 1.0439 0.889382 1.50974 1.27828 1.34651 1.57875 1.20713 1.11617 1.10749 1.0538 1.55492 0.898475 0.877275 0.830157 0.796482 1.23706 0.742264 0.740459 1.25912 0.926247 0.925865 0.868399 0.846451 0.737414
threshold=0.039120950963567179 0.0028191528016991989 -0.055450439329596417 -0.0045316074095032568 0.017485559949335348 -0.0035714353833879438 -0.018619488992440866 0.0039999767485119362 0.027663225857651356 0.043939283787772128 0.046302711475058288 -0.043993471329250737 -0.034499345965972088 0.023717316277686366 0.079713890167057003 -0.0010494861981825141 0.025584558429249608 0.0067660142252137243 -0.0089597910907540084 -0.030492065694929956 0.022142519163031008 0.0054105199744285412 0.03049549310573417 0.022865386234304456 -0.024303652410620432 -0.017639174985789815 0.00087155000062288945 0.02978140980251898 0.049938084912688925 14.826931504486181
decision_type=8 10 10 10 10 2 10 8 10 2 2 10 10 2 10 8 8 8 8 10 10 10 10 2 10 10 10 2 2 8
left_child=1 2 3 23 -5 6 19 12 9 10 13 -12 -2 17 20 16 -16 -9 -14 -4 21 -10 -20 24 -1 26 -25 -27 -29 -6
right_child=7 -3 5 4 29 -7 -8 8 14 -11 11 -13 18 -15 15 -17 -18 -19 22 -21 -22 -23 -24 25 -26 27 -28 28 -30 -31
leaf_value=0.0014187652349245542 0.0012403307183901679 0.00013003466794950493 0.00071287440994179693 -2.7560545024279462e-05 -0.00037942359289198441 8.6120528850042269e-06 0.00019932862819540918 -0.00048819760296272288 0.0018813749405190423 0.0013881629316179335 0.0010090777963399887 -0.001904319535787063 0.0012982121355896356 0.00083226774682284297 -0.0022441679792588247 -0.00085826014619157112 0.00044963643727327364 0.0012800652868992818 6.8686134844988053e-05 0.0026471533058780791 3.5976959475793063e-05 -0.00039201809813072956 -0.00021501924038462193 -0.0004117204489246491 5.4769156768407197e-06 -0.00096624729053233511 -0.0025842747318321406 0.0019174396205742497 -0.00046420720790872188 -0.0017591438413561017
leaf_weight=575 693 67324 1397 9631 16853 37288 19664 12680 532 338 200 1027 446 639 221 2469 1514 264 21516 233 13393 362 13512 372 42617 473 336 285 254 356
leaf_count=575 693 67324 1397 9631 16853 37288 19664 12680 532 338 200 1027 446 639 221 2469 1514 264 21516 233 13393 362 13512 372 42617 473 336 285 254 356
internal_value=4.98387e-07 3.70386e-05 -1.09984e-05 -0.000101556 -0.000271465 9.9918e-05 0.000259804 -0.000102967 -0.000214 -0.000436052 -0.000477685 -0.00142944 3.05878e-07 -0.000391709 -3.20932e-05 -0.000460099 0.000106506 -0.000452133 -2.39185e-05 0.000989369 9.3849e-05 0.000960829 -4.07528e-05 -1.66971e-08 2.42915e-05 -0.000610436 -0.00144276 -2.81357e-05 0.000795105 -0.000407966
internal_weight=267464 197658 130334 71752 26840 58582 21294 69806 33639 15148 14810 1227 36167 13583 18491 4204 1735 12944 35474 1630 14287 894 35028 44912 43192 1720 708 1012 539 17209
internal_count=267464 197658 130334 71752 26840 58582 21294 69806 33639 15148 14810 1227 36167 13583 18491 4204 1735 12944 35474 1630 14287 894 35028 44912 43192 1720 708 1012 539 17209
is_linear=0
shrinkage=0.03


Tree=101
num_leaves=31
num_cat=0
split_feature=5 10 10 5 9 2 0 2 8 8 8 3 1 0 0 3 9 3 2 8 4 7 3 0 4 5 1 10 12 3
split_gain=1.30452 0.760631 0.757841 1.06625 1.05579 0.897635 0.735971 0.710737 0.984088 0.68274 0.834616 0.660056 0.641467 1.70772 1.32359 1.07635 1.00553 0.975177 1.18533 0.884022 0.887978 1.11396 0.877522 0.823117 0.941 1.02198 0.916062 0.859501 0.788976 1.43725
threshold=0.014331239949247546 0.0059692030208320377 -0.0041925162433013021 0.0076872561909701294 -0.031818035559854789 4.6915253365003817 0.0019721093762343771 -0.55782002242754924 0.025460046610883785 0.023550984506922133 0.011524112199077381 -0.0084239241917107282 -0.0056997461352492609 0.012365310691954125 0.011490297309781019 -0.014062699223687468 -0.079832437248412311 -0.049714386452382679 -1.5501926342094923 0.032292333141394146 0.076167544351271613 0.16782405897408473 -0.007268305105038785 -0.00011485734308497307 0.029374651758070861 0.04548936859388001 0.010287582198841629 -0.0072726750358191863 0.023117505022958344 0.045803048651327345
decision_type=10 10 8 8 8 8 8 10 8 10 8 10 2 10 10 10 8 10 10 8 10 10 10 10 10 10 2 8 10 10
left_child=1 2 4 5 -1 -4 -5 9 11 10 -8 -9 13 16 19 -15 -2 18 -16 23 28 -22 -17 24 -14 -26 -25 -27 -21 -30
right_child=12 -3 3 6 -6 -7 7 8 -10 -11 -12 -13 14 15 17 22 -18 -19 -20 20 21 -23 -24 26 25 27 -28 -29 29 -31
leaf_value=0.00034115117419996298 -3.3912931304513755e-05 -0.0003853963233271728 0.00051355357817981461 0.00034253437088960822 -0.00098972119585119512 0.0016686560637295088 0.00072462809965738353 0.001298863030319218 -0.0023567815676746318 0.0012215744869581442 -0.00012939528549532077 -0.00033807682864073538 2.1598542185870015e-05 0.00015003728304699833 -0.0028162757746211372 -0.0013647424832891584 0.00019184194386510261 0.0002883951918451023 -1.9639924228873236e-05 -0.00029960534203005981 -0.00022100070450162157 -0.0029495801212912308 -0.00038258784881665405 -0.00016595093988528198 0.0014926314402173096 -0.0016114632566999372 9.1545762665852515e-05 0.00045191230680912602 -2.0840984306844013e-05 0.00194481785872042
leaf_weight=1098 29479 1911 3393 12819 1049 737 1392 239 206 530 3959 3062 41992 3206 202 941 44654 12854 420 18329 299 245 6301 56029 815 207 15981 1486 2928 378
leaf_count=1098 29479 1911 3393 12819 1049 737 1392 239 206 530 3959 3062 41992 3206 202 941 44654 12854 420 18329 299 245 6301 56029 815 207 15981 1486 2928 378
internal_value=8.98316e-06 0.000194002 0.000232874 0.000277056 -0.000309098 0.000719682 0.000194737 -7.0749e-06 -0.000345098 0.000194498 9.27689e-05 -0.000219559 -1.47708e-05 5.14643e-05 -5.15876e-05 -0.000307608 0.00010207 0.000232257 -0.000927872 -7.91679e-05 -0.000252765 -0.00144986 -0.000510206 -4.61217e-05 5.5313e-05 0.000619802 -0.000108805 0.000199627 -0.000222665 0.000203908
internal_weight=267141 30395 28484 26337 2147 4130 22207 9388 3507 5881 5351 3301 236746 84581 152165 10448 74133 13476 622 138689 22179 544 7242 116510 44500 2508 72010 1693 21635 3306
internal_count=267141 30395 28484 26337 2147 4130 22207 9388 3507 5881 5351 3301 236746 84581 152165 10448 74133 13476 622 138689 22179 544 7242 116510 44500 2508 72010 1693 21635 3306
is_linear=0
shrinkage=0.03


Tree=102
num_leaves=31
num_cat=0
split_feature=5 10 10 8 0 4 13 10 13 2 11 5 2 8 7 6 4 13 13 7 13 13 4 11 11 10 2 12 11 11
split_gain=0.999566 0.928681 1.04669 0.955617 0.823983 0.84109 1.23145 0.80601 1.12136 1.24829 0.96417 1.10552 1.30244 1.17327 0.981596 0.824989 0.788467 0.806901 0.785546 1.03795 0.929597 0.768953 0.748291 0.734505 1.36153 0.773761 1.07138 0.73421 0.883845 1.10126
threshold=0.013976212358009192 0.0051605644440037022 0.0044258211049797999 0.02388092039280024 -0.00070815570756643787 0.076167544351271613 0.045249210407717462 0.0016817068715003771 0.011030443832986594 13.493365295875696 -0.0040185140018970658 0.066478623969780354 -0.64389763145565015 0.012568101232488676 0.2141473170438524 0.011448581048289387 0.024749439460086457 0.026777145458575107 0.037972992514210026 -0.12031651973661932 0.041024297089336963 0.0045585380945835944 0.00094661065334078487 0.0065392418405726413 0.0056068123021811864 -0.0041925162433013021 14.826931504486181 0.0058631572914619188 -0.0030346586420925132 -0.0008308186409674011
decision_type=8 10 8 8 10 10 2 8 2 10 10 10 8 8 10 10 10 2 2 10 2 2 10 10 10 10 8 10 10 10
left_child=1 2 23 21 5 7 -7 8 -2 10 11 13 -13 -10 16 -12 -15 -18 -9 -20 -21 -3 -22 24 25 -1 -27 -17 -29 -30
right_child=4 3 -4 -5 -6 6 -8 18 9 -11 15 12 -14 14 -16 27 17 -19 19 20 22 -23 -24 -25 -26 26 -28 28 29 -31
leaf_value=-0.00041255072284958512 0.00034667804653156994 -0.0016391499606416278 0.0013581540672380332 -0.0021484964397928581 -6.1108498733430732e-05 -6.313388352017764e-05 -0.0027642586229947104 0.00020070680725983386 0.0013130049488799846 -0.0016737904580303206 0.00014191396797861864 -0.00022114946679613052 0.0029001350148115308 -0.00072409584696608658 0.0010693919678741648 2.5777646572314078e-05 0.0013624376763245495 -0.00091686468442624548 0.00258425588666783 0.0021803514718571129 0.00079908586582168935 7.015115523522951e-05 -0.00087290511139590118 -0.0013868220669175392 0.0022240072143919196 0.00019579115467556875 0.0018409798064626733 0.0008282739091003752 -0.0012348445129199801 -0.00025608506954324359
leaf_weight=1872 8329 282 699 261 168143 440 232 10627 328 412 26412 302 200 5495 329 9995 345 235 278 255 625 1480 392 266 295 22431 362 488 1386 4081
leaf_count=1872 8329 282 699 261 168143 440 232 10627 328 412 26412 302 200 5495 329 9995 345 235 278 255 625 1480 392 266 295 22431 362 488 1386 4081
internal_value=-5.06366e-06 0.000164709 0.000213017 -0.000454362 -2.48891e-05 6.06618e-05 -0.000995665 7.07286e-05 2.43891e-05 -2.92892e-05 -1.56282e-05 -0.000335719 0.00102239 -0.000436992 -0.000526624 3.90326e-05 -0.000613058 0.000438927 0.00029273 0.000923653 0.000560723 -0.000203415 0.000154621 0.000181286 0.000197997 0.000173766 0.00022192 -0.000131331 -0.000395026 -0.000504221
internal_weight=267277 27948 25925 2023 239329 71186 672 70514 58337 50008 49596 7234 502 6732 6404 42362 6075 580 12177 1550 1272 1762 1017 25226 24960 24665 22793 15950 5955 5467
internal_count=267277 27948 25925 2023 239329 71186 672 70514 58337 50008 49596 7234 502 6732 6404 42362 6075 580 12177 1550 1272 1762 1017 25226 24960 24665 22793 15950 5955 5467
is_linear=0
shrinkage=0.03


Tree=103
num_leaves=31
num_cat=0
split_feature=0 9 6 10 10 7 12 11 8 7 13 12 11 11 12 10 12 13 6 12 6 5 10 6 9 0 11 0 10 13
split_gain=1.02146 1.02968 1.11424 1.00558 1.49984 1.23514 1.18347 1.14309 1.1123 1.06402 1.12195 0.945299 0.921793 1.33182 0.854375 1.24666 0.888477 0.853198 1.67822 0.883897 0.850182 1.03683 0.810517 1.11646 1.18554 0.790596 0.814944 0.825539 0.780741 1.10298
threshold=-0.003475072875677165 -0.054408318176129004 -0.020835416378496948 0.0022790740754623511 0.0019186851022239273 -0.10788721124583338 -0.0070301519299790774 0.00648197511525861 0.016211360481836763 0.077357652559943549 0.048620097632458378 0.010313153897336171 0.00067285495850877297 0.0012927956214664473 0.008093028282618488 0.0010887306377617147 0.0061704056557555518 0.064390400744067808 -0.0077921029271507672 -0.040492422626316076 0.023363671275360657 0.046724992356348249 0.0059692030208320377 -0.074487082574776362 -0.1694418262478414 0.0033139245584261627 0.002769761692301143 0.030987044945001378 0.0019322119560739595 0.060739509416443474
decision_type=8 10 10 8 10 8 10 10 10 10 2 10 10 10 10 10 10 2 8 10 8 10 10 8 10 8 10 10 10 2
left_child=28 3 -3 4 7 12 20 9 -9 -2 14 -10 22 -14 16 -16 -11 19 -19 -7 21 -6 23 -5 -25 -21 -27 -28 -1 -30
right_child=1 2 -4 5 6 17 -8 8 11 10 -12 -13 13 -15 15 -17 -18 18 -20 25 -22 -23 -24 24 -26 26 27 -29 29 -31
leaf_value=8.6274561798075909e-05 -7.7657623681563187e-05 0.00044504445937061833 2.355209558213926e-05 0.0009122082822939139 -0.0010065218445406178 0.0018537720309415211 -0.00028394018489916954 -0.0010421945145208155 0.0015638184869695081 -0.00043457778799283804 -0.0016184691845416671 -0.00062765518984795633 0.0020857629321514039 0.00045197656184216896 -0.00014366811257787048 0.0020041021161555945 -0.0022210337988376109 0.00033894168144823719 -0.0030721532245895876 0.00019909884087542299 0.00032492942699594918 -0.0027857588005100941 0.00065537854096173566 -0.0012006214815151858 0.00013849639573954451 -0.00019368793268856511 0.0001683305064809907 0.0018801317986672863 0.00036252886402765572 0.0022666410477642294
leaf_weight=42109 59419 5998 95827 712 1840 225 5185 256 927 4920 682 219 613 1679 1233 303 264 280 242 9508 338 351 1880 1046 1380 20883 3118 276 5551 288
leaf_count=42109 59419 5998 95827 712 1840 225 5185 256 927 4920 682 219 613 1679 1233 303 264 280 242 9508 338 351 1880 1046 1380 20883 3118 276 5551 288
internal_value=5.90537e-06 -2.14847e-05 4.83801e-05 -8.18859e-05 -0.000146955 3.62047e-05 -0.000543454 -0.000102123 0.00074565 -0.00011991 -0.000459088 0.00114503 0.000390468 0.000888936 -0.000341425 0.000280013 -0.000525555 -3.87884e-05 -0.00124245 -2.03141e-05 -0.00107551 -0.00129156 0.00016279 -0.000132324 -0.000438881 -3.27951e-05 -0.000123616 0.000307534 0.000131353 0.000456446
internal_weight=267552 219604 101825 117779 75937 41842 7714 68223 1402 66821 7402 1146 7310 2292 6720 1536 5184 34532 522 34010 2529 2191 5018 3138 2426 33785 24277 3394 47948 5839
internal_count=267552 219604 101825 117779 75937 41842 7714 68223 1402 66821 7402 1146 7310 2292 6720 1536 5184 34532 522 34010 2529 2191 5018 3138 2426 33785 24277 3394 47948 5839
is_linear=0
shrinkage=0.03


Tree=104
num_leaves=31
num_cat=0
split_feature=3 5 12 9 9 0 11 10 10 5 0 10 1 5 1 8 11 6 10 10 8 10 9 10 10 9 3 13 13 1
split_gain=0.749954 1.16469 1.05367 1.1549 0.889751 0.888203 0.883398 1.01727 1.6429 1.88953 0.997367 0.918518 0.850944 0.822876 0.788002 1.14497 1.01797 1.28126 0.79252 0.772999 0.771852 1.19825 0.743468 0.70714 2.10027 1.53441 1.30626 1.06601 1.01765 0.858752
threshold=-0.014062699223687468 0.032203233344900738 0.0016049443399919208 -0.027832755216320445 -0.027832755216320445 -0.049601262336056155 0.0046420840247548565 -0.0041235522615818412 -0.0086377534955604501 0.035294139521100977 -0.015680389983539097 -0.003942695866748557 -0.014638254986097941 0.021033542043487664 0.0075559971462486617 0.024876591711689631 0.00061430442673304786 0.014276553893360801 0.0043340383897720889 0.0013428540164669436 0.030313351654568384 -0.0063183971292297683 -0.31261890298225414 -5.2439772548040768e-05 -0.0017260044631248193 -0.18628853546370541 -0.042370462896746112 0.05775751016871733 0.034972421060612012 0.012195053784195388
decision_type=8 8 8 10 10 10 10 10 10 10 10 10 2 10 2 8 10 8 10 10 10 10 8 8 10 8 10 2 2 2
left_child=2 4 3 6 -2 -4 7 8 9 -1 -10 -9 -6 -13 16 -16 17 -7 -18 -19 -12 -22 -3 24 26 28 -17 -27 -25 -26
right_child=1 22 5 -5 12 14 -8 11 10 -11 20 13 -14 -15 15 23 18 19 -20 -21 21 -23 -24 25 29 27 -28 -29 -30 -31
leaf_value=0.00098924848640995363 -2.1648911706412924e-05 -0.0015751918683809811 0.00143572298936167 0.0013038113082849401 0.0006436394387270356 -0.0002853670330415411 0.00067293269229488797 -0.0019421591011869255 0.0026719715316737128 -0.0017184338429988833 0.00048815191448971186 0.00071493569535344224 0.00010589515542428214 3.9785621426513999e-05 0.00033885938579173818 -0.0011924604236484364 0.00047488050019586108 -0.0020482936039041828 -0.0014346404816542291 -0.00055801576339771476 0.0032500672677639301 0.00044304366434793789 -0.00011880506090633888 -7.5145234516228593e-05 -0.00018587368422273178 -5.2777649009406018e-05 0.00039851136060477433 -0.0019572129268980681 0.0021232440436745274 -0.0021809707259066633
leaf_weight=429 101338 317 354 842 2837 5070 2970 203 283 505 1809 1737 39850 25133 6797 636 1832 673 219 586 260 289 65159 314 262 3124 1722 289 478 750
leaf_count=429 101338 317 354 842 2837 5070 2970 203 283 505 1809 1737 39850 25133 6797 636 1832 673 219 586 260 289 65159 314 262 3124 1722 289 478 750
internal_value=5.40496e-06 -2.09473e-05 0.000101309 0.000206408 2.67458e-05 -5.5433e-05 0.000178922 0.000131049 0.000606677 -0.000474755 0.00098913 6.82421e-05 0.000141634 8.34304e-05 -7.8634e-05 5.61811e-05 -0.000309847 -0.000498074 0.000270987 -0.00135465 0.00078716 0.00177242 -0.000125856 -0.000197464 -0.000521245 6.20221e-05 -3.06057e-05 -0.000214038 0.00125166 -0.00166445
internal_weight=267067 209501 57566 34460 144025 23106 33618 30648 3575 934 2641 27073 42687 26870 22752 14372 8380 6329 2051 1259 2358 549 65476 7575 3370 4205 2358 3413 792 1012
internal_count=267067 209501 57566 34460 144025 23106 33618 30648 3575 934 2641 27073 42687 26870 22752 14372 8380 6329 2051 1259 2358 549 65476 7575 3370 4205 2358 3413 792 1012
is_linear=0
shrinkage=0.03


Tree=105
num_leaves=31
num_cat=0
split_feature=5 10 10 8 3 9 6 7 11 7 1 7 1 5 0 1 8 9 11 10 11 2 0 10 8 1 11 2 2 10
split_gain=1.08364 1.40034 0.895811 0.801065 0.742798 0.762782 0.9234 1.89696 1.06688 0.886017 1.48543 1.24671 0.722301 0.715286 0.965187 0.70775 0.661815 0.654788 0.957743 1.00507 1.32568 0.790903 1.48872 1.34725 2.08973 0.829753 1.37566 1.08695 1.2858 1.00523
threshold=0.0076872561909701294 0.0045588099205506891 -0.0021723479947387543 0.01177824683650963 -0.0045316074095032568 -0.041275982249083291 0.092509840742021412 0.18068143259346983 -0.0041995632879857627 -0.11251465853851621 -0.024496426624636299 -0.099568951117606039 -0.043293809901116802 0.061892843223332807 0.005076185831917047 -0.0037833653219567771 0.045398306754442223 -0.02824571947259907 0.006644376754847304 -0.0043015024416983563 -0.010757996424146763 11.848044802743138 0.041296227684088478 0.0037467727044742109 0.031456098744024989 0.019288350352155485 0.0067660142252137243 -0.59507900249908363 9.9720616941574374 -0.0026970840151966376
decision_type=8 10 8 8 10 8 10 8 10 8 2 10 2 10 10 2 10 10 10 10 10 10 10 10 10 2 8 8 10 8
left_child=1 2 -1 -4 5 6 8 16 9 10 -2 -11 -10 14 -9 -7 -8 21 19 -19 -21 25 23 24 -23 26 -6 -27 29 -29
right_child=4 -3 3 -5 17 15 7 13 12 11 -12 -13 -14 -15 -16 -17 -18 18 -20 20 -22 22 -24 -25 -26 27 -28 28 -30 -31
leaf_value=-0.00030283209245080797 0.0016835451948399832 -0.0011282569724049797 0.00053675080254653304 0.0015505530591753054 -0.00012059307477036827 0.00042417865180733179 -0.0011031179589144494 0.00072837563451685124 0.0011322135190962488 -0.001824141507536767 -0.00019646018504017798 -0.00030829875886720311 5.3459829755097535e-05 0.0014445009251953292 -0.0019043837107030801 7.3085255532997061e-05 -0.0029441462804740337 -0.00040546052712497026 -0.0013106405820253789 0.0021250935931395932 7.2724366896714267e-05 -0.00023607972673472648 -0.0030153728120461526 0.001137705162773125 -0.0025436614133036682 0.00056743802525708448 0.00086500785745373615 0.00071938647257378818 0.0010735717877860069 -0.00078265287346197799
leaf_weight=800 518 464 2627 957 94301 8260 858 320 563 522 1402 7567 71803 352 206 13802 221 4086 473 285 46117 1774 211 431 441 3866 1292 501 590 2009
leaf_count=800 518 464 2627 957 94301 8260 858 320 563 522 1402 7567 71803 352 206 13802 221 4086 473 285 46117 1774 211 431 441 3866 1292 501 590 2009
internal_value=-5.46538e-06 0.000438974 0.000604849 0.000807456 -1.36651e-05 4.74848e-05 6.39927e-06 -0.000637655 2.17002e-05 -0.000268604 0.00031075 -0.000406119 6.18524e-05 0.000397769 -0.000302705 0.000204534 -0.0014802 -5.52696e-05 3.3022e-05 4.56102e-05 8.533e-05 -9.79522e-05 -0.000590288 -0.000396904 -0.000695512 -8.42371e-05 -0.000107272 0.000231867 -0.000186622 -0.000482843
internal_weight=267619 4848 4384 3584 262771 106394 84332 1957 82375 10009 1920 8089 72366 878 526 22062 1079 156377 50961 50488 46402 105416 2857 2646 2215 102559 95593 6966 3100 2510
internal_count=267619 4848 4384 3584 262771 106394 84332 1957 82375 10009 1920 8089 72366 878 526 22062 1079 156377 50961 50488 46402 105416 2857 2646 2215 102559 95593 6966 3100 2510
is_linear=0
shrinkage=0.03


Tree=106
num_leaves=31
num_cat=0
split_feature=5 2 7 4 10 12 0 0 9 1 2 12 11 4 10 12 11 2 0 11 1 9 10 9 11 0 7 5 10 10
split_gain=1.01129 0.895753 1.61523 0.814976 0.80904 0.795108 1.06399 0.91717 0.981692 0.918022 1.06394 0.912107 0.850572 0.843208 0.814405 0.783999 0.716997 0.695527 0.768431 0.655527 0.647255 0.758243 0.64436 1.24935 0.826634 0.770641 1.05553 0.863638 0.861414 0.769431
threshold=0.016287520965516864 14.02718225238179 0.10008008333905395 0.00094661065334078487 0.008946640679050823 -0.0098164607236783646 0.0082683146569265693 0.021910962803923021 -0.20736782705745574 -1.0000000180025095e-35 -1.7993656691117181 -0.014864424547904263 -0.010757996424146763 -0.012569992345368817 0.0034581690916765111 -0.019052017518989713 0.0067660142252137243 9.3801751008015533 0.013845676060165403 -0.00066842658612575867 -0.050506222547584183 -0.22299053530848864 -0.0041235522615818412 -0.092520673241548543 -0.0025460857065984772 0.00039916558362229631 0.11146718078144159 0.0076872561909701294 -0.00064465582156564272 0.00034577380771638749
decision_type=8 10 8 10 10 10 8 10 8 2 8 8 8 8 10 10 10 10 10 10 2 8 8 8 10 10 8 10 8 10
left_child=4 5 -3 -4 16 6 12 -7 -9 -10 19 17 15 14 -13 -2 22 20 -19 -11 -8 -22 23 -1 -25 26 -24 -27 -28 -30
right_child=1 2 3 -5 -6 7 11 8 9 10 -12 13 -14 -15 -16 -17 -18 18 -20 -21 21 -23 25 24 -26 27 28 -29 29 -31
leaf_value=0.0011348552710335675 -0.0020474427335722902 -0.0014133031380825054 0.0020601335246072604 -0.00044969516732055309 -0.000761471614996402 -7.8792117381519354e-05 0.0012661756923482603 -0.00113141582203722 -0.00012820858213193355 0.00077494992522988461 0.0011339322579265729 -0.00045879127704367793 0.00016772487103691711 -0.00079943235006039873 0.0010108550361435963 8.6868330671557419e-05 -0.0012799333037110045 0.00059230659088522466 -0.0015602866856899019 -0.0015527926058319463 -0.0012660038486904817 9.786670426979686e-05 0.00026384454055350864 -0.0016686263613627521 -0.00027450046037189653 0.00067182685961664278 0.0020431615424159962 1.4485917517339543e-05 -0.00063909552784025437 0.0012110653507426004
leaf_weight=494 302 1061 215 254 926 166966 401 358 1322 200 2066 928 36879 3008 535 318 320 216 483 239 386 7400 14440 457 2357 1964 555 21391 320 550
leaf_count=494 302 1061 215 254 926 166966 401 358 1322 200 2066 928 36879 3008 535 318 320 216 483 239 386 7400 14440 457 2357 1964 555 21391 320 550
internal_value=-1.60131e-05 -4.18347e-05 -0.000765234 0.000700866 0.000115848 -3.68493e-05 6.73032e-05 -6.77972e-05 0.000370857 0.000511389 0.000848933 -0.000162615 0.000149199 -0.00051211 7.86392e-05 -0.000952748 0.000134808 1.32334e-05 -0.000895108 -0.000492318 9.07869e-05 3.02512e-05 0.000145453 -0.000256633 -0.00050091 0.000179367 0.000340715 6.97639e-05 0.00111967 0.000530546
internal_weight=267311 223537 1530 469 43774 222007 50856 171151 4185 3827 2505 13357 37499 4471 1463 620 42848 8886 699 439 8187 7786 42528 3308 2814 39220 15865 23355 1425 870
internal_count=267311 223537 1530 469 43774 222007 50856 171151 4185 3827 2505 13357 37499 4471 1463 620 42848 8886 699 439 8187 7786 42528 3308 2814 39220 15865 23355 1425 870
is_linear=0
shrinkage=0.03


Tree=107
num_leaves=31
num_cat=0
split_feature=13 1 4 4 7 10 10 10 9 5 0 12 7 12 2 1 13 6 1 0 12 4 0 9 13 10 4 5 7 0
split_gain=1.20632 1.29328 1.24485 0.977022 1.5372 0.913173 0.836847 1.05656 0.95156 0.761469 0.742628 0.684788 1.11951 1.14775 1.07683 0.976746 0.811571 0.705602 0.684678 0.73367 0.765428 0.765998 0.936496 0.667208 1.11174 0.758792 0.657269 1.07886 0.718585 0.665294
threshold=0.028546979608938098 0.019288350352155485 -0.039860552907792439 -0.06164151120979066 -0.2115245281657144 0.0066181232477415817 0.0035547345392493717 0.0022790740754623511 -0.12949677010468555 0.059109000061700057 -0.0013930641468170577 -0.015171084589503168 0.18068143259346983 -0.020046207352180153 -0.82799260266275254 -0.0098520952037590131 0.016618096826446233 0.05759637838619603 0.013463946606729673 0.00081230727044923079 0.019974677455777416 0.01183891944743032 0.006132844323845422 -0.14498596720604287 0.021140193550111781 0.00041156102050876614 -0.010529037225787128 0.031834192951774344 0.0064040728023764268 0.00021702657111766224
decision_type=2 2 8 8 10 10 10 10 10 10 10 10 10 10 10 2 2 10 2 8 10 8 10 8 2 10 10 10 8 10
left_child=1 2 5 4 -2 6 7 10 -9 -3 -1 12 15 -14 17 -4 -13 -15 -18 26 21 -21 -23 -12 25 -25 27 -20 -29 -28
right_child=3 9 11 -5 -6 -7 -8 8 -10 -11 23 16 13 14 -16 -17 18 -19 19 20 -22 22 -24 24 -26 -27 29 28 -30 -31
leaf_value=-6.7619272021448028e-05 -0.0015697794777891003 0.00074588493956245718 0.00027930869724948176 -0.00015956733461998116 0.00099660018988747515 0.0013354839919026873 -0.0019377592431367194 0.0020301429700135369 -0.00035149817700942952 -0.00098963781309554708 -0.0021801323957785662 5.7436101493815234e-05 -0.0019738125859353481 -0.0020528951631982573 0.0014838448028218381 0.0018426495365753408 -0.00010360678009220395 0.00038712324784944145 -0.0017271728134603708 0.00034785258409706499 -0.00086008028030134837 0.0021782347707821562 0.00023369287346838085 0.00090998188924673378 -0.0018012311535138819 -0.00109488058209821 0.00029487311875992872 0.00097752163176864312 -0.00092956076580124475 -0.0012962066080827994
leaf_weight=926 249 3030 10861 50717 1343 224 397 257 366 246 409 124029 392 226 283 372 62905 202 519 3157 368 515 393 382 539 306 2522 374 339 261
leaf_count=926 249 3030 10861 50717 1343 224 397 257 366 246 409 124029 392 226 283 372 62905 202 519 3157 368 515 393 382 539 306 2522 374 339 261
internal_value=-7.40409e-06 2.40574e-05 1.48964e-05 -0.000136596 0.0005952 -0.000522758 -0.000638963 -0.000477072 0.000630977 0.000615562 -0.000746516 2.47478e-05 0.000241527 -0.0006705 4.80628e-05 0.000331081 1.10608e-05 -0.000901298 -6.95509e-05 0.000184034 0.0004501 0.000568709 0.0013366 -0.00113078 -0.000780998 1.82843e-05 -0.000109731 -0.000686632 7.07882e-05 0.000145656
internal_weight=267109 214800 211524 52309 1592 3806 3582 3185 623 3276 2562 207718 12336 1103 711 11233 195382 428 71353 8448 4433 4065 908 1636 1227 688 4015 1232 713 2783
internal_count=267109 214800 211524 52309 1592 3806 3582 3185 623 3276 2562 207718 12336 1103 711 11233 195382 428 71353 8448 4433 4065 908 1636 1227 688 4015 1232 713 2783
is_linear=0
shrinkage=0.03


Tree=108
num_leaves=31
num_cat=0
split_feature=13 10 3 11 10 4 8 9 10 6 11 12 0 10 11 13 6 0 10 9 8 11 11 10 7 10 12 11 7 4
split_gain=0.707646 1.07949 1.16181 1.32848 0.802979 2.43808 1.49234 1.73041 1.67881 0.979957 1.42441 1.09795 1.0022 0.827823 0.945894 0.821862 0.794048 0.818643 2.32917 0.763212 0.871459 1.13808 1.19557 1.17078 0.949172 0.867291 0.811383 1.26891 1.24864 1.02248
threshold=0.014696372178275701 0.0010269138426277637 -0.046979232408247799 0.0033666996791754671 0.00064926187012581693 -0.03724094650574649 0.021835892634848416 -0.17229115368338163 0.00070435215143260798 0.018112387251181587 -0.012546539886328088 -0.033423663575206923 0.041296227684088478 0.00068867122813398584 0.0028505384394292847 0.022223806520899003 -0.11983695467885135 0.041296227684088478 0.010242750099010324 -0.026518502981555832 0.037936125195822998 0.0056068123021811864 0.0039501109334597615 0.0023847339597670163 0.32519847238428096 0.0029970656292986901 -0.0099881266663329176 -0.0019480110827813644 0.023976568233735954 -0.0059092385014836149
decision_type=2 10 8 10 10 8 8 10 10 8 8 8 10 10 10 2 8 8 10 10 8 10 10 10 10 10 10 10 8 10
left_child=-1 4 3 -3 9 -6 13 -8 15 10 -2 -12 -11 -7 -15 -9 -4 19 -19 20 24 22 23 -22 -18 -25 27 -21 -29 -28
right_child=1 2 16 -5 5 6 7 8 -10 12 11 -13 -14 14 -16 -17 17 18 -20 26 21 -23 -24 25 -26 -27 29 28 -30 -31
leaf_value=6.765967593138699e-05 0.002346357967090343 0.00088881685114947247 0.00096617483438260878 -0.0010184098393397612 -0.0029548096172835291 0.0017698136158266356 -0.0026055813511499421 -0.00030285161576892541 -0.00013062075427317215 -0.0002305398511190747 0.00091580361392542935 -3.0042774430083607e-05 0.0017159583400789414 -0.00013050377729291677 0.0018225849619686451 -0.0026164402371566366 1.3628896924042782e-05 -0.0020702483097556974 0.0006622443087750448 0.0012972820024678257 -0.00095845826384603544 -0.0025238822851538006 0.0011854634335748697 0.00069170785269829442 0.001503391873227077 -0.00031469303079004749 0.00087474273794456198 -0.0016088851150048928 0.00041939909383796945 -3.7921187184495211e-05
leaf_weight=103167 232 2520 802 378 324 275 385 205 2531 29474 1129 50994 240 2505 245 424 48247 597 530 1434 2069 206 479 982 388 3581 1263 305 2617 8819
leaf_count=103167 232 2520 802 378 324 275 385 205 2531 29474 1129 50994 240 2505 245 424 48247 597 530 1434 2069 206 479 982 388 3581 1263 305 2617 8819
internal_value=6.08793e-06 -3.26024e-05 5.10575e-05 0.000640048 -0.000103336 -0.000414309 -0.000289024 -0.000706687 -0.000475334 -7.72131e-05 8.84273e-07 -9.55545e-06 -0.000214818 0.000200436 4.34987e-05 -0.00186241 2.74552e-05 1.69283e-05 -0.000785225 2.97714e-05 -2.0409e-05 -0.000325651 -0.00026197 -0.000366512 2.55139e-05 -9.81062e-05 0.000224237 0.000566382 0.000207686 7.64107e-05
internal_weight=267347 164180 75217 2898 88963 6894 6570 3545 3160 82069 52355 52123 29714 3025 2750 629 72319 71517 1127 70390 55952 7317 7111 6632 48635 4563 14438 4356 2922 10082
internal_count=267347 164180 75217 2898 88963 6894 6570 3545 3160 82069 52355 52123 29714 3025 2750 629 72319 71517 1127 70390 55952 7317 7111 6632 48635 4563 14438 4356 2922 10082
is_linear=0
shrinkage=0.03


Tree=109
num_leaves=31
num_cat=0
split_feature=8 5 1 4 5 10 11 0 7 10 10 10 10 1 11 7 11 1 2 7 9 7 7 11 11 11 5 0 1 2
split_gain=0.918956 0.776531 1.00906 0.702721 1.44207 1.07641 1.16094 1.88079 0.889346 0.797975 0.705501 1.41749 0.885653 0.810914 0.684168 1.06715 0.761719 0.583877 1.06805 0.841963 1.01588 0.945921 0.680968 0.867822 0.786613 0.678049 0.642674 0.579577 1.13295 1.05749
threshold=0.01177824683650963 0.0076872561909701294 -0.0041159740115543344 -0.047951438567461861 0.095409490574798556 0.0072834561464241174 -0.0013011011259722036 0.012365310691954125 -0.19779059448194233 -0.003942695866748557 0.0058968997251246389 0.0035862285358378991 0.0025683665677778138 0.0070043252933202913 0.0030247357271071533 0.2141473170438524 0.0012429887516764995 0.039574152487219079 -0.48981846296780224 0.040963834779909065 -0.062792421362802317 0.1055415772117302 0.066523830016616561 0.0037256101513831745 5.3945479989825358e-05 -0.00026870571273135408 0.055254817359978121 0.0060456039921609203 -0.0054611479168298329 5.7942592730076132
decision_type=10 10 2 8 10 8 8 10 10 10 8 10 10 2 10 10 10 2 10 8 10 8 10 10 10 10 10 10 2 10
left_child=-1 2 -2 8 17 6 7 -6 -3 -8 11 12 -10 -14 15 16 -11 27 22 -20 -21 -22 23 24 -19 -23 -24 28 -5 -29
right_child=1 3 -4 4 5 -7 9 -9 10 14 -12 -13 13 -15 -16 -17 -18 18 19 20 21 25 26 -25 -26 -27 -28 29 -30 -31
leaf_value=0.00015576216357961092 0.0026121343070195173 -0.00083320013200689454 0.000334940743430439 0.00010628333882252388 -0.00039161793395907531 -0.0025304698979743989 -0.0027359689742193693 0.0028315795035450718 0.00028091175864181886 -0.0011531202743981055 0.0015240493173847632 -0.0017817745865270325 0.0023641307460686421 1.8767580037863164e-05 0.00040905445138653091 -0.0025181161816256632 0.00093836128739800684 0.001130391120333729 0.00053286902689648585 -0.0021388086312299952 -0.0016029145673774339 0.0019683128567499534 0.00099703909233169342 0.0020444935034407952 -0.0013453019726973672 -0.00029260929554907809 0.0030786852564535505 -5.8044480541678025e-05 -5.8692368166582337e-05 -0.00041192991697691286
leaf_weight=29391 213 533 985 56831 752 264 210 208 3131 483 501 267 383 203 344 339 232 203 1108 297 238 214 324 209 268 270 227 49837 109935 8967
leaf_count=29391 213 533 985 56831 752 264 210 208 3131 483 501 267 383 203 344 339 232 203 1108 297 238 214 324 209 268 270 227 49837 109935 8967
internal_value=-2.49892e-06 -2.20448e-05 0.000739817 -2.58995e-05 -3.35043e-05 -0.000706324 -0.000518795 0.000306742 0.000325334 -0.00101165 0.000463015 0.000329587 0.00048125 0.00155166 -0.000752635 -0.00113178 -0.000474486 -2.51811e-05 0.000367494 -3.95329e-05 -0.000661929 -5.44034e-05 0.00107078 0.000435629 -0.000278284 0.000707055 0.00185463 -3.10267e-05 -2.47147e-06 -0.000112008
internal_weight=267367 237976 1198 236778 231760 2832 2568 960 5018 1608 4485 3984 3717 586 1398 1054 715 228928 3358 2127 1019 722 1231 680 471 484 551 225570 166766 58804
internal_count=267367 237976 1198 236778 231760 2832 2568 960 5018 1608 4485 3984 3717 586 1398 1054 715 228928 3358 2127 1019 722 1231 680 471 484 551 225570 166766 58804
is_linear=0
shrinkage=0.03


Tree=110
num_leaves=31
num_cat=0
split_feature=4 11 11 3 5 3 9 9 5 6 11 11 13 1 3 9 3 1 6 12 8 6 3 11 11 5 7 13 11 12
split_gain=0.936743 1.3686 1.09041 1.06735 1.05717 1.18358 0.850529 0.838315 0.917491 1.29854 1.12036 1.00086 1.34003 0.779602 0.90867 1.0565 0.739889 0.944879 1.10318 0.93763 1.08376 0.786592 0.854645 1.08368 1.79084 1.7538 1.27419 1.28251 1.21626 0.821409
threshold=0.076167544351271613 -0.0013011011259722036 0.0013595712792588979 0.084201131609985561 0.13670764813179195 0.084201131609985561 -0.030939340537513123 -0.041728093921486457 0.031133685659388535 -0.0016053400681599881 -0.0057323304285094015 -0.0018310234782946686 0.022635130643166225 -0.0035714353833879438 -0.018946487626033234 -0.030492065694929956 -0.014062699223687468 0.01811087337814277 0.19839197925800892 -0.0093077380887832111 0.012887242273879836 -0.065238100082155234 -0.020904620691803707 0.001400478106683867 -0.0013693886231044836 0.054555949097419981 -0.036091687791907572 0.026988964652642947 -0.00055129397605863095 0.0032907004357602414
decision_type=10 8 10 10 10 10 10 8 8 8 8 10 2 2 10 8 10 2 10 8 8 10 10 10 10 10 8 2 10 10
left_child=3 4 -3 7 5 -2 -5 16 13 10 -10 12 -12 14 15 -9 19 18 -18 20 -1 22 23 24 25 -21 27 -26 -29 -25
right_child=1 2 -4 6 -6 -7 -8 8 9 -11 11 -13 -14 -15 -16 -17 17 -19 -20 21 -22 -23 -24 29 26 -27 -28 28 -30 -31
leaf_value=0.0018854614214161391 -0.0008561912972177044 -0.0021592051495099439 -0.00033225372403040574 0.0024444504241840945 -0.0014922635843524605 0.001950593930389489 0.0001545726129966709 0.0003560378762278898 0.0021763640690238817 -0.00012093601120399862 0.00038975268959574682 0.0007064681775730508 -0.0024524909633619244 6.0834644349739974e-05 0.00024903606731756207 0.0031291358159275637 -9.7872059721870652e-05 0.00021259099425190113 -0.0020469030201300011 0.00078855226344435941 0.00022649432128082745 -9.2436297524911535e-05 -0.00036603420568280851 0.0006143560792641645 0.00094697719266132103 -0.0011804170060115992 8.100248086286333e-05 0.0046494433278945792 0.0019118662693990444 -0.0005093365962369797
leaf_weight=364 209 624 556 289 216 383 295 291 340 28158 395 1745 240 42153 22863 215 108346 9294 262 1033 13446 28779 1625 948 784 672 539 206 502 1531
leaf_count=364 209 624 556 289 216 383 295 291 340 28158 395 1745 240 42153 22863 215 108346 9294 262 1033 13446 28779 1625 948 784 672 539 206 502 1531
internal_value=1.76876e-06 -0.000647018 -0.00129837 6.63011e-06 0.000304214 0.000959685 0.00128775 3.80395e-06 7.43489e-05 -6.04706e-05 0.00056548 0.000335354 -0.000684481 0.000137884 0.000276866 0.00153433 -3.65958e-05 -7.77299e-05 -0.000102574 5.95749e-05 0.000270221 -1.98653e-05 0.000246528 0.000406691 0.000729381 1.25128e-05 0.00133118 0.00178282 0.00270839 -7.96227e-05
internal_weight=267303 1988 1180 265315 808 592 584 264731 96400 30878 2720 2380 635 65522 23369 506 168331 117902 108608 50429 13810 36619 7840 6215 3736 1705 2031 1492 708 2479
internal_count=267303 1988 1180 265315 808 592 584 264731 96400 30878 2720 2380 635 65522 23369 506 168331 117902 108608 50429 13810 36619 7840 6215 3736 1705 2031 1492 708 2479
is_linear=0
shrinkage=0.03


Tree=111
num_leaves=31
num_cat=0
split_feature=13 11 11 2 8 7 3 2 10 11 11 5 5 10 10 8 2 3 12 10 11 3 11 12 2 5 3 13 7 6
split_gain=0.689995 1.03803 1.17476 1.42256 1.42284 1.1747 1.26746 1.06052 1.20883 1.09681 1.19428 1.09832 0.959685 0.894052 1.47689 1.34326 1.26645 0.951071 1.24628 1.07019 0.879417 1.59002 1.19885 0.930715 1.24024 0.876379 0.845515 0.829617 0.80691 0.803249
threshold=0.028546979608938098 0.00019229213940374915 -0.0001207264243415218 -0.64389763145565015 0.03125203712190943 0.23840745423343315 -0.033911450980316053 3.7993863878188541 0.0021102985405636603 0.00098079515359461599 0.0008289380478214704 0.086217248755580941 0.019383931384775593 -0.003942695866748557 -0.0077145601754587392 0.038778448648281699 -5.1316226685057504 0.0090282985883456419 0.013749358554865034 0.0025462837374615748 0.0018848292710025307 0.043956062526263169 0.0015511972858137659 -0.0020458378034286513 7.9620701973000054 0.049385907765278965 -0.013795344737053848 0.053331140722772709 -0.038038787307572701 -0.063613963490407086
decision_type=2 8 10 8 8 10 8 8 10 10 8 10 8 8 10 8 10 8 10 10 8 8 10 10 10 10 10 2 10 10
left_child=-1 2 5 4 -4 6 -2 9 20 10 11 25 -10 14 -8 29 -16 27 19 -19 21 22 -9 -22 -25 26 -3 -17 -5 -15
right_child=1 7 3 28 -6 -7 13 8 12 -11 -12 -13 -14 15 16 17 -18 18 -20 -21 23 -23 -24 24 -26 -27 -28 -29 -30 -31
leaf_value=2.5667717887646132e-05 0.00046564748223182275 0.00056940972453631983 -0.0012852876898573919 0.003306730548755524 0.001207582816538616 0.0005485044155627768 -0.00084589880508046777 -0.0010329368341910838 -0.0016712272289913851 -2.5474810378918996e-05 -0.00198452790285182 -0.0022237205224903836 0.00047693573073495708 -0.00075088634866291135 0.0028766824550233603 -0.0010700006145059741 0.00045774690244668978 -0.0017574621842901582 0.0010367679801894642 0.00043482926731854211 -0.0024312184714383261 0.0019977104465181235 0.0011919512288157074 -0.0029651886155609222 -0.00055431651908653874 0.00068984475537466712 -0.0010434715189996775 -0.0030498844243569355 0.0011367133315677606 -6.9415386347425188e-05
leaf_weight=214972 3216 407 432 202 394 2883 754 1614 222 14362 508 261 1193 1745 215 1306 2073 528 443 323 516 214 252 229 1190 722 1040 223 652 14424
leaf_count=214972 3216 407 432 202 394 2883 754 1614 222 14362 508 261 1193 1745 215 1306 2073 528 443 323 516 214 252 229 1190 722 1040 223 652 14424
internal_value=1.84799e-06 -9.56069e-05 2.08231e-05 0.000791452 -9.61945e-05 -2.51961e-05 -9.07002e-05 -0.000248318 -0.000614085 -0.000133514 -0.000661649 -0.000385096 0.000139909 -0.000171903 0.000305585 -0.000248383 0.000685051 -0.000852195 -0.000253634 -0.00092537 -0.000879814 -0.000451576 -0.00073247 -0.00134014 -0.000943386 -0.000163851 -0.000589814 -0.00135876 0.00165 -0.000142961
internal_weight=267515 52543 29813 1680 826 28133 25250 22730 5430 17300 2938 2430 1415 22034 3042 18992 2288 2823 1294 851 4015 2080 1866 1935 1419 2169 1447 1529 854 16169
internal_count=267515 52543 29813 1680 826 28133 25250 22730 5430 17300 2938 2430 1415 22034 3042 18992 2288 2823 1294 851 4015 2080 1866 1935 1419 2169 1447 1529 854 16169
is_linear=0
shrinkage=0.03


Tree=112
num_leaves=31
num_cat=0
split_feature=0 9 13 8 8 0 11 11 7 1 2 13 1 3 11 2 13 7 8 11 12 0 7 11 11 12 7 12 11 11
split_gain=0.836543 0.769711 1.31351 1.5141 0.714823 0.904074 0.897395 1.55102 1.4733 0.830129 1.51052 0.94332 1.28184 1.30198 1.68011 0.739819 1.11278 1.00307 0.727505 0.714806 0.74956 0.708093 1.11898 0.81249 0.729643 1.01593 0.716553 1.07663 0.798952 1.01621
threshold=-0.00011485734308497307 -0.047915485704429155 0.053331140722772709 0.020867085986180992 0.028319457068308702 0.02525879044318791 0.0057107012636277163 0.0065392418405726413 0.086541488141717485 0.019288350352155485 13.083039543367901 0.044293193621162998 0.039574152487219079 0.011754233960901807 0.00046469258834946908 -0.60916219296541907 0.035416986588040288 0.10008008333905395 0.030868436990053285 0.0036558778203330537 -0.01726853862018218 -0.01163331757445085 -0.27885339632819073 0.0031836768419917232 0.0062848469957002004 0.011583084599365303 0.073205985422340261 0.0011878916789669904 -0.0012869114460589135 -0.0004582812871946062
decision_type=8 8 2 10 8 10 8 8 8 2 8 2 2 10 10 10 2 8 10 10 10 10 10 10 10 10 10 10 8 8
left_child=1 21 19 -4 -2 6 9 -8 18 -6 11 15 -13 14 -14 16 17 -11 -9 20 -3 22 -1 26 -24 -26 -23 28 -28 -30
right_child=4 2 3 -5 5 -7 7 8 -10 10 -12 12 13 -15 -16 -17 -18 -19 -20 -21 -22 23 24 -25 25 -27 27 -29 29 -31
leaf_value=-0.0018772182586729866 4.8464919194935544e-06 0.00086712457954679135 0.0013026911045915981 -0.001648695713690525 -0.0001851356967858754 0.00036211034863755927 -0.0020458301988702902 -0.00096841984993756855 -0.001706681344890967 0.0013750881553121481 -0.0016931355770610206 -0.00084494445984042966 -0.002204411591325576 0.0020245957703583389 0.001305690973660805 9.2523474748687528e-05 0.0021507401293984815 -0.00080705156696408433 0.0011287609733725064 -0.00016757377707848651 0.00022784189539417602 -5.1972393334661374e-05 0.00034407733296963985 0.00027889964739842777 0.00057578249598305188 -0.0023449810315770182 -0.00060453631665399971 -0.0010016450993280933 0.0023910668473799039 9.7107775060807096e-05
leaf_weight=220 132156 1747 204 671 37331 3113 615 202 380 457 333 970 225 392 270 798 649 324 566 3895 29939 31663 9077 5931 209 220 1087 1880 215 907
leaf_count=220 132156 1747 204 671 37331 3113 615 202 380 457 333 970 225 392 270 798 649 324 566 3895 29939 31663 9077 5931 209 220 1087 1880 215 907
internal_value=6.46728e-06 8.2264e-05 0.000187706 -0.000960601 -3.07843e-05 -0.000131778 -0.000167112 -0.0008301 -0.000178816 -0.000139115 0.000249744 0.000408123 -9.12281e-05 0.000733016 -0.00028981 0.000824324 0.0012327 0.000469821 0.000577159 0.000215945 0.000263089 7.49147e-06 0.000237985 -4.62902e-05 0.000286938 -0.000922045 -0.000100237 -0.000473971 -2.48868e-05 0.000536681
internal_weight=266646 87865 36456 875 178781 46625 43512 1763 1148 41749 4418 4085 1857 887 495 2228 1430 781 768 35581 31686 51409 9726 41683 9506 429 35752 4089 2209 1122
internal_count=266646 87865 36456 875 178781 46625 43512 1763 1148 41749 4418 4085 1857 887 495 2228 1430 781 768 35581 31686 51409 9726 41683 9506 429 35752 4089 2209 1122
is_linear=0
shrinkage=0.03


Tree=113
num_leaves=31
num_cat=0
split_feature=5 8 2 0 1 0 9 0 11 11 5 4 2 7 11 11 11 2 5 3 8 4 3 7 1 0 0 3 3 8
split_gain=0.829357 1.04982 0.997877 0.980793 0.803702 1.51041 1.21755 1.83931 1.9908 1.10484 1.15241 1.16195 1.54505 1.10985 1.15055 1.05672 1.0142 0.99156 0.963476 0.884881 0.839294 0.795533 0.909049 1.08765 0.822751 0.787093 0.769941 0.936754 0.825111 0.790676
threshold=0.0076872561909701294 0.0068158841056484192 5.7942592730076132 0.0060456039921609203 -0.0056997461352492609 0.013045794755725761 -0.079832437248412311 0.021910962803923021 -0.012546539886328088 0.0024429925144738855 0.077212353722107011 -0.06164151120979066 -1.0285636200964474 -0.12319642227676712 0.00031684396026343547 5.3945479989825358e-05 0.0043141746370733989 -1.6460740745384155 0.016287520965516864 -0.03020836635390944 0.059080598138895372 -0.0029905175965156956 -0.0213429016326207 -0.12031651973661932 -0.0044487463704663823 0.0089649114081923349 0.006132844323845422 0.022676457227792771 0.018578578360367696 0.041386076849767958
decision_type=8 8 8 8 2 10 10 10 8 10 10 10 10 8 10 10 10 10 10 10 8 10 10 10 2 10 10 10 10 10
left_child=1 -1 4 -4 6 9 -2 8 -8 13 21 -12 16 14 15 -6 -13 19 -15 -7 26 22 23 -11 -23 -16 27 28 29 -20
right_child=2 -3 3 -5 5 17 7 -9 -10 10 11 12 -14 18 25 -17 -18 -19 20 -21 -22 24 -24 -25 -26 -27 -28 -29 -30 -31
leaf_value=-0.00010968429893988291 -5.8671671334926528e-05 0.00078318736248223289 -5.506915231436154e-05 -0.00038597811075931804 7.5859614621422286e-05 -0.0017099270446318078 -0.0026480738469399513 -0.00096472280207172078 0.00022568510484914178 -0.00067851870846536669 0.00092465840722909384 0.00088387597366594345 -0.0031335301889668207 5.8760875111754193e-05 0.00062864709824569259 -0.0021537489738152472 -0.0018294451721425201 0.00057372475333539489 -0.00013629096370550137 6.1617668578810332e-05 0.0010973473920997594 -0.00075291956386104629 -0.00016169743536141674 0.0005482247098656214 0.00034167836236782318 0.0025380194651841801 -0.00038187064965699555 0.00013796099599139742 -0.00067540157707758348 -0.00076560561274058151
leaf_weight=2158 32283 2629 24742 11957 3323 287 218 1228 45234 784 245 260 301 19994 2214 203 237 5781 52901 2191 465 647 11171 3819 13797 213 14159 9478 2918 1860
leaf_count=2158 32283 2629 24742 11957 3323 287 218 1228 45234 784 245 260 301 19994 2214 203 237 5781 52901 2191 465 647 11171 3819 13797 213 14159 9478 2918 1860
internal_value=-1.0652e-05 0.000380677 -1.77773e-05 -0.000162883 5.76383e-06 -3.56456e-05 8.2983e-05 0.000180949 0.000211902 -5.90673e-05 9.79484e-05 -0.000882476 -0.0014373 -0.000104631 0.000293515 -5.25041e-05 -0.000410002 0.000358513 -0.000127919 -0.000143561 -0.000173559 0.000131789 -1.55072e-05 0.000339281 0.000292647 0.000796219 -0.000180827 -0.00013844 -0.000183859 -0.000157666
internal_weight=267697 4787 262910 36699 226211 147248 78963 46680 45452 138989 31261 1043 798 107728 5953 3526 497 8259 101775 2478 81781 30218 15774 4603 14444 2427 81316 67157 57679 54761
internal_count=267697 4787 262910 36699 226211 147248 78963 46680 45452 138989 31261 1043 798 107728 5953 3526 497 8259 101775 2478 81781 30218 15774 4603 14444 2427 81316 67157 57679 54761
is_linear=0
shrinkage=0.03


Tree=114
num_leaves=31
num_cat=0
split_feature=12 13 1 6 8 0 0 2 10 2 11 11 4 3 8 11 11 10 2 11 10 11 13 10 10 10 10 10 11 13
split_gain=0.90415 0.988299 0.986635 1.82525 0.91032 0.834858 1.14375 0.932685 0.899694 0.832948 0.814865 1.03697 1.04691 1.29219 0.796737 1.39981 2.99668 1.4013 1.32131 1.32045 1.2255 1.10061 1.01133 0.885085 1.44203 1.2806 1.50956 1.02548 0.860065 0.794839
threshold=-0.015171084589503168 0.051462015778457833 0.0058192233251518352 0.0017157868908282972 0.016130149728102585 0.017801484232115809 0.009266099965897669 12.401822847595808 0.0047846400808956311 -0.60436359868784939 0.0033666996791754671 0.0020686319328877549 -0.034941502499352066 -0.019300612112490619 0.013389005627279373 -0.0027393443331276686 -0.0037982327423105029 -0.0020406306472922071 11.609923873208968 -0.0031245013392179328 0.0040110239669326484 -0.0015988137752460105 0.01934146768675378 0.008551999105847587 0.0033453973346292414 0.0018421243046183868 0.00064926187012581693 0.0046607549596022766 -0.012546539886328088 0.025937347069608357
decision_type=10 2 2 10 8 10 10 10 8 8 10 8 10 8 10 10 10 10 8 10 10 10 2 10 10 10 10 10 10 2
left_child=-1 14 3 -3 -4 6 8 -7 10 -8 11 12 -6 -14 15 16 18 19 23 -18 -19 -17 -20 24 25 26 -2 -26 29 -16
right_child=1 2 4 -5 5 7 9 -9 -10 -11 -12 -13 13 -15 28 21 17 20 22 -21 -22 -23 -24 -25 27 -27 -28 -29 -30 -31
leaf_value=0.00015556001787513324 0.00013569639777852446 0.00024729178051224605 -0.0019303581721267678 -0.002870377765313915 0.0012545423986241016 0.0014650503073232659 -9.2896658749309157e-05 -0.00074055998247701588 0.001833368791979668 -0.0022036500996833277 0.00056811204765409493 -0.0017935480918878546 -0.0026086436437938797 -0.00021160464018365419 -0.00029899422014758236 0.00062559378754713831 -0.0034380771609379304 -0.0004124822492073835 -0.0028055242053626381 -0.00071544400656946261 -0.0025055444302548927 0.00012522147387129942 0.00012806255338104939 -0.0014452371323265857 0.0032191338408310175 -0.00070945492239138039 0.0016645747561724142 0.00070428592947401731 -4.020965553855279e-05 0.0018978067642728309
leaf_weight=29704 2231 307 279 376 362 521 267 258 201 455 870 455 231 1635 238 4559 357 2218 222 291 284 29927 202 238 261 990 786 331 188046 393
leaf_count=29704 2231 307 279 376 362 521 267 258 201 455 870 455 231 1635 238 4559 357 2218 222 291 284 29927 202 238 261 990 786 331 188046 393
internal_value=-4.93653e-07 -1.99873e-05 -0.000393257 -0.00146902 -0.000260487 -0.000171829 -0.000329578 0.000734566 -0.000119266 -0.00142308 -0.000229731 -0.000488442 -0.000221915 -0.000508344 -9.96627e-06 0.000106736 -0.000240272 -0.000972079 0.000197894 -0.00221541 -0.000650064 0.00019137 -0.00140792 0.000338656 0.000430973 0.000226787 0.000534005 0.00181303 -3.64993e-05 0.00106922
internal_weight=267495 237791 6217 683 5534 5255 4476 779 3754 722 3553 2683 2228 1866 231574 42897 8411 3150 5261 648 2502 34486 424 4837 4599 4007 3017 592 188677 631
internal_count=267495 237791 6217 683 5534 5255 4476 779 3754 722 3553 2683 2228 1866 231574 42897 8411 3150 5261 648 2502 34486 424 4837 4599 4007 3017 592 188677 631
is_linear=0
shrinkage=0.03


Tree=115
num_leaves=31
num_cat=0
split_feature=12 10 10 7 10 7 10 2 7 5 5 2 7 6 5 9 11 9 1 10 12 10 5 2 9 0 11 7 10 5
split_gain=0.647081 1.08464 0.972451 1.89807 0.70703 1.25647 1.03346 1.11016 0.996256 0.928607 0.817345 0.927146 0.882513 0.755166 0.913809 1.05697 0.769547 0.725699 0.722057 0.699569 0.95468 0.694711 0.656758 0.695556 0.911303 0.861484 0.858165 0.704965 0.620808 0.620397
threshold=-0.016162469898227002 -0.0063991799270357022 -0.0055056309784668458 -0.06017859110039802 -0.0027255297015332243 0.140666751733759 -0.00097170315857042489 9.3801751008015533 0.10008008333905395 0.030632244587013652 0.077212353722107011 -2.015846374238119 0.27176895519348515 -0.018008947497308022 0.042641623146378892 -0.036246472048849836 0.0004826238977566622 -0.017898059548734354 -0.017100491270644832 0.0031255931609331937 -0.024349798663118368 0.00057765818009547509 0.071041900121108448 -3.7164600830913135 -0.038959456749384384 0.0018616930177316473 -0.004084899335485003 0.077357652559943549 0.0060237633516849751 0.013634808869309083
decision_type=8 10 10 10 10 10 10 8 8 10 8 8 8 8 10 10 10 10 2 10 10 10 10 10 10 10 10 10 10 8
left_child=1 -1 3 -3 5 8 7 22 9 -4 12 -12 17 -14 15 -15 -16 -8 -19 20 21 -13 23 -6 26 -26 -25 -28 -21 -2
right_child=29 2 4 -5 6 -7 10 -9 -10 -11 11 19 13 14 16 -17 -18 18 -20 28 -22 -23 -24 24 25 -27 27 -29 -30 -31
leaf_value=0.00093267793271063629 0.00014608908889815928 0.00056213541828199385 0.0018258651915066121 -0.0030808153588370215 0.0010058176203339825 -0.001328521720811583 0.0001098838511968363 -0.0017768515120057131 0.002820692010560052 0.00015263338486572498 0.00058470003196060751 0.00076043531135088058 -0.00062120885064409362 0.0017419264727767513 0.002964470003042625 -0.00093500350899818649 0.00068508975041498021 0.001050240045783146 -0.00058757396315545511 0.00090667737076985605 -0.0026973320648371905 -0.001491981528810162 0.0012426891723971286 -0.0025602742112122048 0.001425419469854374 -0.00078964369531358647 -0.00023566928643878416 -0.0021227003964304457 -0.0012522506124796971 -1.0992830939265724e-05
leaf_weight=1548 25279 270 444 246 300 237 14419 461 234 911 581 205 220 266 365 265 210 1399 293 297 312 309 263 253 339 296 871 224 201 215838
leaf_count=1548 25279 270 444 246 300 237 14419 461 234 911 581 205 220 266 365 265 210 1399 293 297 312 309 263 253 339 296 871 224 201 215838
internal_value=2.08721e-05 0.000162352 0.000114057 -0.00117462 0.000141563 0.000709154 9.51885e-05 -0.000422207 0.00101307 0.00070091 0.000175625 -0.000414388 0.000240084 0.00098402 0.00130332 0.000405982 0.002132 0.000178856 0.000766623 -0.00085281 -0.00138826 -0.000593644 -0.000176923 -0.000340462 -0.000544135 0.000392886 -0.000985536 -0.000621692 3.53028e-05 5.47583e-06
internal_weight=267356 26239 24691 516 24175 1826 22349 3007 1589 1355 19342 1905 17437 1326 1106 531 575 16111 1692 1324 826 514 2546 2283 1983 635 1348 1095 498 241117
internal_count=267356 26239 24691 516 24175 1826 22349 3007 1589 1355 19342 1905 17437 1326 1106 531 575 16111 1692 1324 826 514 2546 2283 1983 635 1348 1095 498 241117
is_linear=0
shrinkage=0.03


Tree=116
num_leaves=31
num_cat=0
split_feature=5 11 11 1 2 10 7 11 7 12 2 10 9 10 9 9 1 11 1 10 4 4 4 13 7 2 4 10 2 9
split_gain=0.967248 1.12765 1.50669 0.916192 0.903324 1.00329 1.37873 1.1403 1.07724 0.89032 1.34335 1.22803 1.2859 1.19555 1.44822 1.26823 1.27531 1.13922 1.68344 1.00879 0.970953 0.882086 0.937628 0.878976 0.812113 1.00807 1.18972 1.03175 1.01081 1.13244
threshold=0.023848953014322456 0.0067660142252137243 0.0057107012636277163 0.050578384337901634 -2.6107810786598447 0.0017536613645420254 -0.2115245281657144 0.0029066872271131809 -0.13293833106454436 -0.014041821136584086 4.1516182437971638 0.00068867122813398584 -0.088141959968327008 0.0010660783705950252 -0.17868927980519475 -0.1352133847859496 0.002805032737230762 0.00076169159258399077 -0.020043787077627159 0.0011552834488944843 0.016196335963892809 -0.0079899256520848932 0.021644088074663007 0.034558820263875918 0.089739131695829935 -1.3899342186656407 -0.026637030502704825 0.0022102004023298876 7.9620701973000054 -0.064402204203759791
decision_type=10 10 10 2 10 10 8 10 8 8 10 8 10 8 10 10 2 10 2 10 10 10 10 2 8 10 10 10 10 10
left_child=1 2 3 -1 -2 6 7 -6 -7 10 -8 -11 13 15 -15 16 -13 21 -19 -16 -17 -12 -23 -21 -10 -26 -27 28 29 -28
right_child=4 -3 -4 -5 5 8 9 -9 24 11 17 12 -14 14 19 20 -18 18 -20 23 -22 22 -24 -25 25 26 27 -29 -30 -31
leaf_value=5.6849209284707447e-05 -0.00021875133275876715 -0.00098638507172328486 0.00099987698750372877 -0.0017578345381717875 -0.00042034390347732762 0.00052344779037419905 0.0002852763551272902 -0.0021660336452506241 -4.9715992379961763e-05 -5.5130545296910859e-05 0.00085171109616886053 -0.0013744992822354945 -0.00017582634786454063 0.0015022417978653271 0.00078108052607249511 -0.0012956810667137724 -0.0040807586262124338 -0.0031222996064924537 -0.00025229273754305537 -0.0011560893442724973 0.00084729492018509301 -0.0016076975561917237 0.00063838072626597501 0.00087696153644558988 -0.00016373420298961797 0.0013373001625533901 0.0033918888777973027 0.00014787118770881135 -0.00078859022801417279 0.00095274988986510415
leaf_weight=104016 26700 924 1533 251 1049 4418 10845 496 32769 53875 582 390 9367 316 367 777 262 322 429 1743 252 427 275 215 4399 1046 216 8184 218 828
leaf_count=104016 26700 924 1533 251 1049 4418 10845 496 32769 53875 582 390 9367 316 367 777 262 322 429 1743 252 427 275 215 4399 1046 216 8184 218 828
internal_value=-1.2922e-05 5.7095e-05 6.62082e-05 5.24808e-05 -5.94022e-05 -2.76671e-05 -9.30739e-05 -0.000980772 7.5306e-05 -7.60249e-05 0.00015256 -0.000119601 -0.000373333 -0.000801386 -0.000403314 -0.00142679 -0.00246198 -0.000554718 -0.00148284 -0.000662306 -0.000770871 -1.18663e-05 -0.000727824 -0.000932848 3.37641e-05 0.00021747 0.000377298 0.000270992 0.00106942 0.0014574
internal_weight=267491 106724 105800 104267 160767 134067 81989 1545 52078 80444 12880 67564 13689 4322 2641 1681 652 2035 751 2325 1029 1284 702 1958 47660 14891 10492 9446 1262 1044
internal_count=267491 106724 105800 104267 160767 134067 81989 1545 52078 80444 12880 67564 13689 4322 2641 1681 652 2035 751 2325 1029 1284 702 1958 47660 14891 10492 9446 1262 1044
is_linear=0
shrinkage=0.03


Tree=117
num_leaves=31
num_cat=0
split_feature=0 10 6 9 7 13 9 1 0 11 0 1 9 1 13 11 7 6 13 11 0 4 5 2 0 5 7 10 2 9
split_gain=0.704844 1.03229 1.11734 1.52715 1.18343 1.07674 1.02609 0.789895 1.62713 1.03814 0.94688 1.04782 0.904955 0.843274 1.64844 1.09405 0.839776 0.878372 0.82378 0.811146 0.802906 0.782245 0.779521 0.758799 0.753443 0.747927 0.742649 0.734053 0.721061 0.688266
threshold=-0.00070815570756643787 -0.0013561827825562809 0.086951045192797741 -0.030492065694929956 0.38748661760855935 0.022363890799088491 -0.030033043871298345 -0.0056997461352492609 0.011490297309781019 0.0068658124031664167 0.0076922947686319807 -0.031563287212033268 -0.079832437248412311 0.010287582198841629 0.016256844496877077 -0.0061475536345984563 -0.17836104817905848 -0.063613963490407086 0.021140193550111781 0.0089139017152821704 0.049996212663228519 0.0089089057860587424 0.058287152786253939 -6.8614114893852003 0.0029712769751727435 0.053267051501328752 0.38748661760855935 0.0035862285358378991 -7.5396996887949124 -0.030033043871298345
decision_type=8 8 10 8 10 2 10 2 10 10 8 2 10 2 2 10 10 10 2 10 10 10 10 10 10 10 10 10 10 8
left_child=1 -1 3 28 5 29 -5 9 13 10 12 20 -2 14 -9 -15 -16 22 21 26 -12 24 -18 -14 -17 -25 -20 -8 -3 -4
right_child=7 2 4 6 -6 -7 27 8 -10 -11 11 -13 23 15 16 18 17 -19 19 -21 -22 -23 -24 25 -26 -27 -28 -29 -30 -31
leaf_value=-2.5535528901068492e-05 -4.6752922753379676e-05 -0.0014233639893523628 -0.00092570894854708508 0.0019635986816054322 0.0016704353057573754 -0.001082405588427733 0.00041294607420395014 -7.3777827713890289e-05 0.00022665928151583878 0.001839236341998515 0.0006233386929310194 -0.00019071807743642287 -0.00079469604403748526 -0.0016802682158465569 -0.0011112692906767472 -0.00019827177097817749 0.00058577115407658722 -0.00038681701313524281 -4.013891778693641e-05 -0.0018448145974967205 -0.0013541982306945902 0.00099497748252435052 -0.00095347371906212119 0.00030369563577915034 0.00056386661955930663 -0.00023486280059812213 0.0013744257209466462 0.0013850592271767426 0.00013771725768488204 0.00070989505866143313
leaf_weight=39848 16859 269 346 452 231 1516 8004 60455 14553 293 2290 18945 635 325 1305 2315 1533 19803 16333 220 201 1398 367 25220 2355 2556 341 766 26485 700
leaf_count=39848 16859 269 346 452 231 1516 8004 60455 14553 293 2290 18945 635 325 1305 2315 1533 19803 16333 220 201 1398 367 25220 2355 2556 341 766 26485 700
internal_value=6.24326e-06 8.16912e-05 0.000191902 0.000236777 -0.000386117 -0.000571544 0.000569694 -2.52566e-05 -7.09209e-05 5.74195e-05 4.9593e-05 -0.000114662 0.00012737 -0.000111489 -0.000156027 4.81397e-05 -0.000372144 -0.0003277 7.26033e-05 -3.50875e-05 0.00046377 0.000372427 0.000288454 0.000230695 0.000186061 0.000254136 -1.12097e-05 0.000497854 0.000122021 0.000168864
internal_weight=266919 78617 38769 35976 2793 2562 9222 188302 121303 66999 66706 21436 45270 106750 83463 23287 23008 21703 22962 16894 2491 6068 1900 28411 4670 27776 16674 8770 26754 1046
internal_count=266919 78617 38769 35976 2793 2562 9222 188302 121303 66999 66706 21436 45270 106750 83463 23287 23008 21703 22962 16894 2491 6068 1900 28411 4670 27776 16674 8770 26754 1046
is_linear=0
shrinkage=0.03


Tree=118
num_leaves=31
num_cat=0
split_feature=3 13 8 9 9 4 7 12 9 0 13 6 4 9 13 10 10 10 9 6 3 1 10 4 8 6 10 13 9 12
split_gain=0.755476 1.1838 1.4137 1.07954 1.11566 1.06102 1.03143 1.01346 0.964714 0.926373 0.865425 1.08692 0.818857 0.921212 1.48531 1.12796 0.898065 1.03696 0.79996 1.36312 0.795395 1.50266 0.785659 0.856242 0.781614 0.720429 1.01983 0.941444 0.965878 1.07682
threshold=-0.0015276304838293118 0.046302711475058288 0.06566694001655618 -0.016120471357744356 -0.12949677010468555 0.0048147690663866713 -0.19779059448194233 0.043082652391379213 -0.03580520081186455 -0.024303652410620432 0.069267995657114542 0.020680293990915758 0.0024509876369418486 -0.067225892870394807 0.043359448958031399 -0.012419575027388883 0.0036264817377663632 -0.0062837051052680995 -0.0074461026750203265 0.064199776876523132 0.015983665731243327 -0.013857433588653099 0.004396140493020507 0.05443814114921431 0.030868436990053285 -0.060813911976885286 0.010624881496363094 0.018918912045590517 -0.080480121992176454 -1.0000000180025095e-35
decision_type=8 2 10 8 10 10 8 10 10 10 2 8 10 10 2 8 10 8 8 10 10 2 10 10 8 8 8 2 10 8
left_child=8 2 12 4 6 -5 -3 22 9 -1 11 -9 13 14 15 -2 17 -17 19 -7 -15 -22 23 -6 -21 26 -11 -27 -29 -30
right_child=1 3 -4 5 7 18 -8 10 -10 25 -12 -13 -14 20 -16 16 -18 -19 -20 24 21 -23 -24 -25 -26 27 -28 28 29 -31
leaf_value=0.00063183041711535723 -0.0021343146018677171 -0.0016525452143945534 0.0017496439329208573 0.0021502689004155875 -0.0015038450871650896 -0.0013545455616200343 0.00067199951683259967 -0.000579510943755659 0.00023690226816585507 0.00012678583721365409 -0.00087940003392436811 0.0021410147654014203 1.7389846356398745e-05 7.2570812999545134e-06 0.0021535629917605143 0.00057162273316395124 0.00018641213491230884 -0.0004777570794707995 -0.00076285943562727965 0.0002482164491631902 0.0014400928153758641 -0.0011244426763803179 0.00013926223545671217 -2.4496129023372329e-05 0.0027735495301147483 5.4616184076458442e-05 0.0011828722768879433 -0.00028920836032450146 0.00025002677697093229 -0.00022479462242070865
leaf_weight=2144 311 213 401 229 2423 200 888 258 21193 15854 558 271 90757 25814 217 907 2731 12919 698 202 246 1253 395 412 243 47471 868 19928 8783 8419
leaf_count=2144 311 213 401 229 2423 200 888 258 21193 15854 558 271 90757 25814 217 907 2731 12919 698 202 246 1253 395 412 243 47471 868 19928 8783 8419
internal_value=-1.4395e-06 -4.86126e-05 -2.89807e-05 -0.000429331 -0.000630152 0.000262811 0.000222292 -0.000847557 5.25019e-05 1.47315e-05 -5.52015e-05 0.00081418 -3.42578e-05 -0.000139834 -0.000312616 -0.000344342 -0.00031072 -0.000408917 -5.90266e-05 0.000702641 -3.17552e-05 -0.000703578 -0.00111421 -0.00128886 0.00162722 1.67362e-06 0.000181605 -3.38911e-05 -0.000147048 1.76398e-05
internal_weight=267206 142546 135556 6990 5418 1572 1101 4317 124660 103467 1087 529 135155 44398 17085 16868 16557 13826 1343 645 27313 1499 3230 2835 445 101323 16722 84601 37130 17202
internal_count=267206 142546 135556 6990 5418 1572 1101 4317 124660 103467 1087 529 135155 44398 17085 16868 16557 13826 1343 645 27313 1499 3230 2835 445 101323 16722 84601 37130 17202
is_linear=0
shrinkage=0.03


Tree=119
num_leaves=31
num_cat=0
split_feature=13 1 10 10 2 5 9 8 10 2 10 10 4 4 13 9 9 7 11 11 2 10 7 10 10 10 1 11 13 13
split_gain=0.698245 0.882237 0.758592 1.84775 1.67513 1.32667 1.08287 1.00856 1.02074 1.56699 1.14677 0.949922 1.39076 1.27066 1.4088 0.865759 0.862257 0.822577 1.02651 1.05829 0.925913 0.989582 0.91256 0.911706 1.50606 0.80611 0.786697 1.31998 1.14053 1.05115
threshold=0.021140193550111781 -0.019565092020741189 0.0010269138426277637 -0.0021171488871817297 -0.6803979533924519 0.103036177656569 -0.08887169581845665 0.015713119503682729 -0.0086377534955604501 -0.73863572040649039 -0.012419575027388883 -0.0012819965703047551 0.036087483792743853 0.0017711228636233536 0.034156260521260924 -0.0032303471226927112 -0.27107699963856419 1.0000000180025095e-35 -0.00066842658612575867 0.0068658124031664167 -2.11356857776769 -6.7898350725681387e-05 -0.095629666685773759 0.00064926187012581693 0.00070435215143260798 -0.0077145601754587392 0.02471113088372701 -0.0018118333785899219 0.064390400744067808 0.037972992514210026
decision_type=2 2 10 8 8 10 10 8 10 10 10 10 8 10 2 10 10 10 10 10 10 10 10 8 10 10 2 10 2 2
left_child=1 -1 3 6 16 11 7 -2 9 -9 -11 12 13 -6 -15 -13 -5 18 -18 20 21 22 -20 -19 -25 -10 28 -28 -8 -29
right_child=2 -3 -4 4 5 -7 26 8 25 10 -12 15 -14 14 -16 -17 17 23 19 -21 -22 -23 -24 24 -26 -27 27 29 -30 -31
leaf_value=0.0018547459859956275 0.0015964978431238525 3.0766996909527649e-05 2.52398574603743e-05 -0.0015853237710655587 -0.00070838947727625901 -0.0024915191487072021 -0.00018018049867134101 -0.0018195622239128818 0.001821473555631457 0.00091039926348707579 -0.001291516122739547 -0.00041408674366606577 0.0010092523919593077 -0.0013289660190109712 -0.0039165675812400874 0.0014961487143377906 0.00053778123720850922 -0.0001372714572064625 -0.0018804718507339821 0.0019314745296577904 -0.00067674751946636034 0.0014355877694164488 0.00031092278406371233 -0.0024344102494099551 -0.00024896617259307784 0.00029268675225817189 0.0023376149647036924 0.0013563014394827855 -0.0023581611788178461 -0.00039450051675863577
leaf_weight=239 505 170108 43655 344 1422 308 10376 525 323 670 312 10422 272 585 280 218 3544 8272 233 203 2188 469 643 434 820 7967 282 431 221 1087
leaf_count=239 505 170108 43655 344 1422 308 10376 525 323 670 312 10422 272 585 280 218 3544 8272 233 203 2188 469 643 434 820 7967 282 431 221 1087
internal_value=-3.26051e-06 3.33261e-05 -6.75049e-05 -0.000143387 -0.000295298 -0.000545179 6.17821e-05 0.000289084 0.000221692 -0.00049652 0.000210809 -0.000499761 -0.00101872 -0.00125991 -0.00216657 -0.000374948 -9.84968e-05 -6.80631e-05 0.000172023 -0.000174938 -0.000295969 0.000323468 -0.000271948 -0.000251543 -0.00100533 0.000352252 -0.000127108 0.000452751 -0.000225602 0.000102598
internal_weight=267358 170347 97011 53356 30657 13507 22699 10302 9797 1507 982 13199 2559 2287 865 10640 17150 16806 7280 3736 3533 1345 876 9526 1254 8290 12397 1800 10597 1518
internal_count=267358 170347 97011 53356 30657 13507 22699 10302 9797 1507 982 13199 2559 2287 865 10640 17150 16806 7280 3736 3533 1345 876 9526 1254 8290 12397 1800 10597 1518
is_linear=0
shrinkage=0.03


Tree=120
num_leaves=31
num_cat=0
split_feature=12 6 11 10 13 4 2 5 0 10 12 4 4 10 4 6 5 8 1 6 2 11 6 5 6 0 13 10 8 2
split_gain=0.720592 0.751268 0.77454 0.739229 0.99361 0.725691 0.613316 0.78616 0.63414 1.23858 1.07012 0.88477 0.876388 0.854949 1.05168 1.5013 1.28557 0.931882 0.826147 0.823537 0.782611 0.765144 0.985052 0.798 0.746046 0.714401 0.681049 0.668074 0.649674 0.647262
threshold=-0.036406256647584394 0.072145775019619843 -0.0015424658277066736 1.0000000180025095e-35 0.055382658408149606 -0.016161529537595917 -1.5655225321886788 0.012298136343783557 0.0063113914754365794 -0.003942695866748557 0.0073471659162762113 -0.072951771337649171 -0.025062927088645544 0.00035337410969515931 0.02343181194897315 -0.051374781416071484 0.043680185998030294 0.019261266994295916 0.02694558898145483 -0.099624964747287645 -4.7784734142206498 -0.001726110653272994 0.10975917493933963 0.082658040644484967 -0.027677955826460928 0.011771509651859914 0.0064535989434235759 0.0027347862412164807 0.037549233945039291 -2.3863503172549931
decision_type=8 10 10 10 2 10 10 8 8 8 8 10 8 10 10 8 10 10 2 10 8 10 10 10 10 10 2 10 10 10
left_child=1 2 3 4 -1 -5 7 -2 11 -10 -11 -9 25 14 26 -16 -17 20 19 -19 24 22 -21 29 -15 -12 -13 -20 -24 -23
right_child=6 -3 -4 5 -6 -7 -8 8 9 10 12 13 -14 17 15 16 -18 18 27 21 -22 23 28 -25 -26 -27 -28 -29 -30 -31
leaf_value=-0.00025089594620602348 0.00028949224293783323 -0.00035166149365726401 0.0013169150013271522 0.00052868028111788593 0.0026411696578116707 -0.001238800964558174 2.5389792469111166e-05 0.001776959696936738 0.0014715798948588591 -0.00040234836922179785 -4.9552001595689112e-05 0.00092201322363209739 0.00034938747787193689 0.00089008330661315648 0.0026481712918249288 0.0011087110145745426 -0.00026874737124067704 0.0012210839419596593 0.00020772116839664408 -4.998667042677815e-06 0.00043598792925605311 -0.00049194951130452236 0.0022518521907939561 -0.0018481155184305416 -0.00030033530353846323 -0.0022062590982010266 -0.00024070817203770509 0.0024188408390213938 8.9515563855344928e-05 1.5286624315810928e-05
leaf_weight=208 5044 782 1070 448 220 392 181939 238 369 14457 342 461 3281 567 239 896 1909 400 303 4870 7988 5192 307 298 2883 232 27456 207 211 4015
leaf_count=208 5044 782 1070 448 220 392 181939 238 369 14457 342 461 3281 567 239 896 1909 400 303 4870 7988 5192 307 298 2883 232 27456 207 211 4015
internal_value=2.17786e-08 0.000453272 0.000722502 0.000220907 0.00123568 -0.000296144 -5.33271e-06 -7.33619e-05 -9.70939e-05 -0.000249248 -0.000283924 -4.84563e-05 0.000160192 -5.59208e-05 -0.000163772 0.000365729 0.000171254 6.66588e-05 -8.2619e-05 -0.00012223 0.000272905 -0.000158309 0.000127295 -0.000320207 -0.000104693 -0.000921252 -0.000221508 0.00110518 0.00137105 -0.000270753
internal_weight=267224 3120 2338 1268 428 840 264104 82165 77121 18681 18312 58440 3855 58202 30961 3044 2805 27241 15803 15293 11438 14893 5388 9505 3450 574 27917 510 518 9207
internal_count=267224 3120 2338 1268 428 840 264104 82165 77121 18681 18312 58440 3855 58202 30961 3044 2805 27241 15803 15293 11438 14893 5388 9505 3450 574 27917 510 518 9207
is_linear=0
shrinkage=0.03


Tree=121
num_leaves=31
num_cat=0
split_feature=12 8 2 2 8 7 8 11 7 7 2 12 7 6 12 9 11 4 11 6 6 2 11 11 6 10 5 10 11 2
split_gain=0.737805 1.34858 1.03673 0.825138 1.02951 0.830047 0.992489 1.25863 0.796331 1.04606 0.85938 0.770807 0.681794 1.08646 1.04598 0.913598 1.16864 0.838069 0.800767 0.779971 0.787907 0.706178 0.663724 1.27561 0.689311 0.658924 0.657877 0.643856 0.768812 0.628821
threshold=-0.0060335166816706245 0.059080598138895372 14.826931504486181 -2.6107810786598447 0.016870102314450321 0.23840745423343315 0.038335022967342321 0.0018509915719264749 -0.014934724931667474 0.13522890399360479 -2.136740459790929 -0.0068999484522382351 -0.077441167092704918 -0.0024198387509867798 0.026334491549525 -0.04268519251705432 -0.010757996424146763 0.0031705615999325647 -0.0073806561312393928 0.23968869885597513 0.19839197925800892 -1.0453107550907481 -0.0037982327423105029 -0.0029568579253022027 0.068898551427220359 0.0049008937763079805 0.016566785059386233 -0.0060345112474247111 -0.0024925590357507961 5.7942592730076132
decision_type=8 10 10 8 10 8 10 10 8 10 10 10 8 10 8 8 8 10 10 10 10 10 10 10 10 10 10 8 10 10
left_child=2 12 3 4 -1 -5 11 -8 -3 -10 -11 -7 13 18 17 29 -17 25 -2 20 27 -19 24 -24 -6 26 -15 28 -18 -14
right_child=1 8 -4 5 22 6 7 -9 9 10 -12 -13 15 14 -16 16 19 21 -20 -21 -22 -23 23 -25 -26 -27 -28 -29 -30 -31
leaf_value=0.00032221687327409746 -0.001050551083032709 -0.00015102336475152582 -0.00200261084615823 9.828949540704848e-05 -0.0011879780397729745 0.0008530518151231418 0.00031191973860303937 -0.0016370311755571484 0.0033444207506399138 0.0023942787773733915 2.2056830174282308e-05 -0.00068821348853656073 -9.0164853007046778e-05 0.00084206179510025925 0.0019546830159526902 0.0017403237876144333 -0.0016113741829758509 0.0013537169651322593 3.7537783977115353e-05 0.0014611428563586228 -0.0012255199770991273 0.00032183813849178712 0.0012053071408185203 -0.00028430398050552385 0.00064724828180384958 0.0012264863810629494 -0.00031680008805700169 4.0024536285440218e-05 -0.00020965189672828363 -0.00033158227998923961
leaf_weight=3367 628 378 214 64307 1159 3708 1300 387 209 215 381 317 73132 540 394 355 384 1077 19831 334 463 1339 554 7828 219 378 2402 66157 4247 11197
leaf_count=3367 628 378 214 64307 1159 3708 1300 387 209 215 381 317 73132 540 394 355 384 1077 19831 334 463 1339 554 7828 219 378 2402 66157 4247 11197
internal_value=8.74232e-06 -2.47953e-05 8.27862e-05 8.81535e-05 -0.000130114 0.000129074 0.000475651 -0.000135172 0.000984844 0.00151821 0.000877808 0.000731665 -3.13272e-05 0.000109108 0.000459447 -5.52221e-05 2.33134e-05 0.000356741 4.13831e-06 1.47985e-05 8.01853e-06 0.000781827 -0.000286159 -0.00018585 -0.000896313 4.7401e-05 -0.000104093 1.60867e-05 -0.000325882 -0.00012222
internal_weight=267401 184041 83360 83146 13127 70019 5712 1687 1183 805 596 4025 182858 26589 6130 156269 71940 5736 20459 71585 71251 2416 9760 8382 1378 3320 2942 70788 4631 84329
internal_count=267401 184041 83360 83146 13127 70019 5712 1687 1183 805 596 4025 182858 26589 6130 156269 71940 5736 20459 71585 71251 2416 9760 8382 1378 3320 2942 70788 4631 84329
is_linear=0
shrinkage=0.03


Tree=122
num_leaves=31
num_cat=0
split_feature=5 10 11 10 0 11 0 3 0 9 12 11 6 6 8 8 8 13 10 5 0 10 8 12 11 3 0 10 6 6
split_gain=0.594715 1.46913 0.879071 0.915502 1.01412 0.804108 0.719267 0.615944 0.578702 0.871536 0.832636 1.68281 1.32762 0.868144 0.871229 0.80364 0.77701 0.820966 1.39251 1.3287 0.839315 0.761446 0.734924 1.16324 0.88355 0.861076 1.0014 0.754663 1.09993 1.27147
threshold=0.0076872561909701294 0.0045588099205506891 0.00066187969127506918 -0.0013159382920360783 0.004152484346536812 0.0021621310719518454 -0.002472160037028825 -0.00017603636294710731 0.003201779960592011 -0.31261890298225414 0.012760878964943602 0.0044233681894528818 0.016627715618144471 -0.099624964747287645 0.049208933870544133 0.024757971376890609 0.014310441381180919 0.037972992514210026 -0.0030732901972050359 0.059973498246801184 0.0036705034677164687 0.0021102985405636603 0.017189631757242606 0.0087152900465766753 0.0010314880891127978 -0.017325511864837769 0.013425776279700987 0.0045588099205506891 0.055216928077263201 -0.026049517460387802
decision_type=10 10 10 8 10 10 8 8 10 10 10 10 10 10 8 10 8 2 10 10 10 10 10 10 10 10 10 10 10 10
left_child=1 2 3 -1 6 -4 -5 -7 -2 -10 13 16 15 14 -11 -13 21 18 -18 -20 -19 -12 -15 27 -25 -26 -27 -24 29 -29
right_child=8 -3 5 4 -6 7 -8 -9 9 10 11 12 -14 22 -16 -17 17 20 19 -21 -22 -23 23 24 25 26 -28 28 -30 -31
leaf_value=-0.00021862283276790438 2.5015273253659141e-05 -0.0013042605166492059 -0.0008186226566308252 0.0023195683196937694 0.0023496824160761237 0.0019537350984604055 0.00054616295393940684 6.0637288318271292e-05 -0.00073517870406422561 0.00030349976845360743 0.0002724131885008505 -0.00044209935683054178 0.00038054531656160086 3.2596592392792993e-05 0.0023304802298745406 -0.0025297644511069724 0.0024914615294294074 -0.0018576683449830734 0.00056162907579255692 -0.00070490552095462669 8.662932516986525e-05 -0.0013685460483641638 -0.00017319130736466673 -0.00089775949041701508 -0.0014300818755116778 -6.4879150175198069e-05 0.0021693191472518568 0.00038614527562510587 0.00062376566130357481 -0.00032016000257867875
leaf_weight=681 150727 462 754 232 429 207 1825 612 1720 2092 508 265 419 26391 210 444 304 209 6688 839 4550 510 49374 3142 300 914 225 3634 2700 6220
leaf_count=681 150727 462 754 232 429 207 1825 612 1720 2092 508 265 419 26391 210 444 304 209 6688 839 4550 510 49374 3142 300 914 225 3634 2700 6220
internal_value=-7.03413e-06 0.0003106 0.000467998 0.000755926 0.00102289 -0.000111703 0.000746178 0.000539113 -1.33315e-05 -6.50957e-05 -5.46122e-05 0.000155237 -0.000958265 -8.70941e-05 0.000488411 -0.00174947 0.000247538 0.000312 0.000500851 0.000420454 1.24201e-06 -0.000549678 -0.000101355 -0.000154507 -0.000615802 -1.57955e-07 0.000376468 -0.000120384 8.73048e-05 -5.96857e-05
internal_weight=267587 5202 4740 3167 2486 1573 2057 819 262385 111658 109938 14736 1128 95202 2302 709 13608 12590 7831 7527 4759 1018 92900 66509 4581 1439 1139 61928 12554 9854
internal_count=267587 5202 4740 3167 2486 1573 2057 819 262385 111658 109938 14736 1128 95202 2302 709 13608 12590 7831 7527 4759 1018 92900 66509 4581 1439 1139 61928 12554 9854
is_linear=0
shrinkage=0.03


Tree=123
num_leaves=31
num_cat=0
split_feature=0 4 13 5 7 1 10 10 8 0 10 13 10 3 3 5 8 5 2 11 1 13 8 10 10 10 2 8 11 10
split_gain=0.797795 0.809481 0.950844 0.878558 2.16412 0.891813 0.790699 0.733806 0.887456 0.727411 0.916154 0.800349 0.716819 0.786008 0.690179 0.794369 0.706506 0.644579 0.91805 0.637488 0.757739 0.9488 0.601353 1.13132 2.615 1.12027 1.16148 1.04345 0.971827 1.96725
threshold=-0.0037313019529937037 0.076167544351271613 0.044293193621162998 0.052618235616799465 0.53033878153469827 0.020574429669969922 -0.00087725342066596868 -0.00167466023889673 0.031456098744024989 -0.0056207456010022852 -0.0048640820557705458 0.026777145458575107 -0.0041235522615818412 0.032327348307603428 -0.063667455171537865 0.055980945427955023 0.024534687878999348 0.036869798639970884 12.729120531372873 0.0038327712175719735 0.02694558898145483 0.053331140722772709 0.023129233566424039 -0.0086377534955604501 -0.0072726750358191863 0.015893940068006377 -0.99367387979068778 0.016701483880204707 -0.010757996424146763 -0.0001915926729908479
decision_type=8 10 2 10 8 2 10 8 10 10 10 2 10 10 10 10 10 10 10 10 2 2 8 8 8 10 10 10 8 10
left_child=1 3 -3 5 6 17 7 9 -9 10 -5 -11 -12 -14 -8 -16 -17 18 -1 20 -7 -22 23 -2 27 28 -27 -25 29 -26
right_child=22 2 -4 4 -6 19 14 8 -10 11 12 -13 13 -15 15 16 -18 -19 -20 -21 21 -23 -24 24 25 26 -28 -29 -30 -31
leaf_value=0.00019682031079485277 0.001549854240571345 -9.04002144386101e-05 -0.0026902577998582271 -7.7554108205314131e-05 0.0029904339714922684 -0.001314237246270857 0.0023091314769542819 0.00015490886395726401 -0.0025442268231606301 -0.0021226520128592168 0.0021598300226106592 0.00021934230679585741 0.00015797817851566292 0.0021397894224647377 0.0017603700737316259 -0.00059490517285988001 0.00067681364357971932 -0.00013106536096280452 -0.0012371682733593094 0.0002557377092009442 0.00041422374108245465 -0.0013479158684341435 -9.2379169528329001e-05 -0.0027626020148317615 0.0034460217864283947 0.00048868421183932296 -0.0016033843473901178 -0.00055420723328522092 1.6404933809460449e-05 -0.00027702141886884208
leaf_weight=26472 427 345 200 1830 284 993 227 237 204 238 331 293 872 227 421 544 1418 8043 408 879 793 421 90497 414 223 350 752 360 128149 299
leaf_count=26472 427 345 200 1830 284 993 227 237 204 238 331 293 872 227 421 544 1418 8043 408 879 793 421 90497 414 223 350 752 360 128149 299
internal_value=-9.3638e-06 0.000104788 -0.00104448 0.000118666 0.000424348 6.13556e-05 0.000317834 6.45643e-05 -0.00109367 0.0001993 0.000367015 -0.000830365 0.000935939 0.000567324 0.000728499 0.000577931 0.000324207 0.000104553 0.000175054 -0.000427491 -0.000699606 -0.000196864 -3.29085e-05 8.183e-06 3.14042e-06 1.35098e-05 -0.000938934 -0.00173544 2.1667e-05 0.00131347
internal_weight=267151 45680 545 45135 7126 38009 6842 4232 441 3791 3260 531 1430 1099 2610 2383 1962 34923 26880 3086 2207 1214 221471 130974 130547 129773 1102 774 128671 522
internal_count=267151 45680 545 45135 7126 38009 6842 4232 441 3791 3260 531 1430 1099 2610 2383 1962 34923 26880 3086 2207 1214 221471 130974 130547 129773 1102 774 128671 522
is_linear=0
shrinkage=0.03


Tree=124
num_leaves=31
num_cat=0
split_feature=13 1 12 6 2 13 6 9 6 6 1 7 5 1 10 7 2 1 6 8 10 10 3 2 1 1 9 5 3 13
split_gain=0.759617 1.6624 0.746928 0.944549 1.38688 1.13299 0.919642 1.04965 0.903999 0.879704 0.895656 0.931311 1.27891 1.04005 0.854365 0.8465 0.834025 1.02016 0.823654 0.865807 0.812847 1.42155 0.781904 0.951726 0.850493 1.09966 1.03432 0.779203 0.951667 1.00048
threshold=0.028787940964746531 0.019288350352155485 0.027589163187942859 -0.0045008400131798512 -2.9043491911381354 0.069267995657114542 -0.010799079749854888 -0.055953209766494809 0.067288376709216072 -0.090759589058289666 -0.0054611479168298329 0.17177820590564832 0.026151143399968897 -0.043293809901116802 0.001943958592661166 0.53033878153469827 -1.9334512476256223 -0.033542172240368366 0.020158838689624651 0.043561952448948289 -0.0083216798107182948 -0.0021171488871817297 0.024880115342457491 9.9720616941574374 -0.0070727833589429015 0.011347631944570559 -0.17868927980519475 0.060887161530463342 0.060918722143085365 0.031962518043504508
decision_type=2 2 10 10 8 2 8 10 10 8 2 10 10 2 8 8 10 2 10 10 10 10 10 8 2 2 10 10 10 2
left_child=1 -1 9 4 -4 -5 7 -6 -7 22 11 -11 -13 14 -14 20 18 -18 -15 -20 -12 -22 23 24 -2 -26 -27 -23 29 -29
right_child=2 -3 3 5 6 8 -8 -9 -10 10 15 12 13 16 -16 -17 17 -19 19 -21 21 27 -24 -25 25 26 -28 28 -30 -31
leaf_value=4.3655778711443497e-06 -0.00020270466478948838 0.00067898901249433723 0.0017305934805986716 0.00061582789943545547 -0.00036200590974163867 -0.0012962613986913108 -0.0017454109895927241 0.0017097370210987857 0.00042397045759270594 -0.00016991693793157772 -0.0011234358345487106 0.0022027130479498782 -0.0025168591826393721 -0.00051805865664246388 0.00019472929558702815 -0.0013957725021599651 0.0015165721606850092 -0.00029401906435323126 0.00074271030595926719 0.0027179248535973764 0.00022805511623957798 -0.00031006875648837822 -0.0014538965867360203 0.002240732297561747 0.0017815926527061841 0.0010379458649915883 -0.0011401279397978213 -0.0025695050832047904 1.6143372158539738e-05 -0.00088115216035389375
leaf_weight=212788 1629 3339 304 4211 3086 569 395 237 532 16826 1070 308 218 238 201 688 337 1658 537 318 3914 9827 217 236 596 445 351 418 705 1293
leaf_count=212788 1629 3339 304 4211 3086 569 395 237 532 16826 1070 308 218 238 201 688 337 1658 537 318 3914 9827 217 236 596 445 351 418 705 1293
internal_value=-9.85757e-06 1.4788e-05 -0.00011356 0.0001292 -0.000217623 0.000391798 -0.000376918 -0.000214247 -0.00046505 -0.000167472 -0.00020867 -7.39636e-05 0.000349237 0.000186457 -0.00121607 -0.000363874 0.000376761 1.18302e-05 0.00104285 0.00147735 -0.000322663 -0.000269632 0.000289764 0.000405937 0.000262603 0.000807134 7.75138e-05 -0.000428739 -0.000911425 -0.00129362
internal_weight=267491 216127 51364 9334 4022 5312 3718 3323 1101 42030 38556 20641 3815 3507 419 17915 3088 1995 1093 855 17227 16157 3474 3257 3021 1392 796 12243 2416 1711
internal_count=267491 216127 51364 9334 4022 5312 3718 3323 1101 42030 38556 20641 3815 3507 419 17915 3088 1995 1093 855 17227 16157 3474 3257 3021 1392 796 12243 2416 1711
is_linear=0
shrinkage=0.03


Tree=125
num_leaves=31
num_cat=0
split_feature=12 0 2 0 13 10 8 8 11 6 13 12 11 11 11 6 13 4 2 11 2 4 2 13 9 2 4 12 13 0
split_gain=0.653485 1.10244 1.04005 1.14793 0.857767 1.17764 0.888539 0.821693 1.13855 1.00041 1.00019 1.06631 0.944838 1.18967 1.40797 0.926649 0.860433 1.03577 0.768468 0.762787 0.952454 0.858413 0.80107 1.23784 1.21902 0.943842 0.789787 0.759584 0.757044 0.756832
threshold=0.0027018519775784404 0.014243865242454691 -2.9043491911381354 0.0026380058831885216 0.045249210407717462 0.0023847339597670163 0.035467559901112659 0.037199643338055706 0.0019851601141457347 0.15943012003017734 0.022223806520899003 0.0046894852683351815 0.0056068123021811864 0.0039501109334597615 0.0034285299068472779 0.084563057947879675 0.01978945516580399 0.015092176376079626 10.738245592334398 -0.0028755546026011931 12.401822847595808 0.0060301718978325045 -0.63947254979549883 0.045249210407717462 -0.17538326656239009 3.2800519262381607 -0.02010556636642374 0.032965431190767842 0.041759288596271225 0.0052787188492987589
decision_type=10 10 8 8 2 10 10 8 10 10 2 10 10 10 10 10 2 8 10 8 10 10 10 2 10 10 8 10 2 10
left_child=2 7 4 19 -1 6 -6 8 9 15 -10 -12 13 14 16 -2 17 -9 29 20 -4 22 23 26 25 -24 -21 -17 -15 -18
right_child=1 -3 3 -5 5 -7 -8 12 10 -11 11 -13 -14 28 -16 27 18 -19 -20 21 -22 -23 24 -25 -26 -27 -28 -29 -30 -31
leaf_value=-0.00011483784844933156 -9.9993350318235618e-05 0.0003202780268251388 2.3362367969470699e-06 -2.0024891930683554e-05 -0.00090105040301984571 0.00058057723665966624 -0.003489613441785108 -0.00011669074038285552 0.00040925696029955411 0.001302679479830377 -0.001380767193867972 2.6434444345657967e-05 -0.0017079702416502157 0.00014549854369447687 -0.0026857728920190427 -0.00076959109899062182 -0.00064692072153319912 0.0016277180939990405 -0.0018270190241145752 0.00074123883435725578 -0.0017519421851700137 1.9580237330705624e-05 -0.0016834462595045761 0.0020098404184349678 0.00018162688385021624 0.00069381794506272534 0.00027692944621907528 0.00074357767039573332 0.0021602068483978225 0.00012441003024919904
leaf_weight=23150 57241 6361 17679 71743 280 235 208 1616 7817 443 513 8764 443 464 234 2965 3858 378 372 4072 283 17353 556 420 20140 206 17327 332 263 1628
leaf_count=23150 57241 6361 17679 71743 280 235 208 1616 7817 443 513 8764 443 464 234 2965 3858 378 372 4072 283 17353 556 420 20140 206 17327 332 263 1628
internal_value=2.83026e-06 -6.10244e-05 3.72823e-05 6.65937e-05 -0.000146617 -0.00116417 -0.00200437 -8.87976e-05 -5.71131e-05 -0.000117768 0.000159266 -5.13811e-05 -0.000356059 -0.000288103 -0.000392617 -0.000128162 -0.000324277 0.000213995 -0.000507499 0.000146227 -2.53033e-05 0.000197514 0.00026979 0.000396939 0.000137063 -0.00104077 0.000365283 -0.000617219 0.000874341 -0.000418024
internal_weight=267344 93692 173652 149779 23873 723 488 87331 78075 60981 17094 9277 9256 8813 8086 60538 7852 1994 5858 78036 17962 60074 42721 21819 20902 762 21399 3297 727 5486
internal_count=267344 93692 173652 149779 23873 723 488 87331 78075 60981 17094 9277 9256 8813 8086 60538 7852 1994 5858 78036 17962 60074 42721 21819 20902 762 21399 3297 727 5486
is_linear=0
shrinkage=0.03


Tree=126
num_leaves=31
num_cat=0
split_feature=13 1 3 1 5 3 4 11 7 2 7 11 8 5 0 0 9 11 1 5 0 2 8 7 3 2 1 0 13 0
split_gain=1.09452 0.823594 1.55649 0.794558 0.778636 0.707868 1.41619 1.2835 1.136 1.09725 1.03057 0.993747 1.09742 0.914808 0.837757 0.817114 0.85432 0.790742 1.15801 1.05752 1.18862 0.786774 1.21884 1.20725 1.01306 1.15963 1.0178 0.964986 0.783143 0.771622
threshold=0.021668774254838822 0.01811087337814277 0.0054610941287432943 -0.014385572822157909 0.0084019381526837227 -0.0045316074095032568 -0.0014291556594287489 -0.0058529657534840398 -0.0042950286016765751 8.1657707513386146 0.16392783078128284 -0.0040185140018970658 0.017106297045000444 0.013976212358009192 0.0055643916820563586 0.0052141581726806727 -0.10323458941106987 0.0024429925144738855 0.014904596106135816 0.052034048673656109 0.0016262254076173657 -2.0873132581716187 0.011241555496530295 -0.14877258981782984 -0.0050688682663352349 -0.63947254979549883 0.0039630226026382562 -0.012261595315027738 0.019564453225302907 0.012047700255651496
decision_type=2 2 8 2 8 10 10 10 10 8 8 10 10 10 10 10 10 10 2 10 10 8 8 8 10 10 2 10 2 10
left_child=1 3 -3 -1 -2 7 8 10 13 11 -5 12 -8 -7 -11 -15 -17 -13 19 -19 -21 22 -9 -24 25 -23 -26 -25 -16 -10
right_child=4 2 -4 5 -6 6 9 21 29 14 -12 17 -14 15 28 16 -18 18 -20 20 -22 24 23 27 26 -27 -28 -29 -30 -31
leaf_value=0.00034571856905707394 0.0017072001126103311 -0.0001084603107057534 0.003128191472820503 -0.00040520299493738353 -9.6094031766691455e-05 4.2184695964162936e-06 0.00075390802465670384 0.00082545952853078138 -8.2464390741565381e-05 0.00063604533565133432 -0.0025549328770072288 -8.733053474512621e-05 2.5431950938297633e-05 -0.00076419985365713664 8.4322443735849412e-05 0.00049624789133741621 -0.00063158516590700075 0.00021428072107011439 0.0021710456821046834 0.00044544631577797533 -0.0019476149858511105 0.00031326035240070491 0.0014791055262182119 0.0013560120862247478 0.00048063175595859902 1.0298190604895095e-05 0.0021693271318245604 -0.00027293148763289117 -0.0019325004387879745 0.0010554593142500066
leaf_weight=6970 216 334 223 1793 92763 3180 3162 1214 13801 4418 226 51391 4524 6492 1297 1106 1333 11008 258 323 443 21503 386 337 1335 24131 423 11376 200 558
leaf_count=6970 216 334 223 1793 92763 3180 3162 1214 13801 4418 226 51391 4524 6492 1297 1106 1333 11008 258 323 443 21503 386 337 1335 24131 423 11376 200 558
internal_value=-8.8305e-06 3.56264e-05 0.00118736 3.19222e-05 -9.19048e-05 1.87638e-05 -2.94329e-05 9.8288e-05 -0.000218737 3.56232e-05 -0.000645836 2.96623e-06 0.000325125 -0.000432733 0.000428219 -0.000588315 -0.000120153 -3.6075e-05 0.000182847 0.00013928 -0.00093853 0.000123037 -8.07369e-05 -0.000171664 0.00018028 0.000153056 0.000886956 -0.000226064 -0.000185126 -3.82439e-05
internal_weight=266724 173745 557 173188 92979 166218 103494 62724 26470 77024 2019 71109 7686 12111 5915 8931 2439 63423 12032 11774 766 60705 13313 12099 47392 45634 1758 11713 1497 14359
internal_count=266724 173745 557 173188 92979 166218 103494 62724 26470 77024 2019 71109 7686 12111 5915 8931 2439 63423 12032 11774 766 60705 13313 12099 47392 45634 1758 11713 1497 14359
is_linear=0
shrinkage=0.03


Tree=127
num_leaves=31
num_cat=0
split_feature=0 10 9 9 6 11 12 4 11 12 12 12 6 0 0 11 12 10 0 10 0 0 8 0 12 13 12 8 6 4
split_gain=0.708594 0.823048 1.23415 0.770752 1.08295 0.77631 0.750617 0.740924 0.998328 0.956889 0.940335 0.933533 0.732747 0.719467 0.704898 0.70008 0.698154 1.03292 1.37912 0.958256 0.957772 0.891754 1.05481 0.885427 0.838777 1.0413 2.08331 0.939009 0.923554 1.35174
threshold=-0.003475072875677165 -0.0013561827825562809 -0.20736782705745574 -0.057475973569399645 -0.021337778265839265 -0.004084899335485003 -0.036406256647584394 -0.0090468840719143944 -0.0010494861981825141 0.028999523715545875 0.013408370057579002 0.017097431166316849 0.10975917493933963 -0.00036411452482287826 0.0099342448688291025 -0.0066298657891146742 -0.0030155684079278817 -0.00167466023889673 -6.3460237334778111e-05 -3.8365969389053671e-05 0.021910962803923021 0.02525879044318791 0.025343557854217522 -0.002472160037028825 0.024050800386966779 0.037972992514210026 0.010778760378626242 0.028777813505433014 0.017587112611901715 0.0014388452616812544
decision_type=8 10 10 10 10 10 10 10 10 10 10 10 10 10 10 10 10 10 10 10 10 10 10 10 10 2 10 10 10 10
left_child=1 -1 -3 6 13 12 -2 8 -4 10 -9 -12 -6 -5 15 -14 17 -7 19 -19 -20 -22 -23 -21 25 -18 -27 -28 29 -26
right_child=3 2 7 4 5 16 -8 9 -10 -11 11 -13 14 -15 -16 -17 24 18 20 23 21 22 -24 -25 28 26 27 -29 -30 -31
leaf_value=9.4794939295346666e-06 0.00056597171304576465 0.0013916832496318687 -0.00052256407725416606 -0.00021476356379728344 0.00017849633874451724 -0.00030813378446309679 -8.1732606072644094e-05 0.00030235236861194433 0.00027071772185582302 -0.00096609605165617646 0.0021047640366583329 0.00049273830877720416 -0.00090350666336769996 0.00055154732909181001 0.0024129771839691634 0.0012386324292830457 -9.4968958005978653e-05 0.0012633235882693267 0.00010528252332236304 -0.0007069387847553751 -0.0023042420839605011 -0.0014316387386078889 0.00071191295008652051 0.00058406762120126411 0.00068607850970220483 0.00060645171300361918 -0.0028408133483573163 -0.00085457413054440459 0.00063857094241759468 -0.0016200680956774325
leaf_weight=28973 1634 835 2479 1372 10507 5165 111028 10346 3367 481 544 797 204 5617 254 420 47065 1473 25931 595 268 396 432 2434 458 497 423 434 2672 457
leaf_count=28973 1634 835 2479 1372 10507 5165 111028 10346 3367 481 544 797 204 5617 254 420 47065 1473 25931 595 268 396 432 2434 458 497 423 434 2672 457
internal_value=5.21212e-06 0.000109864 0.000264167 -1.75637e-05 4.00698e-05 1.48578e-05 -7.23386e-05 0.000211903 -6.56739e-05 0.000345262 0.000399233 0.00114668 0.000248069 0.000401114 0.00108065 0.000538318 -1.50758e-05 8.51234e-05 0.000149546 0.000635688 6.85671e-05 -0.000800109 -0.000313264 0.000330469 -8.57736e-05 -0.000118566 -0.000938806 -0.00183495 0.000356876 -0.000465735
internal_weight=267558 47822 18849 219736 107074 100085 112662 18014 5846 12168 11687 1341 11385 6989 878 624 88700 36694 31529 4502 27027 1096 828 3029 52006 48419 1354 857 3587 915
internal_count=267558 47822 18849 219736 107074 100085 112662 18014 5846 12168 11687 1341 11385 6989 878 624 88700 36694 31529 4502 27027 1096 828 3029 52006 48419 1354 857 3587 915
is_linear=0
shrinkage=0.03


Tree=128
num_leaves=31
num_cat=0
split_feature=13 10 1 6 7 10 5 2 9 8 1 13 2 11 6 10 11 10 7 11 9 10 8 2 10 9 10 7 8 11
split_gain=0.886888 1.40469 1.26035 1.17003 0.809508 0.792625 0.916671 2.60231 1.12124 1.73648 1.26616 1.13412 1.43185 1.13329 1.00102 0.85363 0.816282 1.39244 1.88904 1.48011 1.09505 1.07308 0.953669 0.853145 0.814202 1.10243 1.09612 1.08494 0.814169 0.941665
threshold=0.028546979608938098 -0.0083216798107182948 0.009800627270882047 0.092509840742021412 0.12463834667434394 -0.0021171488871817297 0.055980945427955023 10.955286607492502 -0.08887169581845665 0.018919699211774679 0.043939283787772128 0.038519524630405332 -2.1852138237558569 0.00077609193182326408 -0.11983695467885135 -0.0020158268329569791 0.0020686319328877549 0.0010269138426277637 -0.12947619479331671 0.0026344616080152821 -0.13659265870029516 0.0013038173820879575 0.026330221531826393 -0.74557199566795418 0.00057765818009547509 -0.1116385941968968 0.00070435215143260798 0.10377826025599192 0.016787149480216115 0.0010876520202287578
decision_type=2 10 2 8 10 10 10 8 8 10 2 2 8 10 10 10 10 10 10 10 10 10 10 8 10 10 10 10 10 10
left_child=2 4 -1 -4 -2 6 8 14 9 -3 11 -10 -13 -14 -8 -7 28 18 23 22 -19 -22 -20 -18 25 -21 -26 -27 -17 -30
right_child=1 5 3 -5 -6 15 7 -9 10 -11 -12 12 13 -15 -16 16 17 20 19 24 21 -23 -24 -25 26 27 -28 -29 29 -31
leaf_value=-2.3509494793888079e-06 -0.0004967085862591673 0.0023114558740177172 0.00027837766649561625 -0.00062832608279643335 -0.0017398667347375662 -0.0017240020802235351 -0.001428595586974995 0.003339107089866233 -8.9526815073423126e-05 0.00012920395569837934 0.0018981153987027389 -0.0031196518663523924 0.0001027361065755905 -0.0017854324675526214 0.00048227960635647968 -0.00050199315296591126 -0.0013970780339524415 0.00092581973106323906 -0.00088010580084286626 0.001162507222766538 0.0017452104873761222 -0.00044867873373577845 -0.0036368661098299749 -0.0038346060522599142 -0.0029828674821520797 -0.0010841538087186416 4.4291290566446141e-06 0.00060296369678622408 -7.5203317166223682e-05 0.00044781663321235849
leaf_weight=190773 1928 376 22833 1357 624 304 271 279 2448 2580 212 270 676 496 2755 3389 280 849 250 534 216 2824 206 240 212 888 231 559 24871 3539
leaf_count=190773 1928 376 22833 1357 624 304 271 279 2448 2580 212 270 676 496 2755 3389 280 849 250 534 216 2824 206 240 212 888 231 559 24871 3539
internal_value=-3.44148e-06 -0.000114227 2.3516e-05 0.000227514 -0.000800678 -7.90179e-05 0.000154434 0.00056676 -3.86425e-05 0.000406784 -0.000359628 -0.000482672 -0.00115009 -0.000696352 0.000311147 -0.000140433 -0.000128117 -0.000414464 -0.000857925 -0.000557451 -2.67633e-05 -0.000292797 -0.00212548 -0.00252209 -0.000262474 -2.46997e-06 -0.00142516 -0.000432392 -6.24804e-05 -1.00513e-05
internal_weight=267270 52307 214963 24190 2552 49755 10363 3305 7058 2956 4102 3890 1442 1172 3026 39392 39088 7289 3400 2880 3889 3040 456 520 2424 1981 443 1447 31799 28410
internal_count=267270 52307 214963 24190 2552 49755 10363 3305 7058 2956 4102 3890 1442 1172 3026 39392 39088 7289 3400 2880 3889 3040 456 520 2424 1981 443 1447 31799 28410
is_linear=0
shrinkage=0.03


Tree=129
num_leaves=31
num_cat=0
split_feature=5 7 11 9 10 11 12 7 10 11 10 7 5 12 11 11 12 13 7 12 4 11 13 8 3 6 7 7 11 11
split_gain=0.586393 0.783155 1.05213 2.16048 1.37813 1.14873 0.978606 0.843387 1.12634 0.806046 0.80628 1.39607 0.781543 1.25031 1.21556 1.04276 1.01498 1.02169 0.828815 0.811696 0.764568 0.762286 0.740504 0.726971 0.832452 1.24146 0.725804 0.773005 0.788054 0.858225
threshold=0.038587299757421832 -0.074596862491040791 -0.0025460857065984772 -0.10790121734457668 -0.0086377534955604501 -0.0017490787565381802 0.018155535817344085 0.11146718078144159 0.015007685734572564 0.0044233681894528818 -0.00033707703907903669 -0.11508557155197034 0.095409490574798556 0.035520091701825691 0.002769761692301143 -9.9081316793814253e-05 -0.014864424547904263 0.064390400744067808 0.12718852137184569 -0.013502995396804328 0.017403113154917386 0.006644376754847304 0.042531540088033663 0.024534687878999348 0.017016412716693411 -0.048422474041957091 -0.10788721124583338 -0.2115245281657144 -0.0058529657534840398 -0.0066298657891146742
decision_type=10 10 8 8 8 10 10 10 8 10 10 10 10 10 10 10 10 2 10 10 10 8 2 8 8 10 8 10 10 10
left_child=20 2 3 6 -4 23 26 -3 12 -7 -11 -12 13 16 15 -14 17 18 -9 -18 -1 -22 -17 -6 25 -25 27 -2 29 -29
right_child=1 7 4 -5 5 9 -8 8 -10 10 11 -13 14 -15 -16 22 19 -19 -20 -21 21 -23 -24 24 -26 -27 -28 28 -30 -31
leaf_value=8.8730900766510361e-06 -0.00042159298042132132 -0.00021943925669771998 -0.0017377024049575471 0.0019519467609804943 0.00043402343546942166 0.00020932085317508053 -0.0013543181686477754 0.0020410351556321769 -0.0019705555677507073 0.00036564063943042677 -0.0018354523497264871 0.00046770680812504699 -0.00026470052944389545 0.0012360002255515441 0.0012248543664391807 -0.00086835648376992248 -0.0013979722841411704 -0.001281487085494316 0.00048013022188233108 -2.7514958702880623e-05 0.00020463190924304017 0.0017379705400492108 -0.0030824136277503764 -0.0036855916527467739 -0.00025913423630007716 -0.00068967304952528288 -0.00034875569143355122 0.00076198635951338996 0.0012157805314479276 -0.0012609875461101286
leaf_weight=181808 565 34854 420 748 284 9509 334 340 250 597 668 367 829 854 283 277 402 270 3076 11991 14024 298 267 238 383 261 1031 555 1541 286
leaf_count=181808 565 34854 420 748 284 9509 334 340 250 597 668 367 829 854 283 277 402 270 3076 11991 14024 298 267 238 383 261 1031 555 1541 286
internal_value=-1.31151e-06 -7.48719e-05 9.76564e-05 0.000463582 -4.78283e-05 9.84191e-06 0.000205396 -0.000132026 2.96978e-05 0.000103607 -0.000512345 -0.00101878 5.65989e-05 0.000117431 -0.000565424 -0.000934433 5.80207e-05 0.000495071 0.00063549 -7.19694e-05 2.54977e-05 0.000236536 -0.00195504 -0.000886073 -0.00131114 -0.00211859 0.000336353 0.000576036 0.000812669 7.40309e-05
internal_weight=267610 71480 17787 5060 12727 12307 4312 53693 18839 11141 1632 1035 18589 16933 1656 1373 16079 3686 3416 12393 196130 14322 544 1166 882 499 3978 2947 2382 841
internal_count=267610 71480 17787 5060 12727 12307 4312 53693 18839 11141 1632 1035 18589 16933 1656 1373 16079 3686 3416 12393 196130 14322 544 1166 882 499 3978 2947 2382 841
is_linear=0
shrinkage=0.03


Tree=130
num_leaves=31
num_cat=0
split_feature=5 7 11 2 11 0 10 0 10 2 2 4 1 7 1 4 4 10 12 2 2 4 11 6 1 2 8 10 11 12
split_gain=0.661077 1.23957 1.36385 1.35784 1.24085 1.09316 1.53184 1.32246 1.25972 1.41634 1.0757 1.07069 0.938345 0.916187 0.85788 0.839091 1.44686 1.24472 1.1896 1.04087 0.996655 0.832296 0.821165 0.820934 0.817566 0.769058 1.27112 0.837608 1.08167 0.892657
threshold=0.039120950963567179 -0.074596862491040791 -0.003181517885346929 12.401822847595808 -0.0032948680536851733 0.00039916558362229631 -0.0086377534955604501 -0.016812468192848481 0.00017764309787104973 -0.73863572040649039 7.5754494022944865 -0.033889375149029559 0.062072694833523963 -0.13645964511366573 -0.043293809901116802 -0.0017484946801764598 0.027663225857651356 -0.0047679419871566311 0.032965431190767842 -0.61328187958300628 12.401822847595808 0.014389491044032645 0.006644376754847304 -0.078998380942597687 0.011901304057282626 -2.9585254252122195 0.016870102314450321 0.004190765150861365 0.0025953195326270388 0.0018171530289287088
decision_type=10 10 8 8 10 10 8 10 10 8 10 10 2 8 2 10 10 10 8 10 10 8 10 8 2 8 8 8 10 10
left_child=12 2 3 4 11 6 7 -4 9 24 -8 -2 14 -11 -1 -3 18 -18 22 -20 -19 25 -17 -23 -7 26 -16 -28 29 -29
right_child=1 15 5 -5 -6 8 10 -9 -10 13 -12 -13 -14 -15 21 16 17 20 19 -21 -22 23 -24 -25 -26 -27 27 28 -30 -31
leaf_value=0.0011527673442580212 -0.00054466243334302846 -3.1743062706997016e-05 0.00028997194051044061 0.0025067240016136212 0.0025469523780987042 -0.0005743296497498718 0.00035397067718082639 -0.0031223118775233157 2.6696384262496246e-05 -0.0026238463224425653 0.00224473988944131 0.00062882297755884379 -0.0014500677281377684 -0.00091471191557339706 7.1000471052091855e-05 -0.00061879076669229659 -0.00096916281306502316 3.3182453757972516e-05 0.0020796491432421168 -0.00045775824242784983 -0.0014905377164757541 -0.0015466708504673753 0.0011505080660321693 0.00021044385052170798 0.0010283236831229565 1.9185630765384057e-05 -0.00029814931923946304 -0.0025791306229906953 0.00062713709026358496 -0.00033902056180700959
leaf_weight=599 962 23471 201 313 238 1029 4536 208 5303 435 288 2567 392 804 11232 11579 1320 14397 290 292 397 242 241 21482 397 151048 12094 462 215 245
leaf_count=599 962 23471 201 313 238 1029 4536 208 5303 435 288 2567 392 804 11232 11579 1320 14397 290 292 397 242 241 21482 397 151048 12094 462 215 245
internal_value=-1.16518e-05 -9.14225e-05 0.000128695 0.000608089 0.000450331 -1.94706e-05 0.000317397 -0.00144537 -0.000240709 -0.000772811 0.000466852 0.000308933 1.62535e-05 -0.00151477 1.91621e-05 -0.000164592 -0.000273937 -8.64658e-05 -0.000517519 0.000806586 -7.70689e-06 1.57156e-05 -0.000582716 0.00019087 -0.000128149 -5.99086e-06 -0.000162823 -0.000364598 -0.00123621 -0.00180285
internal_weight=267279 69268 17281 4080 3767 13201 5233 409 7968 2665 4824 3529 198011 1239 197619 51987 28516 16114 12402 582 14794 197020 11820 21724 1426 175296 24248 13016 922 707
internal_count=267279 69268 17281 4080 3767 13201 5233 409 7968 2665 4824 3529 198011 1239 197619 51987 28516 16114 12402 582 14794 197020 11820 21724 1426 175296 24248 13016 922 707
is_linear=0
shrinkage=0.03


Tree=131
num_leaves=31
num_cat=0
split_feature=3 10 10 6 2 13 10 0 3 13 1 0 10 10 0 10 2 13 10 9 13 6 1 10 9 11 11 11 6 7
split_gain=0.763628 1.05101 1.49737 0.952069 1.00247 0.902744 0.878782 0.866107 0.840552 0.77473 1.15051 1.26268 0.973119 0.948401 1.01451 0.768449 0.76348 0.845727 0.756619 0.911534 0.92104 0.724278 0.703862 0.700075 0.721207 0.690435 1.23803 1.12543 1.0434 0.899934
threshold=-0.014062699223687468 -0.0041235522615818412 -0.0065401009868871198 -0.044850140822993094 -2.8529295944480002 0.044293193621162998 -0.0086377534955604501 -0.0088660731451423152 -0.03020836635390944 0.069267995657114542 0.02978140980251898 0.0070513294550320635 -0.0062837051052680995 -0.0077145601754587392 0.0057915877020008341 -0.0055056309784668458 -0.5530474876675413 0.0298296088815766 0.0081494360100515823 -0.099673428722667254 0.015554960419705215 0.031210731843001386 0.0042288822118190525 0.0022420060690916403 -0.061128705953071731 0.00067285495850877297 0.0006976898699078139 0.00055531045058687678 0.092509840742021412 0.023976568233735954
decision_type=10 8 10 8 10 2 10 8 10 2 2 10 10 8 10 10 10 2 10 8 2 10 2 10 8 10 10 8 8 10
left_child=1 2 3 6 -5 -6 8 15 -1 10 -2 13 -11 -12 -15 -4 17 -8 25 20 -20 -21 -17 -13 -25 27 -27 -3 -28 -29
right_child=9 18 7 4 5 -7 16 -9 -10 12 11 23 -14 14 -16 22 -18 -19 19 21 -22 -23 -24 24 -26 26 28 29 -30 -31
leaf_value=-0.0022659936042927096 -1.6982261549412734e-05 -3.2023144562517381e-05 0.0007630932945573226 -0.0014785916175584289 0.00035578108684278232 0.0020859725013968626 0.0021032167343140776 0.00062727036498558362 -0.0003027237610698093 -0.0022249005026135009 -0.0018388269269088446 0.0018827954056207092 -0.00032992530854816516 0.00043787489400593318 -0.0015642429924996413 0.0036713689747323959 -0.0012361607447775556 -0.000480264371682101 -0.00048177381675867806 -0.0005332890984110619 0.0013176517899357871 0.0014191479292463198 0.0013533603028683032 -0.00036813180992471784 0.001530473888842112 0.0021208117937978927 0.00018206823184435851 -0.00039406136497855185 -0.0011005602856973067 -0.0027233815755725145
leaf_weight=374 202645 27813 403 235 2180 310 251 2477 413 285 206 700 1691 2673 249 243 215 209 315 851 1367 214 229 372 349 289 18485 375 589 248
leaf_count=374 202645 27813 403 235 2180 310 251 2477 413 285 206 700 1691 2673 249 243 215 209 315 851 1367 214 229 372 349 289 18485 375 589 248
internal_value=1.46939e-05 0.000110925 0.000441355 6.3061e-05 0.000394417 0.000571186 -0.000554548 0.000913883 -0.00123571 -1.20289e-05 -6.39053e-06 0.000465441 -0.000603239 0.000128563 0.000267263 0.00172524 0.000239641 0.000929418 6.16414e-05 0.00054581 0.000980661 -0.000140968 0.00254674 0.001207 0.000550888 3.38163e-05 0.000171989 -6.02698e-05 0.000142461 -0.0013213
internal_weight=267255 58085 7539 4187 2725 2490 1462 3352 787 209170 207194 4549 1976 3128 2922 875 675 460 50546 2747 1682 1065 472 1421 721 47799 19363 28436 19074 623
internal_count=267255 58085 7539 4187 2725 2490 1462 3352 787 209170 207194 4549 1976 3128 2922 875 675 460 50546 2747 1682 1065 472 1421 721 47799 19363 28436 19074 623
is_linear=0
shrinkage=0.03


Tree=132
num_leaves=31
num_cat=0
split_feature=13 3 7 1 2 10 2 7 2 1 4 11 11 7 13 10 0 0 10 11 7 10 1 10 0 11 2 5 9 4
split_gain=0.732242 1.35651 1.73852 1.12992 1.0635 1.33795 1.08744 1.1818 1.00839 1.0032 0.884289 0.980647 1.20664 0.876093 0.775403 0.997845 1.11673 0.708668 0.647619 1.29822 0.970042 0.664471 1.35835 0.603037 0.738808 0.584045 0.577727 0.572053 1.15528 0.99908
threshold=0.041759288596271225 -0.037572959860838744 -0.27885339632819073 0.039574152487219079 -2.5693207189537879 -0.0045124798037367566 10.539671338648864 -0.086743440768230359 -0.65975117314850007 -0.033542172240368366 -0.025062927088645544 -0.0024375924578409198 -0.0012331537405199653 0.1854138357093518 0.060739509416443474 -0.00064465582156564272 -0.0028808742542595907 0.00099209377745090887 0.0010887306377617147 -0.0041411703468128827 0.13776114468033754 0.0036389551910119837 -0.026346284593954047 0.0031060098202733148 0.01030306215989363 -0.0036100700342038823 -3.9373743702646951 0.077212353722107011 -0.021416732571738036 0.013727327581453787
decision_type=2 10 8 2 8 10 10 8 8 2 10 10 10 10 2 10 10 10 8 10 10 10 2 10 10 10 10 10 10 10
left_child=-1 18 -3 4 5 -4 9 -8 -5 -6 -7 -12 -13 -9 17 16 -16 -10 20 -20 25 -21 -23 24 -17 -2 -14 28 -11 -29
right_child=1 2 3 8 6 10 7 13 14 27 11 12 26 -15 15 23 -18 -19 19 21 -22 22 -24 -25 -26 -27 -28 29 -30 -31
leaf_value=1.3256901755949993e-05 0.0017702641316958453 -0.0030635014596853906 -0.003261488209177247 0.00093917909115078468 0.00037932950805626668 -0.0024743002245339323 0.001079737300594138 -0.0015498293407228017 -0.00051867111732503419 -0.00040284801596946374 0.00085305665304590743 -0.0029704887680521773 0.00053513836909920291 0.0002651156892534345 -0.00115066889773256 -0.0024361273806468228 0.0016765220875440657 0.0012339030130460876 -0.0011785924602677491 0.0021008950444229412 -0.0016982559552915126 0.0020485766501361995 -0.00093517689767978935 -9.2482275384966106e-05 -0.00021296191737055778 6.3328109294295769e-05 -0.0011941697974248815 0.00084725301408280541 0.00085659089283486882 -0.0014921438036893811
leaf_weight=248732 213 201 221 1168 2438 230 229 1328 337 4344 368 211 328 292 217 411 299 541 222 528 252 285 265 315 200 1179 370 208 772 782
leaf_count=248732 213 201 221 1168 2438 230 229 1328 337 4344 368 211 328 292 217 411 299 541 222 528 252 285 265 315 200 1179 370 208 772 782
internal_value=-3.72571e-07 -0.000181139 -0.000291239 -0.00025554 -0.000392463 -0.00108162 -0.00027788 -0.000937534 0.000220276 -0.000135125 -0.000761947 -0.000453536 -0.000982498 -0.00122269 -0.000141654 -0.000569617 0.000487568 0.000561218 0.000410128 0.000910498 1.44584e-05 0.00134072 0.00061095 -0.00115872 -0.00170841 0.000324519 -0.000381544 -0.000340536 -0.0002128 -0.00100063
internal_weight=267486 18754 15810 15609 12121 1728 10393 1849 3488 8544 1507 1277 909 1620 2320 1442 516 878 2944 1300 1644 1078 550 926 611 1392 698 6106 5116 990
internal_count=267486 18754 15810 15609 12121 1728 10393 1849 3488 8544 1507 1277 909 1620 2320 1442 516 878 2944 1300 1644 1078 550 926 611 1392 698 6106 5116 990
is_linear=0
shrinkage=0.03


Tree=133
num_leaves=31
num_cat=0
split_feature=6 8 0 13 0 1 4 12 5 7 3 12 12 7 12 5 8 8 7 3 1 12 13 5 0 8 1 8 7 3
split_gain=0.599371 1.19009 0.708007 0.652977 0.651273 0.606125 0.776489 0.987838 0.739533 0.751451 0.900246 0.834665 0.720649 0.669131 0.770935 0.793484 0.85677 0.667208 0.675849 0.674955 0.659821 0.634679 0.621595 0.854241 0.603432 1.20656 0.782846 0.678586 0.816358 0.724938
threshold=0.23968869885597513 0.05562572911072982 0.0039084495874769374 0.021140193550111781 0.041296227684088478 0.010287582198841629 0.016196335963892809 0.016145292866300068 0.011616065686271666 0.098227627998055414 -0.00017603636294710731 0.01130125405599436 0.01489441828122068 -0.077441167092704918 0.010778760378626242 0.021296286877290706 0.020502892714853848 0.059080598138895372 0.0091524981836406134 -0.063667455171537865 0.012499525779348543 0.0058631572914619188 0.019564453225302907 0.030961418457827409 0.041296227684088478 0.025460046610883785 -0.0041159740115543344 0.041386076849767958 0.32519847238428096 0.0070647209694876265
decision_type=10 10 10 2 10 2 10 10 8 10 10 8 8 8 10 10 10 10 8 8 2 10 2 10 8 10 2 10 10 10
left_child=3 2 -2 4 5 12 8 22 -7 13 -11 -12 17 20 -15 -16 -17 19 -19 -1 -10 -21 23 -8 27 -26 -27 28 -5 -30
right_child=1 -3 -4 24 -6 6 7 -9 9 10 11 -13 -14 14 15 16 -18 18 -20 21 -22 -23 -24 -25 25 26 -28 -29 29 -31
leaf_value=-0.0016883311330170277 0.00034762603825943313 -0.00089361468666954646 0.0022350378459787506 -5.0524651160409223e-05 0.0012160013297854847 0.0013343704386034158 0.0022659898149802091 -0.00074442714519078299 -0.00014509788464279084 -6.8880275315810959e-06 9.7153331965805508e-05 0.0024455656728104092 0.0013004912980988988 0.00027948230372433573 5.9576115319587755e-05 -0.0013428130345976325 -0.00013727997328802792 -0.00017448348918525666 0.0021152521470443907 2.2983191997312488e-05 0.0012136635451883446 -0.00016745205929348476 0.0024503589201010888 0.00019236001027840449 -0.0015830557675155356 -0.00071442247998175956 0.0010124688277924981 -0.00030313653957996753 0.0014027565880419693 0.00010838733305496085
leaf_weight=213 329 293 392 83215 411 444 264 265 601 656 212 381 386 2189 1695 1197 953 204 269 140091 692 17746 304 554 705 532 425 9642 652 967
leaf_count=213 329 293 392 83215 411 444 264 265 601 656 212 381 386 2189 1695 1197 953 204 269 140091 692 17746 304 554 705 532 425 9642 652 967
internal_value=-9.37254e-06 0.000718614 0.00137379 -1.21491e-05 2.32353e-05 2.034e-05 0.000242142 0.000902974 0.000140526 7.87177e-05 0.000758878 0.001606 5.81413e-06 -3.72261e-05 -0.000169938 -0.000425798 -0.000808453 2.66162e-06 0.00112771 -7.05349e-07 0.000582097 1.57209e-06 0.00129207 0.0008616 -7.46185e-05 -0.000641292 5.24833e-05 -6.46497e-05 -3.75439e-05 0.000629653
internal_weight=266879 1014 721 265865 169727 169316 10407 1387 9020 8576 1249 593 158909 7327 6034 3845 2150 158523 473 158050 1293 157837 1122 818 96138 1662 957 94476 84834 1619
internal_count=266879 1014 721 265865 169727 169316 10407 1387 9020 8576 1249 593 158909 7327 6034 3845 2150 158523 473 158050 1293 157837 1122 818 96138 1662 957 94476 84834 1619
is_linear=0
shrinkage=0.03


Tree=134
num_leaves=31
num_cat=0
split_feature=9 0 4 2 11 9 5 1 7 11 1 5 4 0 5 4 13 2 7 9 1 11 5 7 13 0 5 0 2 2
split_gain=0.780243 1.05358 1.30863 0.752347 0.715861 0.902759 0.928971 0.900979 0.721329 0.688516 1.78634 0.81572 0.920755 0.648952 0.799589 0.607145 0.806848 0.597611 0.594758 0.569484 0.955353 0.533353 0.531077 0.651643 0.574046 0.681693 0.517701 0.675564 1.27229 0.517216
threshold=-0.053899664493991799 -0.034499345965972088 0.012742743161956562 10.738245592334398 0.006644376754847304 -0.027390142353965082 0.030121094226718517 0.0050831705719573969 0.055500466690474932 0.0067660142252137243 0.02694558898145483 0.018382859939103463 -0.0049229709282661563 0.0069527099017581149 0.036641713730845411 -0.072951771337649171 0.033006481731156424 -1.1952229894149433 0.084908665590685009 -0.0518629640504552 0.021271828914867456 -0.0004582812871946062 0.010190074117167975 0.063936137934902285 0.0030119229169466876 0.0067618884727824744 0.095409490574798556 0.007914148783793153 -0.82799260266275254 -0.52501237572245241
decision_type=8 10 10 10 10 8 10 2 10 8 2 10 10 10 10 10 2 10 8 8 2 10 8 8 2 10 10 10 10 10
left_child=1 2 3 29 19 6 7 -6 -8 15 11 -11 -13 -14 -15 16 -3 21 -7 20 -2 -18 23 -21 -25 -26 -17 28 -28 -1
right_child=4 9 -4 -5 5 18 8 -9 -10 10 -12 12 13 14 -16 26 17 -19 -20 22 -22 -23 -24 24 25 -27 27 -29 -30 -31
leaf_value=0.0013385150129281815 0.00030607818079464964 -0.00081736227693592967 -0.0014718875766266137 0.0027570418934662676 0.00046881577063521203 -0.00072908726371384244 0.0023356389283608315 -0.0022025854929469207 -0.0001724678317031942 -0.0010829926638330832 -0.0019774190005601238 0.0002833494162218388 0.0023005502019146154 0.0019911702545760378 -0.00051038277692336384 -5.8786202888089856e-05 0.00092562653179861071 -2.2061824936858952e-06 -0.0026490828521948144 0.00015948645960994472 0.0023384680451020937 0.0030168126951077298 3.8594693227332333e-05 -0.00030357511885700046 0.00082753320514841885 0.0027330358185761795 0.00064327057331798427 -0.0013134695022421325 -0.0016116925657243787 -7.4933655096825699e-05
leaf_weight=610 3867 230 200 215 220 370 202 235 211 207 247 1061 509 231 229 136768 239 229 239 6197 220 203 111080 308 1008 203 687 685 335 377
leaf_count=610 3867 230 200 215 220 370 202 235 211 207 247 1061 509 231 229 136768 239 229 239 6197 220 203 111080 308 1008 203 687 685 335 377
internal_value=4.42073e-06 -4.33047e-05 0.000775058 0.00114893 5.94002e-05 -0.000597124 2.41247e-05 -0.000910919 0.00105426 -5.13926e-05 0.000443677 0.000711004 0.000893939 0.0015625 0.000745832 -6.02159e-05 0.000716026 0.00124163 -0.00148258 6.72913e-05 0.00041548 0.00188606 5.53124e-05 0.000295982 0.000852836 0.00114695 -6.52666e-05 -0.000584485 -9.58807e-05 0.000798626
internal_weight=267622 143262 1402 1202 124360 1477 868 455 413 141860 2484 2237 2030 969 460 139376 901 671 609 122883 4087 442 118796 7716 1519 1211 138475 1707 1022 987
internal_count=267622 143262 1402 1202 124360 1477 868 455 413 141860 2484 2237 2030 969 460 139376 901 671 609 122883 4087 442 118796 7716 1519 1211 138475 1707 1022 987
is_linear=0
shrinkage=0.03


Tree=135
num_leaves=31
num_cat=0
split_feature=12 3 4 9 10 7 12 1 13 3 0 1 9 4 13 9 1 9 0 13 3 0 13 13 12 9 4 0 7 0
split_gain=0.667975 1.02942 0.861979 0.796294 0.856393 0.78828 0.725421 0.893312 0.835653 0.724487 1.01365 0.74057 1.47665 1.65836 0.941173 0.965221 1.13218 1.00236 0.972918 0.798247 1.2292 0.940737 0.768867 1.07093 0.92346 1.35206 1.25527 1.69074 1.04767 0.963
threshold=0.0027018519775784404 -0.0059776343517398125 -0.0049229709282661563 -0.032272649322514772 -0.0041235522615818412 -0.075991559743918621 -0.021231898689451519 -0.0037833653219567771 0.008961572137375225 -0.031037184623754984 -0.034499345965972088 0.008311225662386847 -0.023985383253972144 0.050720316393106264 0.024319660043663715 -0.13824905546606978 0.01382046000755688 -0.10506266838427035 -0.0023752386236354779 0.041759288596271225 0.045803048651327345 -0.014664839607295919 0.028546979608938098 0.027867550833294948 0.024050800386966779 -0.062792421362802317 -0.012781402636498683 0.013425776279700987 -0.024834576358714108 0.009266099965897669
decision_type=10 10 10 8 8 8 8 2 2 10 8 2 10 10 2 10 2 10 10 2 10 10 2 2 10 8 10 10 8 10
left_child=1 3 -3 4 -1 -2 -5 8 -8 10 -7 12 13 -11 -13 -16 17 -17 19 20 -18 -21 23 -20 26 29 -24 -28 -27 -26
right_child=5 2 -4 6 -6 9 7 -9 -10 11 -12 14 -14 -15 15 16 18 -19 22 21 -22 -23 24 -25 25 28 27 -29 -30 -31
leaf_value=0.00041666674390826588 0.00011728082131937456 -0.00022803596770256507 9.2601064860001261e-07 -0.00076475114160009931 3.4559261785761795e-05 0.0014501413071274262 0.0021496215065840599 0.00012147718674045057 0.00063643386440537816 -0.00034425541371850224 -0.00057946281602294669 0.00015102863995233829 0.00013383781856582972 0.0020972008949878213 0.00065151684936034235 0.00088162774105385745 -0.00034945842895444784 -0.00081756339508539592 0.00024450369442922807 -0.00016198002525469953 0.0019623540952434185 -0.0016774129552536159 0.00063587679734052938 0.001910062075872414 -4.1983616206639914e-05 -0.0015855420778769678 -0.001009729905254716 0.00079743002279582752 0.00060138077466330116 -0.0015001393920920706
leaf_weight=5913 15297 17604 92851 458 49227 233 361 3597 3644 24310 4474 18222 8798 253 1304 344 2884 3407 2083 647 223 857 809 417 1366 208 2614 567 3780 581
leaf_count=5913 15297 17604 92851 458 49227 233 361 3597 3644 24310 4474 18222 8798 253 1304 344 2884 3407 2083 647 223 857 809 417 1366 208 2614 567 3780 581
internal_value=-1.51441e-05 1.96856e-05 -3.55653e-05 0.000116248 7.5535e-05 -7.97095e-05 0.000394774 0.000464632 0.000772829 -0.000118155 -0.000478996 -9.51006e-05 -0.000199657 -0.000319108 -8.57509e-06 -0.000140226 -0.000189893 -0.000661732 -8.60032e-05 -0.00045816 -0.000183532 -0.00102549 5.21067e-05 0.000522319 -6.63346e-05 0.000170934 -0.000419265 -0.000687611 0.000487319 -0.000477109
internal_weight=267333 173655 110455 63200 55140 93678 8060 7602 4005 78381 4707 73674 33361 24563 40313 22091 20787 3751 17036 4611 3107 1504 12425 2500 9925 5935 3990 3181 3988 1947
internal_count=267333 173655 110455 63200 55140 93678 8060 7602 4005 78381 4707 73674 33361 24563 40313 22091 20787 3751 17036 4611 3107 1504 12425 2500 9925 5935 3990 3181 3988 1947
is_linear=0
shrinkage=0.03


Tree=136
num_leaves=31
num_cat=0
split_feature=8 11 11 9 8 11 11 0 0 11 11 11 13 11 2 13 2 0 0 4 0 3 4 0 6 0 6 6 7 4
split_gain=0.592176 1.38753 1.06014 1.12928 1.13577 0.959452 0.992119 0.826392 0.746208 0.684747 0.756445 1.52681 1.7516 1.14942 0.910545 1.35319 1.11635 0.867137 0.865688 0.795337 1.28586 1.14782 0.836574 0.761526 0.893151 0.697536 0.737485 0.674071 0.653864 0.594357
threshold=0.038778448648281699 0.0073264182372776441 -0.005365314619582894 -0.053899664493991799 0.05562572911072982 0.0067660142252137243 0.0057107012636277163 0.010985605481478424 0.0031422502133098278 -0.0042809602293659146 0.0023091757649384985 0.0039501109334597615 0.041759288596271225 0.0035361551862770351 11.848044802743138 0.069267995657114542 10.163883354444311 -0.006034997631278737 0.0042770459150095483 -0.01463105310562429 0.0059586239531982397 0.022142519163031008 -0.04323848616955555 -0.0067244382129666982 0.044060726528966095 -0.0062499789920776863 -0.078998380942597687 0.23968869885597513 0.13776114468033754 0.013727327581453787
decision_type=10 10 10 10 10 10 10 10 10 10 10 10 2 10 10 2 10 10 10 10 10 10 10 10 10 10 10 10 10 10
left_child=27 2 3 4 8 6 7 9 -2 28 14 12 13 23 15 16 19 -13 -19 20 22 -21 -11 -12 -25 -24 -27 -1 -4 -23
right_child=1 -3 5 -5 -6 -7 -8 -9 -10 10 11 17 -14 -15 -16 -17 -18 18 -20 21 -22 29 25 24 -26 26 -28 -29 -30 -31
leaf_value=8.581885380021683e-06 0.00051400538176182582 -0.0026222603349015119 -0.00038449573598268744 0.0019682827472080485 0.0021565104391088187 0.0018474869189664647 -0.0015910972461026616 0.00022371869739775763 -0.00108128456849125 -0.00057825824468703258 0.0012279171711238829 0.0016287280893395478 -0.0033986446625988535 -0.0027358532086300957 -0.0019535004814388232 0.0017169978294922913 0.0019413515480118802 -0.0010853071781815363 0.00070374543588002053 -0.00069794956439177248 -0.00092660541274436131 0.001659466933494296 -0.00035897975146134909 -2.7425878673413363e-05 -0.0020431930985575055 -0.00059123403066998635 0.0013504650118408884 0.0015518013430786703 -0.0023313175479703755 -7.7964015892281036e-06
leaf_weight=247379 548 204 344 404 211 203 467 3470 509 492 207 263 293 232 240 362 224 561 430 4033 714 213 370 513 322 203 1326 255 283 1993
leaf_count=247379 548 204 344 404 211 203 467 3470 509 492 207 263 293 232 240 362 224 561 430 4033 714 213 370 513 322 203 1326 255 283 1993
internal_value=-2.40296e-06 -0.000160992 -0.000135151 0.000587028 0.000146944 -0.000203147 -0.00022686 -0.000189577 -0.000254209 -0.000294889 -0.000248154 -0.000682811 -0.00130716 -0.000826151 -0.000127586 -8.34554e-05 -0.000151575 9.73754e-05 -0.000309028 -0.000201747 0.000190588 -0.000397003 0.000524203 -0.000400959 -0.000804764 0.000809833 0.00109267 1.0171e-05 -0.0012632 0.000153186
internal_weight=267268 19634 19430 1672 1268 17758 17555 17088 1057 13618 12991 2821 1567 1274 10170 9930 9568 1254 991 9344 3105 6239 2391 1042 835 1899 1529 247634 627 2206
internal_count=267268 19634 19430 1672 1268 17758 17555 17088 1057 13618 12991 2821 1567 1274 10170 9930 9568 1254 991 9344 3105 6239 2391 1042 835 1899 1529 247634 627 2206
is_linear=0
shrinkage=0.03


Tree=137
num_leaves=31
num_cat=0
split_feature=0 10 11 12 10 13 13 2 7 13 3 3 10 13 9 9 11 9 10 3 11 9 9 1 7 4 3 2 10 13
split_gain=0.69257 1.23761 1.06207 1.22099 1.06826 1.31919 1.06086 1.65881 1.07926 1.47319 2.31587 0.975711 0.92564 0.903943 0.895818 0.893772 0.887897 1.48694 0.855573 0.853626 1.05015 0.83869 0.831291 1.44914 1.06384 0.867906 0.81729 0.795779 1.10133 0.775547
threshold=-0.00070815570756643787 0.00052985485037782009 -0.0029309524704222429 0.011036610687637951 0.00032090436257026239 0.017580085054879128 0.023398272796521066 11.386562539716001 0.44035841952510107 0.039089380345022372 0.035422334844737453 0.049703684995656368 -0.0028684071482505953 0.046302711475058288 -0.040844353693240736 -0.0013327721318266981 -0.0034421010798009184 -0.093298917460159767 -0.0086377534955604501 0.0017491847336480462 0.0018848292710025307 -0.14860040617505679 -0.21465422878873616 0.002805032737230762 0.0017159605045704576 0.030245726602856408 -0.0056191703100572634 -0.94410401329038085 -0.0015211785805948062 0.021269211286581675
decision_type=8 8 10 10 10 2 2 8 8 2 10 10 10 2 8 8 10 10 8 10 8 10 10 2 10 10 10 10 10 2
left_child=1 2 6 4 15 -6 7 11 9 16 12 -1 -11 -14 19 26 21 -18 -2 -5 27 -8 23 -3 25 -24 -4 -21 -29 -16
right_child=18 22 3 14 5 -7 8 -9 -10 10 -12 -13 13 -15 29 -17 17 -19 -20 20 -22 -23 24 -25 -26 -27 -28 28 -30 -31
leaf_value=-0.00040339022571668547 0.0013696598218783038 0.00016256429720181665 0.00034225551642556612 -0.00027621791905754186 -0.0013341422601527773 0.0006882807734614701 -0.00087992085667792702 -0.0027582197532817526 0.0021363015634736481 -0.0011973669269925676 -0.0034947463098214939 0.001713766375514887 -0.00067202120734378686 0.0018057038367012555 0.00030132624465040858 0.0010368073792755095 0.0029752538969621809 -0.00015532742278338781 -1.9271520216198287e-05 -0.0011911091948186149 0.0012218890692403011 0.00041641279539288454 -5.6253383397859594e-05 0.0034491110161024839 0.0004516831824193306 0.0011835729354643264 4.2807454120729999e-05 -0.00037071824582342647 0.0023316157338167747 -0.0010005030541479173
leaf_weight=7737 400 298 14113 4345 889 431 568 266 231 459 240 201 250 282 525 1101 284 263 188206 415 912 2147 8616 203 11332 540 19589 418 201 1911
leaf_count=7737 400 298 14113 4345 889 431 568 266 231 459 240 201 250 282 525 1101 284 263 188206 415 912 2147 8616 203 11332 540 19589 418 201 1911
internal_value=1.48766e-05 8.95902e-05 1.79171e-05 8.69731e-05 0.00016391 -0.00067379 -0.000221653 -0.000427871 0.000136478 3.36606e-05 -0.000850631 -0.000349781 -0.000210281 0.000641359 -0.000231487 0.000195682 0.000367371 0.00147006 -1.63258e-05 -4.23494e-05 0.000479829 0.000145209 0.00028689 0.00149424 0.000257366 1.68687e-05 0.000168204 -0.000174677 0.000506776 -0.000719936
internal_weight=267373 78767 57778 44850 36123 1320 12928 8204 4724 4493 1231 7938 991 532 8727 34803 3262 547 188606 6291 1946 2715 20989 501 20488 9156 33702 1034 619 2436
internal_count=267373 78767 57778 44850 36123 1320 12928 8204 4724 4493 1231 7938 991 532 8727 34803 3262 547 188606 6291 1946 2715 20989 501 20488 9156 33702 1034 619 2436
is_linear=0
shrinkage=0.03


Tree=138
num_leaves=31
num_cat=0
split_feature=13 6 11 12 10 2 10 8 0 8 11 11 10 11 6 6 9 2 2 6 9 11 11 11 11 10 8 10 11 11
split_gain=0.552883 1.05013 0.703575 0.604742 0.972353 1.07278 0.846638 0.773739 1.04351 0.62701 0.602311 1.25345 1.13775 1.29852 1.09651 0.871219 0.60553 0.90653 0.595697 0.588109 0.637739 0.585453 1.536 1.53546 1.19012 1.11592 1.09137 1.036 0.995202 0.931234
threshold=0.011538455017611514 -0.023421565650917294 0.0067660142252137243 -0.031093505766181747 0.0045201243465514693 12.401822847595808 0.0067742895817192181 0.021627031833047334 0.0034347682795028427 0.017189631757242606 -0.0013888218135208461 -0.000760546972662146 0.00041156102050876614 -0.0052500257828158028 -0.052457701433462116 0.039805798296458812 -0.16147175517522713 -1.3359452033119454 4.1516182437971638 0.077791569482708614 -0.034909062854959087 -0.0040185140018970658 -0.0026814959715112936 -0.0048747298801486419 -0.0015424658277066736 0.0066181232477415817 0.0056113518572380588 -0.0041235522615818412 -0.0045449700422855446 -0.0016335004347811652
decision_type=2 8 10 8 10 10 10 10 10 10 10 10 10 10 10 10 10 10 10 10 10 10 10 8 10 10 10 10 8 10
left_child=1 -1 21 4 5 7 -6 8 -2 -10 12 -12 16 -14 -15 -16 -9 -18 19 -13 -21 23 25 -3 26 27 -24 -23 -25 -28
right_child=3 2 -4 -5 6 -7 -8 10 9 -11 11 18 13 14 15 -17 17 -19 -20 20 -22 22 24 28 -26 -27 29 -29 -30 -31
leaf_value=0.00033824990177863451 0.0020723957358430301 -0.00013016343617705382 -0.0013015019163806719 -2.6941555510187284e-05 0.0020454417223277513 -0.0018980281536434111 5.256640148637023e-05 0.0018450687929525622 -0.0011660274226086816 0.0010462542852759361 0.0025651803170453793 0.00077136575456031341 0.00078056867281222676 -0.0036230154734010391 0.00027894619893399566 -0.0024166438084985337 -0.0014820520919326147 0.00099248762180754969 -0.0014035349476880627 -0.0017066078624166864 0.00054556982923506926 -0.0018569995184537624 0.0022844866395462303 0.0027026901362633164 -2.803840166192082e-06 -0.002160970818300822 0.00022627533763365149 -0.00023786395867526108 0.00073826599261176469 0.0014466226093257926
leaf_weight=11810 434 2317 358 200118 486 224 317 207 214 250 213 924 235 207 233 201 232 313 203 220 233 389 282 275 34907 339 4773 4150 1488 638
leaf_count=11810 434 2317 358 200118 486 224 317 207 214 250 213 924 235 207 233 201 232 313 203 220 233 389 282 275 34907 339 4773 4150 1488 638
internal_value=5.12407e-06 8.3858e-05 2.36695e-05 -1.85294e-05 0.000296367 0.000126266 0.00125872 0.000231254 0.00101498 2.59347e-05 2.55282e-05 0.000404836 -0.000392223 -0.00112703 -0.00182639 -0.000969472 0.000463752 -6.08944e-05 0.0001136 0.000337259 -0.000548203 3.32423e-05 2.35788e-06 0.000377498 6.27909e-05 -0.000500631 0.000464989 -0.000376627 0.00104468 0.000370164
internal_weight=267190 61726 49916 205464 5346 4543 803 4319 898 464 3421 1793 1628 876 641 434 752 545 1580 1377 453 49558 45478 4080 40600 4878 5693 4539 1763 5411
internal_count=267190 61726 49916 205464 5346 4543 803 4319 898 464 3421 1793 1628 876 641 434 752 545 1580 1377 453 49558 45478 4080 40600 4878 5693 4539 1763 5411
is_linear=0
shrinkage=0.03


Tree=139
num_leaves=31
num_cat=0
split_feature=13 12 4 11 10 0 11 0 12 9 10 6 8 7 8 13 13 9 10 5 7 8 7 10 9 6 4 11 0 7
split_gain=0.889652 0.658094 0.630708 1.09811 1.12755 1.68605 0.779687 0.673089 1.03014 1.02148 1.01792 1.25115 0.988375 0.963585 0.928936 1.04117 0.912829 0.893832 1.18595 0.858778 0.775046 0.755701 0.662838 0.658848 0.634287 0.627483 0.611143 0.743576 0.69288 0.630058
threshold=0.016256844496877077 -0.01167407087462463 0.076167544351271613 -0.0010494861981825141 0.0072834561464241174 0.0066675413021137784 0.0013595712792588979 -0.0047720407452982441 0.061390783737151351 -0.22299053530848864 -0.0086377534955604501 -0.0082103951024534699 0.025946226862623527 0.12463834667434394 0.045398306754442223 0.043359448958031399 0.0298296088815766 -0.12813551257111991 -0.014040292355313675 0.035948319901697091 -0.15334889378211944 0.019965703707494852 0.11352266129204981 0.0069776598479324168 -0.0064463921836128693 -0.024437189242251241 -0.06164151120979066 -0.00066842658612575867 0.00039916558362229631 -0.17836104817905848
decision_type=2 10 8 8 8 10 10 10 8 10 10 10 10 10 10 2 2 10 10 10 10 10 8 10 10 8 10 10 10 10
left_child=1 25 7 4 5 22 -5 8 10 14 11 17 -13 16 26 19 -14 18 -2 -16 21 -11 -4 -23 -22 -1 -9 29 -29 -28
right_child=2 -3 3 6 -6 -7 -8 9 -10 20 -12 12 13 -15 15 -17 -18 -19 -20 -21 24 23 -24 -25 -26 -27 27 28 -30 -31
leaf_value=0.0010876871959562622 -0.00049522966344840822 5.2346550551453951e-05 0.00077640447000573785 -0.0020050664053944396 -0.0015858848590333946 0.0025861275843344629 -0.00042117451415101047 -0.0021072079267103337 -0.0015890325182117521 0.00093680864016299327 0.00020913936808195129 -0.00038674840879238137 0.002310018360553005 -0.00065563589448316224 0.0012806587108069695 0.0019029762317174976 0.0001815741111095594 -0.00036528522798372215 -0.0029092958344630478 -0.00099801332971281528 -8.0660625798274695e-05 4.354219900896694e-06 -0.0014579123576113487 0.0015210160650388823 0.00030382659843053672 0.00023085074285172694 -0.00082998369907068433 0.00077584207669494857 -0.00053018350352871529 -0.0024876196408661565
leaf_weight=1001 375 117264 238 553 250 280 566 260 320 1283 21136 1212 441 270 217 274 308 1306 358 474 103658 3905 240 276 4011 3322 1369 483 1504 243
leaf_count=1001 375 117264 238 553 250 280 566 260 320 1283 21136 1212 441 270 217 274 308 1306 358 474 103658 3905 240 276 4011 3322 1369 483 1504 243
internal_value=5.82307e-06 6.57474e-05 -4.41462e-05 -0.000556961 0.00016124 0.000737468 -0.00120392 -3.65548e-05 0.000102482 -6.68783e-05 0.000123788 -0.000298693 0.000192238 0.000880884 -0.000494407 0.000338093 0.00143477 -0.000835852 -0.00167427 -0.000282425 -4.86484e-05 0.000299914 -0.000345428 0.000104473 -6.63373e-05 0.000429253 -0.000702586 -0.000601112 -0.000212715 -0.00107986
internal_weight=267397 121587 145810 2127 1008 758 1119 143683 25726 117957 25406 4270 2231 1019 4824 965 749 2039 733 691 113133 5464 478 4181 107669 4323 3859 3599 1987 1612
internal_count=267397 121587 145810 2127 1008 758 1119 143683 25726 117957 25406 4270 2231 1019 4824 965 749 2039 733 691 113133 5464 478 4181 107669 4323 3859 3599 1987 1612
is_linear=0
shrinkage=0.03


Tree=140
num_leaves=31
num_cat=0
split_feature=6 10 10 3 7 4 7 10 4 10 10 5 5 5 7 9 10 0 4 5 9 7 10 10 7 4 7 10 13 12
split_gain=0.58735 1.32553 1.94068 1.72855 1.50882 1.00972 1.05081 1.32867 0.840122 0.81831 0.935517 0.697901 1.03721 0.652181 0.869532 0.642802 1.03869 0.934343 0.899915 1.44286 0.877486 0.862484 0.81463 0.989962 0.794621 0.859521 0.783588 0.771348 0.754441 1.03564
threshold=-0.060813911976885286 0.0011175450013536372 0.00096316336374591149 -0.017325511864837769 -0.2115245281657144 0.034699164504472198 -0.040105338067125067 -0.0047679419871566311 0.036087483792743853 -0.0086377534955604501 -0.012419575027388883 0.019883267480271388 0.022165525372652203 0.047126719664009852 -0.0069241723021176141 -0.054408318176129004 -0.0028684071482505953 -0.01163331757445085 0.0040465329018163363 0.053267051501328752 -0.24913111667260654 -0.080446175517744953 -0.0013159382920360783 0.0022102004023298876 -0.080446175517744953 0.032215973794014759 0.38748661760855935 -0.0083216798107182948 0.016797625850078563 -0.01167407087462463
decision_type=8 8 10 10 8 10 8 10 10 10 10 10 10 10 10 10 8 8 10 10 10 8 10 10 8 10 10 10 2 8
left_child=1 2 4 -3 -1 6 9 13 -5 10 -6 -11 -13 14 -8 17 -17 20 26 24 -2 22 -21 -24 -20 27 28 -26 29 -19
right_child=15 3 -4 8 5 -7 7 -9 -10 11 -12 12 -14 -15 -16 16 -18 18 19 21 -22 -23 23 -25 25 -27 -28 -29 -30 -31
leaf_value=-0.0011148329542505992 0.0021472621829922776 0.00076688641223093433 -0.0024063489348740289 6.9470518633542333e-05 -8.6483368096297548e-05 0.0017260783677780014 -0.00070807127638646407 0.00013775173250851061 -0.0019062870906177208 0.0010244162779899733 -0.0029158185358817983 -0.0021701771647938011 -0.00010790996966860802 0.0024321777414100369 0.0017033905595513607 -0.00019614364167399163 6.5463095711808413e-05 0.00067499362949221674 0.00041494055246814467 0.0015663723157144413 0.00020959240720813674 -0.00065003294892880352 -0.00096323009767090568 0.0009546065434881644 0.0016933678263574366 0.00077294508345785394 0.00096001146718922403 -2.8145894629219148e-05 -0.00023688687160183702 -8.6304339392709323e-05
leaf_weight=1012 217 5371 310 4711 216 331 216 3381 202 462 205 228 5883 354 357 15685 105767 1679 6660 317 6854 3783 592 410 237 1352 579 20158 41601 38144
leaf_count=1012 217 5371 310 4711 216 331 216 3381 202 462 205 228 5883 354 357 15685 105767 1679 6660 317 6854 3783 592 410 237 1352 579 20158 41601 38144
internal_value=-3.51401e-06 0.000140601 -6.12681e-05 0.0003949 -3.77699e-06 9.28781e-05 4.50468e-05 0.000413625 -1.17636e-05 -0.000181981 -0.00146419 -9.98561e-05 -0.000184853 0.0014198 0.000794358 -1.72378e-05 3.16777e-05 -6.5702e-05 -8.61941e-05 4.47972e-05 0.000269057 -0.000419713 0.000240862 -0.000178487 0.000128225 4.04187e-05 -0.000139721 -8.14105e-06 -0.000147541 -5.42068e-05
internal_weight=267274 23239 12955 10284 12645 11633 11302 4308 4913 6994 421 6573 6111 927 573 244035 121452 122583 115512 33509 7071 5102 1319 1002 28407 21747 82003 20395 81424 39823
internal_count=267274 23239 12955 10284 12645 11633 11302 4308 4913 6994 421 6573 6111 927 573 244035 121452 122583 115512 33509 7071 5102 1319 1002 28407 21747 82003 20395 81424 39823
is_linear=0
shrinkage=0.03


Tree=141
num_leaves=31
num_cat=0
split_feature=8 7 11 11 11 5 9 13 11 12 2 3 4 4 11 7 2 3 4 5 1 13 3 9 1 11 11 11 7 11
split_gain=0.543286 0.64032 0.560272 0.680688 2.37813 0.94816 3.59678 0.736426 0.906341 0.979655 1.31561 0.600094 0.71349 0.591701 0.584897 1.35617 0.557621 0.524318 0.515673 0.473933 0.612402 0.464878 0.457976 0.499999 0.479396 0.567847 0.450086 0.74607 0.860063 0.789146
threshold=0.011898343269700564 0.077357652559943549 -0.0078541111903929744 -0.0027393443331276686 -0.003853996667671999 0.045897279604133541 -0.15666280031026122 0.037415422289438179 -0.0015988137752460105 -0.010347693214923235 11.386562539716001 -0.033911450980316053 -0.016683977382322631 0.00044191101092960766 0.0006976898699078139 -0.037082131651175958 -4.9034575761000267 0.026173722462367491 -0.0088759510757751552 0.0076872561909701294 -0.0037833653219567771 0.018294589200002574 -0.013544153341942753 -0.067225892870394807 -0.0035714353833879438 -0.0043553738595880067 -0.0030346586420925132 -0.0032190635843080679 0.020142676760621429 -0.003558624374393859
decision_type=10 10 10 10 10 10 10 2 10 10 8 8 8 10 10 10 8 10 10 10 2 2 10 10 2 10 10 10 8 10
left_child=1 2 -1 4 5 6 -4 8 9 -5 -11 -10 14 22 15 -13 -6 -14 -9 20 -2 -16 -8 -24 -25 -26 27 28 29 -18
right_child=19 -3 3 7 16 -7 13 18 11 10 -12 12 17 -15 21 -17 26 -19 -20 -21 -22 -23 23 24 25 -27 -28 -29 -30 -31
leaf_value=0.0015159652500447234 0.0020042779477001671 0.00067545462145507244 -0.0034933705258804065 -0.00091250627992171438 0.00044809293658563016 0.0022843715477152723 0.0013974174994464458 9.2687897958705631e-06 -0.0015371314659297687 0.00064383358813606786 0.0030952021363245706 -0.0013651123465778132 4.3033249688157858e-05 0.0009907447297104752 0.00080676441054893856 0.0017061636686253124 -0.002784315736675925 0.0014663277479614748 -0.0017885327850576641 -1.9100103761420243e-05 0.00025416961504930727 0.0023656382815104471 -0.0013174204055822509 0.0008700002222402298 -0.001159460062275649 0.00070062983745709058 -0.00048517556073515266 -0.0025796157894034792 0.00037689208854469944 -0.00062644499627171918
leaf_weight=244 222 1751 225 322 206 200 206 278 201 2486 214 291 17976 1097 558 233 289 236 297 235578 950 249 255 478 361 250 557 401 274 323
leaf_count=244 222 1751 225 322 206 200 206 278 201 2486 214 291 17976 1097 558 233 289 236 297 235578 950 249 255 478 361 250 557 401 274 323
internal_value=-7.63024e-07 0.0001185 8.4528e-05 7.2257e-05 -0.000240924 0.000287139 0.000148056 0.000140982 0.000167762 0.000651594 0.000838127 9.37076e-05 0.000110481 0.000457584 0.000780997 5.50462e-07 -0.00103224 6.1477e-05 -0.000919335 -1.61062e-05 0.000585675 0.00128776 8.02441e-05 -0.000121644 0.000158359 -0.000398376 -0.00119762 -0.00150596 -0.00102002 -0.00164544
internal_weight=267208 30458 28707 28463 5122 3072 2872 23341 22766 3022 2700 19744 19543 2647 1331 524 2050 18212 575 236750 1172 807 1550 1344 1089 611 1844 1287 886 612
internal_count=267208 30458 28707 28463 5122 3072 2872 23341 22766 3022 2700 19744 19543 2647 1331 524 2050 18212 575 236750 1172 807 1550 1344 1089 611 1844 1287 886 612
is_linear=0
shrinkage=0.03


Tree=142
num_leaves=31
num_cat=0
split_feature=12 4 5 4 11 7 12 11 4 10 6 10 13 12 13 6 11 3 11 3 10 12 11 11 2 2 3 7 11 3
split_gain=0.73404 1.10551 0.640251 0.992694 0.896075 1.09955 1.07365 1.12561 1.01922 0.98662 0.872109 1.40435 0.869705 0.810913 1.10472 1.22236 1.03597 0.87183 1.15419 0.796754 0.840147 1.01954 0.986471 0.885393 0.770784 0.770076 0.766313 0.915507 0.901824 1.25563
threshold=-0.031093505766181747 -0.055333086272784375 0.059109000061700057 0.029374651758070861 -0.00098604954075587315 0.32519847238428096 0.030811200461105141 -0.00070588241173985533 0.0082279150021027387 -0.0062837051052680995 -0.11158717123038418 0.0011175450013536372 0.051462015778457833 0.0152975090180435 0.028546979608938098 0.047677741068184017 0.00067285495850877297 0.011470152190725892 -0.0046952678783172544 -0.0065322379281756984 -0.0015211785805948062 -0.026440112667708845 0.00080443741106184252 -0.0089597910907540084 -0.73863572040649039 -2.7031573809210294 0.084201131609985561 0.047485633651407573 -0.0013888218135208461 -0.037572959860838744
decision_type=8 10 10 10 8 8 10 10 10 10 8 10 2 8 2 10 8 10 10 10 10 10 10 10 8 8 10 10 10 10
left_child=1 -1 3 12 5 26 7 24 -7 -8 11 -9 13 19 15 -15 -17 -16 -19 -2 21 -21 23 -23 -6 -14 28 -28 -4 -30
right_child=2 -3 4 -5 6 8 9 10 -10 -11 -12 -13 25 14 17 16 -18 18 -20 20 -22 22 -24 -25 -26 -27 27 -29 29 -31
leaf_value=0.0019312608576215365 7.0989574836673888e-05 0.00023846653831899651 -0.00024999278910601126 0.00030496479653704229 -0.00081333478941998021 0.0023773495373302332 -0.0013024578987378156 -0.00040077606667944808 0.00029051953401303663 0.0008131619140610975 -0.00040537443511713732 0.0022894661167058451 -0.0018830401393485669 0.00063699130540533421 -0.00015649653653626369 -0.0010223952483626017 0.00086675938135807125 -0.0016720693637258732 0.00065609388599406615 -0.0021653339700436498 -1.2564911029523461e-05 0.0011466162990240501 6.0772824055818469e-05 -0.00034427499412531082 -0.0028216026991702697 -0.00031565911896396231 0.0025335239072343052 0.00013102366433410747 0.0024925215415817557 -3.8906789759636238e-05
leaf_weight=374 74938 4848 6074 10139 477 338 238 439 559 1192 9999 290 305 6493 7876 804 387 208 2437 235 105642 366 9808 17490 269 3760 219 410 269 512
leaf_count=374 74938 4848 6074 10139 477 338 238 439 559 1192 9999 290 305 6493 7876 804 387 208 2437 235 105642 366 9808 17490 269 3760 219 410 269 512
internal_value=7.51217e-06 0.000359705 4.97149e-07 1.44329e-05 -0.000157218 8.43119e-05 -0.000314089 -0.000410694 0.00107686 0.000461052 -0.000332339 0.000669416 1.66712e-06 9.46644e-06 0.000201481 0.000474937 -0.000408539 1.76254e-06 0.00047301 -7.30082e-06 -5.12343e-05 -0.000197659 -0.000180944 -0.000313716 -0.0015375 -0.000433261 -3.46508e-05 0.000967506 -0.000126607 0.000832994
internal_weight=267395 5222 262173 240888 21285 8381 12904 11474 897 1430 10728 729 230749 226684 18205 7684 1191 10521 2645 208479 133541 27899 27664 17856 746 4065 7484 629 6855 781
internal_count=267395 5222 262173 240888 21285 8381 12904 11474 897 1430 10728 729 230749 226684 18205 7684 1191 10521 2645 208479 133541 27899 27664 17856 746 4065 7484 629 6855 781
is_linear=0
shrinkage=0.03


Tree=143
num_leaves=31
num_cat=0
split_feature=4 13 13 11 0 0 7 2 5 7 6 5 2 9 13 11 11 7 5 1 1 0 0 6 0 4 13 3 2 0
split_gain=0.586827 0.852493 0.741595 0.683497 0.648389 1.10705 0.920373 0.970368 0.757562 0.672807 0.745843 0.654395 0.599917 0.55274 0.508384 0.655529 0.536235 2.13531 1.23305 1.24862 1.0016 1.87627 1.25312 0.977649 1.18278 0.984227 0.928505 1.2648 0.870539 1.11577
threshold=-0.072951771337649171 0.036359441812190578 0.069267995657114542 -0.0014733940465248561 -0.034499345965972088 -0.0078400344475531552 -0.1401329831607184 -0.50076255362113409 0.086217248755580941 -0.046573846828941438 0.0079756849649192958 0.055980945427955023 -2.015846374238119 -0.044121465052768476 0.005727915163753222 0.0038327712175719735 0.002769761692301143 -0.17836104817905848 0.033127746178129878 0.00075121824824464511 -0.0055792478576922591 0.011490297309781019 0.0082683146569265693 0.061497623129362917 -0.019721406560940399 0.012425005303221439 0.051462015778457833 -0.033911450980316053 7.7624760073947039 0.0033139245584261627
decision_type=8 2 2 10 10 10 8 8 10 10 10 10 10 10 2 10 10 8 10 2 2 10 8 8 8 10 2 10 10 10
left_child=1 -1 14 -3 -4 11 -7 8 12 -9 -11 -6 -8 -12 15 -2 20 18 -18 -20 22 23 -16 26 25 -25 -22 -28 -26 -30
right_child=2 3 4 -5 5 6 7 9 -10 10 13 -13 -14 -15 16 -17 17 -19 19 -21 21 -23 -24 24 28 -27 27 -29 29 -31
leaf_value=-0.00060394538202529133 0.00031357646033171999 0.00021519453131726808 0.00092593894530913995 0.0021066784735857868 -0.00083322773847815598 0.0015158332562999947 -0.00025535390311852093 -0.0024639771463227504 -0.00097878872520916894 0.00052292048993626697 -0.0024798448935249131 -0.0031605434671721673 0.0018927272946940377 -0.00064738439133470041 0.00011577186773573465 -0.00069662916598814807 0.00052420816540712438 0.00013097990633729128 -0.0031464964454697274 -0.00086666653217360964 -6.7891741336903151e-05 0.00031213392181880036 -0.00017397618637091206 0.0024897471873453012 -0.00044675824270791204 -0.0002357656085462887 0.0013215805420591293 -0.0012178163194540618 0.0012903234720550534 -0.00065624789286636189
leaf_weight=305 7415 301 266 401 215 214 200 252 272 298 228 220 282 423 65093 627 310 39586 330 627 105530 10265 16927 240 13706 237 207 1199 606 471
leaf_count=305 7415 301 266 401 215 214 200 252 272 298 228 220 282 423 65093 627 310 39586 330 627 105530 10265 16927 240 13706 237 207 1199 606 471
internal_value=-2.53348e-06 0.000720306 -5.26741e-06 0.00129566 -0.000484902 -0.00062902 -0.000352007 -0.000556467 0.000287066 -0.00108605 -0.000720145 -0.00201026 0.00100141 -0.00128917 -4.08544e-08 0.000234815 -7.43788e-06 9.21776e-05 -0.00112016 -0.00165281 -2.6412e-05 -7.74259e-05 5.59747e-05 -0.000110151 -0.000334781 0.00113556 -7.80954e-05 -0.000843951 -0.000382225 0.000439037
internal_weight=267253 1007 266246 702 2870 2604 2169 1955 754 1201 949 435 482 651 263376 8042 255334 40853 1267 957 214481 132461 82020 122196 15260 477 106936 1406 14783 1077
internal_count=267253 1007 266246 702 2870 2604 2169 1955 754 1201 949 435 482 651 263376 8042 255334 40853 1267 957 214481 132461 82020 122196 15260 477 106936 1406 14783 1077
is_linear=0
shrinkage=0.03


Tree=144
num_leaves=31
num_cat=0
split_feature=0 4 12 6 8 4 6 2 4 5 13 5 13 13 10 10 10 4 2 13 4 0 6 13 5 11 2 11 11 4
split_gain=0.683197 1.0756 0.649398 1.139 0.937805 0.782699 0.867411 0.754707 0.682478 1.79287 0.83179 1.32847 0.645891 0.631261 0.762358 1.14463 1.31322 1.16346 1.06468 1.01785 0.994915 1.14883 1.65769 1.30098 1.39384 1.07914 1.04592 1.00899 2.21988 1.23391
threshold=-0.049601262336056155 0.0058308963324774652 -0.031093505766181747 0.084563057947879675 0.044424187962978208 -0.047951438567461861 -0.066947427552034908 -3.4056156053145576 -0.0088759510757751552 0.064040474269701095 0.046302711475058288 0.043309941845436822 0.043359448958031399 0.021140193550111781 -0.0086377534955604501 -0.0021171488871817297 -7.8711120603869298e-05 0.029374651758070861 -7.8959279883149174 0.030394399451728154 -0.032023227773236511 -0.0012320834737295503 0.0097016190221709282 0.025204886481316784 0.02559295456839519 -0.0073806561312393928 10.738245592334398 0.0019222775715913578 0.00026563041610017107 -0.038520607700175895
decision_type=8 10 8 10 10 10 8 8 10 10 2 10 2 2 10 10 10 8 10 2 8 10 8 2 10 10 8 10 10 10
left_child=1 12 3 5 -5 6 -2 -7 9 10 -9 -12 -1 -4 19 20 17 18 -17 -15 26 22 -22 24 -24 -23 27 28 29 -16
right_child=2 -3 13 4 -6 7 -8 8 -10 -11 11 -13 -14 14 15 16 -18 -19 -20 -21 21 25 23 -25 -26 -27 -28 -29 -30 -31
leaf_value=0.0004754602147467895 0.00058978580310127548 -0.0010681779864373513 3.1650267022954194e-05 -2.2254869246067426e-05 -0.0020816789257188965 -0.0010655276680336101 0.0031740175945366303 -0.00033913842354568854 0.0009438474310151095 -0.0025159385864474415 -0.00023256587333138261 0.0022179197356234333 0.0022261891553851188 -4.2523353514140818e-05 2.4785690554547423e-06 -0.0023734033316483391 -3.4822179013704433e-05 0.00029807414299694984 -0.00041600955954920266 -0.001077828870000491 0.00018183732117993645 0.0022440234657502577 0.00028298787586895295 -0.00028439824527458124 -0.0021993796267361174 0.00029502346832533695 0.002625182779217874 0.0011196901445491446 -0.0018601772130493355 0.0023074667749743349
leaf_weight=388 272 216 169849 773 268 288 205 638 1764 207 363 441 371 1922 646 255 54262 2154 13005 1539 5392 267 277 2548 768 6030 228 1264 424 309
leaf_count=388 272 216 169849 773 268 288 205 638 1764 207 363 441 371 1922 646 255 54262 2154 13005 1539 5392 267 277 2548 768 6030 228 1264 424 309
internal_value=6.97847e-06 0.00079966 4.07687e-06 0.000335426 -0.000552443 0.00055665 0.00170041 0.000409237 0.000533683 9.4913e-05 0.000469702 0.00111154 0.00133122 -2.54531e-06 -6.61677e-05 -4.89581e-05 -0.000104238 -0.000348603 -0.000453652 -0.000502892 0.000163221 6.69565e-05 -0.000150798 -0.000649981 -0.00154137 0.000377663 0.000675626 0.000507447 -5.37395e-05 0.000748281
internal_weight=267333 975 266358 5219 1041 4178 477 3701 3413 1649 1442 804 759 261139 91290 87829 69676 15414 13260 3461 18153 15282 8985 3593 1045 6297 2871 2643 1379 955
internal_count=267333 975 266358 5219 1041 4178 477 3701 3413 1649 1442 804 759 261139 91290 87829 69676 15414 13260 3461 18153 15282 8985 3593 1045 6297 2871 2643 1379 955
is_linear=0
shrinkage=0.03


Tree=145
num_leaves=31
num_cat=0
split_feature=0 10 2 3 4 13 10 4 2 1 12 9 1 2 6 0 4 1 12 0 13 6 12 9 4 2 8 10 2 2
split_gain=0.734996 1.20856 1.03499 1.07681 0.762852 0.795899 0.719823 0.782134 0.888342 0.830079 0.770894 0.703467 0.745609 1.48896 1.42827 0.977509 0.945071 0.920935 0.868622 1.30079 0.946638 0.94439 0.8639 0.73144 0.711229 0.943562 0.752658 0.722739 0.701931 0.775958
threshold=-0.0036021760812920962 0.0061343982785017079 12.729120531372873 -0.013795344737053848 0.076167544351271613 0.041024297089336963 0.0017991784466540042 0.019681380939686303 5.9928268771892634 -0.0089175910911575267 0.0091405394274849967 -0.028682082783686998 0.01382046000755688 12.401822847595808 -0.087552950283723049 0.017801484232115809 0.050720316393106264 0.022865386234304456 0.0027018519775784404 0.0099342448688291025 0.028314937052301887 -0.081631439181985607 0.027589163187942859 -0.18628853546370541 0.039143436250097315 -1.0595338803859662 0.015798330678324545 0.0043667957665520793 -2.7498468795362871 -0.45041118542225839
decision_type=10 10 10 8 10 2 8 10 10 2 8 10 2 10 10 10 10 2 8 10 2 8 10 8 10 8 8 8 10 10
left_child=1 2 4 -4 6 -6 -1 8 9 -8 -9 12 18 14 22 16 -16 -15 -2 20 24 -22 -14 -24 26 -26 27 -20 -23 -30
right_child=11 -3 3 -5 5 -7 7 10 -10 -11 -12 -13 13 17 15 -17 -18 -19 19 -21 21 28 23 -25 25 -27 -28 -29 29 -31
leaf_value=0.00011812969973934698 -2.5810054317833755e-05 -0.0012902704065003063 0.00085316498891568622 -0.0017409247997403419 -5.2585815643396925e-05 -0.0024468820826945505 0.00094556092289041407 0.0019412146046916708 0.0014046133015048921 -6.2065263812661545e-05 -1.9030879028566437e-05 7.8468816781191505e-05 -0.00015406195614055634 -0.0024323918816171299 0.00025914444985739108 0.0011209043717626255 -0.0013389608793223859 -0.00043958531344740365 -9.5382732204355106e-05 0.00026072094038577629 0.00087129474868962516 -0.0022303955271872535 -0.00065937601563078902 -0.0029114971164306185 0.0023849800453358966 -0.00035810655914247035 -0.00032871745711931182 0.00076392189811772134 -0.0003141463948030157 -0.0015882701157153311
leaf_weight=39890 109878 544 201 508 320 205 961 576 606 3140 263 54651 996 271 14267 1176 341 908 7185 4923 263 366 293 233 218 234 21175 1004 1148 688
leaf_count=39890 109878 544 201 508 320 205 961 576 606 3140 263 54651 996 271 14267 1176 341 908 7185 4923 263 366 293 233 218 234 21175 1004 1148 688
internal_value=8.17089e-06 0.000115582 0.000131969 -0.00100551 0.000149516 -0.000987502 0.000162653 0.000482894 0.000332482 0.000174055 0.00132674 -1.48576e-05 -4.56632e-05 0.000133918 0.000204195 0.000288825 0.000221839 -0.000897643 -6.82326e-05 -0.000193523 -0.000262797 -0.000827807 -0.00067347 -0.00165699 -0.000216086 0.000964887 -0.000234264 9.97102e-06 -0.00103074 -0.000791596
internal_weight=267432 47214 46670 709 45961 525 45436 5546 4707 4101 839 220218 165567 18485 17306 15784 14608 1179 147082 37204 32281 2465 1522 526 29816 452 29364 8189 2202 1836
internal_count=267432 47214 46670 709 45961 525 45436 5546 4707 4101 839 220218 165567 18485 17306 15784 14608 1179 147082 37204 32281 2465 1522 526 29816 452 29364 8189 2202 1836
is_linear=0
shrinkage=0.03


Tree=146
num_leaves=31
num_cat=0
split_feature=5 7 2 13 13 12 6 10 8 13 1 2 7 13 10 8 7 1 13 9 6 12 2 10 9 8 10 8 8 10
split_gain=0.587215 0.822305 1.11841 0.629781 0.624294 0.533266 1.0682 0.843143 0.717978 0.936583 0.686658 0.673444 0.749351 0.59051 0.744024 0.692812 0.995277 0.650277 0.897041 1.54343 0.7777 0.659399 0.897684 0.603265 0.621818 0.590341 0.796146 0.574514 0.570159 0.554281
threshold=0.024508303367421297 0.22153836425394693 7.1837535169755142 0.064390400744067808 0.026350346990047267 -0.0029126469726973299 -0.10476213645166825 -0.0086377534955604501 0.041386076849767958 0.019903298518970974 0.001977181044673038 -0.62232980901727408 0.031863596968388037 0.005727915163753222 0.0049008937763079805 0.013670225928608361 0.073205985422340261 0.008311225662386847 0.016988415972371652 -0.0093170138503305671 0.089691781580086963 0.0152975090180435 -1.1211659137379326 0.0024040344866291812 -0.03580520081186455 0.040735814898767646 0.00052985485037782009 0.024534687878999348 0.0097223481718055876 0.0081494360100515823
decision_type=8 10 10 2 2 10 10 10 10 2 2 10 10 2 10 8 10 2 2 8 10 10 10 10 10 10 10 10 8 10
left_child=1 3 4 5 -3 6 -1 11 13 10 -10 -8 -13 14 15 16 -7 -15 -19 20 21 23 -23 -20 -25 29 -27 -17 -16 -9
right_child=-2 2 -4 -5 -6 8 7 25 9 -11 -12 12 -14 17 28 27 -18 18 19 -21 -22 22 -24 24 -26 26 -28 -29 -30 -31
leaf_value=0.0015522738953785242 -3.8549876940017117e-05 5.4858407892965175e-05 0.00241531192026052 -0.0011667453258455362 0.0015996739389469885 8.8697043347742423e-05 0.0019122041580512334 9.7405433831514448e-05 -0.0011623529591171817 -0.0023036335427646659 0.001132361340401581 0.001013481059221222 -0.0010746499724887512 -8.365402423847094e-05 -0.0018848725001451478 0.0012725840318207828 0.0020621983833934493 0.00050174997778872294 -0.00039376166524315609 -0.0012894509920084742 0.0018393286852864546 0.00089116731254473174 2.7662521700283106e-05 -2.1748683572566738e-05 0.0014746267896516437 0.0024698911993190241 0.00013683796842616918 -0.00044169602321926505 0.00010652520693838596 -0.00052968199392163288
leaf_weight=469 155606 1182 285 387 294 4006 399 39201 257 280 216 510 222 44462 237 1085 244 4449 3588 780 225 1573 3482 993 334 219 330 210 285 1311
leaf_count=469 155606 1182 285 387 294 4006 399 39201 257 280 216 510 222 44462 237 1085 244 4449 3588 780 225 1573 3482 993 334 219 330 210 285 1311
internal_value=-8.95171e-07 5.16475e-05 0.000694782 4.13284e-05 0.000362566 4.56033e-05 0.000128439 0.000112612 -7.37319e-06 -0.000928489 -0.00011445 0.000920665 0.000380195 3.14339e-06 0.000285172 0.000387104 0.000201999 -2.54287e-05 0.000142415 -3.25136e-06 9.51533e-05 5.57913e-05 0.000296365 -0.000191635 0.000354882 9.03544e-05 0.00106751 0.000994593 -0.000797615 7.71124e-05
internal_weight=267121 111515 1761 109754 1476 109367 42661 42192 66706 753 473 1131 732 65953 6067 5545 4250 59886 15424 10975 10195 9970 5055 4915 1327 41061 549 1295 522 40512
internal_count=267121 111515 1761 109754 1476 109367 42661 42192 66706 753 473 1131 732 65953 6067 5545 4250 59886 15424 10975 10195 9970 5055 4915 1327 41061 549 1295 522 40512
is_linear=0
shrinkage=0.03


Tree=147
num_leaves=31
num_cat=0
split_feature=2 7 0 1 9 6 11 10 11 0 8 8 10 10 10 11 7 4 4 10 7 7 6 8 8 7 0 7 1 11
split_gain=0.490269 1.32044 0.751817 0.984193 0.704216 0.776057 0.694538 0.629441 0.915303 0.932464 0.863938 0.915291 0.827555 0.784059 0.650697 0.623399 0.618696 0.98584 0.589048 0.657072 0.57653 0.574356 0.499373 0.496613 0.468682 0.554526 0.598578 0.541039 0.467577 0.45491
threshold=10.539671338648864 -0.10162373204889129 0.0076922947686319807 0.0073680431615488215 -0.062792421362802317 -0.013403114121679769 0.0017713320057639594 0.0030711797658043998 -0.00039079359790877838 -0.0013930641468170577 0.025224978895834981 0.028626148297776061 -0.0014416768650087339 0.0012169651187220467 -0.0011621878052202048 -0.0026136636918970275 0.1055415772117302 0.0040465329018163363 -0.015904565101339582 0.0022102004023298876 0.06267566534682191 0.070542772063533224 -0.006578968832697262 0.017752423408302988 0.012568101232488676 0.049845509277573037 0.0042770459150095483 0.098227627998055414 0.02978140980251898 0.0022436754034733668
decision_type=10 8 10 2 10 10 10 10 10 10 10 10 10 10 10 10 10 10 10 10 8 8 10 10 10 10 10 10 2 8
left_child=-1 6 7 -4 5 -5 -2 8 10 -10 12 -12 22 24 -13 20 17 -6 -14 -20 -9 23 -3 -17 -11 26 29 -27 -18 -26
right_child=1 2 3 4 16 -7 -8 15 9 13 11 14 18 -15 -16 21 28 -19 19 -21 -22 -23 -24 -25 25 27 -28 -29 -30 -31
leaf_value=1.4014593256011372e-06 0.0011238194256772277 -0.0010285969138802849 -0.0011168104009101505 0.0001608901003167254 0.00086341935119785339 -0.0020098154482315294 -0.00068885210646656852 0.00047716503815157081 -0.0006194692882430543 -0.00056701540824953122 0.0017741525341070405 0.00074361259876750405 -0.0020099255307292449 -0.00065685075817694717 -0.0015249605067285963 -0.00020244986529717536 0.00027454595025807048 -0.0015236336557639637 -5.3306527942267066e-05 -0.0018271295157587955 0.0025172609561705029 -0.00085971610045868093 -0.0030234760869195013 0.0015064728446304797 0.00056281677505640843 0.0025958043546141945 0.0016642748094581304 0.00089716592128435231 0.0023037292109336703 -0.0011244360517178261
leaf_weight=254885 948 204 1908 293 339 300 238 331 1211 229 228 200 245 487 264 339 209 288 972 233 200 429 253 279 335 255 223 499 200 252
leaf_count=254885 948 204 1908 293 339 300 238 331 1211 229 228 200 245 487 264 339 209 288 972 233 200 429 253 279 335 255 223 499 200 252
internal_value=-7.55713e-06 -0.000191837 -0.000292591 -0.000654413 -0.000112821 -0.000937275 0.000760062 -0.000125694 -0.000264052 5.3287e-05 -0.000690304 0.000217687 -0.00101979 0.000410615 -0.000547127 0.000408271 0.000359091 -0.000233026 -0.000668943 -0.000396295 0.00124556 -1.63732e-05 -0.00213298 0.000569054 0.000700551 0.000886148 0.000341135 0.00147164 0.00126681 -0.000161523
internal_weight=267276 12391 11205 3537 1629 593 1186 7668 6090 3491 2599 692 1907 2280 464 1578 1036 627 1450 1205 531 1047 457 618 1793 1564 810 754 409 587
internal_count=267276 12391 11205 3537 1629 593 1186 7668 6090 3491 2599 692 1907 2280 464 1578 1036 627 1450 1205 531 1047 457 618 1793 1564 810 754 409 587
is_linear=0
shrinkage=0.03


Tree=148
num_leaves=31
num_cat=0
split_feature=0 9 3 10 10 8 13 3 10 13 4 5 2 0 8 0 3 11 10 8 5 1 10 4 10 9 2 9 11 2
split_gain=0.526183 0.944722 1.40514 1.6045 3.06162 1.31935 1.24232 1.16526 1.01301 0.949387 1.24274 1.19165 0.922902 0.859148 0.819082 0.878781 0.931746 0.810804 0.975432 0.852873 0.777586 1.61607 1.17489 1.06287 1.0096 0.943517 0.9269 1.28514 0.840275 1.0807
threshold=-0.0044495201649288876 -0.097171796236066296 0.056788152311820335 -0.0083216798107182948 -0.0077145601754587392 0.016130149728102585 0.041759288596271225 0.018988543704561604 -0.020779097202320792 0.034558820263875918 0.039143436250097315 0.037340939652483078 12.729120531372873 -0.018128568639205419 0.037936125195822998 -0.024303652410620432 -0.029387249499080333 -0.0016335004347811652 0.0017991784466540042 0.026997646761602902 0.059109000061700057 0.039574152487219079 -0.010872040601414166 0.027663225857651356 0.0032752058965563884 -0.015252107215551701 -0.50951314178589913 -0.0083758010963597678 0.0067660142252137243 12.401822847595808
decision_type=8 10 10 10 10 8 2 10 10 2 10 8 10 10 8 10 10 10 10 8 10 2 8 10 10 8 8 10 10 10
left_child=1 2 3 5 -5 -1 8 -8 13 11 -11 12 17 -3 15 -7 -17 18 -10 -19 22 28 -2 -24 25 -25 27 -26 29 -22
right_child=20 6 -4 4 -6 14 7 -9 9 10 -12 -13 -14 -15 -16 16 -18 19 -20 -21 21 -23 23 24 26 -27 -28 -29 -30 -31
leaf_value=0.0017657847043438728 0.0015403539696342069 -0.002474509188755906 0.0024026177234036171 0.0037825059648043226 0.00033536049167952456 0.00069326633823581858 -0.00016910754126030341 -0.0015675860593434084 -0.00027451921189679067 0.00045766121382688057 0.0028634998461114134 -0.00033111253301359284 -0.0017897257446203975 0.0001214519683362066 -0.0022833982028842622 -0.0025852539741602586 -0.00049293018614490227 0.00023192037306860023 0.00093526306078185002 0.00098786997639333288 -0.00026756994908236288 0.0011588999230064761 -1.8064212647188193e-05 0.00071524767606473579 -0.0011096240555235504 1.4803867150637456e-05 0.00054895668983858412 0.00092224846129147786 0.0010530572846001408 -0.0021374092848112564
leaf_weight=212 445 259 282 237 10746 427 1532 825 4546 1407 224 5818 214 206 263 235 1036 9627 691 1561 16362 748 198423 4934 1251 2666 896 361 424 283
leaf_count=212 445 259 282 237 10746 427 1532 825 4546 1407 224 5818 214 206 263 235 1036 9627 691 1561 16362 748 198423 4934 1251 2666 896 361 424 283
internal_value=2.04739e-06 0.000101869 0.000307293 0.00026238 0.000409746 -0.000482454 -7.13707e-07 -0.000658605 6.24415e-05 8.92147e-05 0.000788077 3.8458e-05 0.000167682 -0.00132447 -0.000725507 -0.000484208 -0.000879788 0.000193185 -0.000114894 0.000337394 -1.57115e-05 -0.000205956 5.08473e-07 -2.77752e-06 0.000297305 0.000469539 -0.000224618 -0.000654596 -0.000265767 -0.000299361
internal_weight=267141 40348 13438 13156 10983 2173 26910 2357 24553 24088 1631 22457 16639 465 1961 1698 1271 16425 5237 11188 226793 17817 208976 208531 10108 7600 2508 1612 17069 16645
internal_count=267141 40348 13438 13156 10983 2173 26910 2357 24553 24088 1631 22457 16639 465 1961 1698 1271 16425 5237 11188 226793 17817 208976 208531 10108 7600 2508 1612 17069 16645
is_linear=0
shrinkage=0.03


Tree=149
num_leaves=31
num_cat=0
split_feature=3 0 9 13 10 4 10 10 8 12 6 9 13 12 2 6 0 4 6 4 10 1 4 1 6 13 10 10 1 0
split_gain=0.647879 1.07337 0.893649 0.822391 0.925335 1.54187 0.761634 1.13852 0.720981 0.781324 0.752927 1.51313 0.68898 0.647 0.925109 0.766781 1.77384 1.08632 0.730469 0.955691 0.696294 0.775132 0.663022 0.726816 0.972489 0.683592 0.644713 0.928175 1.15431 0.816464
threshold=-0.0015276304838293118 -0.028191641117838614 -0.08887169581845665 0.0094486733509474251 -0.0003514171155731271 0.0019452866642826196 -0.0071696385853255431 -0.00068698624494850636 0.06566694001655618 0.0019236478783369317 0.23968869885597513 -0.025686515334318479 0.076453075949644719 0.002478630105262281 8.5744316964904446 0.065667964690630534 0.011235947175568974 -0.032931485444483592 -0.078998380942597687 -0.014144918157399709 0.0023368337974988278 0.012804543052356678 -0.012136442958486702 0.018679263108357883 0.017103756770452731 0.044293193621162998 -5.2439772548040768e-05 0.00068867122813398584 0.0033048771908194001 -0.00085397840466427944
decision_type=10 10 8 2 10 10 10 10 10 8 10 8 2 8 10 10 10 10 10 10 10 2 10 2 10 2 8 10 2 8
left_child=3 2 -2 4 5 -1 -4 -8 10 -10 12 -12 -3 -5 15 26 17 -17 -16 20 -20 -22 -21 -24 25 -25 -15 28 -28 -29
right_child=1 8 6 13 -6 -7 7 -9 9 -11 11 -13 -14 14 18 16 -18 -19 19 22 21 -23 23 24 -26 -27 27 29 -30 -31
leaf_value=0.00048186778694323115 0.00027769665890593634 -5.1268749338684965e-05 -0.00042344935396699092 6.6480334593903759e-05 9.0784909594122899e-05 0.003161989734323677 -0.0039120991608194476 -0.0010031294086671246 0.00013715241909053374 0.0025144153568373226 -0.00090617770754481449 0.0019627569501405287 -0.00090650152248534577 -0.00024661468966284211 0.0017870598519044562 0.0006836764591492035 0.0016787063183388515 -0.0011789239946535036 -0.00066709814032892749 0.0020854250235668274 0.0020649290143438309 -0.00031497337080051412 -6.7135503140557185e-05 0.0016574052377694808 0.0027838780466254123 -0.00071542715214980906 -0.00092889352672382707 0.00039031231753777345 0.00062123757447752682 -0.00017579444476196934
leaf_weight=4429 379 138409 361 68585 10647 202 210 286 319 204 260 455 853 14432 297 330 267 1930 1203 269 208 302 931 205 235 234 494 2742 3464 13999
leaf_count=4429 379 138409 361 68585 10647 202 210 286 319 204 260 455 853 14432 297 330 267 1930 1203 269 208 302 931 205 235 234 494 2742 3464 13999
internal_value=-1.11654e-05 -5.5111e-05 -0.000935319 3.8503e-05 0.000244764 0.000598772 -0.00147176 -0.00223475 -4.73677e-05 0.00106442 -5.15217e-05 0.000919508 -5.65072e-05 9.88827e-06 -8.35441e-05 -0.00012901 -0.000633754 -0.000906951 0.000357278 0.000238893 -0.000273284 0.000655653 0.000707068 0.000476054 0.00122636 0.000392615 -9.27033e-05 1.46086e-05 0.000427765 -8.30721e-05
internal_weight=267141 141736 1236 125405 15278 4631 857 496 140500 523 139977 715 139262 110127 41542 37658 2527 2260 3884 3587 1713 510 1874 1605 674 439 35131 20699 3958 16741
internal_count=267141 141736 1236 125405 15278 4631 857 496 140500 523 139977 715 139262 110127 41542 37658 2527 2260 3884 3587 1713 510 1874 1605 674 439 35131 20699 3958 16741
is_linear=0
shrinkage=0.03


Tree=150
num_leaves=31
num_cat=0
split_feature=5 1 10 10 6 1 9 11 1 7 11 10 11 11 8 1 9 11 6 7 2 11 6 7 9 7 11 9 8 5
split_gain=0.493316 0.810065 0.797483 1.37708 0.792493 0.734072 0.956374 0.969364 0.654885 0.632314 0.687113 1.04749 0.636225 0.581441 0.643046 0.532819 0.632553 0.587361 0.785696 0.826478 0.532339 0.529163 0.517317 0.856837 0.509854 0.393179 1.35321 1.51496 1.11084 0.905294
threshold=0.082658040644484967 0.043939283787772128 0.00012295138957774124 0.00082111126238348941 -0.072406224782414583 -0.033542172240368366 -0.07479948080060049 -0.0038815822646925953 -0.0052283807239656968 0.44035841952510107 -0.0023759954727332051 -0.0027666628639469999 -0.0012950355508873355 -0.0023325018854586928 0.039206858551288061 0.017109960865749677 -0.099673428722667254 -0.00013418238811147007 0.048702670065214455 -0.014934724931667474 -1.4436620013170824 -0.0014733940465248561 0.084563057947879675 0.19060312433552587 -0.094065455535686945 0.34999994988344224 -0.0036100700342038823 -0.032710038739960083 0.043561952448948289 0.064040474269701095
decision_type=10 2 10 10 8 2 8 10 2 8 8 8 10 10 8 2 10 10 10 10 10 8 10 10 10 10 8 10 10 10
left_child=25 2 9 13 21 -6 24 -8 -9 10 11 -2 -12 -4 -15 17 -17 -14 19 -19 -3 -5 -10 -24 -7 -1 28 -28 -27 -29
right_child=1 20 3 4 5 6 7 8 22 -11 12 -13 15 14 -16 16 -18 18 -20 -21 -22 -23 23 -25 -26 26 27 29 -30 -31
leaf_value=-1.2427486446684806e-06 -0.002179638115392487 0.0020091178404916948 -0.00046895950043968521 -0.00031559599853077966 0.00080336150916709189 -0.0010512759427134225 0.00150584959797761 -0.0014167529637574951 -0.0011038562227705759 0.0016413924786034951 0.001540502578199325 0.00020713754336047969 -0.0010338140029211374 -0.0014018041715976057 -0.0035831719854719597 -0.0019063152455360509 0.00035816672772391513 0.00025715386199225197 -0.00033700836437495878 0.0025817749375797142 3.8244880194289852e-05 0.0014625706914949712 0.0019566349883044509 -0.00069724559373057944 -0.002598440681377219 0.0030843085648644881 0.00073567500605450041 -0.0003081582311024777 0.00013817217489151226 -0.0024344160423440285
leaf_weight=256687 310 223 203 283 309 661 233 515 245 209 278 355 233 272 220 248 201 283 418 268 276 322 217 221 270 268 1524 1171 202 213
leaf_count=256687 310 223 203 283 309 661 233 515 245 209 278 355 233 272 220 248 201 283 418 268 276 322 217 221 270 268 1524 1171 202 213
internal_value=-3.82621e-06 -0.000247516 -0.000333448 -0.000606925 -0.000349606 -0.000571675 -0.000751559 -0.000264648 -0.000608993 5.39865e-05 -7.39117e-05 -0.000905495 0.000212767 -0.00181984 -0.00237721 -1.08011e-05 -0.000892594 0.000318587 0.000643778 0.00138782 0.000919016 0.0006308 7.86847e-08 0.000617577 -0.00149997 2.98884e-06 0.000324538 8.31447e-05 0.0018181 -0.000635393
internal_weight=267338 7273 6774 3971 3276 2671 2362 1431 1198 2803 2594 665 1929 695 492 1651 449 1202 969 551 499 605 683 438 931 260065 3378 2908 470 1384
internal_count=267338 7273 6774 3971 3276 2671 2362 1431 1198 2803 2594 665 1929 695 492 1651 449 1202 969 551 499 605 683 438 931 260065 3378 2908 470 1384
is_linear=0
shrinkage=0.03


Tree=151
num_leaves=31
num_cat=0
split_feature=7 11 7 11 2 11 3 0 11 4 11 6 7 0 8 3 6 0 9 9 2 8 8 4 6 9 7 2 0 12
split_gain=0.615598 0.919366 1.49294 1.21145 1.35857 1.28851 1.41766 1.05783 0.864939 0.849024 0.910776 0.776667 0.825587 0.921335 0.713501 0.713016 0.663746 0.621105 0.615053 0.801678 0.772752 0.744789 0.60787 0.591582 0.589213 0.762659 0.674408 0.580765 0.580453 0.577224
threshold=-0.099568951117606039 0.0028505384394292847 -0.17836104817905848 0.00031684396026343547 10.955286607492502 0.00019229213940374915 -0.046979232408247799 0.0012822807149415196 -0.0023325018854586928 0.014389491044032645 0.0040985195380104375 0.054030445006532431 -0.12031651973661932 -0.0022777814208124743 0.02771578615117214 0.022142519163031008 -0.090759589058289666 -0.013759812659194624 -0.14498596720604287 -0.19077958135772063 -1.0595338803859662 0.022126586770104793 0.02173131513414446 -0.00251991706985305 -0.006578968832697262 -0.16147175517522713 -0.11508557155197034 -0.60436359868784939 -1.0000000180025095e-35 0.0021363190162034811
decision_type=8 8 10 10 10 10 10 10 10 10 10 10 10 10 10 10 10 10 10 10 10 10 10 10 10 10 10 10 10 10
left_child=1 3 9 4 5 6 8 -6 14 10 -3 12 17 22 -1 -8 -10 -5 19 -4 -21 -20 -14 28 25 -15 -27 -12 -22 -9
right_child=-2 2 18 11 7 -7 15 29 16 -11 27 -13 13 24 -16 -17 -18 -19 21 20 23 -23 -24 -25 -26 26 -28 -29 -30 -31
leaf_value=-0.00076450551628323195 -7.0735926255292475e-06 -0.0018880660598839544 0.00071974652810380434 -0.00047864682729762624 0.0029603700389127536 -0.0021585219846922453 -0.00011258415983082213 0.0015825548752287305 0.0033547250260754923 -0.002804082092858829 0.00047377644227420134 0.002388788713765098 0.0019806928595137454 0.0010728764485405837 0.0011778876981883416 0.00052816532835781439 0.00094920532166725019 0.00082744806285737582 0.0011556745264962543 0.00019401244161414041 -0.00037824364818945589 -0.0001677529800040016 6.4707866872706243e-05 -0.00011722374135566524 0.0006794400933484001 -0.0022839066452533005 -0.0005242656613520597 -0.0013262907243915833 -0.0021904633802217097 -0.00052915592504760775
leaf_weight=273 238290 406 624 355 244 241 12186 232 209 215 492 200 310 207 452 1793 204 4259 833 794 244 708 287 403 421 250 908 240 457 234
leaf_count=273 238290 406 624 355 244 241 12186 232 209 215 492 200 310 207 452 1793 204 4259 833 794 244 708 287 403 421 250 908 240 457 234
internal_value=8.73096e-06 0.00014004 -0.000211991 0.000221991 7.71084e-05 1.77964e-05 5.24919e-05 0.00136009 0.00107071 -0.00107513 -0.000748477 0.000545456 0.000492767 3.93226e-05 0.000446476 -3.03992e-05 0.00216653 0.000726957 7.54371e-05 -0.000213087 -0.000519773 0.000547636 0.00105961 -0.00103313 -0.000301725 -0.00060434 -0.000904154 -0.00011641 -0.00155968 0.000522168
internal_weight=266971 28681 5416 23265 16068 15358 15117 710 1138 1353 1138 7197 6997 2383 725 13979 413 4614 4063 2522 1898 1541 597 1104 1786 1365 1158 732 701 466
internal_count=266971 28681 5416 23265 16068 15358 15117 710 1138 1353 1138 7197 6997 2383 725 13979 413 4614 4063 2522 1898 1541 597 1104 1786 1365 1158 732 701 466
is_linear=0
shrinkage=0.03


Tree=152
num_leaves=31
num_cat=0
split_feature=5 11 3 0 4 9 11 0 2 10 13 2 11 4 3 13 0 1 13 0 4 0 12 10 0 2 3 5 0 12
split_gain=0.475314 0.797286 1.03996 0.933398 0.923802 1.12197 0.840664 0.818895 0.788668 1.01567 0.764513 1.06499 0.847395 0.702797 0.763497 0.676301 0.689525 0.562836 0.530901 0.52096 0.513128 0.832186 0.718841 1.11533 1.30806 0.809912 0.653599 1.04605 0.927085 0.800255
threshold=0.082658040644484967 -0.000760546972662146 0.084201131609985561 0.0054105199744285412 -0.06164151120979066 -0.14318809233710009 -0.0013693886231044836 0.0066675413021137784 -1.2278409502618595 -0.0027255297015332243 0.037415422289438179 -0.63947254979549883 0.0011882636441613583 -0.04323848616955555 0.0043688955637202218 0.027400771802503721 0.012047700255651496 0.0023255703866129633 0.022635130643166225 -0.0044495201649288876 0.027663225857651356 0.018674502015312181 -0.0060335166816706245 -0.0062837051052680995 0.00081230727044923079 -2.6535408979760722 -0.014062699223687468 0.032203233344900738 -0.034499345965972088 -0.0093077380887832111
decision_type=8 8 10 8 10 10 10 10 10 8 2 10 10 10 8 2 8 2 2 10 10 10 10 10 10 10 10 10 10 8
left_child=20 2 6 4 5 -3 8 19 9 -2 15 12 -12 -6 -15 18 -17 -10 -5 -4 26 22 -22 -24 25 -25 28 -28 -1 -30
right_child=1 3 7 10 13 -7 -8 -9 17 -11 11 -13 -14 14 -16 16 -18 -19 -20 -21 21 -23 23 24 -26 -27 27 -29 29 -31
leaf_value=0.0010470546393417349 0.0020131261688146013 -0.00020894426000749635 0.0013435225350594219 -0.0017913366282007019 -0.0020465423237238946 0.0025817203286957616 0.0011316279083341348 0.0022254736700429104 -0.00060758865047294065 -0.00025474943148945026 -0.0024300862992291941 0.0011699434370521895 -0.00022133870476783059 0.0012099627809434707 -0.00055081450280746239 -0.0012571434521496364 -0.0035764904686321148 -0.0022239625671996196 0.00030186148246795665 -0.00069801646659188739 0.00047047572451982948 -0.00054194834012244084 -0.0010408720646725904 0.0016460459033575325 -0.00013284156401908301 0.00040279026408823006 -9.1496356976525595e-07 -0.00016912403760355752 0.00025664744720559817 -6.3007128907265193e-06
leaf_weight=874 205 306 208 233 219 225 382 318 730 1336 255 267 404 272 1197 223 239 264 205 245 6147 1425 766 554 5796 3170 143626 43306 14081 40029
leaf_count=874 205 306 208 233 219 225 382 318 730 1336 255 267 404 272 1197 223 239 264 205 245 6147 1425 766 554 5796 3170 143626 43306 14081 40029
internal_value=-8.58368e-06 -0.000240359 7.86608e-05 -0.000531224 -0.000117827 0.000973541 -0.000180335 0.00105855 -0.000378036 4.69472e-05 -0.00103359 -0.000428421 -0.00107601 -0.000461142 -0.000224789 -0.00165625 -0.00245698 -0.00103689 -0.000811643 0.000239379 -1.68414e-06 0.000153502 0.000213808 6.04216e-05 0.000149034 0.000587743 -1.31398e-05 -3.98835e-05 7.7782e-05 6.21261e-05
internal_weight=267507 7733 3688 4045 2219 531 2917 771 2535 1541 1826 926 659 1688 1469 900 462 994 438 453 259774 17858 16433 10286 9520 3724 241916 186932 54984 54110
internal_count=267507 7733 3688 4045 2219 531 2917 771 2535 1541 1826 926 659 1688 1469 900 462 994 438 453 259774 17858 16433 10286 9520 3724 241916 186932 54984 54110
is_linear=0
shrinkage=0.03


Tree=153
num_leaves=31
num_cat=0
split_feature=3 7 10 10 5 10 11 7 7 1 5 13 9 10 8 5 3 11 11 5 11 8 5 11 2 2 11 8 3 11
split_gain=0.520932 0.786468 0.814074 0.922072 0.837261 0.963191 0.878587 0.90074 0.76844 0.74983 0.795709 1.39474 0.803947 0.733233 0.742783 0.716281 0.746751 1.34926 0.984395 0.803689 0.74688 0.815369 1.10906 1.09092 1.04404 1.40269 0.922397 1.06496 0.856245 0.890992
threshold=-0.014062699223687468 0.24822156068674431 -0.004073978090837648 -0.0048640820557705458 0.021539053391309626 -0.0020158268329569791 0.00648197511525861 0.050986361240825902 0.094724336139470081 -0.021119811026918952 0.049882627602997408 0.032298569732212991 -0.083180823425418923 0.008946640679050823 0.01177824683650963 0.024508303367421297 0.028961107315372828 -0.012546539886328088 -0.012546539886328088 0.03467151796328468 0.0010876520202287578 0.028777813505433014 0.059109000061700057 -0.005365314619582894 -6.6738424871129611 -2.422559665834406 -0.0034421010798009184 0.03253842919984435 -0.01132554322990431 -0.0013693886231044836
decision_type=8 10 10 8 10 10 10 10 8 2 10 2 10 10 8 8 10 8 8 10 8 8 8 10 8 10 10 8 10 10
left_child=1 2 3 -1 5 -4 13 -8 -5 -3 12 -12 -11 14 -6 -2 18 -18 -17 -19 21 28 24 -24 -23 -26 -25 -28 29 -20
right_child=15 9 4 8 6 -7 7 -9 -10 10 11 -13 -14 -15 -16 16 17 19 20 -21 -22 22 23 26 25 -27 27 -29 -30 -31
leaf_value=0.00018392977343533647 4.1996315790035684e-05 0.0019153659911201901 -0.0011533407268420784 0.0012743705661412172 0.00066567794099083608 0.00060137460383681573 0.00032546437558451051 0.0021856237982594692 -0.0005974122933898265 -0.0018494463653545468 0.0024088838905656821 -0.00012818219889379519 0.00028791326297750744 0.00050280043230936937 -8.7574013120625827e-05 0.0012632038838590585 -0.00211488743673498 0.00055334596984076923 -0.0010990817656407173 3.244162928532558e-05 1.0129072491624935e-05 0.0012288508701776327 0.0023253505435099618 -0.0015711901632594403 -0.0011342098922789211 -0.00035186039218193033 0.0022868150199942087 1.0862504977639997e-05 -6.7986221697725468e-05 -5.8575500007676377e-05
leaf_weight=5653 103828 358 307 1357 1214 3395 1057 301 231 208 377 404 664 2151 39968 465 251 3034 1540 21961 26301 324 216 263 2520 11362 219 1193 35243 1427
leaf_count=5653 103828 358 307 1357 1214 3395 1057 301 231 208 377 404 664 2151 39968 465 251 3034 1540 21961 26301 324 216 263 2520 11362 219 1193 35243 1427
internal_value=7.86421e-06 8.77545e-05 6.66868e-05 0.000363358 2.22962e-05 0.000455859 -1.36182e-05 0.000737768 0.00100209 0.000670589 0.000401 0.0010965 -0.000221916 -3.71657e-05 -6.5369e-05 -1.40503e-05 -6.87838e-05 7.36935e-05 -0.000113151 9.56712e-05 -0.000121091 -0.000184641 -0.000363737 0.000318786 -0.00045459 -0.00049388 6.00289e-05 0.000363861 -0.000109192 -0.000598643
internal_weight=267792 57645 55634 7241 48393 3702 44691 1358 1588 2011 1653 781 872 43333 41182 210147 106319 25246 81073 24995 80608 54307 16097 1891 14206 13882 1675 1412 38210 2967
internal_count=267792 57645 55634 7241 48393 3702 44691 1358 1588 2011 1653 781 872 43333 41182 210147 106319 25246 81073 24995 80608 54307 16097 1891 14206 13882 1675 1412 38210 2967
is_linear=0
shrinkage=0.03


Tree=154
num_leaves=31
num_cat=0
split_feature=7 5 3 5 10 8 0 5 2 0 0 12 5 2 2 11 9 9 11 5 11 11 0 0 3 8 2 12 3 5
split_gain=0.410281 0.878532 0.657821 1.65154 1.03846 0.844808 0.58162 0.499562 0.455729 0.848404 0.791451 0.455702 0.472429 0.723388 0.679195 0.872182 0.811065 0.701824 0.801408 0.768249 0.753657 0.734111 0.688744 1.0071 0.807065 0.634965 0.53171 0.427145 0.659454 0.609012
threshold=-0.2115245281657144 0.074935909173195966 -0.022259302867313532 0.035294139521100977 0.00010802647952978807 0.044424187962978208 0.0037313694558653858 0.047126719664009852 -1.1952229894149433 0.0023643894580441809 0.0037313694558653858 -0.031093505766181747 0.0270117133007866 -0.6803979533924519 9.3801751008015533 0.0011882636441613583 -0.038959456749384384 -0.032710038739960083 -0.0042809602293659146 0.055980945427955023 -0.0018977520677725399 -0.00018484647048827571 0.00081230727044923079 0.0067618884727824744 -0.0328799652855205 0.026465481020962196 8.7769802406251269 -0.029297019120139597 -0.0213429016326207 0.03147674703413636
decision_type=8 10 10 10 10 10 10 10 10 10 10 8 10 8 10 10 8 8 10 10 10 10 10 10 10 8 10 8 10 10
left_child=1 2 4 5 -1 -4 -3 -6 9 -5 -10 12 13 -2 15 17 -17 18 19 -14 -19 22 -20 -24 -25 -16 -15 28 -13 -30
right_child=11 6 3 8 7 -7 -8 -9 10 -11 -12 27 14 26 25 16 -18 20 21 -21 -22 -23 23 24 -26 -27 -28 -29 29 -31
leaf_value=-0.00064521561070325596 -0.00026280492973275297 -0.00051076797202681307 -6.8438521800531465e-05 -0.0034400188542324404 0.00029261330424937201 0.0021630176941592554 -0.0025901473284790956 0.0021362399030743057 0.00052275817610361445 -0.00077623739745061207 -0.0018535857457346325 0.00069417614459017308 -0.00020461290541136162 0.0028521400114591669 -0.0021611752892026631 0.0016777302481694081 -0.00022162079162040904 0.0019383390991460166 0.0016766493747127243 -0.0022060887442369548 -6.7325642374203265e-05 -0.00088972161194916138 -0.0014089740150156481 0.0023424758314853533 1.2301738062149631e-05 0.00015189375177614657 0.00070666979202274778 6.9384869086625476e-06 0.00011177957909901373 -0.0016705780750994727
leaf_weight=401 242 252 521 203 227 216 233 317 245 229 260 261 418 212 205 659 292 328 348 294 347 433 274 200 404 223 204 258085 264 498
leaf_count=401 242 252 521 203 227 216 233 317 245 229 260 261 418 212 205 659 292 328 348 294 347 433 274 200 404 223 204 258085 264 498
internal_value=6.00319e-06 -0.000336895 -0.000119704 -0.000476932 0.0005131 0.000585557 -0.00150973 0.00136693 -0.00131263 -0.00202797 -0.000700706 1.00319e-05 0.00029134 0.00104136 0.000179812 0.000301435 0.00109454 5.38167e-05 -0.000189155 -0.00103107 0.000907279 0.00017217 0.000547211 9.95515e-05 0.000783883 -0.000956001 0.00180003 4.51341e-06 -0.00060729 -0.00105307
internal_weight=267295 3104 2619 1674 945 737 485 544 937 432 505 264191 5083 658 4425 3997 951 3046 2371 712 675 1659 1226 878 604 428 416 259108 1023 762
internal_count=267295 3104 2619 1674 945 737 485 544 937 432 505 264191 5083 658 4425 3997 951 3046 2371 712 675 1659 1226 878 604 428 416 259108 1023 762
is_linear=0
shrinkage=0.03


Tree=155
num_leaves=31
num_cat=0
split_feature=0 10 5 5 1 12 7 6 7 6 9 9 0 10 9 10 6 10 6 13 9 9 8 7 1 13 10 6 9 8
split_gain=0.639223 0.917779 1.11776 0.690076 1.69967 1.64087 1.0482 0.956965 0.956744 0.756103 0.752624 1.09555 1.18816 0.740686 0.978884 0.785926 0.763157 0.761205 0.731379 0.715224 0.851613 0.860491 0.715201 0.703737 0.700217 1.15733 0.977153 0.948891 0.804954 0.867179
threshold=-0.00070815570756643787 -0.0086377534955604501 0.029952685697972162 0.059109000061700057 0.039574152487219079 0.020709017954421319 -0.2115245281657144 -0.049373584632069527 -0.12947619479331671 -0.055782934663275212 -0.05033726712135627 -0.014374517012559205 0.011490297309781019 -0.00029914952501836062 -0.058512345036840323 0.0017991784466540042 -0.015663210213057773 0.0026504755997879275 -0.032277251844197212 0.039089380345022372 -0.023544944875818371 -0.03806029602155158 0.042791504470379237 0.19584249652667732 0.01811087337814277 0.028546979608938098 -0.0041925162433013021 -0.087552950283723049 -0.069461014732136936 0.018503662987540397
decision_type=10 8 8 10 2 8 8 8 8 10 10 10 10 10 8 10 10 10 8 2 10 10 10 8 2 2 8 10 8 10
left_child=-1 2 -2 24 5 6 -5 8 -8 22 13 19 -13 14 16 -15 -9 -17 -6 -12 21 -21 -10 -7 -3 28 -27 -28 29 -26
right_child=1 3 -4 4 18 23 7 10 9 -11 11 12 -14 15 -16 17 -18 -19 -20 20 -22 -23 -24 -25 25 26 27 -29 -30 -31
leaf_value=5.4482651182772341e-05 0.0028779890096064286 -4.9095933891308392e-05 -0.00024095365624708022 -0.0015928509010122124 -0.00019474551244638859 -0.0008967153837676795 0.001283578082333718 -0.00068995609922320076 -0.00044682975759567981 0.001480013889610043 6.6175823156827283e-05 -0.0013019092096526676 0.00057976045239469486 -0.001268959372819421 -0.001866546211251989 0.00043889181548326366 0.0009372194902897799 -0.0007181070991280795 0.0019579014233748401 0.0019604283538373077 0.0028089098855783577 -0.00060905238562870931 0.00098227587458317553 -0.0024506036950913083 -0.0011880184754977637 0.0016086047682040618 -0.0013454122939641014 4.3393545487804025e-05 0.0012318415902067192 0.00065908389901567373
leaf_weight=78981 213 160619 201 473 210 1056 700 386 1679 281 2366 949 443 1533 200 693 791 1957 439 204 201 276 388 349 311 339 469 7916 1420 865
leaf_count=78981 213 160619 201 473 210 1056 700 386 1679 281 2366 949 443 1533 200 693 791 1957 439 204 201 276 388 349 311 339 469 7916 1420 865
internal_value=-1.71317e-05 -4.72293e-05 0.00136372 -5.03445e-05 -0.000241568 -0.000306921 -0.000205519 -0.000155223 0.000310133 1.99232e-05 -0.000297077 -5.78647e-06 -0.000703073 -0.000529638 7.38623e-05 -0.000728305 0.000403583 -0.000415541 0.00126136 0.000312764 0.00116949 0.000482977 -0.00017857 -0.0012827 -3.30237e-05 0.000195024 2.95532e-05 -3.42868e-05 0.000751097 0.000170607
internal_weight=266908 187927 414 187513 15574 14925 13520 13047 3048 2348 9999 4439 1392 5560 1377 4183 1177 2650 649 3047 681 480 2067 1405 171939 11320 8724 8385 2596 1176
internal_count=266908 187927 414 187513 15574 14925 13520 13047 3048 2348 9999 4439 1392 5560 1377 4183 1177 2650 649 3047 681 480 2067 1405 171939 11320 8724 8385 2596 1176
is_linear=0
shrinkage=0.03


Tree=156
num_leaves=31
num_cat=0
split_feature=8 9 2 3 0 9 11 11 8 1 13 9 8 8 5 5 13 7 5 11 7 2 8 8 9 0 1 9 11 7
split_gain=0.589228 0.631669 0.778534 0.696372 1.26989 0.854151 1.10227 1.18278 1.31992 0.89682 0.804503 0.787997 0.726851 0.825222 0.825185 0.912844 1.09939 0.876718 0.760197 0.782348 0.758439 0.69409 1.38054 1.02196 0.681495 0.67127 0.690743 0.714413 0.660625 1.18753
threshold=0.014938485243505209 -0.0064463921836128693 -1.5655225321886788 0.02320206247288881 -0.012261595315027738 -0.025686515334318479 0.0030247357271071533 0.00010446439662858965 0.034808485311067047 0.02978140980251898 0.024319660043663715 -0.017898059548734354 0.019692883825690188 0.020140661759303468 0.040241448628794807 0.042021413904498157 0.020498478046751617 0.017335151860410795 0.103036177656569 0.00080443741106184252 -0.055424481544900477 -1.5179148373871951 0.034015809947005406 0.029088936501292718 -0.02824571947259907 0.0010532575399431201 0.00043508479733267441 -0.085267272248871859 -0.001726110653272994 0.20744796298231397
decision_type=10 10 10 10 10 10 10 8 10 2 2 10 10 10 10 10 2 8 10 10 8 10 10 10 10 10 2 10 8 10
left_child=-1 2 3 12 -5 9 7 8 10 25 -7 -9 14 -14 20 -16 -17 -18 28 -20 -2 -3 23 -23 -22 26 27 -6 29 -15
right_child=1 21 -4 4 5 6 -8 11 -10 -11 -12 -13 13 18 15 16 17 -19 19 -21 24 22 -24 -25 -26 -27 -28 -29 -30 -31
leaf_value=8.0696600705860652e-05 0.00050184282418779924 0.00069872657900383489 5.6355952599195624e-06 -0.0012885138959237527 0.0012454618756625668 -0.00027351591295212254 -0.0021740471785729877 -0.00038319508036549547 0.0010881129734207715 0.0020784290976283634 -0.0017787499050189812 0.0015128012001669794 -0.00098262261872407528 -0.00014284539823344034 -0.0023069300309655387 0.00061778446563450829 -0.00045921947360976541 -0.0027475670063043787 9.2380095726916014e-06 0.0022144220200690057 -0.00018222355227614365 7.1072126714410774e-05 -0.0012965615151974198 0.0014763516181133213 0.00036225195643805805 9.4564250512081414e-05 0.0014183875397095072 -0.00034685762864125082 -0.00032068718409153938 0.00088362353594857268
leaf_weight=62487 3055 2180 135398 546 415 689 241 304 358 274 596 562 1289 10755 248 610 540 209 388 231 7664 3842 597 530 2834 3871 851 652 23439 1120
leaf_count=62487 3055 2180 135398 546 415 689 241 304 358 274 596 562 1289 10755 248 610 540 209 388 231 7664 3842 597 530 2834 3871 851 652 23439 1120
internal_value=8.14208e-08 -2.45769e-05 -3.46226e-05 -0.000122909 0.00011545 0.000202431 -0.000236104 -4.99562e-05 -0.00052285 0.000401338 -0.000971663 0.000847232 -0.000165496 -0.000236815 9.61085e-06 -0.000633161 -0.00032772 -0.00109776 -0.000210061 0.000832174 8.58253e-05 0.000252441 5.66469e-05 0.000241429 -3.5239e-05 0.000321959 0.000780898 0.000272461 -0.00022833 -4.60332e-05
internal_weight=266775 204288 197139 61741 9359 8813 2750 2509 1643 6063 1285 866 52382 37222 15160 1607 1359 749 35933 619 13553 7149 4969 4372 10498 5789 1918 1067 35314 11875
internal_count=266775 204288 197139 61741 9359 8813 2750 2509 1643 6063 1285 866 52382 37222 15160 1607 1359 749 35933 619 13553 7149 4969 4372 10498 5789 1918 1067 35314 11875
is_linear=0
shrinkage=0.03


Tree=157
num_leaves=31
num_cat=0
split_feature=1 0 6 2 3 5 8 9 0 2 1 9 2 12 8 9 4 9 3 4 9 0 3 6 6 8 8 1 12 8
split_gain=0.611581 0.911447 0.953312 1.26348 1.2144 1.43761 1.26268 1.07808 1.00218 0.872286 0.976221 0.859124 0.85044 0.792199 1.04207 0.858298 0.790466 0.780477 0.783284 1.53916 1.41286 0.874687 0.76555 0.75744 0.873039 1.00895 0.934235 0.754465 1.3256 0.723799
threshold=-0.0017548619764579663 0.011490297309781019 0.092509840742021412 6.7916553773912378 0.027534673304888572 0.02819589516768858 0.026601361018518791 -0.034482755039710926 -0.009643849546269621 -0.53616665166417177 0.0017424968815211719 -0.050848554471991818 -0.7534191994564553 -0.0010701264843218092 0.030668699092111295 -1.0000000180025095e-35 0.00011440672033657952 -0.0069679525291316815 0.0036204737009980508 -0.019114885393049005 -0.089567325036032305 -0.003475072875677165 -0.010876747404091612 0.073932043592485633 0.086951045192797741 0.026865089772075742 0.036477352469549681 -0.0095318546346642701 -0.0071617113518322997 0.059080598138895372
decision_type=2 10 8 10 10 8 10 8 8 8 2 10 8 8 8 10 10 10 10 10 10 10 10 8 8 8 10 2 8 8
left_child=12 2 29 4 5 6 -4 11 -7 10 -9 -6 17 14 16 23 -3 18 20 -20 21 22 -1 -15 -25 -26 -27 28 -21 -2
right_child=1 13 3 -5 7 8 -8 9 -10 -11 -12 -13 -14 15 -16 -17 -18 -19 19 27 -22 -23 -24 24 25 26 -28 -29 -30 -31
leaf_value=0.0006947599804737304 -4.6445748195944395e-05 -0.00074209850422301963 -0.00063416495069349918 0.00078465805181048346 0.00016169920878266876 0.00028302939458064134 0.0010210183865562506 0.0019956627214813361 -0.0013337589594330382 -0.0014656938337533835 -0.000246235789419185 0.0026092846647585827 0.00013306189253208445 0.00023307523403415402 -0.0018033666758792014 -0.001261813486062531 0.0011132592796240068 0.00046738081379924516 -0.0022617440877013666 -6.927603552253361e-05 0.00018864293168509522 -0.00028058687737369029 -0.00043497178598581889 0.0023643498504742643 -0.0010669992139145474 0.0018976024712216767 6.6076322438226518e-05 -0.00031415685180522364 0.0011237779262076504 0.00066727603372061361
leaf_weight=1691 116447 465 1270 767 282 393 616 207 2828 420 1124 238 63207 8966 385 310 372 2822 314 11196 23357 12921 793 313 261 527 478 12217 906 1293
leaf_count=1691 116447 465 1270 767 282 393 616 207 2828 420 1124 238 63207 8966 385 310 372 2822 314 11196 23357 12921 793 313 261 527 478 12217 906 1293
internal_value=7.50676e-06 -3.64379e-05 -6.03216e-05 -0.000374205 -0.000494678 -0.000751338 -9.35536e-05 8.2497e-05 -0.00113649 -0.000273705 0.000102429 0.00128194 5.43505e-05 0.000212514 -0.000511653 0.000294036 8.2505e-05 -2.0783e-05 -4.25134e-05 -0.000174795 4.15504e-05 -0.000181471 0.000334101 0.000339775 0.000945646 0.000594893 0.00102649 -0.000147848 2.00403e-05 -3.86078e-05
internal_weight=267386 137962 125885 8145 7378 5107 1886 2271 3221 1751 1331 520 129424 12077 1222 10855 837 66217 63395 24633 38762 15405 2484 10545 1579 1266 1005 24319 12102 117740
internal_count=267386 137962 125885 8145 7378 5107 1886 2271 3221 1751 1331 520 129424 12077 1222 10855 837 66217 63395 24633 38762 15405 2484 10545 1579 1266 1005 24319 12102 117740
is_linear=0
shrinkage=0.03


Tree=158
num_leaves=31
num_cat=0
split_feature=3 13 11 11 8 12 2 12 4 13 10 5 13 8 12 10 13 5 8 6 10 6 4 12 9 5 4 9 3 12
split_gain=0.507873 0.875634 0.706824 0.820315 2.42171 1.05628 1.17976 0.91176 0.835205 1.68962 0.817261 0.748749 0.70188 1.2049 0.876069 1.97297 1.24646 0.961978 0.868955 0.984818 0.811267 0.872622 0.77877 1.37547 0.982392 0.884496 1.22279 0.964424 0.959178 0.923261
threshold=-0.0045316074095032568 0.0095468059610051819 -0.0036100700342038823 -0.0031245013392179328 0.016701483880204707 0.016145292866300068 5.6011493419762362 -0.013262224545934729 -0.072951771337649171 0.036359441812190578 0.0032065108569750982 0.022927696810586238 0.045249210407717462 0.06566694001655618 0.043082652391379213 -0.00066053218267364533 0.069267995657114542 0.039682540713252244 0.05562572911072982 -0.045707831791154334 0.004396140493020507 0.084563057947879675 0.00027575638559973475 0.010313153897336171 -0.021833361399574588 0.04548936859388001 0.0374774840970672 -0.23427569062383255 0.056788152311820335 0.018155535817344085
decision_type=10 2 10 10 8 10 8 10 8 2 10 10 2 10 10 10 2 10 10 8 10 8 10 10 10 10 10 8 10 8
left_child=1 -1 -3 4 11 6 7 -6 9 -5 -9 -4 13 22 18 16 -16 -17 19 -14 -21 -22 23 24 -2 -24 27 -27 -29 -28
right_child=12 2 3 8 5 -7 -8 10 -10 -11 -12 -13 14 -15 15 17 -18 -19 -20 20 21 -23 25 -25 -26 26 29 28 -30 -31
leaf_value=0.00030170803840250576 -0.00025260345821468718 -0.00015756191946813839 -0.0019761894642508454 -0.0011170304187508604 -0.00037772032958355447 -0.00074946166969169217 0.0027417738182233349 0.00084684863581466674 3.1309206738142449e-05 0.0018488679815840147 0.0024829964528736825 -0.00015943226166408359 0.00071830190414100064 0.0016169900833574724 0.003060864057992965 -0.0013654872429715913 0.0003804766660480684 0.00037398040538173517 -0.0019923163195810865 -0.00067069274006992642 -0.00033281762753452723 0.001961775973345879 7.0847499969496164e-05 0.00031213145124498007 9.9209367930146343e-05 -0.0024012574103434801 0.00020285772402025903 -0.00038671160898076233 0.0012314471748727169 -0.00079022383824111329
leaf_weight=11718 33223 15629 350 244 431 306 347 1432 74866 593 340 490 643 407 294 547 333 600 321 4507 435 227 84451 5896 9100 207 8203 9936 341 939
leaf_count=11718 33223 15629 350 244 431 306 347 1432 74866 593 340 490 643 407 294 547 333 600 321 4507 435 227 84451 5896 9100 207 8203 9936 341 939
internal_value=6.30572e-06 5.7024e-05 2.68517e-05 6.31519e-05 0.000499562 0.000916025 0.00111588 0.000859786 4.18453e-05 0.000984257 0.00116078 -0.000916414 -2.74031e-05 -1.31323e-05 -0.000303006 0.000284137 0.00163731 -0.000455565 -0.00047284 -0.000388919 -0.000526652 0.000453999 -1.74887e-05 -0.000117155 -0.000176959 2.8687e-05 -0.00015273 -0.000373856 -0.00033302 0.000100856
internal_weight=267356 106746 95028 79399 3696 2856 2550 2203 75703 837 1772 840 160610 152703 7907 1774 627 1147 6133 5812 5169 662 152296 48219 42323 104077 19626 10484 10277 9142
internal_count=267356 106746 95028 79399 3696 2856 2550 2203 75703 837 1772 840 160610 152703 7907 1774 627 1147 6133 5812 5169 662 152296 48219 42323 104077 19626 10484 10277 9142
is_linear=0
shrinkage=0.03


Tree=159
num_leaves=31
num_cat=0
split_feature=9 10 0 13 12 10 12 0 5 6 8 6 3 3 6 12 12 10 7 10 3 6 10 3 5 6 3 12 0 1
split_gain=0.513547 0.823096 0.844947 1.4498 1.00222 0.890586 1.198 0.813454 0.992181 0.789555 0.761454 1.23238 0.978769 1.01126 0.890486 0.869369 0.926241 0.79506 0.75561 0.752765 0.843585 0.910069 0.74275 1.09701 1.05184 0.746189 0.727943 0.676672 0.676593 0.66727
threshold=-0.045576443508930968 -0.0017260044631248193 -0.00078222630978919117 0.048620097632458378 0.017600715147494509 -0.0014416768650087339 -0.00058983786707611497 -0.024303652410620432 0.074935909173195966 -0.087552950283723049 0.038778448648281699 0.13965682969120488 0.012860275757213714 -0.017639174985789815 0.17490788514770175 0.0058631572914619188 0.0093668153337920796 -0.0014772009041076892 -0.028519891788196246 -0.00078769242782322768 -0.029387249499080333 0.012346312140486872 -0.00097170315857042489 0.022142519163031008 0.090319231555580429 0.0062339223613219205 -0.028635230245198203 0.012760878964943602 0.0057142924214457222 0.02471113088372701
decision_type=8 8 8 2 8 10 8 10 10 10 10 10 10 10 10 8 10 10 8 10 10 10 10 10 10 10 8 10 10 2
left_child=7 26 3 5 -5 6 -3 8 9 -1 11 -9 13 15 22 17 -17 -12 -4 -19 -21 28 23 -14 29 -25 -2 -18 -22 -24
right_child=1 2 18 4 -6 -7 -8 10 -10 -11 12 -13 14 -15 -16 16 27 19 -20 20 21 -23 24 25 -26 -27 -28 -29 -30 -31
leaf_value=0.0019615436716614656 0.0014176364760667597 0.0023920583048456356 0.00070514713783009807 8.0156313948288193e-07 -0.0027073042825547611 0.00025340746971208399 0.00032521553542517339 -4.462691686944746e-05 -0.0011060065043294706 0.00043446482616890333 0.0010839750592929445 0.0014812022052224526 -0.00074288248257146461 -0.00067560890096758251 -0.0017376952223418819 -0.0022029377851847907 0.0011470236485278198 -0.0017956933280163742 1.2902024336340058e-05 -0.00037720349845612279 0.0010415878733456339 0.0019919824868214744 3.1116156597085842e-05 0.0023549751282783507 -0.0017536539849377769 0.00051583571147014991 -0.00015289172411051883 -0.00064161687727482615 -0.00094151497409911827 0.0018240941655935673
leaf_weight=353 269 422 1450 248 244 15681 628 142654 329 2228 700 478 267 5941 214 289 231 206 66647 1397 320 352 2105 417 281 379 21092 1082 300 205
leaf_count=353 269 422 1450 248 244 15681 628 142654 329 2228 700 478 267 5941 214 289 231 206 66647 1397 320 352 2105 417 281 379 21092 1082 300 205
internal_value=-1.76044e-05 3.34256e-05 7.5121e-05 0.000262845 -0.00134224 0.000310045 0.00115589 -5.14748e-05 0.000445545 0.000643321 -6.06394e-05 -3.95313e-05 -0.000266362 -0.000412808 0.000143219 -9.26734e-05 -0.000665366 0.000187465 2.76421e-05 -5.62465e-05 9.50098e-05 0.000773695 0.000253377 0.000921145 -2.05859e-05 0.0014793 -0.000133114 -0.000326936 8.2022e-05 0.000190233
internal_weight=267409 106681 85320 17223 492 16731 1050 160728 2910 2581 157818 143132 14686 10818 3868 4877 1602 3275 68097 2575 2369 972 3654 1063 2591 796 21361 1313 620 2310
internal_count=267409 106681 85320 17223 492 16731 1050 160728 2910 2581 157818 143132 14686 10818 3868 4877 1602 3275 68097 2575 2369 972 3654 1063 2591 796 21361 1313 620 2310
is_linear=0
shrinkage=0.03


Tree=160
num_leaves=31
num_cat=0
split_feature=9 9 1 8 7 11 13 12 6 2 12 1 13 2 0 4 13 6 8 13 1 0 7 6 4 9 4 4 8 13
split_gain=0.473817 0.626454 0.772983 0.564677 0.918923 0.722968 0.712825 0.516184 0.767245 0.448761 0.874938 0.787636 0.749186 0.72599 0.359421 0.760811 0.541361 1.13683 0.359298 1.08609 0.680408 0.594843 1.12658 0.960905 0.800532 1.13022 0.895316 1.12802 0.603604 0.581798
threshold=-0.0064463921836128693 -0.0054303078417323172 -0.013857433588653099 0.034808485311067047 0.30393468319807554 -0.0004582812871946062 0.018918912045590517 0.0093668153337920796 0.072145775019619843 -0.77066178204768088 0.02142482606223051 -0.0077435579403480883 0.021668774254838822 1.0000000180025095e-35 -0.049601262336056155 0.0031705615999325647 0.039738772295424898 -0.028762545208202647 0.028319457068308702 0.069267995657114542 -0.043293809901116802 -0.015680389983539097 -0.031387006723783188 0.02176159085824814 0.013060009368100258 -0.063361932159896037 -0.0044445802278668114 -0.01463105310562429 0.03253842919984435 0.053331140722772709
decision_type=10 10 2 8 10 8 2 10 10 10 10 2 2 10 8 10 2 8 10 2 2 10 8 10 10 10 10 10 10 2
left_child=14 2 -2 4 9 -5 -6 8 -4 11 12 -3 13 -11 15 16 -1 -18 19 20 29 22 23 -20 26 -26 27 28 -24 -16
right_child=1 3 7 5 6 -7 -8 -9 -10 10 -12 -13 -14 -15 18 -17 17 -19 21 -21 -22 -23 24 -25 25 -27 -28 -29 -30 -31
leaf_value=7.1215583669178962e-05 0.0022846331465394892 0.0011525154280939854 0.00033147763695827876 0.00023206744466139695 0.00020913312407002996 -0.0015887915904327999 0.0026515228689304024 -0.00058856052050933877 0.0019517224691637024 -0.00021536597230100414 0.0018049314567151497 0.00011586270320023572 -0.00097667758025705076 0.00070627733284312421 -2.9692953993063206e-05 -0.00099207316579427132 0.00017527243253895111 0.0032390666642379373 0.00054822939745924587 -0.00099738585792651427 2.0067385353888725e-05 -8.5943096567973182e-05 0.0017631492528044663 0.0024810203585224838 -0.0027582907471697519 -3.1305040091033425e-05 0.0014534946188996835 -0.0019403324031969534 -0.00018566346322526893 0.0018570930756302412
leaf_weight=308 235 840 1162 392 202 393 230 345 340 3311 212 3072 848 1002 261 215 217 219 844 943 190424 59113 208 319 215 376 418 250 458 337
leaf_count=308 235 840 1162 392 202 393 230 345 340 3311 212 3072 848 1002 261 215 217 219 844 943 190424 59113 208 319 215 376 418 250 458 337
internal_value=8.97398e-06 0.00018868 0.000664072 9.44344e-05 0.000156959 -0.000679522 0.00150948 0.000457883 0.000698244 9.40311e-05 -8.39315e-05 0.000338457 -0.000161521 -1.24898e-06 1.10018e-07 0.0005798 0.00103404 0.0017142 -2.07723e-06 1.82266e-05 2.32403e-05 -6.4739e-05 0.000341168 0.00107838 -0.00010422 -0.00102336 0.000302983 -0.000222033 0.000422975 0.0010336
internal_weight=267709 12584 2082 10502 9717 785 432 1847 1502 9285 5373 3912 5161 4313 255125 959 744 436 254166 191965 191022 62201 3088 1163 1925 591 1334 916 666 598
internal_count=267709 12584 2082 10502 9717 785 432 1847 1502 9285 5373 3912 5161 4313 255125 959 744 436 254166 191965 191022 62201 3088 1163 1925 591 1334 916 666 598
is_linear=0
shrinkage=0.03


Tree=161
num_leaves=31
num_cat=0
split_feature=0 12 3 5 12 10 4 10 0 10 12 2 8 13 9 2 2 8 8 12 6 2 2 8 10 12 10 6 8 10
split_gain=0.625528 0.985846 0.971885 0.866779 1.24333 1.06465 1.00508 1.11944 0.869494 0.788374 0.891722 0.866503 0.801034 0.78238 0.813269 0.913344 0.750522 1.20763 0.985318 1.06775 0.747685 0.912817 0.806583 0.747275 0.742354 0.806409 0.740197 0.923095 0.886217 1.13432
threshold=-0.0036021760812920962 -0.0017531454088411389 0.00013821593657514788 0.059109000061700057 0.043082652391379213 -0.0086377534955604501 0.027663225857651356 -0.0077145601754587392 0.00063515170454697689 0.004396140493020507 0.016145292866300068 -0.50076255362113409 0.017353629883443612 0.037415422289438179 -0.14686221527154106 -1.9734644781603305 -2.422559665834406 0.059080598138895372 0.038778448648281699 0.016145292866300068 -0.026049517460387802 -1.0000000180025095e-35 -1.7205621494504564 0.017026796683817961 -0.0074088001693107799 0.049511325747076625 0.0038247633878483183 -0.044850140822993094 0.024876591711689631 -0.0072726750358191863
decision_type=10 8 10 10 10 8 10 8 10 10 10 8 10 2 8 10 8 10 8 10 8 8 10 10 10 10 10 8 10 8
left_child=1 2 13 5 -5 8 7 -7 23 12 11 -11 -8 20 -15 -16 17 18 -9 -20 21 22 -1 -2 -3 -26 28 -28 29 -18
right_child=3 24 -4 4 -6 6 9 16 -10 10 -12 -13 -14 14 15 -17 26 -19 19 -21 -22 -23 -24 -25 25 -27 27 -29 -30 -31
leaf_value=-0.00042086598362710357 0.0016767198647050043 -0.00035230621705413794 2.8771690614909725e-05 -0.00027006481896946173 0.0011402871476284698 -0.0014405927774337735 -0.00029856887110907461 -0.0001218580325899032 0.002768113361467706 -0.00056417217766230408 -0.0019998168609745336 0.00099466602112842362 0.00053231579720125022 0.00013182871297350395 0.0031722789450403764 0.0010653245640491866 -0.0015422428371781739 0.0020146547208461526 -0.0010758778217360332 0.0012222325727634597 0.00057234752275946545 -0.00066415375415378576 0.00075937635065610732 -0.00089157523637149998 8.3473796106515202e-05 -0.0011503191698855075 0.00053561067387083582 7.2572956679546559e-05 -0.00014587358436040268 3.5369412163225004e-05
leaf_weight=789 208 4800 8517 16846 582 499 1227 31306 217 923 240 492 7012 507 251 706 412 231 1684 204 5558 1186 1535 200 22707 487 4649 23270 36526 92997
leaf_count=789 208 4800 8517 16846 582 499 1227 31306 217 923 240 492 7012 507 251 706 412 231 1684 204 5558 1186 1535 200 22707 487 4649 23270 36526 92997
internal_value=1.2944e-06 0.000100576 0.000267061 -1.99618e-05 -0.000222967 -2.47281e-06 -6.30412e-06 -2.15161e-05 0.0012338 0.000288553 -0.000308949 -2.21592e-05 0.000408576 0.000459761 0.00110328 0.00161793 -1.7814e-05 -0.000146954 -0.000161997 -0.000827565 0.000355867 1.3075e-05 0.000358683 0.000417752 -1.27111e-05 5.75681e-05 9.53092e-06 0.000149677 -2.05821e-05 2.8411e-05
internal_weight=266768 47043 19049 219725 17428 202297 201672 191778 625 9894 1655 1415 8239 10532 1464 957 191279 33425 33194 1888 9068 3510 2324 408 27994 23194 157854 27919 129935 93409
internal_count=266768 47043 19049 219725 17428 202297 201672 191778 625 9894 1655 1415 8239 10532 1464 957 191279 33425 33194 1888 9068 3510 2324 408 27994 23194 157854 27919 129935 93409
is_linear=0
shrinkage=0.03


Tree=162
num_leaves=31
num_cat=0
split_feature=2 6 7 10 13 8 10 10 0 1 5 0 3 5 13 13 3 1 8 12 2 2 7 13 10 5 1 10 8 5
split_gain=0.625256 1.137 0.684366 0.858625 0.828449 0.877271 0.956861 0.665059 0.655683 0.861109 0.640263 0.730925 0.637675 0.968023 0.845504 0.711192 0.828097 0.699603 0.623106 0.545702 0.772049 0.625035 0.619524 0.94315 1.31926 0.895842 0.806372 0.649075 1.14136 1.13464
threshold=5.7942592730076132 0.17490788514770175 -0.11758328944992617 0.0030711797658043998 0.069267995657114542 0.037199643338055706 -0.00095359402338229804 0.0011552834488944843 0.035178982739955351 -0.0074730743688646286 0.026151143399968897 0.00057805152960999095 -0.011780994367546758 0.023848953014322456 0.044293193621162998 0.042531540088033663 0.022142519163031008 0.036453426445776767 0.024534687878999348 -0.031093505766181747 -0.53206008440633668 -1.0000000180025095e-35 0.083333336163563324 0.051462015778457833 0.00037746041761210774 0.047126719664009852 -0.033542172240368366 0.0019322119560739595 0.031456098744024989 0.072887358873041555
decision_type=10 10 8 10 2 10 10 10 10 2 10 10 10 10 2 2 10 2 10 8 10 10 8 2 10 10 2 10 10 10
left_child=19 2 10 4 8 6 -6 -8 -4 -10 -2 18 13 -5 -15 -14 17 -17 -12 20 22 -22 23 26 -25 -24 -1 28 -27 -29
right_child=1 -3 3 12 5 -7 7 -9 9 -11 11 -13 15 14 -16 16 -18 -19 -20 -21 21 -23 25 24 -26 27 -28 29 -30 -31
leaf_value=-0.001147031307151668 -0.00044200651955325155 0.0014710542294056736 -0.00020219163092130761 0.002294797845589894 -0.00024285582388765213 0.00058656100847638473 -0.0036228854257356505 -0.0012622217379044741 -0.0026560560926107697 -0.00020785486638414289 0.0028838112482076719 0.00027041633687501231 0.00010970905618869466 -7.1611386526975346e-05 0.0020698840758387946 -0.0011625535781816184 -0.0023986924254027794 0.0008923108902461124 0.00068393444764427839 1.1335339076554617e-05 0.0025896843854186372 0.00068792477364072561 0.0015602435598936057 0.0021269973435533479 -0.00032114654983983156 0.0010869560582711752 0.0006545082819628355 -0.00065286599514052335 -0.0017735599795411863 0.0024407260405933566
leaf_weight=924 600 399 22477 271 266 202 232 200 229 297 216 1024 4888 951 201 341 224 265 250 229698 212 584 571 316 531 207 295 209 319 218
leaf_count=924 600 399 22477 271 266 202 232 200 229 297 216 1024 4888 951 201 341 224 265 250 229698 212 584 571 316 531 207 295 209 319 218
internal_value=3.09067e-07 -0.000120846 -0.000140016 -0.000175392 -0.000261628 -0.00115452 -0.00165839 -0.00252999 -0.000226694 -0.00127371 0.000385449 0.000718653 0.000113264 0.000681542 0.000302035 -2.81598e-05 -0.000840091 -0.000263974 0.00170362 1.76648e-05 0.000349145 0.00119442 0.000161724 -0.000176754 0.000592211 0.000620579 -0.000711056 5.75693e-05 -0.000647844 0.000926532
internal_weight=267617 33533 33134 31044 23903 900 698 432 23003 526 2090 1490 7141 1423 1152 5718 830 606 466 234084 4386 796 3590 2066 847 1524 1219 953 526 427
internal_count=267617 33533 33134 31044 23903 900 698 432 23003 526 2090 1490 7141 1423 1152 5718 830 606 466 234084 4386 796 3590 2066 847 1524 1219 953 526 427
is_linear=0
shrinkage=0.03


Tree=163
num_leaves=31
num_cat=0
split_feature=5 4 1 9 11 2 0 12 5 4 11 11 9 12 0 6 0 5 6 2 6 7 1 6 13 6 4 5 9 7
split_gain=0.464624 0.790357 0.715069 0.705471 0.815746 0.571301 0.550706 0.771636 0.729134 1.10246 1.09961 1.18664 1.17075 0.890972 0.868815 1.22638 0.83858 0.820548 0.776842 1.10274 0.836362 0.776476 0.754234 0.796651 0.730714 0.664162 0.648797 0.629858 0.607141 0.878441
threshold=0.036641713730845411 0.017834814403410174 0.025737974595173577 -0.31261890298225414 0.0019222775715913578 11.161529138385012 -0.0069629586816009606 0.043082652391379213 0.028491913379896167 -0.00097703212316524435 0.0040985195380104375 0.0054405518986990762 -0.055450439329596417 -0.003727953612192358 -0.016812468192848481 0.061497623129362917 -0.007537908113674551 0.026009385147391356 0.017587112611901715 -3.2281192852745484 0.05289786243923323 -0.047619067951039755 0.0030541212684305212 -0.014287317074186788 0.015999389807127711 -0.023902081799108518 -0.0050951970023416773 0.020645172541042631 -0.027832755216320445 0.066523830016616561
decision_type=10 8 2 8 10 10 10 8 10 10 10 10 10 10 10 10 10 10 8 10 10 10 2 8 2 10 10 10 10 10
left_child=1 6 5 4 -2 -3 7 8 10 16 13 12 -12 17 -15 25 18 -1 19 -10 -20 -21 -11 -24 -23 -16 -19 -27 29 -8
right_child=3 2 -4 -5 -6 -7 28 -9 9 22 11 -13 -14 14 15 -17 -18 26 20 21 -22 24 23 -25 -26 27 -28 -29 -30 -31
leaf_value=0.00085610465663528933 -0.00032048072518027726 0.0002621841350561041 0.0015148314681072631 -5.0670130075449951e-05 -0.0025412141312780375 -0.00087831476814022693 -3.6412655068125911e-06 -0.0016335754701867699 0.0024524363817008542 0.00060466751781706139 -0.0002054492619444991 0.00014398257497565023 -0.0030288014397673868 0.00061446946548690572 0.00048065867328368002 -0.0020817576033288249 0.0019550097171266221 -0.0016030993457222783 -0.0016383640157252675 -0.00065836723332391887 0.00066068373366053696 -0.00084808729303193322 0.0035338452189345288 0.0012552066689416655 0.0010591150831117824 3.9597230629911403e-05 0.00061946104494915017 -0.00083715913576857637 9.6408607016953889e-05 -0.00022809789248697015
leaf_weight=2359 479 11019 398 79059 216 410 102231 206 202 734 231 567 309 1483 1281 298 228 241 418 704 216 233 209 407 807 1727 232 1287 40277 18538
leaf_count=2359 479 11019 398 79059 216 410 102231 206 202 734 231 567 309 1483 1281 298 228 241 418 704 216 233 209 407 807 1727 232 1287 40277 18538
internal_value=1.60268e-06 2.74297e-05 0.000264801 -5.90358e-05 -0.00101067 0.00022127 1.14263e-05 0.000189314 0.000215809 0.000549756 7.7162e-05 -0.000814562 -0.00182103 0.000187977 -1.68567e-05 -0.000220701 0.000211046 0.000627443 5.69282e-05 0.000354061 -0.000855092 0.000111015 0.00125427 0.00202832 0.000631828 -9.15752e-05 -0.000512964 -0.000334784 -4.45636e-06 -3.80953e-05
internal_weight=267006 187252 11827 79754 695 11429 175425 14379 14173 4158 10015 1107 540 8908 6076 4593 2808 2832 2580 1946 634 1744 1350 616 1040 4295 473 3014 161046 120769
internal_count=267006 187252 11827 79754 695 11429 175425 14379 14173 4158 10015 1107 540 8908 6076 4593 2808 2832 2580 1946 634 1744 1350 616 1040 4295 473 3014 161046 120769
is_linear=0
shrinkage=0.03


Tree=164
num_leaves=31
num_cat=0
split_feature=3 11 9 10 7 6 2 6 1 10 10 10 1 6 13 3 4 9 9 10 9 9 2 13 9 13 7 4 6 2
split_gain=0.404993 0.634278 1.086 0.686889 0.679584 0.710221 0.669563 0.819094 0.85409 1.28869 0.808529 0.967197 1.29573 0.893627 0.845029 0.689811 0.672627 0.84089 0.729644 0.678213 1.01576 0.642626 0.969976 0.835995 1.16511 1.03915 0.61386 0.612983 0.591021 0.696756
threshold=-0.0045316074095032568 -0.0040185140018970658 -0.054940129415516507 -0.0018969835059131077 -0.012269802744301559 0.084563057947879675 -2.0873132581716187 -0.099624964747287645 -0.0053451864340261493 -0.0018969835059131077 -0.00033707703907903669 0.0058968997251246389 0.02471113088372701 0.030589872019956336 0.0071318551560133241 -0.0213429016326207 -0.0090468840719143944 -0.017898059548734354 -0.025253771052637094 0.008946640679050823 -0.085971105209528761 -0.15666280031026122 -0.63947254979549883 0.032645145706583757 -0.027832755216320445 0.024159500271127964 -0.061470404041999598 -0.0074749822554707182 0.044060726528966095 -0.97281823585311156
decision_type=10 10 10 8 10 10 8 10 2 10 10 10 2 10 2 10 8 10 10 8 10 8 10 2 8 2 10 8 10 10
left_child=1 2 -1 -4 -5 -6 7 15 9 -9 14 12 13 -12 -10 -3 17 18 19 -8 26 22 -18 25 28 -23 -21 -27 29 -25
right_child=-2 6 3 4 5 -7 16 8 10 -11 11 -13 -14 -15 -16 -17 21 -19 -20 20 -22 23 -24 24 -26 27 -28 -29 -30 -31
leaf_value=-0.00031640945830463673 -3.4802058776234608e-05 0.0012556451633814693 0.0011933560195488261 0.0012382474647140785 -0.00021267048660498746 0.0015538860123495951 3.5082899915370745e-05 0.0010205220910833037 0.0013337887700746412 -4.806401040237777e-05 9.9219472827662575e-05 -0.0011786978566669859 0.0022171979260115706 -0.00083163253086075662 -0.00063667864262162898 -0.0006884678618895799 0.00044450807231179683 -0.0010209054502829361 0.00067149338772479596 0.00073121741056808272 -0.00063333261113924285 0.00034646216599127754 -0.0011520079544612703 -0.0002616360420474277 -0.00086095047965798464 0.00071290766414341966 0.0024963871935631712 -0.0006770078813202404 0.0029035865330952217 0.0015895801744080496
leaf_weight=9846 160775 696 622 412 2513 223 50672 1252 204 5382 5885 654 235 1102 4917 215 683 642 1763 472 315 13665 687 247 244 353 284 1495 200 706
leaf_count=9846 160775 696 622 412 2513 223 50672 1252 204 5382 5885 654 235 1102 4917 215 683 642 1763 472 315 13665 687 247 244 353 284 1495 200 706
internal_value=-4.73876e-06 4.06089e-05 -0.000150622 0.000282361 0.000102361 -6.86858e-05 6.86158e-05 -8.25584e-05 -0.000123367 0.000153605 -0.000264741 -7.39435e-05 2.60993e-05 -4.75959e-05 -0.000558183 0.000796826 0.000111492 5.83724e-05 7.13223e-05 5.08732e-05 0.000797954 0.000268839 -0.000356081 0.000319468 0.00102238 0.000256168 0.00139432 -0.00041151 0.00142093 0.00110978
internal_weight=267361 106586 13616 3770 3148 2736 92970 20542 19631 6634 12997 7876 7222 6987 5121 911 72428 54148 53506 51743 1071 18280 1370 16910 1397 15513 756 1848 1153 953
internal_count=267361 106586 13616 3770 3148 2736 92970 20542 19631 6634 12997 7876 7222 6987 5121 911 72428 54148 53506 51743 1071 18280 1370 16910 1397 15513 756 1848 1153 953
is_linear=0
shrinkage=0.03


Tree=165
num_leaves=31
num_cat=0
split_feature=3 1 7 4 6 9 11 8 11 9 4 0 8 11 0 10 7 8 4 1 10 4 9 6 6 6 11 8 3 10
split_gain=0.802297 0.730487 0.72817 0.93195 1.70147 0.982022 0.716962 0.825043 0.698748 0.666893 0.662911 0.981277 0.783262 0.871275 0.80458 1.14527 1.03252 0.768829 0.833168 0.694189 0.694823 0.656334 0.763748 0.673363 0.922738 0.658427 0.609687 0.76521 0.591321 0.73814
threshold=-0.0045316074095032568 0.02978140980251898 -0.024834576358714108 0.076167544351271613 0.15943012003017734 -0.0043516660695591116 -0.0024375924578409198 0.042791504470379237 -0.0033829897734199972 -0.01569315519564762 -0.0095896042863524694 -0.024303652410620432 0.038335022967342321 -0.0023759954727332051 0.0052787188492987589 0.0018421243046183868 0.20144525535876959 0.018165630375609546 -0.051143021928791159 0.0038370569669784475 -0.0033757434950809069 -0.010340673877972438 -0.018754471506078004 0.033236866044623288 0.042354299073736675 0.0079756849649192958 -0.0031245013392179328 0.025343557854217522 -0.014062699223687468 0.008551999105847587
decision_type=8 2 8 10 10 8 10 10 8 10 10 10 10 8 10 10 10 8 10 2 10 10 10 10 10 10 8 10 10 10
left_child=10 21 -3 4 5 6 8 9 -4 -8 11 17 13 -12 16 -16 -14 -1 -19 20 -20 22 23 25 -25 -2 -27 -28 29 -13
right_child=1 2 3 -5 -6 -7 7 -9 -10 -11 12 28 14 -15 15 -17 -18 18 19 -21 -22 -23 -24 24 -26 26 27 -29 -30 -31
leaf_value=-0.0007680612302503933 -0.00041764984088023884 -0.00030950326724939252 0.0004871731876187983 -0.0012354422726045062 0.0029344932342920561 -0.0015678758713514056 0.0012249398239194756 -0.00099681732980399455 -0.0018082439055782742 -0.00014664364182715152 -6.1359807519994835e-05 3.473390860780066e-05 -0.0016269349060309378 0.00032506225268744837 0.0022137186545412987 -0.00056094610527226767 0.00080238518456462766 -0.0005042777922183477 0.0033887978248779418 0.00077027309889473119 0.001011378615905273 -4.6290843578519856e-05 0.0010862554937696831 -0.002477304017567157 -0.00061246740348702927 -0.00092459394287380597 0.00012771931618116186 0.002011883285827935 -0.00012141476752118589 0.0006680608721997374
leaf_weight=259 3898 1257 296 251 272 201 1817 207 200 387 7202 49155 679 19389 200 405 205 265 239 694 206 149400 321 287 1422 238 549 300 25294 1714
leaf_count=259 3898 1257 296 251 272 201 1817 207 200 387 7202 49155 679 19389 200 405 205 265 239 694 206 149400 321 287 1422 238 549 300 25294 1714
internal_value=-6.19995e-06 -4.83213e-05 0.000312822 0.000528262 0.000659236 0.000460114 0.000600336 0.000814029 -0.000438398 0.000984104 5.79541e-05 1.28699e-05 0.000182909 0.000220402 -0.000486662 0.000356298 -0.00106357 0.000733779 0.00101083 0.00136333 0.00228824 -5.96071e-05 -0.000343207 -0.000411754 -0.000925638 -0.000235581 0.000417322 0.000793502 -2.87099e-06 5.60735e-05
internal_weight=267209 161303 4888 3631 3380 3108 2907 2411 496 2204 105906 77826 28080 26591 1489 605 884 1663 1404 1139 445 156415 7015 6694 1709 4985 1087 849 76163 50869
internal_count=267209 161303 4888 3631 3380 3108 2907 2411 496 2204 105906 77826 28080 26591 1489 605 884 1663 1404 1139 445 156415 7015 6694 1709 4985 1087 849 76163 50869
is_linear=0
shrinkage=0.03


Tree=166
num_leaves=31
num_cat=0
split_feature=12 13 1 8 0 6 11 2 9 1 10 11 1 11 10 7 10 11 11 1 11 9 0 11 11 12 6 11 11 11
split_gain=0.546714 0.729275 0.887664 1.07439 0.767109 0.747652 0.698488 1.29675 1.08561 1.06347 0.917943 0.916141 0.796511 0.693755 2.76353 1.75363 1.74082 2.1184 1.12889 1.19667 1.0043 0.851454 1.05782 0.679379 1.08319 0.654433 0.653716 0.858267 1.21101 0.772473
threshold=-0.031093505766181747 0.021140193550111781 0.010287582198841629 0.059080598138895372 0.0024717533953991793 -0.045707831791154334 0.0012927956214664473 -3.6166792904834999 -0.07789787554955073 0.0016274678716706739 0.0058968997251246389 0.0018240257616102264 -0.0089175910911575267 -0.0015988137752460105 -0.00033707703907903669 -0.15334889378211944 -0.0060345112474247111 -0.0025460857065984772 -0.0036100700342038823 0.011073613154953145 -0.0013619454738497681 -0.12551147496662227 0.0055643916820563586 -0.0043553738595880067 -0.0041995632879857627 0.010552477903874482 0.098519499321362516 -0.0015424658277066736 -0.00066842658612575867 -0.0020534921000140423
decision_type=8 2 2 10 10 8 10 10 10 2 10 10 2 10 10 8 10 10 10 2 8 10 8 10 10 8 10 10 10 10
left_child=26 2 3 -2 -5 6 7 9 13 -3 11 12 -8 16 -15 -16 -9 18 23 -20 -17 22 -22 -18 -25 -4 27 29 -29 -1
right_child=1 5 25 4 -6 -7 10 8 -10 -11 -12 -13 -14 14 15 20 17 -19 19 -21 21 -23 -24 24 -26 -27 -28 28 -30 -31
leaf_value=0.00027158406034988097 8.432861567138247e-06 0.00049338714517250637 0.00063886812703921943 7.4311911298985208e-05 0.0024783776470918813 -0.00011830154108580795 0.00036800605721552581 0.0016265323938545119 0.0014314956666968261 0.0023376723946899824 0.0013861313631798188 -8.0190265754091723e-05 -0.0015796120292142816 -0.00091991992304707416 0.0020379238012428543 0.0019158225417785892 -3.8503199892773057e-05 -0.0015390101034615934 0.0011680475815960105 -0.00096552482613907679 0.00054059715543991699 0.00088495495915866468 -0.0011122388699707309 -0.0026900257575845129 -0.00040859662002989852 0.00013231723874594797 -0.00043514513538646019 0.0026180890232940473 0.00058921316307334389 -0.0013089066872500417
leaf_weight=1974 159132 787 3418 213 272 72979 255 456 544 438 331 5376 730 1176 759 344 2164 1017 1067 304 694 924 700 251 738 6989 903 310 1815 324
leaf_count=1974 159132 787 3418 213 272 72979 255 456 544 438 331 5376 730 1176 759 344 2164 1017 1067 304 694 924 700 251 738 6989 903 310 1815 324
internal_value=-4.71953e-07 -6.5875e-06 3.02328e-05 1.27298e-05 0.00142257 -7.46095e-05 9.27273e-05 0.00022636 0.000124465 0.00115281 -0.00015415 -0.000234299 -0.00107541 5.73492e-05 0.000334633 0.000765897 -0.000155202 -0.000301831 -2.37123e-05 0.000694958 0.000403211 0.000178734 -0.000289378 -0.000336207 -0.000987604 0.000298685 0.000300435 0.000450611 0.00088519 4.87472e-05
internal_weight=267384 262058 170024 159617 485 92034 19055 12363 11138 1225 6692 6361 985 10594 4597 3421 5997 5541 4524 1371 2662 2318 1394 3153 989 10407 5326 4423 2125 2298
internal_count=267384 262058 170024 159617 485 92034 19055 12363 11138 1225 6692 6361 985 10594 4597 3421 5997 5541 4524 1371 2662 2318 1394 3153 989 10407 5326 4423 2125 2298
is_linear=0
shrinkage=0.03


Tree=167
num_leaves=31
num_cat=0
split_feature=12 11 0 2 5 10 9 11 11 7 0 2 9 2 11 0 1 1 11 5 3 2 2 5 5 3 5 11 3 5
split_gain=0.410575 0.897412 1.19749 0.848116 0.922184 0.985327 0.800575 0.792466 0.769156 0.751325 0.746145 0.727449 0.747075 0.630231 0.679475 0.651681 0.628595 0.845659 0.623682 0.618693 0.872385 0.725639 0.840601 0.682118 0.610882 0.70535 0.677531 0.606662 0.625326 0.595984
threshold=0.0027018519775784404 0.0019851601141457347 0.020539594414491828 6.7916553773912378 0.079713890167057003 -0.0014772009041076892 -0.024841603055275992 0.0036558778203330537 -0.012546539886328088 0.076024624301614621 0.013045794755725761 -7.0536255156926941 -0.10790121734457668 -7.2746421845490516 0.0021621310719518454 0.0045340084550890012 0.002559627202376014 0.0022089902858302151 -0.0078541111903929744 0.13670764813179195 0.060918722143085365 -1.2742323422659578 -2.0382983673828496 0.069459377879777684 0.028491913379896167 0.010219871388845394 0.039682540713252244 0.0049177714838694051 -0.014891172000038864 0.028808668329585015
decision_type=10 10 8 8 10 10 10 10 10 10 10 8 10 8 10 10 2 2 8 10 10 10 8 10 10 10 10 10 10 10
left_child=13 2 8 4 6 -6 10 -7 -2 -8 -3 12 -10 14 -1 18 17 -17 -15 20 29 22 -22 -23 25 -11 -26 28 -12 -13
right_child=1 3 -4 -5 5 7 9 -9 11 24 27 19 -14 15 -16 16 -18 -19 -20 -21 21 23 -24 -25 26 -27 -28 -29 -30 -31
leaf_value=-0.0006511958828300425 0.0013439632941584063 0.0001078692017422791 0.0005175866939655814 -0.00037214251510066465 0.00030613241504863763 -0.00039690775553668465 0.0012917848990288852 -0.0029627804536608276 0.0021766618879646804 0.00023640694097377406 0.00021072489121783667 -6.7384658839726337e-05 0.00025153161950849787 -0.000415803790258365 0.00082634940916452451 -5.3806359546256794e-05 0.00036603024938330138 -0.001358106871271824 9.2104997821296236e-05 -0.0016559505172042924 0.0003197945030320413 0.0010530462323706411 0.0025242009968614058 -0.00082209584411562561 0.0017821892449256512 -0.0018654583876869125 3.0172444866312779e-05 -0.00040086990272065678 0.0021515530851093311 -0.00024700419662594003
leaf_weight=2068 322 13698 2765 2652 398 204 1181 231 221 504 231 36872 1013 2220 324 55831 3231 451 109475 241 326 303 298 412 373 201 425 206 423 30277
leaf_count=2068 322 13698 2765 2652 398 204 1181 231 221 504 231 36872 1013 2220 324 55831 3231 451 109475 241 326 303 298 412 373 201 425 206 423 30277
internal_value=5.20721e-06 -4.53732e-05 -9.48073e-05 0.000128852 0.000202359 -0.000772546 0.000249459 -0.00175947 -0.000118899 0.000725548 0.000161684 -0.000125632 0.000596308 3.25302e-05 -0.00045106 3.92866e-05 -4.08974e-05 -6.4258e-05 8.201e-05 -0.000138594 -0.000133254 0.00062497 0.00137254 -2.74552e-05 0.00028062 -0.000362848 0.000849098 0.00101884 0.00146603 -0.000148374
internal_weight=267377 93777 73050 20727 18075 833 17242 435 70285 2684 14558 69963 1234 173600 2392 171208 59513 56282 111695 68729 68488 1339 624 715 1503 705 798 860 654 67149
internal_count=267377 93777 73050 20727 18075 833 17242 435 70285 2684 14558 69963 1234 173600 2392 171208 59513 56282 111695 68729 68488 1339 624 715 1503 705 798 860 654 67149
is_linear=0
shrinkage=0.03


Tree=168
num_leaves=31
num_cat=0
split_feature=12 0 2 8 3 7 0 11 7 2 11 2 0 0 2 10 11 1 2 12 10 2 10 13 10 10 8 12 11 2
split_gain=0.448455 1.29558 0.874028 0.967156 0.899757 0.89721 0.860355 1.03912 0.85577 0.851259 0.92572 0.851208 0.895183 1.47996 1.37559 1.09639 1.07023 0.864811 0.843149 0.779044 0.764648 0.780086 0.750579 0.721806 0.97215 0.748401 1.94133 0.838657 0.700657 0.700287
threshold=-0.002619291883823482 0.017801484232115809 -2.9043491911381354 0.016870102314450321 -0.03895068937503459 0.32519847238428096 -0.0092296235777073448 -0.00031669992604438363 -0.13293833106454436 8.9843658100204227 -0.0065286733926540599 -2.3863503172549931 0.0047200454065676753 0.00075342842075520899 7.5754494022944865 0.0026693792614920224 0.0057107012636277163 -0.00084162553706107468 -0.65975117314850007 0.0020319101129972488 0.0072834561464241174 3.7993863878188541 0.00073236013288280344 0.011859559900147738 0.00064926187012581693 0.00064926187012581693 0.021062512180471147 -0.0096468651141183286 0.0089139017152821704 -1.1094450968898535
decision_type=10 10 8 8 10 8 8 10 8 8 10 10 10 10 10 10 10 2 10 10 10 10 8 2 10 10 10 10 10 10
left_child=1 2 3 -1 -5 20 -7 -8 11 10 -3 19 13 14 -13 -15 17 -14 -19 -2 22 -22 23 24 -4 -25 -27 -28 -24 -12
right_child=8 9 5 4 -6 6 7 -9 -10 -11 29 12 16 15 -16 -17 -18 18 -20 -21 21 -23 28 25 -26 26 27 -29 -30 -31
leaf_value=0.00017982557943591195 -0.00026706028446765289 0.0016579399458818702 0.00018735362603315979 0.00086309167778555898 -0.00039307300836019038 0.002007657061561573 -6.882284470153814e-05 0.00084612739827614938 -6.6493448235576546e-05 -0.0011601344699903595 -0.00069048395629735455 2.4135515401389565e-05 -0.00067031685191311092 -0.0016101996435115091 0.0024562812802312066 0.0003855147388571038 -0.0013211950573020158 0.0016474032691230027 0.00044771597857746245 0.0015040191212851851 -0.00067926259754006271 0.00056991328783559945 0.00016468872707582963 -3.5309988275583219e-05 0.0023011400694726036 0.00039924828299136786 -0.0026955373378384842 -0.00036549250502139333 0.0017421248597640764 3.4721185188347897e-06
leaf_weight=5097 308 224 9366 542 9653 313 2274 2196 141854 1058 2394 2683 341 860 227 348 251 914 1246 815 2209 565 40958 36114 200 634 432 205 255 2887
leaf_count=5097 308 224 9366 542 9653 313 2274 2196 141854 1058 2394 2683 341 860 227 348 251 914 1246 815 2209 565 40958 36114 200 634 432 205 255 2887
internal_value=-1.50629e-05 2.87948e-05 5.30084e-05 -0.000157597 -0.000326291 8.66538e-05 0.00048714 0.000380669 -4.94754e-05 -0.000380777 -0.000230993 0.000252549 0.00012738 -0.000152569 0.00021386 -0.00103528 0.000546287 0.000733708 0.000955361 0.00101827 6.55897e-05 -0.000424834 8.10204e-05 -9.89916e-07 0.000231547 -6.04911e-05 -0.000775983 -0.00194568 0.000174449 -0.000311114
internal_weight=267423 117576 111013 15292 10195 95721 4783 4470 149847 6563 5505 7993 6870 4118 2910 1208 2752 2501 2160 1123 90938 2774 88164 46951 9566 37385 1271 637 41213 5281
internal_count=267423 117576 111013 15292 10195 95721 4783 4470 149847 6563 5505 7993 6870 4118 2910 1208 2752 2501 2160 1123 90938 2774 88164 46951 9566 37385 1271 637 41213 5281
is_linear=0
shrinkage=0.03


Tree=169
num_leaves=31
num_cat=0
split_feature=9 11 1 0 8 12 0 0 8 4 10 1 10 10 12 4 8 11 8 11 11 4 9 0 1 11 2 11 11 11
split_gain=0.588505 0.875799 1.02898 0.918174 0.906781 1.21709 0.613827 0.79838 0.58858 0.486778 0.587183 0.824233 0.704808 0.605988 0.555511 1.37143 1.03967 1.12489 0.752478 0.707468 1.83459 0.854634 0.703603 0.659513 0.726108 0.70971 0.911991 0.623724 0.600039 0.590198
threshold=-0.01656364685148359 -0.0065286733926540599 -0.015756634053113724 0.035178982739955351 0.030868436990053285 -0.0056769261285077857 0.0047847259702795695 0.014737943483504103 0.014850745935837325 0.0012786081049175337 0.0059692030208320377 -0.00021846540442521653 0.0022420060690916403 0.001987028597563723 0.0012924839238106502 0.0022837062817607783 0.035467559901112659 0.0022772078248379794 0.019787831969935644 -0.0016050319540496514 -0.0012950355508873355 0.045174379958744522 -0.0093170138503305671 0.0056354714141421134 -0.00063799192814867334 -0.0017490787565381802 -0.53616665166417177 -0.0004582812871946062 -0.0030774522144919598 0.0004826238977566622
decision_type=10 8 2 10 10 10 10 10 10 10 10 2 10 10 8 10 10 10 8 10 10 10 10 10 2 10 10 10 10 10
left_child=-1 4 6 9 5 -2 -3 -8 -7 10 12 -12 13 -4 23 -16 17 19 -19 -17 -21 -22 -18 24 -11 26 28 -24 -25 -27
right_child=1 2 3 -5 -6 8 7 -9 -10 14 11 -13 -14 -15 15 16 22 18 -20 20 21 -23 27 25 -26 29 -28 -29 -30 -31
leaf_value=-1.9546092481271378e-05 -0.0026916445193991595 0.00024827927912787876 0.00021579233573971115 0.0015918914516146413 0.0011235339192731772 -0.001488344333234376 0.0016150242991162188 7.0644436390753133e-05 0.00037851266922215221 0.00010961226423709705 0.00058801309634838692 -0.0019604842757077225 0.000760555110252247 -0.0011053124825664057 -0.001552101620236679 0.00053226736736058271 0.0001904798570479724 0.00038069324727985071 0.0018301934456054761 -0.0020395472685832156 -8.0228142306172412e-06 0.0015453879564302042 -0.00054413109958076323 -0.0016798379937452929 -0.00056578068863385273 -0.0014371735665541518 0.0018945311888172807 -0.0028048345661195722 0.0005649960230490283 -0.00039799046739646087
leaf_weight=232117 296 1421 6226 362 200 252 965 438 383 7257 211 249 2293 329 404 3077 354 612 681 385 3570 350 234 203 1785 854 216 207 227 1160
leaf_count=232117 296 1421 6226 362 200 252 965 438 383 7257 211 249 2293 329 404 3077 354 612 681 385 3570 350 234 203 1785 854 216 207 227 1160
internal_value=-2.21179e-06 0.000112091 0.000139355 8.97906e-05 -0.000709206 -0.00110292 0.000687764 0.00113289 -0.00036235 7.2184e-05 0.000253517 -0.0007915 0.000307847 0.000149485 -6.04408e-06 0.000159672 0.000232698 0.000327856 0.00114412 0.000184883 -6.34103e-05 0.000130675 -0.000805657 -0.000145874 -2.37185e-05 -0.000561109 0.000304127 -0.00160528 -0.000494774 -0.000838637
internal_weight=267318 35201 34070 31246 1131 931 2824 1403 635 30884 9308 460 8848 6555 21576 9874 9470 8675 1293 7382 4305 3920 795 11702 9042 2660 646 441 430 2014
internal_count=267318 35201 34070 31246 1131 931 2824 1403 635 30884 9308 460 8848 6555 21576 9874 9470 8675 1293 7382 4305 3920 795 11702 9042 2660 646 441 430 2014
is_linear=0
shrinkage=0.03


Tree=170
num_leaves=31
num_cat=0
split_feature=3 12 3 6 3 7 0 9 3 12 0 5 9 10 10 13 7 10 13 0 9 13 3 0 1 9 11 12 3 7
split_gain=0.400525 0.703244 0.941931 0.693379 1.62718 1.46738 1.23523 0.683908 0.685335 0.619039 0.865345 0.862077 0.938155 1.02013 0.989028 0.809574 0.741103 0.738536 0.653305 0.639777 0.615154 1.26662 0.611385 0.946637 0.894316 0.867098 0.710286 0.698927 0.969539 0.68363
threshold=-0.014062699223687468 0.0016049443399919208 -0.014613265457262324 0.048702670065214455 -0.016697568761468492 0.017335151860410795 0.0085375423586377969 -0.02824571947259907 -0.018293520758104805 0.0044243714223578543 0.011771509651859914 0.059109000061700057 -0.18243472038866251 -1.4132745217998453e-05 0.0027347862412164807 0.027400771802503721 -0.015778520470782095 0.0016020015601235784 0.021402342520969442 0.030987044945001378 -0.12426066542931773 0.025937347069608357 -0.011549123650841207 0.003201779960592011 -0.0072105847264469216 -0.15666280031026122 -0.0015988137752460105 0.0048308617309642541 -0.013795344737053848 0.12983417489589236
decision_type=8 8 10 10 10 8 10 10 10 8 10 10 8 10 8 2 10 10 2 10 10 2 10 10 2 8 10 10 10 8
left_child=1 7 3 9 5 -5 -7 -1 -9 10 15 19 13 -13 17 18 -16 20 -3 -11 -14 -22 23 27 26 -26 -25 29 -29 -2
right_child=22 2 -4 4 -6 6 -8 8 -10 11 -12 12 14 -15 16 -17 -18 -19 -20 -21 21 -23 -24 24 25 -27 -28 28 -30 -31
leaf_value=0.00012898861856131707 3.4108419500151762e-06 -0.00048761965278208843 0.00095165119867086554 -0.0019991271281359739 -0.0030147001691030982 -0.00028774550457581364 0.0021072310473409898 0.0021962801518716981 0.00041593249135569131 0.00017090283907210358 0.0010055118508078156 -0.00077835475840027713 -0.0014511331925261097 0.00126812796593787 -0.0029252098367588829 0.0007924661509549389 -0.00059050227800210887 0.00089806969945129813 -0.0016956007551221597 -0.001494606651036925 -0.002065314934334787 0.00056339983941624096 -1.1841227207347333e-05 -0.0019000607711279576 0.0015516174984643132 -0.00042320386437138228 -0.00058202009434293802 -0.0018217421546719516 -0.00016263416722194743 0.00091118137911823502
leaf_weight=33541 3981 3019 795 365 230 1044 238 280 638 12791 375 379 576 520 284 390 215 320 465 211 229 590 198657 675 216 2719 809 396 1589 919
leaf_count=33541 3981 3019 795 365 230 1044 238 280 638 12791 375 379 576 520 284 390 215 320 465 211 229 590 198657 675 216 2719 809 396 1589 919
internal_value=-4.84161e-06 6.53143e-05 -6.30095e-05 -9.92784e-05 -0.000651011 -0.000320927 0.000156876 0.000151099 0.000958958 -4.84238e-05 -0.000370546 3.65093e-05 -0.000411921 0.000405373 -0.000743785 -0.000503747 -0.00191927 -0.000401762 -0.000648846 0.000143874 -0.000699931 -0.000171613 -2.40529e-05 -0.000238661 -0.000581339 -0.000277868 -0.00118153 -1.87191e-05 -0.00049362 0.000173664
internal_weight=267456 57495 23036 22241 1877 1647 1282 34459 918 20364 4249 16115 3113 899 2214 3874 499 1715 3484 13002 1395 819 209961 11304 4419 2935 1484 6885 1985 4900
internal_count=267456 57495 23036 22241 1877 1647 1282 34459 918 20364 4249 16115 3113 899 2214 3874 499 1715 3484 13002 1395 819 209961 11304 4419 2935 1484 6885 1985 4900
is_linear=0
shrinkage=0.03


Tree=171
num_leaves=31
num_cat=0
split_feature=2 7 4 8 0 10 10 0 6 1 11 9 1 7 11 7 6 8 11 7 11 9 12 11 1 0 2 7 11 4
split_gain=0.453322 1.10247 0.855367 0.792702 0.506147 0.550066 0.915124 0.930377 0.490824 0.728431 0.632926 0.594635 0.856985 0.664621 1.3142 0.868586 0.866516 0.796409 0.71887 1.22362 1.13109 1.1623 1.06533 0.990763 1.08799 1.29838 0.947008 0.905045 0.79818 0.721238
threshold=13.493365295875696 0.10008008333905395 -0.008344330103621787 0.030124463818525706 0.030987044945001378 -0.00095359402338229804 0.0028715823418812296 0.0069527099017581149 0.010130957598990744 -0.031563287212033268 0.011149491998846963 -0.12813551257111991 0.023717316277686366 0.089739131695829935 0.0025111138031108653 0.070542772063533224 0.098519499321362516 0.050945022745718195 -0.0030346586420925132 0.22153836425394693 -0.0026814959715112936 -0.055953209766494809 0.0078959021982795714 -0.0016429525920652053 0.017586110992215302 0.0049662541306345629 -2.6107810786598447 0.32519847238428096 0.0011458529447463397 -0.020832613497456406
decision_type=10 8 10 10 10 10 10 10 10 2 8 8 2 10 8 10 10 10 10 10 10 10 10 10 2 8 10 10 10 10
left_child=8 4 -3 -4 5 -2 -7 -8 9 -1 -11 12 -10 15 18 -13 -17 -16 -15 -20 -21 26 28 -24 -25 -26 -22 -28 29 -23
right_child=1 2 3 -5 -6 6 7 -9 11 10 -12 13 -14 14 17 16 -18 -19 19 20 21 22 23 24 25 -27 27 -29 -30 -31
leaf_value=0.00046739287270247063 0.00032731545680107023 0.0022728298101296176 0.00085624210597218372 -0.0015138482812917166 -0.0018656633965250463 -0.0014955047493224081 0.0015978984928439524 -0.0011868172417670278 0.0001597224938728213 2.5977243560941108e-05 0.0013492513854489404 -7.9321130460608687e-05 0.001621805389704721 0.00038224115326102905 -0.00026745709932120092 -0.00032417908681483778 -0.0014726172815641837 -0.0018359417651215048 0.00017236836251001783 -0.0021007818261798666 -0.0010423738082278181 0.0013137321348126909 0.00046016321536929654 -0.0026055227983978733 -0.0018835997910445429 0.00081704366479088807 0.00030784288649125585 0.0023528324577697171 0.0008231577026808608 -0.0004795800383590326
leaf_weight=3485 468 201 345 201 310 782 219 213 4672 153481 326 57047 391 7322 6511 6757 648 305 17323 304 220 218 288 474 371 282 456 340 639 2723
leaf_count=3485 468 201 345 201 310 782 219 213 4672 153481 326 57047 391 7322 6511 6757 648 305 17323 304 220 218 288 474 371 282 456 340 639 2723
internal_value=7.78357e-07 -0.000383187 0.000599677 -1.62637e-05 -0.000751762 -0.000546465 -0.000883309 0.000224879 4.75322e-06 3.84999e-05 2.8782e-05 -4.47205e-05 0.000272635 -6.0438e-05 3.94776e-05 -0.000119 -0.000424677 -0.000337643 0.000122503 4.20472e-05 -0.000315443 -0.000225152 -0.000413294 -0.00111018 -0.00151147 -0.000717319 0.00069982 0.00118133 -0.000137851 -0.000346652
internal_weight=267322 2739 747 546 1992 1682 1214 432 264583 157292 153807 107291 5063 102228 37776 64452 7405 6816 30960 23638 6315 6011 4995 1415 1127 653 1016 796 3580 2941
internal_count=267322 2739 747 546 1992 1682 1214 432 264583 157292 153807 107291 5063 102228 37776 64452 7405 6816 30960 23638 6315 6011 4995 1415 1127 653 1016 796 3580 2941
is_linear=0
shrinkage=0.03


Tree=172
num_leaves=31
num_cat=0
split_feature=12 13 1 12 13 2 1 2 10 0 10 5 2 5 10 6 3 11 12 3 10 2 0 4 10 10 3 13 13 13
split_gain=0.565964 0.663081 0.989666 0.817164 1.00505 0.942878 1.14667 1.00622 0.954494 0.940219 1.107 0.808536 0.776056 1.11294 1.07551 0.958317 0.774401 1.08546 0.771396 0.750693 1.00752 1.32465 0.912955 0.816267 1.11358 0.741841 0.728951 0.727084 0.725368 0.672138
threshold=-0.01651670305186614 0.019022395360463299 0.0087092471177843151 0.01489441828122068 0.041024297089336963 -2.422559665834406 -0.014638254986097941 -2.3214052797389466 0.0024756697197344528 -0.0042948456055665321 -0.0026199294362432841 0.032752306195328533 -1.5655225321886788 0.025040313683380513 0.0030711797658043998 -0.029887226801666885 -0.03895068937503459 0.0012927956214664473 0.0073471659162762113 0.050607399483895595 6.2961803371952576e-05 -1.2466139906219416 0.0034946743522594752 0.032215973794014759 -0.0047679419871566311 0.0036264817377663632 -0.018293520758104805 0.023547173731121501 0.041759288596271225 0.026558003422210135
decision_type=8 2 2 10 2 10 2 10 10 10 10 10 10 10 10 10 10 10 10 10 8 10 10 10 8 8 10 2 2 2
left_child=-1 2 18 5 16 6 -3 -7 19 10 -8 -12 13 -10 -15 26 17 -5 -2 -9 23 -22 -23 -21 -25 27 -16 -11 -14 -13
right_child=1 3 -4 4 -6 7 9 8 12 25 11 29 28 14 15 -17 -18 -19 -20 20 21 22 -24 24 -26 -27 -28 -29 -30 -31
leaf_value=0.00013163972786217433 1.5874619172901679e-05 -0.00113756249971704 0.00029538445329235454 0.00022833136502912449 -0.00019054573078737945 0.0010165663529187441 -0.00037236862875884732 -0.00021551687508123243 0.00087816585023968029 -0.00060972737491151233 0.0021160432211875628 -0.0005848249388602883 0.00014793214186040868 0.00039391336446827719 0.0013338367055437648 -0.0016807721722832841 0.00024043827353094612 -0.0018552300653133828 -0.00030127013281416182 0.0026306859134364465 0.0012545236023411583 5.0197376702722591e-05 -0.0025009983262638206 -0.001321921648861494 0.0010378126832825128 -0.0011233293764026364 -0.0011648617205933639 -3.4179933107315949e-06 0.0013059803583122275 0.0013697483889145794
leaf_weight=25125 131779 1564 10958 532 9505 736 1058 34964 497 3440 377 327 12216 563 202 967 16472 390 7284 202 260 226 286 226 884 1130 219 3689 507 307
leaf_count=25125 131779 1564 10958 532 9505 736 1058 34964 497 3440 377 327 12216 563 202 967 16472 390 7284 202 260 226 286 226 884 1130 219 3689 507 307
internal_value=-3.87717e-06 -1.79604e-05 2.08925e-05 -8.14918e-05 5.75224e-05 -0.000139156 -0.000380552 -8.4946e-05 -0.000100471 -0.000265916 0.000305973 0.00101585 9.99615e-05 -0.000389197 -0.000712047 -0.00116065 0.00019308 -0.000653002 -7.37149e-07 -0.000182548 0.000370588 -0.000489333 -0.00137488 0.000876578 0.000557362 -0.000409182 3.40387e-05 -0.000295984 0.000194079 0.000361632
internal_weight=266892 241767 150021 91746 26899 64847 11892 52955 52219 10328 2069 1011 15171 2448 1951 1388 17394 922 139063 37048 2084 772 512 1312 1110 8259 421 7129 12723 634
internal_count=266892 241767 150021 91746 26899 64847 11892 52955 52219 10328 2069 1011 15171 2448 1951 1388 17394 922 139063 37048 2084 772 512 1312 1110 8259 421 7129 12723 634
is_linear=0
shrinkage=0.03


Tree=173
num_leaves=31
num_cat=0
split_feature=2 4 3 12 3 7 6 3 7 5 3 2 2 10 4 0 10 10 8 10 2 6 4 13 12 3 7 0 6 0
split_gain=0.598573 0.805774 0.447244 0.951133 0.686129 0.678665 0.644682 0.983331 1.07569 0.791286 0.822371 0.641931 0.88055 0.800904 0.786956 0.842408 0.754883 1.4971 0.948578 0.924931 1.14917 1.05233 1.07586 0.899812 0.812836 0.728173 0.936774 0.726361 0.979742 0.724455
threshold=14.826931504486181 0.015451676615598655 -0.014062699223687468 0.002478630105262281 -0.014613265457262324 -0.011389116751831461 0.048702670065214455 -0.016369617430586288 0.021064497749367476 0.067898234176967248 -0.019300612112490619 -0.91882388437747575 -1.0595338803859662 -0.0014246791968581249 -0.015379704536257808 -0.019721406560940399 -0.0021723479947387543 0.001652380385786967 0.037199643338055706 0.0029970656292986901 8.5744316964904446 -0.066947427552034908 -0.032023227773236511 0.020017709655998191 0.003783404101297017 -0.042370462896746112 -0.019405308463816381 -0.0046120545317227526 -0.10476213645166825 -0.0016481000943184829
decision_type=10 10 10 10 10 10 8 10 8 10 10 8 10 10 10 10 10 10 10 10 10 10 10 2 10 10 8 10 10 10
left_child=2 -2 3 -1 6 -6 11 8 -8 10 -10 12 13 14 15 -5 25 23 19 -19 21 -21 -23 24 -18 -13 -27 -15 -29 -28
right_child=1 -3 -4 4 5 -7 7 -9 9 -11 -12 16 -14 27 -16 -17 17 18 -20 20 -22 22 -24 -25 -26 26 29 28 -30 -31
leaf_value=0.00017879257280814474 -0.00026868888923420369 -0.0024020944895612327 -8.6516113071373167e-06 0.001122931951709889 -0.00016043273083844476 0.0016902767112250583 -0.0018392716126826069 -0.0025732164815588689 -0.00068861029398987279 0.0015221105603077526 0.0011707848728687133 -0.00057018083827125514 -0.0015405718562965065 0.00087436254893541649 -0.0017592185488169709 -0.00058205000119313205 -0.0013882907058813429 0.00083165696093523336 0.0016774837493004513 0.00071729968437227794 0.001640124994244062 -0.0025848767722401627 -0.00046267719027536506 -0.00097847031298246108 0.00048199799420116607 0.0014296024014075382 -0.00023484731945282289 -0.0015240885789743646 2.7301604578880081e-05 0.0014466534328453804
leaf_weight=36535 681 208 208136 299 330 388 373 204 1114 244 265 436 438 806 431 2042 267 1267 426 537 276 260 1242 1776 965 1039 892 398 4609 311
leaf_count=36535 681 208 208136 299 330 388 373 204 1114 244 265 436 438 806 431 2042 267 1267 426 537 276 260 1242 1776 965 1039 892 398 4609 311
internal_value=9.30723e-06 -0.000767843 1.19016e-05 8.54422e-05 -7.21986e-05 0.000839672 -0.0001035 -0.000589292 -0.000386527 -5.26549e-05 -0.000331294 -4.63994e-05 -0.000228505 -0.000161564 -0.000581173 -0.000364284 0.000123101 -4.04561e-05 0.000339189 0.000180028 -0.000176608 -0.000422522 -0.000830035 -0.000546313 7.66676e-05 0.000551599 0.000769751 3.85312e-05 -9.60164e-05 0.000199855
internal_weight=267195 889 266306 58170 21635 718 20917 2200 1996 1623 1379 18717 9023 8585 2772 2341 9694 7016 4008 3582 2315 2039 1502 3008 1232 2678 2242 5813 5007 1203
internal_count=267195 889 266306 58170 21635 718 20917 2200 1996 1623 1379 18717 9023 8585 2772 2341 9694 7016 4008 3582 2315 2039 1502 3008 1232 2678 2242 5813 5007 1203
is_linear=0
shrinkage=0.03


Tree=174
num_leaves=31
num_cat=0
split_feature=8 11 3 10 11 1 9 10 9 6 10 0 0 4 4 9 10 6 3 0 4 8 1 2 1 0 4 8 6 7
split_gain=0.39501 1.23682 0.617078 1.2693 0.727199 0.866419 1.17473 0.825428 1.20787 0.79864 1.4414 1.21193 0.758098 0.6546 0.653868 0.605433 0.556827 0.549343 0.547791 0.717105 0.96317 0.749034 0.679989 0.860296 0.987587 0.730253 1.27613 1.29319 0.732912 0.762621
threshold=0.038335022967342321 0.0073264182372776441 0.022142519163031008 0.019539612897223838 0.0020686319328877549 0.039574152487219079 -0.0054303078417323172 -0.0003514171155731271 -0.067225892870394807 0.044901024135594388 0.0021493899669076115 0.004850263184171478 0.014737943483504103 0.065499377120657024 0.026861027863105961 -0.026518502981555832 0.0010660783705950252 0.23968869885597513 -0.0015276304838293118 -0.028191641117838614 0.015092176376079626 0.022732314781423232 -0.015756634053113724 9.3801751008015533 -0.050506222547584183 0.023430777710393928 0.010433519576405372 0.018672228740270486 -0.039182487550779736 -0.075991559743918621
decision_type=10 10 10 8 8 2 10 8 10 10 10 10 10 10 10 10 10 10 10 10 10 10 2 10 2 10 10 10 8 8
left_child=17 2 3 -2 5 6 9 8 -6 10 14 13 15 -11 -4 -13 -9 18 -1 20 21 -20 23 24 -21 28 27 -27 -24 -30
right_child=1 -3 4 -5 7 -7 -8 16 -10 11 -12 12 -14 -15 -16 -17 -18 -19 19 22 -22 -23 25 -25 -26 26 -28 -29 29 -31
leaf_value=6.7349613703331814e-05 -0.00022387516684092067 -0.0024283866013300793 -0.00027413557375268735 0.0021762703529753682 0.0016419902142675285 0.0021383065358695987 -0.0014561552481795732 -0.0022707535675465223 -0.00099378865203571926 0.00056457960124196751 -0.0012238956710743699 0.0014572029885351406 0.00044043174971002624 -0.0011562444354307087 0.0012275780570839996 0.0033775352844270124 -0.00044605138934338868 0.0014647888937004241 -0.0010958299232690532 0.0022026447746176995 -0.0019010790091676449 0.0011246353798649378 -0.00030309321112468148 -0.00063810474527147009 0.00022204044926015968 0.0030376184117212298 -0.00014480072640098358 0.00062346370149060973 0.00023583524139437253 -5.1902040585727777e-05
leaf_weight=115487 14781 206 448 201 309 235 328 267 317 764 612 370 329 269 625 246 345 237 277 231 427 270 9431 1043 11843 278 1230 709 9076 95737
leaf_count=115487 14781 206 448 201 309 235 328 267 317 764 612 370 329 269 625 246 345 237 277 231 427 270 9431 1043 11843 278 1230 709 9076 95737
internal_value=1.05781e-05 -0.000115447 -9.21437e-05 -0.000191675 0.000180765 0.000368086 0.000263851 -0.000458671 0.000307259 0.000417868 -6.20775e-05 0.000826719 0.00160311 0.000116466 0.000600581 0.00222409 -0.00124212 2.11462e-05 1.97556e-05 -2.23463e-05 -0.00083332 1.94998e-07 -1.62504e-05 0.000188526 0.000259933 -3.93143e-05 0.00049995 0.00130344 -4.97792e-05 -2.69862e-05
internal_weight=266928 20652 20446 14982 5464 4226 3991 1238 626 3663 1685 1978 945 1033 1073 616 612 246276 246039 130552 974 547 129578 13117 12074 116461 2217 987 114244 104813
internal_count=266928 20652 20446 14982 5464 4226 3991 1238 626 3663 1685 1978 945 1033 1073 616 612 246276 246039 130552 974 547 129578 13117 12074 116461 2217 987 114244 104813
is_linear=0
shrinkage=0.03


Tree=175
num_leaves=31
num_cat=0
split_feature=12 13 11 3 11 8 0 11 11 11 4 0 6 0 11 0 5 13 6 11 5 11 8 11 4 7 1 6 13 0
split_gain=0.413603 0.724396 0.903967 0.965499 0.81926 1.34601 1.40965 1.09536 0.849661 0.871502 0.853648 0.796463 0.72543 0.72154 1.44702 1.13685 0.862996 0.746786 0.850373 0.71652 0.705301 0.701907 1.44959 0.680388 0.879398 0.678369 0.668802 0.986725 0.657062 0.999925
threshold=-0.015171084589503168 0.016349045504424477 -0.012546539886328088 0.015651302660273595 -0.0041411703468128827 0.042081140800916017 0.004152484346536812 -0.0026814959715112936 -0.0032948680536851733 -0.003558624374393859 -0.0045941581494259856 -0.00011485734308497307 0.048702670065214455 0.020539594414491828 -0.0004966076057237866 0.049996212663228519 0.062962960388621425 0.055382658408149606 -0.043993471329250737 -0.0021640029339681783 0.026573419459772003 -0.003181517885346929 0.013856664119073643 -0.0065286733926540599 0.0091509879940362433 0.53033878153469827 0.013463946606729673 -0.087552950283723049 0.028546979608938098 0.017801484232115809
decision_type=10 2 10 10 10 8 10 10 10 10 10 10 10 8 8 10 8 2 8 10 10 10 10 10 10 10 2 8 2 8
left_child=13 4 3 20 5 6 23 8 9 -6 -11 -9 -8 25 15 17 -16 18 -15 -20 -3 22 -10 24 -2 -1 27 -4 -28 -30
right_child=1 2 26 -5 7 -7 12 11 21 10 -12 -13 -14 14 16 -17 -18 -19 19 -21 -22 -23 -24 -25 -26 -27 28 -29 29 -31
leaf_value=0.00012567116991148765 -0.00033125868786332643 0.0003905304738189011 0.00033539276179700607 -0.00043024994150288976 -0.00026792034899663329 -0.0019061227973772123 -8.8564547083375551e-05 0.00016545293017585831 -0.0026919892464870089 0.0011237560534220559 -4.1104705545541912e-06 -1.9434365254129524e-05 -0.0016925428356595218 0.0015506395914445757 -0.00067000232610992178 -0.0017740245482816201 -0.0025016519057966184 0.0020946889776886175 -0.0011137416667643132 0.0010203910932048328 0.0027011301860722448 -0.00036316905366716429 -0.00039028215823161871 0.00069719277071229435 0.0011923264923427873 0.0016509549105539916 0.0002072421738754762 -0.0001530929186480875 -0.00013877706143630513 0.00058731614783444168
leaf_weight=27018 1407 202 3907 291 5029 248 2457 30541 382 952 1652 66913 283 306 951 205 306 252 411 216 289 4997 693 5840 450 265 11988 78447 18644 1879
leaf_count=27018 1407 202 3907 291 5029 248 2457 30541 382 952 1652 66913 283 306 951 205 306 252 411 216 289 4997 693 5840 450 265 11988 78447 18644 1879
internal_value=-1.04901e-05 -2.37349e-05 -7.75149e-05 0.000939017 2.73098e-05 0.000278218 0.000330122 3.19163e-06 -0.000247932 -3.72522e-05 0.000408228 3.85073e-05 -0.000254231 9.46057e-05 -0.000378292 0.000288733 -0.00111589 0.000645581 0.000254183 -0.000378538 0.00175054 -0.000512774 -0.00120819 0.000538141 3.79461e-05 0.000140486 -8.44354e-05 -0.000129918 3.07781e-05 -7.2299e-05
internal_weight=267421 237491 115647 782 121844 10685 10437 111159 13705 7633 2604 97454 2740 29930 2647 1390 1257 1185 933 627 491 6072 1075 7697 1857 27283 114865 82354 32511 20523
internal_count=267421 237491 115647 782 121844 10685 10437 111159 13705 7633 2604 97454 2740 29930 2647 1390 1257 1185 933 627 491 6072 1075 7697 1857 27283 114865 82354 32511 20523
is_linear=0
shrinkage=0.03


Tree=176
num_leaves=31
num_cat=0
split_feature=13 7 4 8 11 8 5 11 7 11 8 12 8 8 0 4 1 0 7 1 11 4 13 8 0 8 11 12 11 11
split_gain=0.39014 0.706034 0.905529 1.00308 0.976087 1.31047 0.748127 0.789082 1.01188 0.944257 0.990429 0.759309 0.745189 0.984638 0.727032 0.723456 0.646501 1.63847 0.61538 0.610936 0.779754 1.24896 0.578809 0.632961 0.559783 0.555014 0.833447 1.0717 1.06565 0.951674
threshold=0.021005056271520557 0.098227627998055414 0.014389491044032645 0.017920540156973759 -0.0055927513385567442 0.01277804498597363 0.059109000061700057 0.0057107012636277163 -0.13293833106454436 0.0065392418405726413 0.020228458855627535 -0.015171084589503168 0.040735814898767646 0.028777813505433014 -0.00070815570756643787 0.012136486084736055 0.0033048771908194001 0.00063515170454697689 0.044154426371342488 -0.0078826991961180575 -0.0073806561312393928 -0.011936263242611765 0.020614576289417316 0.029088936501292718 0.0044685286270352851 0.042081140800916017 -0.0016335004347811652 -0.0074370103620722263 -0.0031245013392179328 -0.0055927513385567442
decision_type=2 8 10 10 8 10 10 8 10 10 10 10 10 8 8 10 2 10 10 2 10 10 2 10 10 10 8 10 10 10
left_child=1 6 3 4 5 -3 7 19 -9 11 16 -10 13 -4 -6 -16 -11 -18 -12 24 21 -21 -5 -24 -1 -2 27 -27 29 -29
right_child=25 2 12 22 14 -7 -8 8 9 10 18 -13 -14 -15 15 -17 17 -19 -20 20 -22 -23 23 -25 -26 26 -28 28 -30 -31
leaf_value=0.00022862647287727586 -2.9248748875142404e-05 -0.0027276805674828551 0.00063626277521486199 -0.00010017858211913976 0.00090164765782336901 0.00064052460703618744 -0.00048022907839647723 -0.0014055616560654015 0.0027971733061091532 -0.0010782508359130497 0.0013126245267697542 0.00084514192344436372 0.0016924929651179141 -0.00023838751785054907 0.00031162917388325242 -0.0013986157606042729 -0.0014767650584690273 0.0017084691618290933 -0.00052237254348691813 -0.0029746346680947873 -3.2006037534868305e-05 -0.00035527603591831175 0.002188556342136327 -0.0001087251060317814 -6.535434678962444e-05 -0.00041037881820466329 -0.00047464950938160753 0.0012186548734124105 0.0015241508601384211 -0.00065770299068027981
leaf_weight=16306 88383 212 4097 15303 2042 204 2936 256 206 644 700 1386 424 1615 5498 232 261 328 215 201 105633 886 211 221 9073 1831 6287 381 710 673
leaf_count=16306 88383 212 4097 15303 2042 204 2936 256 206 644 700 1386 424 1615 5498 232 261 328 215 201 105633 886 211 221 9073 1831 6287 381 710 673
internal_value=-5.55039e-06 2.20762e-05 0.000153915 7.0524e-05 0.000339817 -0.00107596 -6.4278e-06 3.7936e-06 0.000419128 0.000544027 0.000133648 0.00109773 0.00047904 0.000388966 0.000415597 0.000242384 -0.000421291 0.000297016 0.00088145 -8.77029e-06 -4.02321e-05 -0.000839628 -6.96076e-05 0.00101333 0.000123528 -5.30891e-05 -0.000266313 9.80297e-05 0.000625749 2.0563e-05
internal_weight=267355 169090 30059 23923 8188 416 139031 136095 3996 3740 2148 1592 6136 5712 7772 5730 1233 589 915 132099 106720 1087 15735 432 25379 98265 9882 3595 1764 1054
internal_count=267355 169090 30059 23923 8188 416 139031 136095 3996 3740 2148 1592 6136 5712 7772 5730 1233 589 915 132099 106720 1087 15735 432 25379 98265 9882 3595 1764 1054
is_linear=0
shrinkage=0.03


Tree=177
num_leaves=31
num_cat=0
split_feature=0 1 13 13 13 0 7 0 2 10 4 4 6 13 8 6 6 3 1 7 6 13 0 2 8 3 10 2 10 10
split_gain=0.768764 0.751545 1.09345 0.759073 0.750513 0.808739 0.773372 0.69226 0.948726 1.33645 0.967372 1.60642 0.98386 1.01915 1.02738 0.790074 0.793172 0.785928 0.863626 0.747933 1.19895 0.969265 1.05266 0.993401 1.12462 0.718557 0.69069 1.33875 0.708912 0.900022
threshold=-0.003475072875677165 0.019288350352155485 0.028546979608938098 0.089033221022337711 0.026558003422210135 -0.00029532855188668655 0.065223850983491607 0.017801484232115809 -0.55782002242754924 -0.0026199294362432841 0.021129951928853367 -0.025543862938869174 0.0084100723369704439 0.044293193621162998 0.028470036987702504 -0.0090658121821906561 -0.01984779535502423 -0.015463527930340835 0.031621298837954732 -0.13293833106454436 -0.065238100082155234 0.069267995657114542 0.0076922947686319807 -0.39105917160574405 0.016787149480216115 0.0024305414923740947 0.0017991784466540042 13.493365295875696 0.0043340383897720889 0.0037467727044742109
decision_type=8 2 2 2 2 10 10 8 8 8 10 10 10 2 8 10 10 10 2 8 10 2 10 8 8 10 10 10 10 10
left_child=26 3 4 -2 5 -3 -6 8 10 -10 11 -4 15 14 -14 16 17 -13 -19 -11 -21 23 -23 -22 25 -25 27 -1 29 -28
right_child=1 2 7 -5 6 -7 -8 -9 9 19 -12 12 13 -15 -16 -17 -18 18 -20 20 21 22 -24 24 -26 -27 28 -29 -30 -31
leaf_value=8.1858666290646789e-05 -3.9553467116791996e-05 -0.0010915030863972734 -0.00060019471414135604 0.0017824421516728125 0.00089768489663693358 0.0007006778701016817 0.0028577645986199609 0.00066179274109314998 0.0010560566123609164 0.00083873313882479989 -0.00044777183989557829 -0.0011285759667973535 0.0011365252269178057 0.00023291581932706042 0.0030926032766202013 -0.0009464267525089602 0.002376006234005806 0.00013430524413138301 0.0023642373585763079 -0.0022975420071222625 -0.0020386875046791786 -0.00059040229522030465 -0.003344365275923663 -0.00023446136707104345 0.00017741982284944657 -0.0023704111107303695 0.0004626599079654541 -0.0017530825239034766 -0.00021039314751476382 0.0020722118792764373
leaf_weight=40989 205176 278 917 206 614 1226 257 1547 572 355 1289 251 597 468 406 351 204 512 225 342 258 330 201 283 2466 284 4503 361 1318 336
leaf_count=40989 205176 278 917 206 614 1226 257 1547 572 355 1289 251 597 468 406 351 204 512 225 342 258 330 201 283 2466 284 4503 361 1318 336
internal_value=5.54178e-07 -2.31165e-05 0.000187698 -3.7726e-05 0.000775249 0.00036941 0.00147603 7.00194e-05 -1.87667e-05 -0.000310157 0.000265422 0.000499283 0.000833796 0.00138892 0.00192832 0.000304572 0.000672945 0.000321301 0.000815085 -0.000483088 -0.000595779 -0.000443502 -0.00163286 -0.000251599 -9.95819e-05 -0.00130432 0.000109979 6.5839e-05 0.000406419 0.00057442
internal_weight=267122 219615 14233 205382 2375 1504 871 11858 10311 5091 5220 3931 3014 1471 1003 1543 1192 988 737 4519 4164 3822 531 3291 3033 567 47507 41350 6157 4839
internal_count=267122 219615 14233 205382 2375 1504 871 11858 10311 5091 5220 3931 3014 1471 1003 1543 1192 988 737 4519 4164 3822 531 3291 3033 567 47507 41350 6157 4839
is_linear=0
shrinkage=0.03


Tree=178
num_leaves=31
num_cat=0
split_feature=13 1 1 0 9 2 0 8 6 0 8 2 6 7 7 1 0 9 9 5 6 9 3 1 5 9 3 4 3 5
split_gain=0.805595 0.761457 0.640241 0.900501 0.787955 0.705246 0.683656 0.818285 0.746067 0.658113 0.800088 0.864676 0.756029 0.619118 0.616777 0.610073 1.05353 0.601666 0.935492 0.78532 1.06866 1.09511 0.795224 0.814834 0.653756 0.605509 0.590624 0.861522 0.733159 0.913775
threshold=0.021269211286581675 0.008311225662386847 0.0068198566183161899 0.004850263184171478 -0.10230336363688645 -0.8084593173080491 0.0031422502133098278 0.059080598138895372 0.023968510642998989 0.0045340084550890012 0.031456098744024989 7.5754494022944865 0.089691781580086963 -0.095629666685773759 0.023976568233735954 -0.015756634053113724 0.041296227684088478 -0.10506266838427035 -0.10790121734457668 0.022428421299956914 -0.01984779535502423 -0.11705864627904887 0.0054610941287432943 0.012195053784195388 0.051438703795285118 -0.10690261513999198 0.024880115342457491 0.031186369769279468 -1.0000000180025095e-35 0.040241448628794807
decision_type=2 2 2 8 10 8 8 10 8 8 10 10 10 8 8 2 8 10 10 8 8 10 10 2 10 10 8 10 10 10
left_child=1 2 6 4 -4 -5 26 8 14 10 11 12 -10 -11 -8 16 -2 18 19 20 21 -17 23 -22 25 -20 27 28 -1 -30
right_child=15 -3 3 5 -6 -7 7 -9 9 13 -12 -13 -14 -15 -16 17 -18 -19 24 -21 22 -23 -24 -25 -26 -27 -28 -29 29 -31
leaf_value=0.00013111847883708896 7.1406418722745035e-05 0.00022067783604873861 -0.0013005369306244268 -0.00034987257913947909 -0.00030593101295855221 0.00096454974410084592 -8.0974397006271622e-05 0.0016592073232126253 -3.0099377651119006e-05 0.00087030093360285275 -0.0010466290636269812 0.0017754752712333393 0.0015500974333198759 -0.00037146576327225131 0.0001596699354586162 -0.0017109438889777427 -0.0010954060337369468 -0.00018726045025025333 0.0017602391771632372 2.2760326571097339e-05 -0.001617284350855679 0.00072214771921122532 0.0013966083014914797 0.00060721918522682508 0.0024941471582511439 -0.00021082655218242864 0.00034880375694580656 0.0019361262985998059 -1.6289918247010881e-05 -0.00071346610496542096
leaf_weight=43933 26834 17028 881 683 3848 795 27163 249 3074 372 486 306 299 12630 14813 868 715 46542 222 19423 291 206 307 302 200 381 6546 218 36178 1775
leaf_count=43933 26834 17028 881 683 3848 795 27163 249 3074 372 486 306 299 12630 14813 868 715 46542 222 19423 291 206 307 302 200 381 6546 218 36178 1775
internal_value=-8.73386e-06 3.02968e-05 9.28009e-06 -0.000289212 -0.000491223 0.000357141 2.17951e-05 -5.69681e-05 -6.41934e-05 -0.000230808 9.73799e-05 0.000248505 0.000109977 -0.000335938 3.94709e-06 -7.81594e-05 4.11233e-05 -0.000125963 2.54612e-06 -3.51803e-05 -0.000605283 -0.00124426 0.000157232 -0.000484401 0.00100782 0.000514839 7.45633e-05 5.26986e-05 4.76845e-05 -4.88957e-05
internal_weight=267568 171277 154249 6207 4729 1478 148042 59392 59143 17167 4165 3679 3373 13002 41976 96291 27549 68742 22200 21397 1974 1074 900 593 803 603 88650 82104 81886 37953
internal_count=267568 171277 154249 6207 4729 1478 148042 59392 59143 17167 4165 3679 3373 13002 41976 96291 27549 68742 22200 21397 1974 1074 900 593 803 603 88650 82104 81886 37953
is_linear=0
shrinkage=0.03


Tree=179
num_leaves=31
num_cat=0
split_feature=8 13 9 0 10 8 6 7 9 9 1 1 13 7 7 7 0 0 8 4 0 10 11 6 12 0 4 10 0 1
split_gain=0.679817 1.02151 0.832045 0.920444 0.773869 0.767655 0.733502 0.830999 0.732383 1.01661 0.724624 0.914834 0.59454 0.668111 1.21974 0.628571 0.748476 1.54514 0.802805 0.907261 0.604912 0.586167 0.506657 0.508176 0.450452 0.978828 0.621674 0.911878 0.628029 0.709557
threshold=0.059080598138895372 0.019022395360463299 -0.078537576543317653 0.0086818818200569154 0.00057765818009547509 0.052966135946296573 0.23968869885597513 0.32519847238428096 -0.059055663705313281 -0.034482755039710926 -0.022980358171610257 0.012804543052356678 0.069267995657114542 -0.18707910683417936 -0.11015309308684955 -0.055424481544900477 0.0086818818200569154 0.023430777710393928 0.025584558429249608 -0.025062927088645544 0.0020818117338634594 0.0019322119560739595 0.0025111138031108653 -0.033613168227328398 -0.031093505766181747 0.035178982739955351 -0.0049229709282661563 0.0035547345392493717 0.019625336341736913 -0.03893020356864673
decision_type=10 2 10 10 10 10 10 10 10 10 2 2 2 10 10 10 10 10 10 10 10 10 8 10 8 10 8 10 8 2
left_child=5 -2 3 4 -3 6 12 -8 10 -10 -7 22 24 -14 -15 -16 18 -18 -17 -20 -21 -4 23 -12 25 26 27 -1 29 -28
right_child=1 2 21 -5 -6 8 7 -9 9 -11 11 -13 13 14 15 16 17 -19 19 20 -22 -23 -24 -25 -26 -27 28 -29 -30 -31
leaf_value=-0.00023834625281623375 0.0018847023231944187 0.00088893406502357525 -0.0017213590202129821 0.0018317564885236446 -0.00095491364484690618 0.0006974778896604311 7.413670867313875e-05 0.0022107290327160931 0.001846310329920751 -0.00080450215370534621 -0.002325786671109829 0.00028379642668842776 -0.0018889159420184018 0.0016835169924888759 -0.0019149592048977771 0.0013018189978709273 -0.002328809926871042 0.00055456169842121503 0.0012535844749284231 -0.0017027330693558395 0.00029004693281713801 0.00040196236084448169 -0.002850320665235731 -0.00068949205415878801 -5.9988231554888495e-07 -0.0015209389717114508 -6.082246252316832e-05 0.0012871997706458663 0.0022715736514464305 0.0012058127694409644
leaf_weight=1699 409 459 282 391 370 213 380 288 235 292 260 292 261 252 257 362 399 288 220 388 212 200 233 498 255597 247 744 445 237 856
leaf_count=1699 409 459 282 391 370 213 380 288 235 292 260 292 261 252 257 362 399 288 220 388 212 200 233 498 255597 247 744 445 237 856
internal_value=2.2503e-06 0.00053848 0.000214976 0.000631901 6.59864e-05 -2.01884e-06 2.45691e-06 0.000995302 -0.00058418 0.000377549 -0.000922971 -0.00119199 -6.99896e-08 -0.00044809 -0.000289951 -0.000523871 -0.000332587 -0.00112006 0.000125107 -0.000394368 -0.000998617 -0.000840313 -0.00162684 -0.00125075 4.48048e-06 0.000311606 0.000425305 7.82899e-05 0.000830314 0.000616827
internal_weight=267266 2111 1702 1220 829 265155 263132 668 2023 527 1496 1283 262464 2639 2378 2126 1869 687 1182 820 600 482 991 758 259825 4228 3981 2144 1837 1600
internal_count=267266 2111 1702 1220 829 265155 263132 668 2023 527 1496 1283 262464 2639 2378 2126 1869 687 1182 820 600 482 991 758 259825 4228 3981 2144 1837 1600
is_linear=0
shrinkage=0.03


Tree=180
num_leaves=31
num_cat=0
split_feature=12 1 3 10 3 6 12 3 2 0 10 2 3 6 6 4 11 1 10 3 10 10 4 1 3 10 10 0 3 3
split_gain=0.42839 0.902617 1.21179 0.87724 0.910042 0.791422 0.850376 1.39629 0.700366 0.72936 1.05128 1.07773 0.853861 1.05563 0.723875 1.18321 0.841802 0.959455 0.799666 0.787661 0.778622 0.91298 0.767104 0.744086 1.23125 0.803411 0.740363 0.733853 0.811347 0.712458
threshold=0.0027018519775784404 0.008311225662386847 0.072709976899204123 0.014248483626329246 -0.0328799652855205 0.11941302929072463 0.030811200461105141 -0.044457566656412477 -2.9043491911381354 0.0042178919598441231 0.0066181232477415817 12.729120531372873 0.084201131609985561 0.11410898687902295 -0.048422474041957091 -0.034941502499352066 -0.0075704983180138177 -0.0062933631206418253 0.0077075116728887458 -0.024828838605150224 -3.8365969389053671e-05 0.00035337410969515931 -0.027164638942562599 -0.013377480822895858 -0.018946487626033234 0.0019322119560739595 -0.0011621878052202048 0.0053416860892377968 0.036640877197469675 0.002942224284157025
decision_type=10 2 10 8 10 8 10 10 8 10 10 10 10 10 8 10 10 2 10 8 10 10 10 2 10 10 8 10 10 10
left_child=8 2 -2 4 5 6 -3 -8 29 10 11 -10 14 -14 16 -16 -11 23 -19 -17 26 -22 -23 -18 25 -25 -21 -28 -29 -1
right_child=1 3 -4 -5 -6 -7 7 -9 9 12 -12 -13 13 -15 15 19 17 18 -20 20 21 22 -24 24 -26 -27 27 28 -30 -31
leaf_value=3.3590854221123632e-06 -0.00018009403897155992 -0.00052939557520940267 0.0017180648656546702 0.00089878126418278987 4.4037453762947801e-05 -0.0021574691346246903 -0.0004021177287245679 0.0019737744982248838 0.00011903089055840702 0.0019953374270471219 -0.00073585202531679733 -0.00083994196081075396 0.0028447053900510981 7.3505732714413443e-05 -0.00087532175603863673 0.00052758551156883928 0.00019411937530788051 0.0003966731782767375 0.0019190439205704023 -7.2174983975461756e-05 0.00050536091597699483 -0.0011594078159962772 -5.6491713169629856e-05 -0.00092097226320922172 -0.0011948270252041455 0.0010266602995719835 4.4117012385144239e-05 -0.0010426281507492086 0.000403915438485941 -0.00033032997361111721
leaf_weight=14473 40057 3436 305 1008 47914 219 597 355 91713 230 1348 1067 205 312 1700 1907 2989 2754 350 4244 2627 578 31423 298 1143 529 1079 2783 399 9564
leaf_count=14473 40057 3436 305 1008 47914 219 597 355 91713 230 1348 1067 205 312 1700 1907 2989 2754 350 4244 2627 578 31423 298 1143 529 1079 2783 399 9564
internal_value=-7.00105e-06 -5.86307e-05 -0.00016575 2.21398e-05 5.31497e-06 -0.000397409 -0.000309566 0.00048385 2.09042e-05 4.50436e-05 9.59176e-05 0.000108002 -4.11611e-05 0.00117234 -5.25611e-05 -9.83914e-05 0.000205742 0.000154693 0.000568332 -6.90668e-05 -9.5446e-05 -3.22772e-05 -7.64125e-05 -0.000104217 -0.00055687 0.000324853 -0.000352637 -0.000631981 -0.000861242 -0.000129411
internal_weight=267606 93891 40362 53529 52521 4607 4388 952 173715 149678 94128 92780 55550 517 55033 46740 8293 8063 3104 45040 43133 34628 32001 4959 1970 827 8505 4261 3182 24037
internal_count=267606 93891 40362 53529 52521 4607 4388 952 173715 149678 94128 92780 55550 517 55033 46740 8293 8063 3104 45040 43133 34628 32001 4959 1970 827 8505 4261 3182 24037
is_linear=0
shrinkage=0.03


Tree=181
num_leaves=31
num_cat=0
split_feature=7 11 11 2 9 11 10 12 10 10 12 2 7 7 11 10 10 11 11 13 7 13 13 11 11 8 6 11 12 13
split_gain=0.390872 1.02641 1.35854 1.43952 1.325 0.998135 0.909305 0.976206 0.82999 0.799513 0.766624 0.755109 0.82208 0.743474 1.00841 0.741507 1.22862 1.61832 0.986311 0.776948 0.738837 0.723568 0.719595 0.69491 1.02848 0.61377 0.603286 0.599528 1.25541 1.17646
threshold=-0.10788721124583338 0.0028505384394292847 0.00052471065793802129 10.955286607492502 -0.14498596720604287 0.0065392418405726413 -0.003942695866748557 0.011583084599365303 -0.010872040601414166 0.0059692030208320377 0.0017094591135217165 -0.47740662360832808 -0.12319642227676712 -0.1401329831607184 -0.0025460857065984772 0.0058968997251246389 -0.00087725342066596868 0.0040985195380104375 0.0050347467131732779 0.029302279557704595 -0.12031651973661932 0.019022395360463299 0.022792132332065857 0.0011458529447463397 0.0010314880891127978 0.024098003198810173 -0.057002130435780722 -0.0058529657534840398 -0.024349798663118368 0.018716257043410837
decision_type=8 8 10 10 10 10 10 10 10 10 10 10 10 10 8 10 10 10 10 2 10 2 2 10 10 10 10 10 10 2
left_child=1 2 3 6 5 15 7 13 -4 27 -5 12 21 14 -1 16 17 -3 19 25 23 -11 -13 24 -10 -18 -23 28 -8 -30
right_child=-2 4 8 10 -6 -7 9 -9 20 11 -12 22 -14 -15 -16 -17 18 -19 -20 -21 -22 26 -24 -25 -26 -27 -28 -29 29 -31
leaf_value=0.0018509686676788689 -4.6773509472462811e-06 -0.0012302923975148587 -0.00087654193911596012 0.0024434661133212045 0.00066613918844297254 0.00062981028054270166 0.0011298095001926961 0.0026033371508624036 0.0010587245124538808 0.0018595886155154504 0.00036840276916620207 -0.00099932970796053414 0.0027268593571398679 -0.00037046716926819113 -0.00029033881983392548 0.00088477662152549978 -0.0015138199573659615 0.00081909804439199299 -0.0028948097527923154 -0.0022165278657145485 5.5112809158763319e-05 -0.00085371620935162612 0.00077060040094729053 0.00066530363126116661 0.003320454743934611 0.00018035456226147959 0.001232059730843095 -0.00010488676562190356 0.00044693241754614543 -0.0016645189000694977
leaf_weight=488 242946 720 318 334 1043 552 265 202 810 270 308 452 205 659 333 230 333 669 343 360 1222 324 381 3007 233 456 203 8517 316 956
leaf_count=488 242946 720 318 334 1043 552 265 202 810 270 308 452 205 659 333 230 333 669 343 360 1222 324 381 3007 233 456 203 8517 316 956
internal_value=6.84182e-06 0.000121026 0.000215667 5.98355e-05 -0.000277226 -0.00054584 -5.83181e-06 0.000647043 0.00061188 -9.81975e-05 0.00144795 0.000477657 0.00103253 0.000380035 0.000982448 -0.000754441 -0.000885305 -0.000243221 -0.00148306 -0.00106163 0.000701659 0.000596729 -0.000189794 0.000896741 0.00156398 -0.000534677 -5.02769e-05 -0.000203299 -0.000748634 -0.00113998
internal_weight=267455 24509 19803 14213 4706 3663 13571 1682 5590 11889 642 1835 1002 1480 821 3111 2881 1389 1492 1149 5272 797 833 4050 1043 789 527 10054 1537 1272
internal_count=267455 24509 19803 14213 4706 3663 13571 1682 5590 11889 642 1835 1002 1480 821 3111 2881 1389 1492 1149 5272 797 833 4050 1043 789 527 10054 1537 1272
is_linear=0
shrinkage=0.03


Tree=182
num_leaves=31
num_cat=0
split_feature=12 13 5 5 3 10 8 8 8 0 3 8 8 5 2 10 8 2 8 9 3 9 7 13 1 5 7 5 5 8
split_gain=0.361115 0.602914 0.651005 0.699351 0.920726 0.662845 1.00288 0.891513 0.679793 0.603083 1.01353 0.917578 1.04505 0.8595 0.854794 0.800548 0.77622 0.706751 0.599868 0.581164 0.974288 0.517286 0.46226 0.44521 0.656836 0.913249 0.747345 0.643503 0.962311 0.848733
threshold=0.030811200461105141 0.05775751016871733 0.057461613862436804 0.095409490574798556 0.020220107090289988 -0.00066053218267364533 0.019692883825690188 0.024534687878999348 0.024988384469595271 0.0052141581726806727 -0.020450256413227948 0.037549233945039291 0.029088936501292718 0.038072775976873759 -1.2278409502618595 0.0031836078789299065 0.018165630375609546 -1.0453107550907481 0.020140661759303468 -0.099673428722667254 0.010712099170622548 -0.062792421362802317 0.0192320884104108 0.030990482209299942 0.013463946606729673 0.062962960388621425 -0.0086802232514349136 0.010190074117167975 0.020908658187860994 0.019603474150981549
decision_type=10 2 8 10 8 10 10 10 10 8 8 8 8 10 10 10 10 8 8 10 10 10 10 2 2 10 8 10 10 10
left_child=23 9 5 4 -4 8 -7 -8 -3 11 -11 12 15 18 -15 16 -2 -13 -12 -9 -21 -10 -18 24 -1 -26 -27 -25 29 -29
right_child=1 2 3 -5 -6 6 7 19 21 10 13 17 -14 14 -16 -17 22 -19 -20 20 -22 -23 -24 27 25 26 -28 28 -30 -31
leaf_value=-5.2190381183962089e-06 0.0014914233974659893 0.0014636094707248548 8.5612109145408877e-05 -0.00053566512618640275 0.0021967107509668709 -0.0025369019005447623 0.0011603355029582421 0.00023922521311775023 -0.0012504073233249857 -0.00078406726696381439 0.00057453284391594927 0.00016093757787670116 0.0014596994909664655 0.0018470545123832728 -0.0004624293533716093 -0.0016224693451859537 0.00048563384110120384 -0.0022649766946832338 0.0025179872455209223 -0.0025893915662938941 0.00010490696572232992 0.00074730963223794498 -0.00078579998760188829 0.0015702068613325359 0.00025378560675833902 -0.0018321902876946268 -1.7837105978668514e-05 -6.691405494550472e-05 -7.2016804115246323e-05 -0.0011755876197559558
leaf_weight=209313 355 273 431 415 327 255 241 253 278 266 200 208 617 234 376 232 527 225 501 305 200 201 503 205 14521 346 499 1122 32715 1393
leaf_count=209313 355 273 431 415 327 255 241 253 278 266 200 208 617 234 376 232 527 225 501 305 200 201 503 205 14521 346 499 1122 32715 1393
internal_value=-1.01999e-06 0.000205301 -0.000107092 0.000454324 0.000996337 -0.000435377 -0.000857678 -0.000429047 0.000268832 0.000439302 0.000904371 0.000164306 0.000409288 0.00124695 0.000423504 8.48117e-06 0.00028168 -0.00109964 0.00196351 -0.000934379 -0.00152234 -0.000412117 -0.00013527 -6.90789e-06 8.67891e-06 0.000197994 -0.000760756 -0.000105738 -0.00011549 -0.000680983
internal_weight=267537 7423 3179 1173 758 2006 1254 999 752 4244 1577 2667 2234 1311 610 1617 1385 433 701 758 505 479 1030 260114 224679 15366 845 35435 35230 2515
internal_count=267537 7423 3179 1173 758 2006 1254 999 752 4244 1577 2667 2234 1311 610 1617 1385 433 701 758 505 479 1030 260114 224679 15366 845 35435 35230 2515
is_linear=0
shrinkage=0.03


Tree=183
num_leaves=31
num_cat=0
split_feature=3 6 8 2 11 5 13 10 8 2 3 6 13 13 11 11 11 11 6 9 12 11 8 8 9 5 4 11 12 12
split_gain=0.668163 0.872271 0.740177 0.811256 0.758771 0.639744 0.685647 0.711999 0.826269 0.678305 0.619907 0.570863 0.592831 0.944063 0.710229 1.31136 0.622998 0.907212 0.920191 0.749999 0.705458 0.699633 1.31496 1.64565 1.15425 0.845723 0.660127 0.656403 0.614931 0.602858
threshold=-0.0045316074095032568 0.11410898687902295 0.042791504470379237 -2.136740459790929 0.00022366014769392709 0.11486618025563465 0.011946339177603408 0.0022420060690916403 0.012344860663748302 -0.46457988626103058 -0.076843137660670066 0.10183423150232264 0.089033221022337711 0.055382658408149606 0.0033666996791754671 0.00015838471211626628 -0.003853996667671999 -0.0043553738595880067 -0.048422474041957091 -0.17538326656239009 -0.0061596263248716579 -0.0031245013392179328 0.020140661759303468 0.03253842919984435 -0.10056992449988432 0.010830694243334446 -0.021579347586779592 -0.0060388622353809143 0.0042911675451070006 0.0073471659162762113
decision_type=8 10 8 8 10 10 2 10 10 8 10 8 2 2 10 10 10 10 10 10 10 10 10 10 8 10 10 10 10 10
left_child=1 5 -3 -4 -5 6 -1 11 9 -9 -7 12 13 16 15 -15 17 19 -19 26 -20 22 24 29 -18 -23 27 -8 -22 -24
right_child=-2 2 3 4 -6 10 7 8 -10 -11 -12 -13 -14 14 -16 -17 21 18 20 -21 28 25 23 -25 -26 -27 -28 -29 -30 -31
leaf_value=0.00022192378162254282 -2.7389675006961043e-05 -0.00012216251436970781 0.00011815708385256584 -0.0032178612473625235 -0.00076583014924732425 0.0016091676448648775 0.00035669122973350107 3.8516924805388684e-05 0.00021040530060310967 -0.0013713891991818719 -0.00010428310037657086 0.00082668579072106433 0.0015020606708130799 -0.00024787566513430857 0.00036729643048029245 -0.0022416526517578463 0.001145244845646057 -0.0024357018292740624 0.00051197849036067975 -0.00025843171280463503 -0.0020221046935646448 0.0018499108596086143 0.0019314539595153943 -0.00041026586221898793 -0.0010117828288181748 -1.9008512641939564e-05 -0.00026022886625697901 0.0025830385453855143 -0.00021227166900775177 0.00040717020158393725
leaf_weight=22295 161358 1198 224 246 211 479 244 697 23098 549 315 701 225 680 381 527 319 304 361 4958 343 219 956 547 744 44032 358 233 333 309
leaf_count=22295 161358 1198 224 246 211 479 244 697 23098 549 315 701 225 680 381 527 319 304 361 4958 343 219 956 547 744 44032 358 233 333 309
internal_value=1.10588e-05 6.95395e-05 -0.000571084 -0.00136082 -0.00208574 8.10908e-05 7.45776e-05 3.408e-05 0.000169812 -0.000582702 0.000929398 -2.41201e-05 -3.47565e-05 -4.0948e-05 -0.000761944 -0.0011184 -1.9847e-05 -0.000281116 -0.000984264 -0.000118347 -0.00055877 1.97043e-05 0.000473195 0.000964608 -0.000364472 -9.75915e-06 0.000713436 0.00144419 -0.00113057 0.00155912
internal_weight=267444 106086 1879 681 457 104207 103413 81118 24344 1246 794 56774 56073 55848 1588 1207 54260 7134 1341 5793 1037 47126 2875 1812 1063 44251 835 477 676 1265
internal_count=267444 106086 1879 681 457 104207 103413 81118 24344 1246 794 56774 56073 55848 1588 1207 54260 7134 1341 5793 1037 47126 2875 1812 1063 44251 835 477 676 1265
is_linear=0
shrinkage=0.03


Tree=184
num_leaves=31
num_cat=0
split_feature=9 0 11 13 11 7 11 2 10 11 11 13 9 11 2 13 0 0 10 13 9 9 9 11 12 2 10 0 12 12
split_gain=0.457632 0.782293 0.764959 0.832671 0.710668 0.684918 0.894767 0.814877 0.790368 0.799374 0.671862 1.29142 1.03764 1.08549 1.04143 0.782761 0.837435 0.823679 0.966856 0.818608 0.914555 0.963213 0.786708 0.742204 0.795767 0.661853 0.655562 1.30941 1.03525 0.643776
threshold=-0.054408318176129004 -0.01163331757445085 -0.012546539886328088 0.023693749321760747 0.0062848469957002004 0.066523830016616561 -0.0045449700422855446 -7.0536255156926941 0.0030711797658043998 -0.0061475536345984563 -0.0030346586420925132 0.042531540088033663 -0.080480121992176454 -0.0037982327423105029 -0.60916219296541907 0.036359441812190578 -0.00092674890916188957 0.001918130085285741 -0.0037010090502252453 0.039089380345022372 -0.067225892870394807 -0.1352133847859496 -0.096400840530018225 0.0019222775715913578 0.0040352919090582704 -1.5820676349376106 -0.0017260044631248193 -0.00078222630978919117 0.038724407637256493 -0.0056769261285077857
decision_type=8 10 10 2 8 10 10 10 10 10 10 2 10 10 10 2 10 10 10 2 10 10 10 10 10 10 8 8 10 10
left_child=1 4 3 -3 -1 -4 8 -8 9 -7 11 12 13 -9 29 16 23 18 -17 -19 21 -21 -20 24 -12 -11 -2 28 -28 -14
right_child=26 2 5 -5 -6 6 7 10 -10 25 15 -13 14 -15 -16 17 -18 19 22 20 -22 -23 -24 -25 -26 -27 27 -29 -30 -31
leaf_value=0.00029950782965414954 -8.6750928333288518e-05 -0.00065721075177453919 -2.5247118790650135e-05 0.0016212306239930378 -0.00096412525538055744 0.0003539187429202217 0.0013574452866602486 -0.0014758437811111917 -0.0026285946594367107 -8.9828954385286493e-05 -0.00075197229983123878 -0.0017402713962881261 0.00057446678008652471 0.00084486931148468965 -8.9386895987355938e-05 -0.00077651730085249407 -0.00024543130178145259 0.0012387241638731211 0.00022378981981406731 0.00094926800956760633 0.00085166320955333303 -0.0013166245826157562 0.0022596372327855908 -0.00012413401255731053 -0.0021741768979391444 -0.001955220500993378 0.00032367643671819466 3.0034637458850853e-05 -0.0016791892443397181 0.0025944012590146857
leaf_weight=8654 25146 205 114494 488 420 444 311 343 215 273 975 239 209 385 346 232 9017 300 283 207 353 916 431 765 556 459 19966 79907 235 443
leaf_count=8654 25146 205 114494 488 420 444 311 343 215 273 975 239 209 385 346 232 9017 300 283 207 353 916 431 765 556 459 19966 79907 235 443
internal_value=8.3932e-06 -2.84838e-05 -4.68862e-05 0.000947233 0.000241019 -5.20976e-05 -0.000225762 -0.000163477 -0.00095613 -0.000650365 -0.00019304 0.000326509 0.000612697 -0.000248544 0.00124094 -0.00026578 -0.000375677 0.000190966 0.000906009 -0.000189907 -0.000480279 -0.000898958 0.00145271 -0.000887185 -0.00126846 -0.00125952 5.01896e-05 8.45876e-05 0.000300377 0.00194691
internal_weight=267217 141963 132889 693 9074 132196 17702 16311 1391 1176 16000 1965 1726 728 998 14035 11313 2722 946 1776 1476 1123 714 2296 1531 732 125254 100108 20201 652
internal_count=267217 141963 132889 693 9074 132196 17702 16311 1391 1176 16000 1965 1726 728 998 14035 11313 2722 946 1776 1476 1123 714 2296 1531 732 125254 100108 20201 652
is_linear=0
shrinkage=0.03


Tree=185
num_leaves=31
num_cat=0
split_feature=8 11 7 4 1 7 7 3 5 1 8 9 4 9 3 1 1 10 7 10 0 7 7 1 13 10 10 1 10 11
split_gain=0.523722 0.783607 0.726407 0.599832 0.697128 0.684229 0.574579 0.881782 1.00877 1.14608 0.458086 0.809499 1.28794 1.13295 0.519629 0.518049 0.557777 0.818129 0.620183 0.499998 0.580468 0.435635 0.420753 1.12753 0.478605 1.08226 1.44198 0.990831 1.3636 1.26385
threshold=0.059080598138895372 0.0019222775715913578 0.2141473170438524 -0.028378400901646613 -0.010898019963140436 -0.010503512912256872 -0.2115245281657144 0.027534673304888572 0.069459377879777684 0.0013965727549317688 0.052966135946296573 -0.059055663705313281 0.011252203274381258 -0.083180823425418923 -0.076843137660670066 -0.018656716683469129 -0.0077435579403480883 0.0026693792614920224 0.010019992141886981 3.4379528609851391e-05 0.0062196826935922997 0.2141473170438524 0.53033878153469827 -0.0076009844901988024 0.05775751016871733 -0.00064465582156564272 -0.00097170315857042489 -0.0011444984132793488 0.00029488827885548746 0.0025111138031108653
decision_type=10 8 10 10 2 8 8 10 10 2 10 10 10 10 8 2 2 8 8 8 10 10 10 2 2 10 8 2 10 10
left_child=6 3 -3 -2 -5 -6 7 8 -1 -10 14 13 -13 15 19 -12 -17 18 -18 -8 -21 -7 24 -24 -16 26 -26 -27 -29 -30
right_child=1 2 -4 4 5 21 10 -9 9 -11 11 12 -14 -15 22 16 17 -19 -20 20 -22 -23 23 -25 25 27 -28 28 29 -31
leaf_value=4.505127700182353e-05 -0.00094167375867454037 0.0024770531625182804 0.00020939084468409418 -0.00047447206045543632 -0.00031228568514226934 0.0026719428536491198 -0.00046651299183880817 -0.0021154096389294692 -0.0031423406087091603 -0.00017660912093230184 0.00081903474241968926 0.0020408223551483108 -0.0009452299292450055 -0.0027782960920410011 1.8672742038089777e-05 -0.0021753685619216412 -0.00087112880144355311 -0.0019389950349712028 0.001317153256786696 0.0024362599606671067 0.0004675710932612625 0.00093313187289750202 0.0026445380083168855 -0.0001434303871157797 2.2096833623032172e-06 7.7991324379727674e-05 0.0026575673770643229 -0.0027361470247902297 -0.00029163325380657929 -0.0025052298992491694
leaf_weight=1985 351 294 224 458 250 206 206 252 211 264 229 260 260 227 254363 200 214 208 256 226 334 350 200 376 1728 1172 206 345 1382 279
leaf_count=1985 351 294 224 458 250 206 206 252 211 264 229 260 260 227 254363 200 214 208 256 226 334 350 200 376 1728 1172 206 345 1382 279
internal_value=1.29304e-05 0.000481138 0.00149644 0.000155486 0.000460156 0.000991247 9.1672e-06 -0.000425264 -0.000252127 -0.00149402 1.36526e-05 -0.000456243 0.000547796 -0.000847623 1.69928e-05 -0.000451722 -0.000783161 -0.00037248 0.000320787 0.000797209 0.00126208 0.00157737 1.46946e-05 0.000824614 1.28967e-05 -0.000274508 0.000285045 -0.000615029 -0.00101992 -0.000663454
internal_weight=267516 2133 518 1615 1264 806 265383 2712 2460 475 262671 1854 520 1334 260817 1107 878 678 470 766 560 556 260051 576 259475 5112 1934 3178 2006 1661
internal_count=267516 2133 518 1615 1264 806 265383 2712 2460 475 262671 1854 520 1334 260817 1107 878 678 470 766 560 556 260051 576 259475 5112 1934 3178 2006 1661
is_linear=0
shrinkage=0.03


Tree=186
num_leaves=31
num_cat=0
split_feature=5 8 7 10 10 5 1 1 13 2 13 6 6 10 9 10 6 3 9 10 3 9 7 3 6 2 8 5 3 10
split_gain=0.433993 0.764393 0.685051 1.03958 1.3469 1.12811 0.956522 0.690015 0.726685 0.768822 1.27058 0.808911 0.947071 0.603684 0.714185 1.12767 1.099 0.96582 0.868402 0.748217 0.851046 1.08597 0.907675 0.8825 0.847587 0.996078 0.808773 0.945103 0.828629 0.775226
threshold=0.033882468091142086 0.06566694001655618 -0.2115245281657144 0.0010269138426277637 -0.0014772009041076892 0.056725919701095216 0.014904596106135816 -0.015463913258081883 0.018091749088469829 -2.7031573809210294 0.064390400744067808 0.095338389852741248 0.062824866102451096 0.0032065108569750982 -0.091771648890997579 -0.0027255297015332243 0.029330083940025346 -0.0078378635421353909 -0.10599613264646039 -0.0015211785805948062 -0.017017136055413381 -0.025253771052637094 -0.080446175517744953 0.028961107315372828 0.05759637838619603 inf 0.013288023349776546 0.014331239949247546 -0.0074542649720091827 -0.010872040601414166
decision_type=8 10 8 10 10 10 2 2 2 10 2 10 8 8 8 10 10 10 10 10 10 8 8 10 8 8 10 10 10 10
left_child=1 13 3 4 -2 -6 -5 8 -4 10 11 12 -10 14 15 17 -17 18 -1 26 21 -21 -22 24 25 -24 27 28 -16 -29
right_child=2 -3 7 6 5 -7 -8 -9 9 -11 -12 -13 -14 -15 19 16 -18 -19 -20 20 22 -23 23 -25 -26 -27 -28 29 -30 -31
leaf_value=0.00099970286534897335 -0.00014084358408152838 0.0016602290386528989 0.0018425439881711182 -0.0003099643873782442 -0.00090297547763030258 -0.0033421622360304964 0.0020144327389805213 -7.9275646284946271e-05 -0.00015679778393621854 0.0001975359546916688 -0.0025472289722852613 0.001040879074289138 -0.002028065885789028 0.00014113125222552106 0.0013066715040743486 -0.00027249095293255379 0.00047848651348259962 -6.7228757989639223e-05 -0.00023844936770789246 0.00035953346070267836 0.0013241055052211645 0.0023584374771336686 6.1714257353372051e-05 0.00077810464217893715 -0.00026656547605526646 0.0018613317907524459 4.5148836621744591e-06 0.00075794039375162757 -0.00013246186268422186 -0.00071046316244066426
leaf_weight=1921 679 258 220 692 371 316 207 73734 2062 14546 216 428 276 33177 415 23541 1895 4086 694 4714 506 258 64454 1465 7544 278 20500 348 2721 4611
leaf_count=1921 679 258 220 692 371 316 207 73734 2062 14546 216 428 276 33177 415 23541 1895 4086 694 4714 506 258 64454 1465 7544 278 20500 348 2721 4611
internal_value=3.8915e-07 2.85062e-05 -5.16137e-05 -0.000567006 -0.0010884 -0.00202493 0.000225242 -3.88531e-05 0.000129082 0.000107576 -0.000331244 -0.000158195 -0.0003777 2.60746e-05 -1.2009e-06 -0.00012533 -0.000216543 0.0002209 0.000671107 3.57993e-05 8.32811e-05 0.000463258 5.78358e-05 4.91468e-05 3.43712e-05 6.94429e-05 -9.57436e-05 -0.000349641 5.79847e-05 -0.000607417
internal_weight=267133 173386 93747 2265 1366 687 899 91482 17748 17528 2982 2766 2338 173128 139951 32137 25436 6701 2615 107814 79219 4972 74247 73741 72276 64732 28595 8095 3136 4959
internal_count=267133 173386 93747 2265 1366 687 899 91482 17748 17528 2982 2766 2338 173128 139951 32137 25436 6701 2615 107814 79219 4972 74247 73741 72276 64732 28595 8095 3136 4959
is_linear=0
shrinkage=0.03


Tree=187
num_leaves=31
num_cat=0
split_feature=5 10 10 8 1 10 0 12 11 9 10 6 2 1 10 8 9 5 10 2 10 9 0 11 9 0 8 10 11 2
split_gain=0.421498 1.19273 0.743681 0.725505 0.528824 0.385626 0.384497 1.1814 1.2227 0.95377 1.39256 0.63394 0.696745 0.595425 1.2553 1.20415 0.861035 0.603454 1.25026 0.974143 0.739674 1.04145 0.712996 0.752342 0.620662 0.616873 0.635068 0.80284 0.892496 0.712772
threshold=0.0076872561909701294 0.0058968997251246389 -0.003942695866748557 0.01177824683650963 -0.0018512695372855379 0.0017991784466540042 -0.003475072875677165 0.049511325747076625 0.0042070179101592062 -0.21465422878873616 -9.0218102185568566e-06 -0.070396156535062912 -1.3359452033119454 0.043939283787772128 -0.00064465582156564272 0.020228458855627535 -0.092520673241548543 0.059109000061700057 -0.0018969835059131077 9.9720616941574374 0.001239205092368745 -0.22299053530848864 -0.0015589210248799776 -0.004084899335485003 -0.24913111667260654 0.017801484232115809 0.03513192144225654 -0.00015313900887686802 -0.0027961301162618408 -2.2370041905031584
decision_type=8 10 8 8 2 8 10 8 8 8 10 10 10 2 10 10 8 10 8 8 10 10 10 10 10 10 8 8 8 10
left_child=1 2 -1 -4 -5 -6 7 9 -9 10 11 -2 -13 17 16 -16 -15 -8 19 22 21 -20 -19 -24 -22 26 29 -28 -29 -23
right_child=6 -3 3 4 5 -7 13 8 -10 -11 -12 12 -14 14 15 -17 -18 18 20 -21 24 25 23 -25 -26 -27 27 28 -30 -31
leaf_value=-0.00078785793346128493 -0.00043458609458608532 -0.0014873792358579385 0.00028309644091991759 0.0021525837993801263 0.00022323302533618802 0.0016316194265369711 -1.4760398302081497e-05 -0.0020642930096954311 0.00063429749688296883 6.3368757534351295e-05 0.0024096703522705604 -0.00026913624862053047 0.0019095890723915066 0.00017380587056025184 -0.0016837217973040598 0.00044130726623375503 0.0025486136191585633 -0.001051766183085288 -0.0018137851037549036 0.0022653709626040204 0.0011471127882561264 0.00058162850266605087 0.0021670414220758718 0.00024573620259603254 -0.00018695008519028025 0.00061662933540840943 -0.00027590002230161139 5.6297614018579843e-05 -0.0021956996745715628 -0.00053673703147678724
leaf_weight=427 539 322 2950 348 478 276 195916 456 226 45514 378 224 322 220 299 1216 366 332 554 234 326 655 206 1674 8433 450 687 209 654 2364
leaf_count=427 539 322 2950 348 478 276 195916 456 226 45514 378 224 322 220 299 1216 366 332 554 234 326 655 206 1674 8433 450 687 209 654 2364
internal_value=-2.38405e-06 0.000276175 0.000402958 0.000528447 0.00118524 0.00073877 -7.47965e-06 6.96073e-05 -0.00117004 8.76042e-05 0.000841568 0.000295262 0.00101575 -2.45838e-05 0.000477976 2.19121e-05 0.00165705 -2.95481e-05 -0.000202224 0.000424646 -0.000309209 -0.0005794 0.000229922 0.000456262 -0.000137298 -0.000443148 -0.000547526 -0.00104114 -0.00165031 -0.000294097
internal_weight=267255 4801 4479 4052 1102 754 262454 47659 682 46977 1463 1085 546 214795 2101 1515 586 212694 16778 2446 14332 5573 2212 1880 8759 5019 4569 1550 863 3019
internal_count=267255 4801 4479 4052 1102 754 262454 47659 682 46977 1463 1085 546 214795 2101 1515 586 212694 16778 2446 14332 5573 2212 1880 8759 5019 4569 1550 863 3019
is_linear=0
shrinkage=0.03


Tree=188
num_leaves=31
num_cat=0
split_feature=13 10 10 10 6 2 10 10 10 7 2 1 1 8 4 6 10 7 8 4 2 11 10 8 0 7 1 11 8 4
split_gain=0.477477 1.22669 0.945302 0.815232 0.88304 0.963116 0.914842 0.837389 0.843828 1.03566 0.592004 0.485056 0.946511 0.672256 0.662013 0.608088 1.26158 1.06353 0.958474 0.722111 0.571072 0.567632 0.99725 2.28188 1.28718 0.805148 0.650842 0.507568 1.9557 0.50788
threshold=0.069267995657114542 0.0045588099205506891 -0.0063991799270357022 -0.004073978090837648 0.1483694441019581 -0.61328187958300628 0.0020684134140932513 -0.00087725342066596868 0.0013038173820879575 0.027954223690345063 -0.63947254979549883 -0.031563287212033268 -0.030038320994296094 0.05562572911072982 0.058985007609230651 0.016627715618144471 0.0011552834488944843 0.093045459943375888 0.02619537358578999 0.0022837062817607783 -1.3578085978411607 -0.010757996424146763 -0.0001915926729908479 0.022732314781423232 -0.0038668347792600861 -0.035139501420719914 -0.0069444355528052162 -0.0089597910907540084 0.026997646761602902 -0.002060868495475376
decision_type=2 8 10 10 8 10 10 10 10 10 10 2 2 10 8 10 10 8 10 10 10 8 10 10 10 10 2 8 10 10
left_child=11 2 -2 -4 5 6 -5 -7 -9 -10 -3 13 -13 14 15 -1 20 18 -18 -19 -17 22 23 24 -14 -24 -27 28 29 -23
right_child=1 10 3 4 -6 7 -8 8 9 -11 -12 12 21 -15 -16 16 17 19 -20 -21 -22 27 25 -25 -26 26 -28 -29 -30 -31
leaf_value=0.00051881809431032625 0.00086290251030957533 0.0022989130302798 -0.0026346712797265318 0.0012542861416917487 -0.0020572047812371132 0.00057646146178478913 -0.0011504810387539921 -0.0024516312462242846 0.0008424173179374828 -0.0019744936837633319 9.1012539699503609e-05 -0.0009266263487962993 0.0012514156847285081 -0.0014011354341614737 0.0017985026772201771 -0.0019711485093935419 0.0011843506622550195 0.0027620368740399895 -0.0014914831630585918 0.00048972134319261358 -0.00037882469985467117 -0.0029221225769981356 -0.0010849827445481553 -0.00048575861371405742 0.0045258197338513004 0.0017021563459969705 -0.00054901225138001325 -1.2458769337525018e-06 0.00096975504360447646 -0.00093578327070055923
leaf_weight=3201 339 200 206 461 340 254 206 374 239 231 241 996 231 206 268 340 200 230 303 278 502 254 422 345 203 265 205 255330 342 213
leaf_count=3201 339 200 206 461 340 254 206 374 239 231 241 996 231 206 268 340 200 230 303 278 502 254 422 345 203 265 205 255330 342 213
internal_value=-1.98898e-06 -0.00037269 -0.000616491 -0.000833502 -0.000657236 -0.000387554 0.000511584 -0.000933752 -0.00138825 -0.000542064 0.00109233 2.34583e-06 -3.59351e-06 0.000280409 0.000345497 0.000268448 -0.000164058 0.000550308 -0.000427533 0.00151853 -0.00102181 -2.75458e-08 0.000551103 0.00133534 0.00278299 -0.000133788 0.000720264 -3.62301e-06 -0.000753875 -0.00201615
internal_weight=267425 3091 2650 2311 2105 1765 667 1098 844 470 441 264334 258806 5528 5322 5054 1853 1011 503 508 842 257810 1671 779 434 892 470 256139 809 467
internal_count=267425 3091 2650 2311 2105 1765 667 1098 844 470 441 264334 258806 5528 5322 5054 1853 1011 503 508 842 257810 1671 779 434 892 470 256139 809 467
is_linear=0
shrinkage=0.03


Tree=189
num_leaves=31
num_cat=0
split_feature=7 10 2 10 11 7 10 5 1 11 11 4 2 10 11 10 11 11 10 2 4 12 2 12 4 4 10 4 8 8
split_gain=0.325259 1.43877 1.30754 1.52323 1.22342 0.927909 0.975023 0.895968 0.837174 0.824051 0.899742 0.723168 0.675374 0.634717 1.52334 0.964868 0.841554 0.881327 0.703451 1.05454 0.597264 0.942109 0.566145 0.552377 0.532447 0.496538 0.479996 0.474556 0.465104 0.744862
threshold=-0.13293833106454436 0.0025175133770660722 -2.422559665834406 0.0023368337974988278 0.0023091757649384985 -0.17836104817905848 -0.00038819425159386517 0.057461613862436804 0.015742696157554751 -0.00070588241173985533 0.0057107012636277163 0.0046088588364026082 -0.67548990226009942 -0.0071696385853255431 -0.0024925590357507961 -0.0060345112474247111 -0.0018118333785899219 -0.0026136636918970275 0.00035337410969515931 -1.6861649016878475 -0.0231989896274124 -0.0047823565367813283 -1.2466139906219416 -0.0022347273719109935 -0.0047543938652904174 -0.0066117996883615074 0.00010802647952978807 0.021644088074663007 0.026865089772075742 0.022430267230743678
decision_type=8 10 10 10 10 10 10 10 2 10 10 10 10 10 10 10 10 10 10 10 10 10 10 10 10 10 10 10 10 10
left_child=1 2 8 4 13 6 7 -6 -1 -3 11 20 22 14 -4 -15 17 18 19 -17 21 -11 -7 -22 -20 -19 -8 28 29 -18
right_child=-2 9 3 -5 5 12 26 -9 -10 10 -12 -13 -14 15 -16 16 27 25 24 -21 23 -23 -24 -25 -26 -27 -28 -29 -30 -31
leaf_value=0.00048166927879010417 -9.2063771404545182e-07 0.00017547677428803591 0.0010649818938006372 -0.0026865058448970768 0.00029817000530791079 -0.00029633678959107212 -0.0035433224846115881 -0.0019884133399945907 0.002529173799574483 -0.00012185247016150687 -0.00045408891507552919 0.0024249087094265218 -0.00085909489184758105 0.0015201710169836214 -0.0019866291431340972 -0.0013131221042156382 0.00073279536088126406 -0.0025624447436209266 -5.9899565443827384e-05 0.00076070100133280628 0.0013637713371661335 0.0022828292186390063 0.0014338539408805023 -0.00014553092069709788 -0.0015975917067483532 -0.00053761453862136155 -0.0014976924933653556 -0.00068344748949067792 0.0010478315514079865 -0.00066038475834616014
leaf_weight=1364 252503 2243 238 214 377 382 204 261 207 205 337 367 678 449 386 276 946 217 441 1101 358 515 307 559 375 219 209 307 1053 544
leaf_count=1364 252503 2243 238 214 377 382 204 261 207 205 337 367 678 449 386 276 946 217 441 1101 358 515 307 559 375 219 209 307 1053 544
internal_value=7.22756e-06 0.000141359 -4.83268e-05 -0.000185136 -0.00012546 -0.00070219 -0.00137243 -0.00063725 0.000751455 0.000586401 0.000980124 0.00122131 -0.000186886 8.73804e-05 -0.000822713 0.00018318 7.36143e-05 -0.0003135 -6.8583e-05 0.000345033 0.00095147 0.00159816 0.00047459 0.000443706 -0.00076656 -0.00154539 -0.00250812 0.00043071 0.000565215 0.000224144
internal_weight=267842 15339 10755 9184 8970 2418 1051 638 1571 4584 2341 2004 1367 6552 624 5928 5479 2629 2193 1377 1637 720 689 917 816 436 413 2850 2543 1490
internal_count=267842 15339 10755 9184 8970 2418 1051 638 1571 4584 2341 2004 1367 6552 624 5928 5479 2629 2193 1377 1637 720 689 917 816 436 413 2850 2543 1490
is_linear=0
shrinkage=0.03


Tree=190
num_leaves=31
num_cat=0
split_feature=8 11 11 11 1 11 11 13 12 1 3 4 11 9 11 6 10 10 1 6 9 11 9 1 11 9 10 12 6 12
split_gain=0.467458 0.928578 0.842305 1.05193 0.634983 0.666447 1.19543 1.00181 1.3821 1.13629 1.10387 0.912425 0.835996 1.0062 0.983971 0.841307 0.798781 0.76963 1.03812 0.949191 0.734385 0.721144 0.749928 0.664244 0.644951 0.825062 0.814891 0.810239 0.738659 0.659022
threshold=0.037936125195822998 0.0073264182372776441 0.0067660142252137243 0.0057107012636277163 0.050578384337901634 -0.0016429525920652053 0.00098079515359461599 0.014023006536494081 -0.0077120725802065629 0.0085071347716380048 0.026173722462367491 -0.011116500039827336 -0.0033829897734199972 -0.047915485704429155 -0.0027393443331276686 0.1251691377100225 -0.0026199294362432841 -0.0021723479947387543 -0.021739117189816633 0.077791569482708614 -0.03806029602155158 -0.0020534921000140423 -0.098829678170655674 0.0030541212684305212 -0.00078901706777084735 -0.05696021275926582 0.0034581690916765111 -0.010887179462972461 0.042354299073736675 -0.01726853862018218
decision_type=10 10 10 10 2 10 10 2 10 2 10 10 10 10 10 10 10 10 2 10 10 10 10 2 10 10 10 10 10 10
left_child=-1 2 3 4 5 12 7 -7 24 10 11 -10 13 15 16 -2 -14 -16 -19 21 -15 -20 -23 -18 25 29 27 28 -26 -9
right_child=1 -3 -4 -5 -6 6 -8 8 9 -11 -12 -13 14 20 17 -17 23 18 19 -21 -22 22 -24 -25 26 -27 -28 -29 -30 -31
leaf_value=1.3159636800782939e-05 -0.00030615401935366461 -0.0020195457983183964 0.001743923079237393 -0.0014684305921180694 0.0009288712427687315 0.00055690013459442104 2.855065792569665e-05 0.0024931658666099469 -0.0011960614748255229 -0.00046607028660570696 -0.00018031729485913428 -0.002698603753182306 -0.00025516721479660969 0.0020631178644215384 0.0011494174896242858 -0.0022560096637372082 0.0021707625357653862 -0.0019676604123893553 -0.0012656668587896006 0.001370878556733512 0.00019182187994600189 0.0015328920024148829 -0.00069507236374493936 0.00039637306032169658 -0.0012522444536618861 -0.00080820011873630445 -0.0020747172208343003 0.0015417220099324125 0.00041339884134844679 0.00027848023681144692
leaf_weight=245486 3064 232 218 516 529 656 6503 236 732 1603 410 723 271 248 469 213 599 260 457 382 790 256 290 278 532 235 233 213 436 248
leaf_count=245486 3064 232 218 516 529 656 6503 236 732 1603 410 723 271 248 469 213 599 260 457 382 790 256 290 278 532 235 233 213 436 248
internal_value=1.32889e-06 -0.0001317 -0.000111423 -0.000130339 -9.72491e-05 -0.00012394 -0.000256278 -0.000552305 -0.000682217 -0.0010518 -0.00155525 -0.00194269 9.89224e-05 -0.000175062 0.000461351 -0.000432892 0.0011684 7.7389e-05 -0.000228253 9.82781e-05 0.000638914 -0.000386401 0.000349541 0.0016083 -8.1318e-05 0.000650241 -0.000453306 -0.000133417 -0.000502017 0.00135837
internal_weight=267318 21832 21600 21382 20866 20337 12760 6257 5601 3468 1865 1455 7577 4315 3262 3277 1148 2114 1645 1385 1038 1003 546 877 2133 719 1414 1181 968 484
internal_count=267318 21832 21600 21382 20866 20337 12760 6257 5601 3468 1865 1455 7577 4315 3262 3277 1148 2114 1645 1385 1038 1003 546 877 2133 719 1414 1181 968 484
is_linear=0
shrinkage=0.03


Tree=191
num_leaves=31
num_cat=0
split_feature=7 11 9 13 10 11 1 9 0 2 2 9 13 7 11 4 11 2 11 10 10 13 4 11 10 1 13 10 2 11
split_gain=0.559447 0.581147 1.02373 1.04709 1.26859 1.15777 0.862954 0.815525 0.756807 1.01413 0.653709 1.02796 0.52621 0.698502 1.57981 0.738873 1.10053 0.765626 0.692547 0.861734 1.19385 2.40367 1.10209 0.982573 1.17764 1.08107 1.20356 1.02786 0.827054 0.852968
threshold=0.32519847238428096 -0.0030346586420925132 -0.03806029602155158 0.031317105225359042 0.00090742657854225872 0.0010314880891127978 0.0016274678716706739 -0.020963020191375911 0.0075737793521103445 -1.2105389728937936 -0.78321436973211211 -0.042200833653176721 0.028546979608938098 -0.27885339632819073 -0.0058529657534840398 -0.06164151120979066 -0.0015424658277066736 -1.6660662548314802 0.00031684396026343547 0.0035862285358378991 0.0046607549596022766 0.041759288596271225 -0.014870393459448126 -0.0013888218135208461 0.0032065108569750982 -0.031563287212033268 0.043359448958031399 -0.0077145601754587392 6.1797164948152599 0.0010616029643873983
decision_type=10 8 10 2 10 10 2 10 10 10 10 10 2 10 10 10 10 10 8 10 8 2 10 10 10 2 2 10 10 10
left_child=12 10 8 5 -5 6 7 -4 -3 -10 11 -2 -1 14 -14 16 -15 -18 19 23 21 -21 -23 24 -17 26 -25 -27 29 -20
right_child=1 2 3 4 -6 -7 -8 -9 9 -11 -12 -13 13 15 -16 18 17 -19 28 20 -22 22 -24 25 -26 27 -28 -29 -30 -31
leaf_value=1.6299016339738635e-05 -0.00093188678142470645 0.0010933959563521876 -0.0023071917333950596 -0.00059638054422037155 0.0015908347789967512 0.00032067348194710603 -0.0031287962668514074 5.7585500092023895e-05 -0.0012522032710974317 0.0011882756101070245 0.0020346377267573411 0.0014178877893210493 0.0014348979671879479 -0.00048973142318766056 -0.0009524319241929908 -3.5174774316162861e-06 0.0024506992128993546 0.00059461835801926299 -0.00057165074175939939 -0.0001322102898885208 1.8381796976946233e-06 -0.0042267599120894396 -0.0015799694184179549 -4.8690177107157258e-05 -0.0015910101587554731 -0.00161842189617455 0.002752603047094676 0.00034150151550298554 -0.00060858816279063337 -1.4197745554375382e-05
leaf_weight=212897 291 1249 225 496 460 461 228 315 351 272 337 395 289 509 1824 13584 314 551 3085 1181 3359 203 468 231 434 250 343 6560 4012 12399
leaf_count=212897 291 1249 225 496 460 461 228 315 351 272 337 395 289 509 1824 13584 314 551 3085 1181 3359 203 468 231 434 250 343 6560 4012 12399
internal_value=1.83242e-06 0.000313654 0.000152528 -0.000288574 0.000456045 -0.00086779 -0.00158118 -0.000927738 0.000667382 -0.000186697 0.000952649 0.000421118 -4.20224e-06 -9.22064e-05 -0.000625911 -6.84565e-05 0.00061709 0.00126839 -8.8885e-05 1.06277e-05 -0.000335334 -0.000946867 -0.00238071 9.48631e-05 -5.26666e-05 0.000374938 0.00162525 0.000269551 -0.000224725 -0.000125264
internal_weight=267573 5080 4057 2185 956 1229 768 540 1872 623 1023 686 262493 49596 2113 47483 1374 865 46109 26613 5211 1852 671 21402 14018 7384 574 6810 19496 15484
internal_count=267573 5080 4057 2185 956 1229 768 540 1872 623 1023 686 262493 49596 2113 47483 1374 865 46109 26613 5211 1852 671 21402 14018 7384 574 6810 19496 15484
is_linear=0
shrinkage=0.03


Tree=192
num_leaves=31
num_cat=0
split_feature=1 8 10 10 10 11 11 5 0 3 8 11 10 6 7 13 5 5 1 13 4 3 5 3 5 10 10 10 0 11
split_gain=0.387388 0.701859 0.717034 0.920001 0.791624 0.702748 0.94393 0.756258 0.685939 0.841973 0.67372 1.4267 0.732173 0.667935 1.10488 0.766411 0.938629 0.591867 0.863082 0.589355 0.827278 0.780312 0.758186 0.588594 0.651041 1.10604 0.916478 0.743808 0.671878 0.646696
threshold=-0.014385572822157909 0.040188373578521487 0.0069776598479324168 0.0056557822885027207 0.0038247633878483183 -0.0055927513385567442 -0.0017490787565381802 0.059973498246801184 0.023430777710393928 -0.046979232408247799 0.036477352469549681 0.00010446439662858965 0.0015252582124792859 -0.0399497996678485 -0.061470404041999598 0.048620097632458378 0.052618235616799465 0.021539053391309626 -0.0053451864340261493 0.014696372178275701 -0.0019081035802267496 0.012576435883794203 0.036869798639970884 -0.046979232408247799 0.049882627602997408 0.008946640679050823 0.0033453973346292414 0.0039516192918828139 -0.028191641117838614 -0.003853996667671999
decision_type=2 8 10 10 10 10 10 10 8 8 10 8 8 8 8 2 8 8 2 2 10 8 8 10 10 10 8 10 10 10
left_child=1 10 3 4 5 7 -7 -3 -2 -10 23 -12 -13 14 -11 17 -17 -15 -19 -20 22 -22 -21 -1 28 26 29 -28 -25 -26
right_child=8 2 -4 -5 -6 6 -8 -9 9 13 11 12 -14 15 -16 16 -18 18 19 20 21 -23 -24 24 25 -27 27 -29 -30 -31
leaf_value=0.00080504917975120791 -3.3150184796640067e-05 -2.6539118965561301e-05 -0.0017937074067483011 0.0015839684692353171 -0.0018755641845161564 -0.00098230127543159559 6.4727549111416932e-05 0.0020452154383894575 -0.0011912694850976678 0.00019950643011129571 0.0011563758734639677 0.00034232759994528856 -0.0017692879162806989 0.00084633110406785305 0.0022044229057262069 0.00022685117279309486 0.0026522764333115401 -0.0010725471332869911 0.0012371749234908417 -0.0025044976587159547 0.0015886033207096765 -0.00022086714450004832 -9.1027643393711702e-05 -0.0014273797950400116 -0.00074406682678358836 0.0015031927666266502 -0.0024932955624535681 -0.00062967625667697397 0.00015524189700260625 8.412076547825217e-05
leaf_weight=1012 226142 460 260 253 262 1304 1910 242 311 545 1472 339 262 661 453 349 244 682 376 203 332 606 277 244 1173 314 276 639 22859 3068
leaf_count=1012 226142 460 260 253 262 1304 1910 242 311 545 1472 339 262 661 453 349 244 682 376 203 332 606 277 244 1173 314 276 639 22859 3068
internal_value=-1.11218e-05 7.99194e-05 -0.00026254 -0.000172695 -0.00027907 -0.000172257 -0.000360078 0.000687655 -2.54364e-05 0.000320747 0.000130664 0.000653488 -0.00057821 0.000420205 0.00110955 0.000235763 0.00122483 4.87946e-05 -0.000164118 0.000181227 -9.87707e-05 0.000419585 -0.00111172 9.40303e-05 6.88474e-05 -0.000225451 -0.000330725 -0.00119182 0.000138527 -0.000144944
internal_weight=267530 36349 4691 4431 4178 3916 3214 702 231181 5039 31658 2073 601 4728 998 3730 593 3137 2476 1794 1418 938 480 29585 28573 5470 5156 915 23103 4241
internal_count=267530 36349 4691 4431 4178 3916 3214 702 231181 5039 31658 2073 601 4728 998 3730 593 3137 2476 1794 1418 938 480 29585 28573 5470 5156 915 23103 4241
is_linear=0
shrinkage=0.03


Tree=193
num_leaves=31
num_cat=0
split_feature=12 13 8 6 7 3 8 12 5 12 0 0 10 0 4 5 10 7 5 8 3 4 1 1 12 1 0 8 5 0
split_gain=0.530874 0.599254 0.594013 1.15124 1.01537 0.70132 0.753378 0.685048 0.527868 0.516935 0.859355 0.807662 1.19801 0.807544 0.62805 0.608567 0.565259 0.564059 0.534478 0.800018 0.501452 0.779519 0.674031 0.761845 0.649574 1.01006 1.06539 0.888383 0.827058 0.815086
threshold=0.030811200461105141 0.089033221022337711 0.034808485311067047 0.026846514096542266 0.018289398659264825 0.025531925494599487 0.038778448648281699 0.035520091701825691 0.090319231555580429 0.035520091701825691 0.012047700255651496 0.0030798836740312256 0.00014929309867162124 0.00069371700398968017 -0.00251991706985305 0.03756714139174664 0.0036389551910119837 -0.0034202507393462085 0.052618235616799465 0.019877176249503203 -0.014062699223687468 -0.015641623622740849 -0.022980358171610257 -0.031563287212033268 0.0016049443399919208 0.0053680128079885989 0.012365310691954125 0.022126586770104793 0.021164843369910865 -0.01163331757445085
decision_type=10 2 10 10 10 10 10 10 10 10 8 10 10 10 8 10 10 8 8 8 8 8 2 2 8 2 10 8 10 10
left_child=1 20 3 9 -5 7 -7 -4 -8 16 11 13 -13 15 -12 -11 18 -14 19 -2 24 22 23 -22 28 26 -26 -27 -1 -29
right_child=2 -3 5 4 -6 6 8 -9 -10 10 14 12 17 -15 -16 -17 -18 -19 -20 -21 21 -23 -24 -25 25 27 -28 29 -30 -31
leaf_value=0.00069770551267039687 0.0019214887671067467 0.0012678812586740399 -0.001676748905706556 0.0021251687797648423 0.00058392671873323614 -0.00090300701069989664 0.0021402005978050998 -0.00016712149710627064 0.0001329761822083695 -0.0012366830248734914 -5.3864348793049921e-05 0.00064915967742255063 -0.0031885732563697576 0.0016833122281683822 0.0022519885141039542 0.00029598761451337318 -0.00074154257804395687 -0.0011101444407576333 0.0023311221339041366 -0.00021990586865897873 -3.1241558783752757e-06 -1.1535960869297039e-05 -0.00020665703923542525 -0.0018837479550864189 -0.00051427662097090852 0.00035520429079822721 0.00087757412252206465 0.00063678474935797752 0.00011674936808390741 -0.00022591050421814059
leaf_weight=2369 248 334 357 534 1376 203 274 1117 207 400 222 204 225 217 204 559 217 246 200 428 329 193655 9936 472 5390 6085 545 1130 31940 7717
leaf_count=2369 248 334 357 534 1376 203 274 1117 207 400 222 204 225 217 204 559 217 246 200 428 329 193655 9936 472 5390 6085 545 1130 31940 7717
internal_value=5.11928e-06 -2.0324e-06 0.000255017 0.000426412 0.00101483 -0.000164339 0.000629577 -0.00053275 0.00127638 9.2918e-05 -0.000164508 -0.000444102 -0.00127125 3.06655e-05 0.00105035 -0.000343291 0.000629203 -0.00210302 0.00096876 0.000565695 -3.66647e-06 -2.53312e-05 -0.000274146 -0.00111131 7.65876e-05 -5.54004e-05 -0.000386466 7.61876e-05 0.000156864 -0.000115721
internal_weight=267340 259902 7438 5280 1910 2158 684 1474 481 3370 2277 1851 675 1176 426 959 1093 471 876 676 259568 204392 10737 801 55176 20867 5935 14932 34309 8847
internal_count=267340 259902 7438 5280 1910 2158 684 1474 481 3370 2277 1851 675 1176 426 959 1093 471 876 676 259568 204392 10737 801 55176 20867 5935 14932 34309 8847
is_linear=0
shrinkage=0.03


Tree=194
num_leaves=31
num_cat=0
split_feature=13 1 9 11 0 8 5 4 1 12 13 5 7 0 11 11 8 11 0 13 0 11 4 9 9 0 2 12 11 13
split_gain=0.508963 1.13551 1.09211 0.92196 0.716648 0.68858 1.01837 0.855451 0.798305 0.594393 0.562538 0.540302 1.32498 0.625536 0.701657 0.596899 1.40136 1.06897 1.03084 1.45581 0.964496 0.945664 0.912086 0.808915 0.9899 0.956614 0.856421 0.947794 0.79045 0.779678
threshold=0.028546979608938098 0.019288350352155485 -0.043613386528354163 0.0049177714838694051 0.0053416860892377968 0.024988384469595271 0.021539053391309626 0.0060301718978325045 0.020574429669969922 0.019974677455777416 0.02614731771671195 0.021671473534740169 0.20744796298231397 -0.0011570194649193064 0.00067285495850877297 -0.0057323304285094015 0.017431126004092783 -0.010757996424146763 0.0043410944628028423 0.038519524630405332 -0.010553698626244166 -0.0042809602293659146 -0.0019081035802267496 -0.31261890298225414 -0.24913111667260654 0.030987044945001378 13.083039543367901 -0.018549400017917769 -0.0018310234782946686 0.046302711475058288
decision_type=2 2 10 10 10 10 10 10 2 10 2 10 10 8 8 8 10 10 10 2 10 10 10 10 10 10 10 10 10 2
left_child=1 9 3 5 -4 6 -3 10 -7 -1 -8 12 13 14 -2 16 -13 18 19 -18 -19 22 29 28 -25 -26 27 -27 -23 -17
right_child=11 2 4 -5 -6 8 7 -9 -10 -11 -12 15 -14 -15 -16 21 17 20 -20 -21 -22 23 -24 24 25 26 -28 -29 -30 -31
leaf_value=2.0259458541532121e-05 0.00062460890484089201 0.0014230949243536346 0.00096018031255048065 -0.0012879142692700041 0.0028472291114178066 0.002554291852265596 -0.00073167432684239167 -0.0022105933619012441 0.00044976416618454379 -0.00081585580855630718 0.0011151373222223313 0.0017145323633987546 0.0018055480224138591 -0.0006873715398604699 -0.00077063782258759007 -0.00068407552215848575 0.00030938216213780446 0.001775188051934769 0.00056182523674114205 -0.0027147546547630261 0.00015677470835036842 -0.0021364114846782667 2.1928370218815698e-05 0.00094401772528314193 -1.6507898878813491e-05 -0.0014028483908418499 -0.0023476187881772631 0.00019313001765968853 -0.00033716647098032388 -0.0021914772343977042
leaf_weight=211077 817 326 826 320 232 250 372 210 462 768 247 533 240 3539 538 1083 233 368 317 372 3333 311 1097 926 35917 568 257 816 749 432
leaf_count=211077 817 326 826 320 232 250 372 210 462 768 247 533 240 3539 538 1083 233 368 317 372 3333 311 1097 926 35917 568 257 816 749 432
internal_value=5.32698e-06 2.57594e-05 0.000582699 0.000199905 0.00137398 0.000454914 2.56312e-06 -0.000556054 0.00118871 1.72283e-05 5.26021e-06 -7.84698e-05 -0.000370778 -0.000477504 7.0629e-05 -4.67504e-05 0.00025794 9.00055e-05 -0.000823974 -0.00155009 0.000317698 -8.40164e-05 -0.000636875 -4.74984e-05 -2.49796e-05 -4.88704e-05 -0.000757198 -0.000461867 -0.000865058 -0.00111391
internal_weight=267536 215090 3245 2187 1058 1867 1155 829 712 211845 619 52446 5134 4894 1355 47312 5156 4623 922 605 3701 42156 2612 39544 38484 37558 1641 1384 1060 1515
internal_count=267536 215090 3245 2187 1058 1867 1155 829 712 211845 619 52446 5134 4894 1355 47312 5156 4623 922 605 3701 42156 2612 39544 38484 37558 1641 1384 1060 1515
is_linear=0
shrinkage=0.03


Tree=195
num_leaves=31
num_cat=0
split_feature=0 4 9 2 5 5 1 2 8 6 7 5 8 0 6 1 1 7 10 4 3 0 5 6 3 4 1 1 0 6
split_gain=0.705887 1.88335 0.838672 0.503895 0.410009 0.890211 0.527553 0.400758 1.10025 0.731575 0.6122 0.688344 0.809454 0.753637 0.688644 0.504913 0.533172 0.632745 0.457453 0.648302 0.580238 0.567824 0.530398 0.504455 0.555631 0.611041 0.441921 0.431488 0.92729 0.988035
threshold=-0.034499345965972088 0.015822884989993517 -0.036246472048849836 10.351842829342976 0.043309941845436822 0.064040474269701095 0.017109960865749677 12.401822847595808 0.043561952448948289 -0.081631439181985607 0.020142676760621429 0.014331239949247546 0.023027649999032462 0.015200769900258095 0.039805798296458812 0.031621298837954732 0.0037059800035098571 -0.078883582521172932 0.0035547345392493717 -0.016683977382322631 -0.0098312760454303243 0.0016262254076173657 0.042972980326150677 0.042354299073736675 0.0038107150109004677 0.0099196088093842522 -0.014385572822157909 0.043939283787772128 0.020539594414491828 0.02176159085824814
decision_type=8 10 10 8 10 10 2 8 10 8 8 8 10 10 10 2 2 8 8 8 10 10 10 10 10 10 2 2 10 10
left_child=1 2 3 4 6 -6 -1 27 9 -9 15 -12 18 14 -14 16 17 -11 19 21 -20 -13 -23 24 -21 -26 -19 -2 29 -29
right_child=7 -3 -4 -5 5 -7 -8 8 -10 10 11 12 13 -15 -16 -17 -18 26 20 23 -22 22 -24 -25 25 -27 -28 28 -30 -31
leaf_value=0.0011164061255827258 3.74666033236723e-06 -0.0014129860747206238 -0.0005432941602084208 0.0023675361551202066 0.0028086082041395371 0.00026365919767252713 -0.00073532915549612667 0.0012690841316007207 -0.0020974002404469307 0.00079845807518446916 0.00078888465187151413 0.0010771187141913119 0.0002334207952544173 -0.00079741190581267577 0.0019592102999771706 0.00032435786628922487 -0.0015161443129264643 -0.002020901309214704 -0.0004173421152205883 -0.00094188359175269916 0.0011373436199210117 0.0006215892189997248 -0.0014865787219291789 -0.0017828967585375125 0.00090919206613509563 -0.00068988212747325087 -0.00043537542966327214 -0.00036324824060250839 0.0023638651400255872 0.00098859270437617343
leaf_weight=389 254124 358 271 301 265 232 215 320 266 277 785 382 466 278 376 406 668 217 494 1388 384 200 232 357 389 481 584 1109 202 867
leaf_count=389 254124 358 271 301 265 232 215 320 266 277 785 382 466 278 376 406 668 217 494 1388 384 200 232 357 389 481 584 1109 202 867
internal_value=4.72554e-06 0.000561882 0.000984478 0.00127979 0.000982413 0.00162062 0.000457262 4.59468e-07 -0.000196873 -0.000138657 -0.000192517 -4.14506e-05 -0.000161556 0.000556926 0.00100408 -0.000628586 -0.000850175 -0.000437497 -0.000348392 -0.00050484 0.000262612 0.00023451 -0.000510575 -0.000734985 -0.000569306 2.51062e-05 -0.000864912 7.35025e-06 0.000427809 0.000229892
internal_weight=267283 2031 1673 1402 1101 497 604 265252 8950 8684 8364 6212 5427 1120 842 2152 1746 1078 4307 3429 878 814 432 2615 2258 870 801 256302 2178 1976
internal_count=267283 2031 1673 1402 1101 497 604 265252 8950 8684 8364 6212 5427 1120 842 2152 1746 1078 4307 3429 878 814 432 2615 2258 870 801 256302 2178 1976
is_linear=0
shrinkage=0.03


Tree=196
num_leaves=31
num_cat=0
split_feature=6 2 2 0 12 12 7 7 10 7 5 0 12 13 5 10 6 6 8 7 0 10 0 8 4 4 7 8 10 10
split_gain=0.519509 1.01465 0.722275 1.56254 0.86047 0.79807 0.743962 0.706439 0.543806 0.584251 0.516676 0.57331 0.473653 1.02588 1.38341 1.12886 0.838973 1.29806 0.988946 0.949112 0.745375 1.05498 1.09698 0.842548 1.18854 1.50039 0.978432 0.856594 0.792532 0.728086
threshold=-0.11158717123038418 8.5744316964904446 -2.136740459790929 -0.0036021760812920962 0.012760878964943602 0.007528779977556411 -0.23362776005576011 -0.17836104817905848 -9.0218102185568566e-06 -0.14415047197777439 0.049882627602997408 0.0095975637752216975 0.024050800386966779 0.089033221022337711 0.046724992356348249 -0.014040292355313675 -0.0040796712697186979 -0.010799079749854888 0.022531572785105061 -0.058943721448715562 0.0075737793521103445 -0.00066053218267364533 0.0088263252299455325 0.029427759672955158 0.019681380939686303 0.0060301718978325045 0.20744796298231397 0.040735814898767646 -1.4132745217998453e-05 -0.0016081971148838579
decision_type=8 10 10 10 10 10 8 10 10 10 10 10 8 2 8 8 10 10 8 10 10 8 8 10 10 10 10 10 8 10
left_child=1 2 3 -1 5 6 -4 -8 -6 -10 -9 -12 -2 15 -15 -14 17 -17 -19 -18 23 -22 -23 29 25 27 -26 28 -25 -21
right_child=12 -3 4 -5 8 -7 7 10 9 -11 11 -13 13 14 -16 16 19 18 -20 20 21 22 -24 24 26 -27 -28 -29 -30 -31
leaf_value=0.0029156760770426846 -1.2908951487995011e-05 0.0020251390178490317 -0.0011877479905441793 0.00016914975693258123 -0.0018707457776494824 0.0020268387179821733 0.001581470597627665 0.000615020351786866 0.00089648214112302016 -0.0013691440407768824 -0.0012469293871767791 0.00070407587550855766 -0.0015915738184501568 -0.0024597474213614505 0.00026671705570261697 0.00014767059713801311 0.001458886840995111 -0.0030229419442851127 -0.00026932698801661336 0.00059246744145938126 0.0026080363221633223 0.002487038279228341 0.00020303046281453096 0.0023777617367585894 0.00053944646239421706 0.0030473442463164811 -0.0019926928202611245 -0.00081322703303562266 0.00020476857125349517 -0.00050165934271661236
leaf_weight=258 250652 297 343 672 312 210 333 653 210 200 408 203 294 304 373 4007 818 214 260 779 275 226 1164 283 355 301 224 270 324 1841
leaf_count=258 250652 297 343 672 312 210 333 653 210 200 408 203 294 304 373 4007 818 214 260 779 275 226 1164 283 355 301 224 270 324 1841
internal_value=1.23847e-06 0.000336374 0.000204453 0.000931089 -3.08438e-05 0.000270073 7.99076e-05 0.000352172 -0.000926926 -0.000208701 2.83137e-05 -0.000598723 -3.98552e-06 0.000177681 -0.000957574 0.000243737 0.000291315 -2.79443e-05 -0.00151252 0.000499858 0.000370019 0.000910275 0.000574387 0.000164507 0.000672778 0.00121981 -0.000440172 0.000592566 0.00121788 -0.000176345
internal_weight=267063 4099 3802 930 2872 2150 1940 1597 722 410 1264 611 262964 12312 677 11635 11341 4481 474 6860 6042 1665 1390 4377 1757 1178 579 877 607 2620
internal_count=267063 4099 3802 930 2872 2150 1940 1597 722 410 1264 611 262964 12312 677 11635 11341 4481 474 6860 6042 1665 1390 4377 1757 1178 579 877 607 2620
is_linear=0
shrinkage=0.03


Tree=197
num_leaves=31
num_cat=0
split_feature=12 2 5 5 2 11 9 6 11 8 6 9 8 6 8 8 8 3 5 6 8 11 2 0 10 5 0 9 11 10
split_gain=0.585718 0.546639 0.581239 0.951836 0.530644 1.09614 0.686972 0.640183 0.617671 0.690883 0.575165 0.549563 0.539697 0.493954 0.440341 0.642616 0.389595 1.02692 0.671301 0.755833 0.458218 0.622588 1.17752 1.31774 1.19443 0.790976 0.782024 0.881129 0.74485 0.708134
threshold=-0.031093505766181747 7.9620701973000054 0.029610658826444116 0.044399066513356795 -1.1780364036090496 -0.0015424658277066736 -0.023544944875818371 0.05289786243923323 -0.00058724555214384455 0.03049549310573417 -0.0036656890948836836 -0.12551147496662227 0.030868436990053285 -0.043155918435512579 0.025460046610883785 0.030868436990053285 0.06566694001655618 -0.028635230245198203 0.055254817359978121 0.01474517261035624 0.037936125195822998 -0.0016429525920652053 -0.88544908956369028 -0.013015486744986647 0.0064987071665513216 0.033882468091142086 0.020539594414491828 -0.024841603055275992 -0.00080069763955337148 0.0037467727044742109
decision_type=8 10 10 10 8 10 10 10 10 8 10 8 10 10 8 10 10 10 10 10 8 8 8 8 10 10 10 10 10 8
left_child=1 4 -3 -4 5 7 10 12 -7 -10 11 -6 13 -1 -12 -16 20 -18 19 -19 -2 22 26 -24 -25 -23 27 -22 29 -27
right_child=16 2 3 -5 6 8 -8 -9 9 -11 14 -13 -14 -15 15 -17 17 18 -20 -21 21 25 23 24 -26 28 -28 -29 -30 -31
leaf_value=-0.0019606583793880415 9.9425105010035838e-06 0.00066069493471592714 -0.0024774066223762926 0.00017132465565430647 0.0003769300771420725 0.0022874405676450876 0.0021553275629493792 -0.0016763699447248797 0.0014427324415777424 -0.00023428434064882463 0.0011340029788313105 0.00171544419445749 0.00058070579253098587 0.00010381457611593768 -0.0017706587654397626 0.00031890385326765038 -0.0012436322247080134 0.00069995610268388901 -9.9822657278061589e-05 0.0030660076029995465 0.00039244224258191772 3.428107656184762e-05 0.0015544631834996895 -0.00073863277827166068 0.0011356233013324138 -0.00065184013233130216 -0.0013346455959337097 0.0019103302143139681 -0.00029260712438272332 -0.0022109841115186633
leaf_weight=200 237235 286 225 267 581 208 286 306 383 523 204 526 494 218 217 340 212 267 264 223 3397 6174 305 2591 347 1063 210 383 8584 348
leaf_count=200 237235 286 225 267 581 208 286 306 383 523 204 526 494 218 217 340 212 267 264 223 3397 6174 305 2591 347 1063 210 383 8584 348
internal_value=5.98262e-06 0.000319298 -0.0004148 -0.00103999 0.000446611 0.000133029 0.000786107 -0.000488999 0.000813127 0.000474653 0.000576473 0.00101294 -9.06046e-05 -0.000883972 -5.8435e-05 -0.000495163 -3.21932e-07 0.00060104 0.0011197 0.00177675 -2.55076e-06 -0.0001292 0.000102154 -0.000322425 -0.000517269 -0.000232693 0.000447245 0.000546239 -0.000397606 -0.00103638
internal_weight=266867 5264 778 492 4486 2332 2154 1218 1114 906 1868 1107 912 418 761 557 261603 966 754 490 260637 23402 7233 3243 2938 16169 3990 3780 9995 1411
internal_count=266867 5264 778 492 4486 2332 2154 1218 1114 906 1868 1107 912 418 761 557 261603 966 754 490 260637 23402 7233 3243 2938 16169 3990 3780 9995 1411
is_linear=0
shrinkage=0.03


Tree=198
num_leaves=31
num_cat=0
split_feature=7 4 0 10 5 8 10 10 5 0 2 7 3 4 7 7 1 9 3 1 0 9 8 10 0 10 3 5 8 8
split_gain=0.310235 0.747128 0.825691 0.807447 0.955029 0.835266 0.797912 0.784973 1.45183 0.943884 0.730534 0.713473 0.791279 0.930186 0.793186 0.699335 0.664283 0.736059 1.60254 0.848338 0.666992 0.583403 0.57468 0.569861 0.568813 0.563861 0.564781 0.648582 0.860931 0.875054
threshold=-0.078883582521172932 0.0056235058548300696 -0.034499345965972088 0.008551999105847587 0.016566785059386233 0.024098003198810173 0.015007685734572564 -0.0086377534955604501 0.030632244587013652 -0.0032218705556297795 9.1857212604774077 -0.034197859459455297 -0.0092156173906094967 -0.0014291556594287489 -0.075991559743918621 -0.16444793325372611 0.043939283787772128 -0.097999072839053056 0.007897386411812481 -0.0040037389740639187 0.0078058460674117489 -0.086705456585571369 0.025584558429249608 -0.0074088001693107799 -0.0050715417588754743 0.0058968997251246389 0.060918722143085365 0.035100340108672426 0.033756042337265174 0.029259641141979865
decision_type=10 10 8 10 8 10 10 8 10 8 10 10 10 10 10 10 2 10 10 2 10 10 10 10 10 10 10 10 10 10
left_child=1 2 -1 4 -4 6 -5 8 -6 10 23 12 14 -14 -2 25 17 -11 19 20 -19 -17 -15 -9 -24 26 27 -3 29 -29
right_child=11 15 3 5 7 -7 -8 9 -10 16 -12 -13 13 22 -16 21 -18 18 -20 -21 -22 -23 24 -25 -26 -27 -28 28 -30 -31
leaf_value=0.001430828207764231 -0.00090274727710612241 0.00042002459055191549 0.00036592396682389887 0.00071578933909100884 0.00037188483041568864 0.0013445232023338001 -0.0012781004733747705 0.0017299410878985888 -0.0019446413466827042 -0.00023324765443405882 0.0017831874051730016 9.938879318036555e-06 -0.00045970126982391925 -0.00018518526847155015 0.00011023312894929062 0.00038926780808458302 0.00129101302457337 0.001819599121496011 -0.0020773003028248262 9.1792252552009312e-05 -4.742799136746565e-05 0.0018789443711558888 -0.00055487870600306284 0.00013290233213425216 0.00042559893961827204 -0.0011128135609685006 0.0014565828183052561 -0.00037278381214404349 -0.0013519245484029921 0.0015911297696685894
leaf_weight=360 736 1547 4487 471 432 785 293 209 558 20997 273 179484 9769 12220 12702 7809 281 623 227 1313 238 244 651 5310 2926 404 246 979 595 258
leaf_count=360 736 1547 4487 471 432 785 293 209 558 20997 273 179484 9769 12220 12702 7809 281 623 227 1313 238 244 651 5310 2926 404 246 979 595 258
internal_value=-4.05529e-08 6.82326e-05 1.12051e-06 -1.29819e-05 -4.26892e-05 0.000657265 -4.88831e-05 -0.000102879 -0.000933794 -7.49669e-05 0.000268315 -1.5333e-05 -0.000131626 -0.00022959 5.47521e-05 0.000272963 -0.000158935 -0.000176349 0.000321241 0.000571686 0.00130351 0.000434404 -8.72879e-05 0.000193381 0.000247156 -4.97191e-05 6.87609e-05 -3.22761e-05 -0.000414213 3.68279e-05
internal_weight=267427 48939 36857 36497 34948 1549 764 30461 990 29471 5792 218488 39004 25566 13438 12082 23679 23398 2401 2174 861 8053 15797 5519 3577 4029 3625 3379 1832 1237
internal_count=267427 48939 36857 36497 34948 1549 764 30461 990 29471 5792 218488 39004 25566 13438 12082 23679 23398 2401 2174 861 8053 15797 5519 3577 4029 3625 3379 1832 1237
is_linear=0
shrinkage=0.03


Tree=199
num_leaves=31
num_cat=0
split_feature=3 0 11 4 9 5 4 10 3 10 1 11 5 11 10 11 2 3 5 9 4 3 4 10 6 8 9 10 5 5
split_gain=0.512226 0.548507 0.777978 0.538614 0.942346 0.705818 0.646973 0.623729 0.597808 1.05091 0.971313 0.929632 0.844084 0.716512 0.688371 0.676526 0.668108 0.600426 0.946163 1.54963 1.18715 0.929562 1.1519 0.974342 0.953433 0.90674 0.887886 0.900212 0.779757 0.775326
threshold=-0.0065322379281756984 -0.034499345965972088 0.0018240257616102264 -0.0014291556594287489 -0.011642130036756902 0.074935909173195966 -0.0017484946801764598 0.019539612897223838 0.0031088083393125969 0.006578528447311994 0.0091491686350552177 0.0024429925144738855 0.015718485472953292 -0.0026814959715112936 -0.012419575027388883 -0.0040185140018970658 -0.58960147450695244 0.028961107315372828 0.039120950963567179 -0.091771648890997579 0.029374651758070861 0.025531925494599487 0.020137688173613947 0.0060237633516849751 -0.0020209508533682303 0.020964786513413741 -0.06223022610025996 0.0038247633878483183 0.041384115682613999 0.059109000061700057
decision_type=10 8 10 10 10 10 10 10 10 10 2 10 10 10 8 10 10 10 10 8 10 10 10 8 10 8 10 8 10 10
left_child=1 2 -1 4 5 6 7 -2 9 10 14 12 16 15 -5 -11 -12 18 -10 20 25 22 23 -21 -24 -20 -26 28 -28 -19
right_child=3 -3 -4 8 -6 -7 -8 -9 17 13 11 -13 -14 -15 -16 -17 -18 29 19 21 -22 -23 24 -25 26 -27 27 -29 -30 -31
leaf_value=0.0015540992387694502 -0.00013481637962729589 5.6376283560696608e-05 -2.716760866475189e-05 -0.0012926004135753123 0.00048434623122868559 0.0011003575404344573 -0.00072214509571994867 0.0013532324465375175 -1.6977185879592521e-05 -0.0006243964390865907 -0.00066472755981550563 0.00048100491109780434 -0.00098615955095150937 -8.2019817531675862e-05 0.00030830779945353328 -0.0026469295443768827 0.001515504584475864 0.00023177251442711388 0.001096746751933535 -0.00078063257740416383 0.001375118734997184 -0.0012057206145791133 0.0012665390512430885 0.00093869525746538714 -0.0016909491805889611 -0.00027272027857470395 0.0021685384902971321 -0.0012761253413348678 0.0001467927474918407 -0.00011109342273474549
leaf_weight=533 43536 94071 590 245 2305 411 1703 255 63112 406 254 962 1586 1004 18117 235 252 16051 523 4233 641 1519 541 319 290 2590 212 319 903 9419
leaf_count=533 43536 94071 590 245 2305 411 1703 255 63112 406 254 962 1586 1004 18117 235 252 16051 523 4233 641 1519 541 319 290 2590 212 319 903 9419
internal_value=8.41373e-06 6.42444e-05 0.000723336 -2.24962e-05 -0.000107559 -0.00013728 -0.000148461 -0.000126151 1.06469e-05 0.000148423 0.000204551 -0.00029085 -0.000645785 -0.000582299 0.000286947 -0.00136589 0.00042108 -2.09136e-05 -6.35515e-05 -0.000306678 0.000199442 -0.000534602 -0.00038506 -0.000660144 0.00016778 -4.26428e-05 -0.000177016 0.000129149 0.000531196 0.000104978
internal_weight=267137 95194 1123 171943 48210 45905 45494 43791 123733 23061 21416 3054 2092 1645 18362 641 506 100672 75202 12090 3754 8336 6817 4552 2265 3113 1724 1434 1115 25470
internal_count=267137 95194 1123 171943 48210 45905 45494 43791 123733 23061 21416 3054 2092 1645 18362 641 506 100672 75202 12090 3754 8336 6817 4552 2265 3113 1724 1434 1115 25470
is_linear=0
shrinkage=0.03


Tree=200
num_leaves=31
num_cat=0
split_feature=13 3 5 11 7 9 5 4 2 3 2 2 3 8 11 8 2 11 5 5 4 7 2 2 10 3 3 2 10 10
split_gain=0.690862 0.94162 0.700746 0.950233 1.02233 1.29424 1.14209 0.783305 1.09946 0.76488 0.881403 0.748305 0.742141 0.641595 0.625883 0.861927 1.18128 0.846427 0.759043 0.745465 0.696259 1.43809 0.768605 0.858325 0.698611 0.793707 0.811304 0.612034 0.601867 0.597966
threshold=0.028787940964746531 0.031439856411470853 0.04892056050125989 0.0043141746370733989 -0.09380787730439398 -0.073017275629669684 0.050400063041797241 0.02343181194897315 9.3801751008015533 0.037902240922870985 -3.1465758528723087 -2.2629124407509962 0.035422334844737453 0.028167480874283109 0.0021621310719518454 0.05562572911072982 -2.1589672591499118 -0.001726110653272994 0.086217248755580941 0.04548936859388001 -0.06164151120979066 0.011843727951998175 -0.48981846296780224 -0.39105917160574405 0.0058968997251246389 -0.0013549902564545244 -0.03020836635390944 -0.60436359868784939 -0.0083216798107182948 0.00029488827885548746
decision_type=2 8 10 8 8 10 10 10 10 10 10 8 10 8 8 10 10 8 10 10 8 10 8 10 10 10 10 10 10 10
left_child=1 -1 -3 4 29 11 -7 -8 9 12 -11 -6 -9 -5 15 -2 17 -17 19 -18 21 -16 27 -24 25 26 -25 28 -22 -4
right_child=14 2 3 13 5 6 7 8 -10 10 -12 -13 -14 -15 20 16 18 -19 -20 -21 22 -23 23 24 -26 -27 -28 -29 -30 -31
leaf_value=-2.8257301213735024e-06 -2.5782318166430832e-05 0.00044420072331299501 0.0023726880145343867 4.2844122901960112e-05 0.00060513126748576592 -0.0016502490506006648 0.0021401211004316184 0.00012005310702543864 0.002401437873375027 0.0016183430648054906 0.00014373193818924734 -0.0012323269048259743 -0.0021761536628372318 -0.0019377612262443027 -0.00083492874753420421 0.0019129910982394617 -0.0020991177374737398 -0.00071125231055037404 -0.0028955404282997137 -7.9752054669896599e-05 -0.001239970366011743 0.0026763425917918048 -0.0024668489964186553 -0.0012300036458873364 0.0011055103940274215 -0.0010995268457165124 0.00017973405159112837 0.00070235156335657909 -0.00016208125636425693 0.00030947483459245771
leaf_weight=201767 38284 7674 275 253 252 265 216 282 209 420 2776 957 230 352 213 201 279 246 232 401 507 207 227 512 212 1868 1301 674 5797 234
leaf_count=201767 38284 7674 275 253 252 265 216 282 209 420 2776 957 230 352 213 201 279 246 232 401 507 207 227 512 212 1868 1301 674 5797 234
internal_value=-9.56408e-06 1.38987e-05 0.000248315 2.46547e-05 0.000136847 1.9984e-05 0.000258957 0.000381372 0.000284387 0.00016506 0.000337517 -0.000849333 -0.000911446 -0.00110951 -0.000108697 -5.2138e-05 -0.000794597 0.000468777 -0.00141382 -0.000908286 -0.000303365 0.000895626 -0.00034874 -0.000673653 -0.000569092 -0.000665538 -0.000218383 -0.000156902 -0.000248771 0.00142418
internal_weight=267323 216162 14395 6721 6116 5607 4398 4133 3917 3708 3196 1209 512 605 51161 39643 1359 447 912 680 11518 420 11098 4120 3893 3681 1813 6978 6304 509
internal_count=267323 216162 14395 6721 6116 5607 4398 4133 3917 3708 3196 1209 512 605 51161 39643 1359 447 912 680 11518 420 11098 4120 3893 3681 1813 6978 6304 509
is_linear=0
shrinkage=0.03


Tree=201
num_leaves=31
num_cat=0
split_feature=13 10 7 11 10 10 11 11 10 11 6 5 11 2 5 6 11 7 11 11 11 7 9 0 11 11 5 11 2 7
split_gain=0.526579 0.901935 0.634798 0.701534 0.768236 0.554775 0.994811 0.87962 0.681355 0.663359 0.552556 0.582103 0.534932 0.8605 0.537239 0.533427 0.813868 0.521019 0.574907 0.618401 0.716998 0.558096 0.518115 0.511696 0.509183 0.908386 0.494199 0.485768 0.454715 1.01074
threshold=0.0085338776899021949 0.0083701210885805972 0.052077936297610712 -0.00023630120400225382 0.0061343982785017079 0.001943958592661166 0.0010011138297337798 0.0021621310719518454 -0.00066053218267364533 0.0033666996791754671 0.045820926091111998 0.016008548738118699 0.0014205548473188447 -0.85345829113120886 0.013453068517520865 -0.0040796712697186979 -0.0045449700422855446 0.033848625643953419 0.0018240257616102264 -0.0024925590357507961 -0.0018118333785899219 0.01543596018594018 -0.016120471357744356 0.0083997903288483017 -0.003853996667671999 -0.0048747298801486419 0.020521458550737063 -0.0026814959715112936 -2.4934878013851098 -0.14877258981782984
decision_type=2 8 8 10 10 10 10 10 10 10 10 10 10 10 10 10 10 10 10 10 10 10 8 10 10 10 10 8 10 8
left_child=1 2 5 -4 10 7 23 15 -9 -10 12 -12 22 -14 -15 16 -1 18 19 24 -21 -22 -5 -7 25 -17 -11 -3 29 -2
right_child=28 27 3 4 -6 6 -8 8 9 26 11 -13 13 14 -16 17 -18 -19 -20 20 21 -23 -24 -25 -26 -27 -28 -29 -30 -31
leaf_value=0.0020144441058579043 0.0006882019838757846 -0.0021174090994631419 0.00075748777917693656 -0.00081332561488751834 0.0019022143436084704 -8.3494626101170692e-06 -0.00074944907532267671 0.00012533461390475128 0.001804836430077242 0.00015338258397334473 0.00022638585341133152 -0.00175423865054184 0.0013879511531527573 -0.0012105855562527163 0.00054547839832110501 -0.0010871421775572937 0.00020635385799134138 -0.00086229050778738206 -0.0015259701757347338 0.0018844938901020213 -5.5541188772319318e-05 0.00091302740743603224 0.00038493691744952228 0.0012225206111532072 -0.0010975379363451629 0.0012795605916868557 0.0017035183888503844 -0.00040305805756084333 7.9059076571977925e-06 -0.00012655721953579277
leaf_weight=236 1417 217 2941 682 205 4498 1813 1239 646 705 242 298 652 260 395 287 4427 765 219 225 2714 667 620 326 665 297 251 473 197510 41607
leaf_count=236 1417 217 2941 682 205 4498 1813 1239 646 705 242 298 652 260 395 287 4427 765 219 225 2714 667 620 326 665 297 251 473 197510 41607
internal_value=2.74747e-06 0.00012846 0.000156577 0.000419281 0.000122721 7.38079e-05 -0.000150334 0.000185299 0.000653619 0.0010622 6.8755e-06 -0.000866625 0.000187669 0.000616416 -0.000151585 5.86094e-05 0.000297863 -0.000132458 -2.24219e-05 4.54003e-05 0.000244665 0.000135537 -0.000242724 7.48312e-05 -0.000529898 0.000116472 0.000560374 -0.000942209 -1.13455e-05 -9.9723e-05
internal_weight=267499 26965 26275 6295 3354 19980 6637 13343 2841 1602 3149 540 2609 1307 655 10502 4663 5839 5074 4855 3606 3381 1302 4824 1249 584 956 690 240534 43024
internal_count=267499 26965 26275 6295 3354 19980 6637 13343 2841 1602 3149 540 2609 1307 655 10502 4663 5839 5074 4855 3606 3381 1302 4824 1249 584 956 690 240534 43024
is_linear=0
shrinkage=0.03


Tree=202
num_leaves=31
num_cat=0
split_feature=7 2 9 11 13 13 9 0 10 5 9 2 2 5 12 6 13 0 6 12 12 2 4 10 4 12 2 10 11 13
split_gain=0.378415 1.21924 0.917065 1.62092 1.28536 1.06173 0.775268 0.706751 0.73969 0.582566 0.57888 0.61432 0.566558 0.51967 0.595146 0.515678 0.47587 0.799922 0.704538 0.948934 0.837949 1.14936 0.734239 0.791582 0.784006 0.708378 1.00561 0.89854 0.730809 0.926626
threshold=0.32519847238428096 -3.8229427654020069 -0.032710038739960083 -0.0036759829047361965 0.048620097632458378 0.029557106890966914 -0.023096972892106767 0.013045794755725761 3.4379528609851391e-05 0.072887358873041555 -0.093298917460159767 -0.8084593173080491 -6.2192812792638899 0.034883687074006749 0.0014996475267505251 0.035334303166935428 0.021269211286581675 0.041296227684088478 -0.050349718054792041 0.024050800386966779 0.024050800386966779 -2.7498468795362871 0.027663225857651356 -0.00033707703907903669 0.045174379958744522 -0.0062791235966478945 10.539671338648864 0.015007685734572564 0.00089469507476269705 0.038519524630405332
decision_type=10 10 10 8 2 2 10 10 8 10 10 10 10 10 10 10 2 10 8 10 10 8 10 10 10 8 8 10 10 2
left_child=16 12 4 -4 10 6 -5 8 -7 -6 -3 13 -2 -12 -15 -13 17 -1 20 25 22 -22 -18 -24 -25 26 -20 28 29 -27
right_child=1 2 3 5 9 7 -8 -9 -10 -11 11 15 -14 14 -16 -17 18 -19 19 -21 21 -23 23 24 -26 27 -28 -29 -30 -31
leaf_value=2.5212519591225113e-05 -7.8941739108691461e-05 7.590689465297177e-05 0.0019857268196706583 -0.0024692457261179307 0.00037805859929156154 -0.00023538989987237458 -0.00054753383367232952 -0.00097384534768669702 0.0018074001815486032 -0.001678059938539927 0.0021132617640090461 0.001231971399694147 -0.0022441937436520629 -0.00022939493502199183 0.0016208064018301159 0.0029736460019808863 0.00014038688221268804 0.0013889347585671241 1.5752020343437625e-05 0.0001813526353995565 0.0014425483127509741 -0.00065074622152679648 0.0021708599523883642 0.0013153459811901746 -0.00096646331505904513 -0.00029933333754956869 -0.00064889326628152178 0.00084794764073355025 -8.5088328057244262e-05 -0.00096554333628799725
leaf_weight=169437 201 348 308 252 281 284 755 247 364 222 245 286 237 400 257 329 14860 388 28081 9585 266 2098 338 313 239 17854 2210 680 13732 2100
leaf_count=169437 201 348 308 252 281 284 755 247 364 222 245 286 237 400 257 329 14860 388 28081 9585 266 2098 338 313 239 17854 2210 680 13732 2100
internal_value=3.46092e-06 0.000261575 0.000406248 -3.32719e-05 0.000816441 -0.000360218 -0.00102844 0.000391624 0.000912103 -0.000529413 0.00117942 0.00143257 -0.00125055 0.000934078 0.000494352 0.0021637 -1.47727e-06 2.83282e-05 -5.62839e-05 -9.72121e-05 0.000111465 -0.000415206 0.000190515 0.00102749 0.000327389 -0.000138508 -3.27398e-05 -0.000231734 -0.000253529 -0.000369447
internal_weight=267197 5016 4578 2210 2368 1902 1007 895 648 503 1865 1517 438 902 657 615 262181 169825 92356 74242 18114 2364 15750 890 552 64657 30291 34366 33686 19954
internal_count=267197 5016 4578 2210 2368 1902 1007 895 648 503 1865 1517 438 902 657 615 262181 169825 92356 74242 18114 2364 15750 890 552 64657 30291 34366 33686 19954
is_linear=0
shrinkage=0.03


Tree=203
num_leaves=31
num_cat=0
split_feature=2 10 1 7 6 9 0 6 11 0 10 10 5 8 10 10 0 5 7 7 2 8 8 0 6 10 11 10 6 6
split_gain=0.554515 1.0622 0.915453 0.649326 0.723994 0.584114 0.521432 0.485646 1.50514 0.576782 0.481909 0.78015 1.46738 0.536113 0.478445 0.695572 0.70684 0.733769 0.649936 0.825338 0.781364 0.788585 0.532999 0.809424 0.872841 0.691674 0.644358 0.625885 1.67836 1.15645
threshold=-1.7828254202815164 0.0047846400808956311 0.039574152487219079 -0.095629666685773759 0.11410898687902295 -0.17538326656239009 0.0034347682795028427 0.23968869885597513 0.0008289380478214704 0.0045957271921760476 0.0045588099205506891 0.0044258211049797999 0.024375572117341319 0.028319457068308702 0.0013687549400530632 0.0019732709991959756 0.015776433166714735 0.062962960388621425 0.08033820095989587 0.070542772063533224 -5.2466378488192964 0.023657331973111349 0.019515923983966184 -0.0049278461919901031 -0.034917029735861131 0.004190765150861365 0.00648197511525861 0.0022790740754623511 -0.02036149941827092 -0.078998380942597687
decision_type=8 10 2 8 10 10 10 10 10 10 10 10 10 10 8 8 10 10 10 8 10 10 10 10 10 8 10 8 10 10
left_child=1 2 10 5 -5 -3 -4 -2 9 -9 11 14 -13 -12 -1 16 17 18 19 -16 -20 -22 23 -17 -25 -26 27 28 -24 -29
right_child=7 3 6 4 -6 -7 -8 8 -10 -11 13 12 -14 -15 15 22 -18 -19 20 -21 21 -23 26 24 25 -27 -28 29 -30 -31
leaf_value=-0.00012646464205501036 1.0403808368570907e-05 -0.00066663656052158278 0.00048053627593123266 -0.00074601422437459283 0.00080355491013909424 0.0011529844514100865 0.0023122663349540045 -0.0012748582907820577 0.0029767166370857912 0.0009710544499335809 -1.8799637493726167e-05 0.00069198120326036594 -0.0026675366110941196 0.0020254081429364429 9.3093791553495734e-05 0.0018062626533681375 0.0020639329495471311 0.0016272464596361711 0.0022479897359559352 -0.0018428833881792214 0.0015494529152779517 -0.00024836606097984083 -0.0018121961893176176 0.0010336785194911822 -0.00010603317715089287 0.0011506276438343758 -0.0014963142948452924 0.0013726476089383265 -5.2234626939305323e-07 -0.00011056668834615454
leaf_weight=39347 196842 277 427 4022 291 372 208 212 202 200 258 200 282 209 3523 257 206 337 258 210 340 620 691 790 5982 422 323 502 1378 8221
leaf_count=39347 196842 277 427 4022 291 372 208 212 202 200 258 200 282 209 3523 257 206 337 258 210 340 620 691 790 5982 422 323 502 1378 8221
internal_value=-1.26818e-05 -8.52626e-05 -5.29611e-05 -0.00050834 -0.000641464 0.000376351 0.00108054 1.30315e-05 0.000855436 -0.000184609 -6.41453e-05 -7.1164e-05 -0.00127355 0.00089606 -6.20239e-05 4.33607e-05 0.000339884 0.000272722 0.000180524 -1.58146e-05 0.000782273 0.000388361 -4.43858e-05 0.000151938 9.28385e-05 -2.32239e-05 -0.000175992 -0.000136476 -0.000605581 -2.52092e-05
internal_weight=267409 69953 64991 4962 4313 649 635 197456 614 412 64356 63889 482 467 63407 24060 5494 5288 4951 3733 1218 960 18566 7451 7194 6404 11115 10792 2069 8723
internal_count=267409 69953 64991 4962 4313 649 635 197456 614 412 64356 63889 482 467 63407 24060 5494 5288 4951 3733 1218 960 18566 7451 7194 6404 11115 10792 2069 8723
is_linear=0
shrinkage=0.03


Tree=204
num_leaves=31
num_cat=0
split_feature=3 3 8 6 0 6 0 11 5 11 4 4 12 3 10 9 4 6 13 10 9 3 12 3 9 10 0 11 8 11
split_gain=0.274465 0.6619 0.659032 0.675361 0.71407 0.624965 0.80223 1.13138 0.939047 0.606546 0.719004 0.710745 0.667423 0.564647 0.556239 0.604467 0.545959 0.542678 0.533278 0.610449 0.533089 0.578691 0.672541 1.00236 0.867031 1.50099 1.01661 0.765259 0.864507 0.844044
threshold=-0.0065322379281756984 -0.0098312760454303243 0.043561952448948289 0.058884566686333691 0.0067618884727824744 0.11410898687902295 0.0039683129829626304 -0.0011015171410396205 0.04548936859388001 -0.00055129397605863095 -0.021966163554299586 -0.018492322982358474 0.022252796716273674 -0.02726761368425978 -0.0013561827825562809 -0.03806029602155158 0.0050073903149455709 0.014276553893360801 0.018504807490512535 -0.0015211785805948062 -0.026518502981555832 -0.014062699223687468 -0.0093077380887832111 -0.046979232408247799 -0.089567325036032305 0.0031836078789299065 0.019625336341736913 0.0058389064407663458 0.01277804498597363 -0.0061475536345984563
decision_type=8 10 10 10 10 8 10 10 10 8 10 10 10 10 8 8 10 10 2 10 8 10 10 8 10 8 10 10 8 10
left_child=1 5 3 9 14 20 7 -7 -8 12 -11 -12 -3 -10 -5 -16 -13 -4 -9 -20 21 22 23 24 25 -1 -27 28 -25 -30
right_child=-2 2 17 4 -6 6 8 18 13 10 11 16 -14 -15 15 -17 -18 -19 19 -21 -22 -23 -24 27 -26 26 -28 -29 29 -31
leaf_value=-0.00011225136098801158 -8.7280116495267058e-06 0.00034335277447567467 1.743165699030106e-05 0.0018871647036014273 0.0022632415535728386 -0.001433311007045942 -0.0023287536858735817 -0.00050033423346467322 -0.0013461859526236262 -0.0017280391562593781 0.0017148856555779827 -2.0980853867969836e-05 0.0019346766552545737 0.00087286828671314634 0.0012132002441936072 -0.00069201120964041156 0.0013684715286247828 -0.0020165710088629186 1.856849174390533e-05 0.0021970591245981568 0.00038618322493122416 -0.00014382153462323308 -4.301417620549195e-06 0.0014611126090876086 0.0024836191331810684 0.0026342138669104556 0.00029852979452206523 0.0013222866663981745 0.00084924209349165631 -4.0538479770168875e-05
leaf_weight=1024 173052 7457 268 202 284 328 379 225 211 205 230 7890 245 202 251 372 263 211 201 273 3596 16507 40023 399 258 416 281 470 1056 10499
leaf_count=1024 173052 7457 268 202 284 328 379 225 211 205 230 7890 245 202 251 372 263 211 201 273 3596 16507 40023 399 258 416 281 470 1056 10499
internal_value=1.37046e-05 5.49036e-05 0.000219216 0.000249438 0.000965783 1.64273e-05 -0.000532983 2.02806e-05 -0.00125041 0.00020067 2.73108e-05 7.02365e-05 0.000393973 -0.000260837 0.000519142 7.5578e-05 2.38402e-05 -0.000878549 0.000702367 0.00127327 2.98366e-05 1.17713e-05 5.89615e-05 0.000234756 0.000861823 0.000618695 0.00169257 0.000134872 8.81856e-05 4.07777e-05
internal_weight=267278 94226 17878 17399 1109 76348 1819 1027 792 16290 8588 8383 7702 413 825 623 8153 479 699 474 74529 70933 54426 14403 1979 1721 697 12424 11954 11555
internal_count=267278 94226 17878 17399 1109 76348 1819 1027 792 16290 8588 8383 7702 413 825 623 8153 479 699 474 74529 70933 54426 14403 1979 1721 697 12424 11954 11555
is_linear=0
shrinkage=0.03


Tree=205
num_leaves=31
num_cat=0
split_feature=6 2 10 12 10 11 2 4 8 13 5 5 13 8 12 6 13 5 8 0 12 0 10 10 2 5 10 5 8 2
split_gain=0.356989 1.10451 1.02977 0.667348 0.617002 0.748057 0.650233 0.56294 0.577019 0.523357 0.904464 0.375196 0.345586 0.658416 0.862324 0.645024 0.509993 0.657964 1.10076 0.645725 0.560051 1.04359 0.875424 0.831636 0.696788 0.609204 0.518675 0.597241 0.771814 1.27273
threshold=-0.11158717123038418 8.7769802406251269 -0.0026199294362432841 -0.011271930787006222 0.0046607549596022766 0.0020686319328877549 -0.67548990226009942 -0.0231989896274124 0.03125203712190943 0.027867550833294948 0.047555768519747951 0.072887358873041555 0.028546979608938098 0.046534153685564815 0.038724407637256493 0.23968869885597513 0.025383805330160221 0.095409490574798556 0.027428559840021922 0.035178982739955351 0.0152975090180435 -0.0023752386236354779 -0.0011789319198594603 0.004190765150861365 -0.66480965599972663 0.013976212358009192 0.015893940068006377 0.03939727242309414 0.019692883825690188 -0.43056097381552683
decision_type=8 8 10 10 10 10 10 10 10 2 10 10 2 10 8 10 2 10 10 10 8 8 10 10 8 10 10 10 10 8
left_child=1 2 7 11 5 9 -6 8 -1 10 -5 -4 16 15 -15 -14 17 19 -19 26 25 22 -22 24 -23 -18 -2 28 29 -28
right_child=12 -3 3 4 6 -7 -8 -9 -10 -11 -12 -13 13 14 -16 -17 20 18 -20 -21 21 23 -24 -25 -26 -27 27 -29 -30 -31
leaf_value=-0.0026271179634506214 1.4098526383045727e-05 0.0019351070711025775 0.00012545161781886866 0.0016327061097236788 -0.001558726432453841 -0.00021406212719935532 0.0008484963555726126 0.00017465980153677887 -0.00051903570415106509 0.0019318951993670943 -0.00071894331938147232 -0.0011841510871665611 -4.1792867924678934e-05 -0.00058701468094166922 0.00091961030669554587 0.0012853295220755017 -0.001506750809332096 -0.0027655662919917117 -3.5465407658309216e-05 0.0008289030524789773 0.00046960844020755519 0.0017781011246746786 -0.0015553841524972366 -0.00030542246334395713 0.00055503342266332548 0.00013040958583184636 0.00037570303633128099 -0.0017643471216954082 0.00072132066486833726 -0.0026860947134818027
leaf_weight=215 195240 337 669 371 200 371 204 304 256 626 244 279 45728 3493 379 332 208 205 378 871 470 905 325 403 781 12372 266 302 419 226
leaf_count=215 195240 337 669 371 200 371 204 304 256 626 244 279 45728 3493 379 332 208 205 378 871 470 905 325 403 781 12372 266 302 419 226
internal_value=1.15481e-05 0.000290158 0.000141897 0.000396477 0.000705163 0.000967904 -0.000343198 -0.000831751 -0.00148132 0.00132126 0.000699694 -0.000259969 7.23515e-06 -6.38125e-05 -0.000439543 -3.2227e-05 2.38614e-05 1.08966e-05 -0.000995449 1.38698e-05 0.000189784 0.000566849 -0.000358219 0.000918898 0.00121154 0.00010334 1.02563e-05 -0.000608178 -0.000224903 -0.00103073
internal_weight=267379 4076 3739 2964 2016 1612 404 775 471 1241 615 948 263303 49932 3872 46060 213371 197907 583 197324 15464 2884 795 2089 1686 12580 196453 1213 911 492
internal_count=267379 4076 3739 2964 2016 1612 404 775 471 1241 615 948 263303 49932 3872 46060 213371 197907 583 197324 15464 2884 795 2089 1686 12580 196453 1213 911 492
is_linear=0
shrinkage=0.03


Tree=206
num_leaves=31
num_cat=0
split_feature=6 2 9 8 3 7 3 5 10 2 7 10 6 6 2 6 7 3 7 12 2 7 8 7 3 7 5 8 3 2
split_gain=0.367295 1.02189 0.783877 0.425538 1.41389 0.4456 0.343297 0.309043 1.26543 0.649313 0.670759 0.492243 0.435747 0.61446 0.363642 0.598421 0.71795 0.461852 0.481412 0.45758 0.698273 0.578126 0.365079 0.343713 0.328785 1.11453 0.752761 0.62924 0.626693 0.537489
threshold=0.23968869885597513 -0.62232980901727408 -0.046492942816244935 0.06566694001655618 -0.0020102246509540729 0.084908665590685009 0.060918722143085365 0.0076872561909701294 0.0058968997251246389 4.4372835602166578 0.0055421717568896476 -0.0041235522615818412 0.017587112611901715 0.031210731843001386 -7.5396996887949124 -0.023421565650917294 0.11778216104419494 -1.0000000180025095e-35 -0.066502960142692955 -9.6239849600165947e-05 -8.4004209967728034 -0.011389116751831461 0.017274010936071931 -0.011389116751831461 -0.0056191703100572634 0.38748661760855935 0.049385907765278965 0.010314564599865865 -0.0063454815527938515 -2.2370041905031584
decision_type=10 8 10 10 10 8 10 8 10 8 10 8 10 10 8 10 10 10 10 10 10 10 10 10 8 10 10 8 10 10
left_child=3 2 -2 7 -5 -6 -4 8 9 10 11 -1 -12 -14 15 17 19 18 -9 20 -17 -21 -23 -11 25 27 -27 28 29 -16
right_child=1 -3 6 4 5 -7 -8 14 -10 23 12 -13 13 -15 24 16 -18 -19 -20 21 -22 22 -24 -25 -26 26 -28 -29 -30 -31
leaf_value=-0.001462405279696355 -0.0014649253645601372 0.0021846158882111028 0.0013150154408855773 -0.00053019722931004485 0.0026045372672226881 0.00079612515362459499 -0.00020149276320522358 -0.00029522726562230248 -0.0015258038578109074 0.0020688050128079539 0.0011265648400633867 3.8171477080563651e-05 -0.0011973753031736738 0.00095250948686933048 0.0010770514341927032 -0.0027365620949187301 0.00060564781235565796 -0.0008509354059206089 0.0015696713167617415 0.00076190363733520249 -0.00082284268895201746 -0.00016342859281363281 -0.0019627248681734193 0.00073336285828958902 -1.8031989281173159e-05 0.00028512212209581931 0.0022877469296873833 2.9146217688483161e-05 0.0017493622864646163 0.00010124420266698643
leaf_weight=218 225 265 302 474 264 229 242 204 336 254 893 2018 213 273 655 248 336 200 320 258 557 205 201 547 160513 345 331 93696 305 2264
leaf_count=218 225 265 302 474 264 229 242 204 336 254 893 2018 213 273 655 248 336 200 320 258 557 205 201 547 160513 345 331 93696 305 2264
internal_value=1.37133e-05 0.000578035 2.44021e-05 1.15225e-05 0.000639707 0.00176452 0.000640392 9.23364e-06 0.000248989 0.000384028 0.000212792 -0.000108128 0.000733152 1.0276e-05 4.86236e-06 -0.000353124 -0.000645392 0.000375527 0.000843642 -0.000931539 -0.00141241 -0.000348553 -0.00105421 0.00115684 8.36998e-06 5.17925e-05 0.0012657 4.33257e-05 0.00045541 0.000320207
internal_weight=267391 1034 769 266357 967 493 544 265390 4752 4416 3615 2236 1379 486 260638 2529 1805 724 524 1469 805 664 406 801 258109 97596 676 96920 3224 2919
internal_count=267391 1034 769 266357 967 493 544 265390 4752 4416 3615 2236 1379 486 260638 2529 1805 724 524 1469 805 664 406 801 258109 97596 676 96920 3224 2919
is_linear=0
shrinkage=0.03


Tree=207
num_leaves=31
num_cat=0
split_feature=9 3 2 6 11 7 11 11 10 1 11 13 2 4 1 11 6 11 4 10 1 3 1 1 3 4 3 2 11 7
split_gain=0.549963 0.629666 0.681211 0.919365 0.604326 0.798191 0.5512 0.772781 1.03667 1.25998 1.0568 0.860774 0.952953 0.84149 0.681522 0.827404 0.826427 0.819211 0.580051 0.579575 0.960476 0.735375 0.547833 0.601284 0.527554 0.516839 0.687957 0.609878 0.964252 0.498953
threshold=-0.02824571947259907 -1.0000000180025095e-35 -0.50076255362113409 0.086951045192797741 -0.0043553738595880067 0.27176895519348515 0.006644376754847304 0.0024429925144738855 -0.0043015024416983563 -0.015756634053113724 0.0018240257616102264 0.053331140722772709 -2.9043491911381354 0.017403113154917386 -0.012077294697404038 -0.0030346586420925132 0.038322906934477048 -0.0030346586420925132 1.0000000180025095e-35 0.0022790740754623511 0.0042288822118190525 0.043956062526263169 -0.01516908400839395 -0.014638254986097941 0.0072654846547737248 0.076167544351271613 0.084201131609985561 -0.6803979533924519 -0.0012950355508873355 0.036797627666094741
decision_type=10 10 10 10 10 10 10 8 10 2 10 2 10 10 2 10 10 10 10 10 2 10 2 2 10 10 10 10 10 10
left_child=25 2 4 -4 -2 -6 7 8 10 18 14 12 13 -9 17 16 -16 -3 24 21 29 -14 -11 -24 -10 26 -1 28 -27 -21
right_child=1 6 3 -5 5 -7 -8 11 9 22 -12 -13 19 -15 15 -17 -18 -19 -20 20 -22 -23 23 -25 -26 27 -28 -29 -30 -31
leaf_value=-3.5826345071745191e-05 -0.00041889969841704921 -0.0028787597336465023 -0.00012153906588317475 0.0015371913774123521 0.00048526870960822544 -0.0012964649271151726 -0.0010640089680720073 0.0005247357942769589 0.00060564600586426919 -0.0013958801608919286 -0.0026655618974613252 0.0020214961444721632 0.00042347242897759128 0.0029889484723836257 -0.00043833707757655853 -0.00052983950148763359 0.0021620921754220033 -0.00030956605943368334 0.00038695568527405112 -0.0022748162086936642 0.00066605268035039124 -0.00075183769170037763 0.0013982793037309023 -5.2977854104384431e-05 0.0026661634264775356 0.0011771621419552417 0.0013807922477824886 -0.0018370039933224599 -0.0012138767634884229 -0.00059490146768477817
leaf_weight=203067 797 206 5538 318 9193 232 427 326 249 271 208 254 4378 202 206 1473 236 244 3390 205 498 538 259 32323 203 263 309 307 359 711
leaf_count=203067 797 206 5538 318 9193 232 427 326 249 271 208 254 4378 202 206 1473 236 244 3390 205 498 538 259 32323 203 263 309 307 359 711
internal_value=-1.30201e-05 6.45588e-05 0.000226532 -3.14646e-05 0.000374333 0.000441411 8.92189e-06 1.87999e-05 -3.33149e-05 7.50196e-06 -0.000615427 0.000306545 0.000243028 0.00146748 -0.000435119 -0.000188249 0.000950127 -0.00148569 0.000521556 0.000140893 -0.000394355 0.000294848 -5.26141e-05 -4.14416e-05 0.00153106 -3.68989e-05 -3.3674e-05 -0.000742894 -0.000202875 -0.000970865
internal_weight=267190 62885 16078 5856 10222 9425 46807 46380 39268 36695 2573 7112 6858 528 2365 1915 442 450 3842 6330 1414 4916 32853 32582 452 204305 203376 929 622 916
internal_count=267190 62885 16078 5856 10222 9425 46807 46380 39268 36695 2573 7112 6858 528 2365 1915 442 450 3842 6330 1414 4916 32853 32582 452 204305 203376 929 622 916
is_linear=0
shrinkage=0.03


Tree=208
num_leaves=31
num_cat=0
split_feature=7 10 10 11 11 9 11 10 8 4 9 10 10 8 11 0 0 11 4 8 12 4 6 2 11 2 7 11 9 10
split_gain=0.384703 0.947128 1.00743 0.717533 1.27353 1.19793 1.34079 0.989364 1.04872 0.789222 0.895931 0.737558 0.894468 1.02031 0.665587 0.656847 1.15632 0.730926 0.608375 0.598835 0.786316 0.812504 0.89981 0.78255 0.894612 0.774941 0.806825 0.593168 0.592594 0.84158
threshold=-0.10788721124583338 0.0025462837374615748 -0.00059452740815729699 0.0020686319328877549 -0.00058724555214384455 -0.13374064914896031 0.006644376754847304 0.0010660783705950252 0.033756042337265174 -0.015641623622740849 -0.16147175517522713 0.0020804490188220952 0.00010802647952978807 0.025460046610883785 0.00098079515359461599 -0.00011485734308497307 0.0072541468684281804 -0.0027393443331276686 -0.011510221723168844 0.020052607462309354 -0.029297019120139597 0.0374774840970672 -0.15568417469660031 -2.5314884516701794 0.0050347467131732779 -1.7034715756809542 -0.13645964511366573 -0.0058529657534840398 -0.090294238777128041 -0.0018969835059131077
decision_type=8 10 8 8 10 10 10 8 10 10 10 10 10 10 10 10 8 10 10 10 10 10 10 10 10 10 10 10 8 10
left_child=1 2 19 4 9 6 7 8 -5 10 15 12 13 -6 -14 -4 17 -17 -9 -1 -21 22 -22 -24 25 26 -25 -3 29 -2
right_child=28 27 3 5 11 -7 -8 18 -10 -11 -12 -13 14 -15 -16 16 -18 -19 -20 20 21 -23 23 24 -26 -27 -28 -29 -30 -31
leaf_value=0.00065817051445442765 0.00013201569986934266 -0.00032991791698394987 0.00092109674540179686 -0.0011895729429648727 -0.0017041853479026355 0.0011293321319530948 0.0012875200842307614 -0.00097347524210589904 -0.0032292271337665806 -8.0460285292228384e-05 -0.0019292902455881368 -0.001022306978441298 0.0018075184915006561 0.00075376921237611599 0.0005058101310817701 -0.00060429684616410161 0.00069356047103858809 -0.0030985931248257033 0.001100648106388581 0.0017066309223685082 -0.0019486274964204821 0.0014813896260413998 0.0010041476338277337 -0.0018119973913704643 0.0014536469933256076 -5.6741713567431615e-05 0.00042453004263233446 0.00051587179685293194 2.463416905486245e-05 -0.00014964311520980169
leaf_weight=2230 12271 847 254 798 257 281 210 347 317 2863 525 254 658 372 764 214 264 209 201 259 219 324 634 486 307 3972 207 6275 187455 43018
leaf_count=2230 12271 847 254 798 257 281 210 347 317 2863 525 254 658 372 764 214 264 209 201 259 219 324 634 486 307 3972 207 6275 187455 43018
internal_value=1.0623e-05 0.0001238 4.6702e-06 -0.000221477 -6.70117e-05 -0.000697209 -0.000971239 -0.00125647 -0.00176946 -0.000370317 -0.000936388 0.000502623 0.000691474 -0.000250514 0.00110815 -0.00038243 -0.000864375 -0.0018367 -0.000212711 0.000234745 8.73918e-05 1.91883e-05 -6.21427e-05 1.15534e-05 -0.000115016 -0.000218249 -0.00114394 0.000415284 -8.22202e-07 -8.71309e-05
internal_weight=267292 24548 17426 8788 6634 2154 1873 1663 1115 4329 1466 2305 2051 629 1422 941 687 423 548 8638 6408 6149 5825 5606 4972 4665 693 7122 242744 55289
internal_count=267292 24548 17426 8788 6634 2154 1873 1663 1115 4329 1466 2305 2051 629 1422 941 687 423 548 8638 6408 6149 5825 5606 4972 4665 693 7122 242744 55289
is_linear=0
shrinkage=0.03


Tree=209
num_leaves=31
num_cat=0
split_feature=13 3 11 11 7 12 4 8 7 10 3 11 10 13 9 9 12 8 11 7 7 5 3 5 13 10 2 5 11 13
split_gain=0.480831 0.655928 0.657235 0.682678 0.626164 0.738469 0.641051 0.606462 0.524716 0.523896 0.657584 0.858861 0.647741 1.21827 0.644132 0.564851 0.828579 1.17878 0.984838 0.906616 0.883649 0.689011 0.658227 0.765808 0.796783 0.768042 0.654589 0.625667 0.756216 0.620301
threshold=0.011538455017611514 -0.0015276304838293118 0.0067660142252137243 0.0058389064407663458 0.055500466690474932 -0.0029126469726973299 0.0048147690663866713 0.045398306754442223 0.061457202644701676 0.0010269138426277637 -0.049714386452382679 0.0032825356336501081 0.00096316336374591149 0.020017709655998191 -0.062792421362802317 -0.028682082783686998 -0.010163988993429849 0.020964786513413741 -0.0037982327423105029 0.24822156068674431 0.034811153661142409 0.025876056687517104 0.045803048651327345 0.041678391907066396 0.017888893659274468 0.0056557822885027207 8.9843658100204227 0.061892843223332807 -0.0011573902545225498 0.027867550833294948
decision_type=2 10 10 10 8 10 10 10 8 8 10 10 10 2 10 10 10 10 10 8 8 10 10 10 2 10 10 10 10 2
left_child=1 4 3 7 5 -1 -7 -3 -6 12 11 -11 -2 14 -14 -12 20 22 21 26 29 -19 23 24 25 -18 -20 28 -21 -17
right_child=9 2 -4 -5 8 6 -8 -9 -10 10 15 -13 13 -15 -16 16 17 18 19 27 -22 -23 -24 -25 -26 -27 -28 -29 -30 -31
leaf_value=0.00037102333162908964 -5.1244908137526048e-05 -1.6885166616306762e-05 -0.0015912088908878646 0.0012653533851766951 0.0013330617914357069 -3.6453733777254051e-05 0.0013815466627892211 0.0015492318247717256 0.00037418766957537903 0.00068719801957572871 -1.4949375165481636e-05 -0.00092568136102972156 -0.0010354909500802022 -0.0026356075234348067 0.0012335832723774321 9.713062297892699e-05 -4.6379693066481942e-05 -0.0022562351755446709 0.00020525156686655607 0.00085973301120940266 0.00065370966500817986 -0.00058358083560353124 0.0019008423318283888 -0.00073816000250733946 0.00077737160074691598 0.0010537642708011103 -0.000959760428844804 -0.0019601704546560843 -0.00099372521889329476 -0.0016789397268148604
leaf_weight=6922 109728 34019 233 384 568 13860 293 224 5365 2458 71417 338 256 252 201 674 3938 305 4722 289 4511 811 226 637 2512 668 478 315 630 240
leaf_count=6922 109728 34019 233 384 568 13860 293 224 5365 2458 71417 338 256 252 201 674 3938 305 4722 289 4511 811 226 637 2512 668 478 315 630 240
internal_value=9.4338e-06 8.27604e-05 -3.21987e-06 7.46548e-06 0.000193738 0.000117095 -7.09783e-06 -6.64044e-06 0.000465986 -1.26306e-05 3.89558e-05 0.000492222 -5.70851e-05 -0.000960943 -3.74955e-05 2.52361e-05 0.000162186 5.06967e-05 -0.000218019 -7.53194e-05 0.000481365 -0.00104071 0.000304901 0.000258391 0.000347574 0.000113172 9.81601e-05 -0.000806351 -0.000410864 -0.000369234
internal_weight=267474 61868 34860 34627 27008 21075 14153 34243 5933 205606 95169 2796 110437 709 457 92373 20956 15531 7550 6434 5425 1116 7981 7755 7118 4606 5200 1234 919 914
internal_count=267474 61868 34860 34627 27008 21075 14153 34243 5933 205606 95169 2796 110437 709 457 92373 20956 15531 7550 6434 5425 1116 7981 7755 7118 4606 5200 1234 919 914
is_linear=0
shrinkage=0.03


Tree=210
num_leaves=31
num_cat=0
split_feature=4 2 1 10 7 11 11 9 1 11 9 7 7 0 0 7 2 11 5 7 0 10 7 11 13 13 11 0 7 6
split_gain=0.468708 1.39146 0.943451 0.74056 0.492402 0.487753 0.686989 0.63862 0.38318 0.981923 0.758735 0.837031 0.68204 0.634693 0.907006 0.980441 0.963779 0.923339 0.802681 1.77436 0.72533 0.856481 0.736769 0.685565 0.727329 1.30942 1.29043 0.659692 0.640836 0.631255
threshold=0.076167544351271613 -2.8529295944480002 0.017109960865749677 -0.0003514171155731271 0.140666751733759 -0.00098604954075587315 0.0012132387889688403 -0.032272649322514772 0.013463946606729673 -0.005365314619582894 -1.0000000180025095e-35 0.38748661760855935 -0.038038787307572701 0.00116545276055835 0.0013386942637059198 -0.012269802744301559 -0.63947254979549883 0.00019229213940374915 0.058287152786253939 -0.11508557155197034 0.017801484232115809 -0.0043015024416983563 0.13776114468033754 0.0042070179101592062 0.05775751016871733 0.064390400744067808 0.0019486563039283757 0.002307275901135553 0.1532091186648005 0.012820504416678926
decision_type=10 8 2 8 10 8 10 10 2 10 8 10 10 10 10 10 10 10 10 10 10 10 10 10 2 2 10 10 10 10
left_child=8 -2 3 -3 -4 7 -7 -5 -1 12 11 13 -10 23 -15 16 18 -18 -16 -20 21 -17 27 24 -11 -26 -27 -23 -24 -29
right_child=1 2 4 5 -6 6 -8 -9 9 10 -12 -13 -14 14 15 20 17 -19 19 -21 -22 22 28 -25 25 26 -28 29 -30 -31
leaf_value=-1.131571118711544e-05 -0.0023909514488213053 0.0012823684126097598 -0.00034521853895301915 -0.00067362363839044872 -0.0024323341544509585 -0.0019196685452807425 0.00030985800069914657 0.0016833438193789678 -0.001817784615417706 -5.3635046748498929e-05 -0.0010569368500800921 0.0013157977979475011 -0.00016476231226575196 0.0020245064920914047 0.00056261530855943075 0.0021281285458183904 0.00019402120099862839 -0.00082112695439022607 0.0010005387518496717 -0.0022257287851809139 0.0011673150155772514 -0.00042560014875019537 -0.0014011567164403918 0.0003690212926217597 -0.0023715965305395664 0.00072737238693473133 -0.0021102915388007547 0.00023381549723907677 2.4828141694677703e-05 0.0008893328435366167
leaf_weight=232486 287 425 201 203 206 263 236 211 391 10172 480 540 528 256 2471 231 1348 2007 300 314 1036 684 332 3166 353 481 206 2621 1947 2668
leaf_count=232486 287 425 201 203 206 263 236 211 391 10172 480 540 528 256 2471 231 1348 2007 300 314 1036 684 332 3166 353 481 206 2621 1947 2668
internal_value=-1.30184e-06 -0.000455193 -0.000136819 0.000247907 -0.0014016 -0.000233632 -0.000865223 0.000527633 2.17833e-06 9.86119e-05 0.000126713 0.000144963 -0.000868061 0.000124296 0.000252968 0.00022455 -6.13286e-05 -0.000413252 0.000321396 -0.000649377 0.000417959 0.000326443 0.000276008 -2.08153e-05 -0.000130896 -0.000886565 -0.000123514 0.000451107 -0.000182906 0.000564487
internal_weight=267050 2032 1745 1338 407 913 499 414 265018 32532 31613 31133 919 30593 16215 15959 6440 3355 3085 614 9519 8483 8252 14378 11212 1040 687 5973 2279 5289
internal_count=267050 2032 1745 1338 407 913 499 414 265018 32532 31613 31133 919 30593 16215 15959 6440 3355 3085 614 9519 8483 8252 14378 11212 1040 687 5973 2279 5289
is_linear=0
shrinkage=0.03


Tree=211
num_leaves=31
num_cat=0
split_feature=3 11 11 13 2 10 13 11 2 3 11 0 12 4 8 11 13 13 9 13 11 9 8 2 0 10 10 10 9 2
split_gain=0.839993 1.33718 1.36921 0.95738 1.27627 0.839429 1.25065 1.06177 0.77797 0.775759 0.660068 0.636297 1.0093 0.908061 0.825505 0.763812 0.683376 0.63633 0.562024 0.732436 0.797026 0.441533 0.413164 0.384845 0.326972 0.616963 1.06267 1.03027 0.839685 0.802365
threshold=0.053389821771566932 -0.0078541111903929744 -0.0045449700422855446 0.01967258142509053 -1.5820676349376106 -0.0003514171155731271 0.042531540088033663 -0.0015988137752460105 -0.63127926430465164 0.060918722143085365 -0.0032190635843080679 0.0088263252299455325 0.025084911419642256 0.05443814114921431 0.027567446881946383 -0.0011573902545225498 0.048620097632458378 0.037972992514210026 -0.097171796236066296 0.0298296088815766 0.00085573737795796589 -0.03401602511858514 0.027277407016763081 -1.2944611120106138 0.0060456039921609203 0.00019547206478753856 -0.0020406306472922071 0.00052985485037782009 -0.083891641464011665 -1.2105389728937936
decision_type=10 10 10 2 10 10 2 10 10 10 10 10 10 10 8 10 2 2 10 2 10 8 10 10 10 8 10 10 8 10
left_child=24 -2 8 4 -4 6 18 -8 -3 -6 -7 12 13 22 -13 -16 21 -15 -5 20 -20 -17 -12 -21 -1 26 28 -27 -26 -29
right_child=1 2 3 5 9 10 7 -9 -10 -11 11 14 -14 17 15 16 -18 -19 19 23 -22 -23 -24 -25 25 27 -28 29 -30 -31
leaf_value=2.8325338491913902e-05 -0.0020828447089414111 0.00081081008515904412 0.00095654603859401683 0.002711674724062761 -0.00013047116406522487 -0.0010363275833011195 0.0015419734822695746 -0.0011374461406285024 0.002926948361415231 -0.002093878314299131 0.0024588624503873563 -0.001702667959060801 0.0024290058178181549 0.00033122717045382051 0.0015503310065702602 -0.00068831813858766385 -0.0015518347245651756 -0.0013204967066745405 0.0012699677339368459 0.0010297226023071547 -0.0010710293978217591 0.0011823881605115517 0.00073352247257505289 0.0027322690222933085 0.0007494923140987052 0.0005914744342381226 -0.00040066131417749697 -0.00018540805849947913 -0.00017497959096719317 6.3724506383320762e-05
leaf_weight=195115 200 359 349 259 319 371 204 383 277 419 201 265 251 734 268 201 261 294 359 209 206 261 330 279 1490 2499 9481 19019 2175 29966
leaf_count=195115 200 359 349 259 319 371 204 383 277 419 201 265 251 734 268 201 261 294 359 209 206 261 330 279 1490 2499 9481 19019 2175 29966
internal_value=1.78487e-05 0.000336148 0.000404684 0.000273209 -0.00053829 0.00043852 0.000944732 -0.000206268 0.00173246 -0.0012452 0.000158829 0.000303449 0.000663464 0.00037921 -0.000215363 0.000182352 -0.000324727 -0.000141153 0.0014597 0.00115176 0.000416436 0.000368509 0.00138662 0.0020031 8.95331e-06 -4.95299e-05 -0.000232961 -2.69235e-06 0.000200863 -3.30041e-05
internal_weight=267004 7259 7059 6423 1087 5336 1899 587 636 738 3437 3066 1810 1559 1256 991 723 1028 1312 1053 565 462 531 488 259745 64630 13146 51484 3665 48985
internal_count=267004 7259 7059 6423 1087 5336 1899 587 636 738 3437 3066 1810 1559 1256 991 723 1028 1312 1053 565 462 531 488 259745 64630 13146 51484 3665 48985
is_linear=0
shrinkage=0.03


Tree=212
num_leaves=31
num_cat=0
split_feature=5 10 10 11 11 3 4 12 3 2 3 8 3 5 10 9 8 12 8 13 11 13 1 5 10 11 3 3 3 2
split_gain=0.361086 1.10421 0.911422 0.572126 0.722906 0.553111 0.620067 0.550031 0.448287 0.371872 0.989547 1.28638 0.721189 0.908633 1.76966 1.18816 0.683495 0.709015 1.60387 1.51565 0.6264 1.75149 0.927338 0.65588 1.06506 1.10415 0.690967 0.509288 0.74145 0.518461
threshold=0.0076872561909701294 0.0045588099205506891 -0.003942695866748557 0.0004826238977566622 0.0019486563039283757 -1.0000000180025095e-35 1.0000000180025095e-35 -0.0016503237335708796 0.0019175164542778458 10.539671338648864 0.072709976899204123 0.047695239951840794 0.012860275757213714 0.057461613862436804 -0.0012819965703047551 -0.046997628651400607 0.031862229501837654 0.030811200461105141 0.023550984506922133 0.046302711475058288 -0.0059230191415868818 0.026558003422210135 -0.024496426624636299 0.042641623146378892 0.0015568415091395951 0.00019229213940374915 0.010712099170622548 0.017768558384126724 0.022142519163031008 11.161529138385012
decision_type=8 10 8 10 10 8 10 10 10 8 10 10 8 10 10 8 10 10 8 2 10 2 2 10 10 10 10 8 8 10
left_child=1 2 -1 7 8 -6 -7 -4 -5 -2 11 12 13 20 -15 -16 17 19 -19 27 21 -11 -22 26 25 -25 -24 29 -29 -14
right_child=9 -3 3 4 5 6 -8 -9 -10 10 -12 -13 16 14 15 -17 -18 18 -20 -21 22 -23 23 24 -26 -27 -28 28 -30 -31
leaf_value=-0.00089430455021956431 1.1884495075961614e-05 -0.0011252021602018462 0.0018106702842127307 -0.0011787371285925401 0.002053948292666156 -0.00081960811499509829 0.0012523079297408974 0.00063014049494210776 0.00040758700412116012 -0.0027363513208768023 0.001770212555099356 -0.0020172307095588874 -0.0020666297496199 0.0029208798755248804 0.0013115085679701835 -0.0016885775795656497 -0.0014313038018752744 -0.0010156546972439598 0.0026321543729123232 -0.0026786945725188536 -0.0012498491286555603 0.00042448199870930589 8.2386436775254589e-05 0.001733380641406221 -0.0023694980463049085 -0.00098297315729892112 0.001412443993189665 0.0010351082270625741 -0.00031861902218829284 -0.00033749977639239704
leaf_weight=431 246545 464 430 447 207 259 261 2042 250 284 241 331 258 276 253 224 559 214 220 255 514 355 7853 206 252 389 368 442 2067 395
leaf_count=431 246545 464 430 447 207 259 261 2042 250 284 241 331 258 276 253 224 559 214 220 255 514 355 7853 206 252 389 368 442 2067 395
internal_value=7.51138e-06 0.00026561 0.000414752 0.000559568 8.05775e-05 0.000742423 0.000220334 0.000835492 -0.000609754 2.80072e-06 -0.000137558 -0.000166815 -0.000127001 3.20981e-06 0.00100894 -9.73369e-05 -0.000451023 -0.000308729 0.000833465 -0.000453801 -7.08843e-05 -0.000980333 -1.02354e-05 6.00294e-05 -0.000734845 -4.25213e-05 0.000141924 -0.000274374 -8.01386e-05 -0.00102068
internal_weight=267292 4791 4327 3896 1424 727 520 2472 697 262501 15956 15715 15384 10974 753 477 4410 3851 434 3417 10221 639 9582 9068 847 595 8221 3162 2509 653
internal_count=267292 4791 4327 3896 1424 727 520 2472 697 262501 15956 15715 15384 10974 753 477 4410 3851 434 3417 10221 639 9582 9068 847 595 8221 3162 2509 653
is_linear=0
shrinkage=0.03


Tree=213
num_leaves=31
num_cat=0
split_feature=1 13 11 12 9 4 9 11 5 5 1 8 6 13 6 8 3 6 8 5 2 1 2 8 13 6 13 4 4 3
split_gain=0.383831 0.926842 0.617013 0.547517 0.545116 0.585396 0.541414 0.527617 0.711841 0.520893 0.518825 1.24988 0.952991 0.645635 0.944734 1.1817 1.58108 0.826328 0.767611 0.684834 0.622368 1.09447 0.864605 0.733739 0.76049 0.795774 0.677057 1.11927 0.9617 0.623397
threshold=0.01811087337814277 0.024159500271127964 0.00648197511525861 0.019974677455777416 -0.044121465052768476 -0.0041176006144316149 -0.0518629640504552 -0.0023325018854586928 0.071041900121108448 0.020645172541042631 0.02198476017051432 0.013189487863519119 -0.043155918435512579 0.037972992514210026 0.11410898687902295 0.029427759672955158 -0.018946487626033234 0.0088372422565723436 0.015288757461266405 0.016152961293149356 -1.3359452033119454 0.039574152487219079 9.9720616941574374 0.042081140800916017 0.064390400744067808 -0.039182487550779736 0.089033221022337711 -0.013901474963922576 1.0000000180025095e-35 -0.03192402797107307
decision_type=2 2 8 10 10 8 8 10 10 10 2 10 10 2 8 8 10 10 10 8 8 2 10 10 2 10 2 10 10 8
left_child=3 4 7 -1 5 -2 -5 8 -3 -6 11 -9 -13 14 15 18 -17 -18 -12 -15 21 -21 23 24 29 -26 27 -24 -29 -22
right_child=1 2 -4 6 9 -7 -8 10 -10 -11 13 12 -14 19 -16 16 17 -19 -20 20 22 -23 26 -25 25 -27 -28 28 -30 -31
leaf_value=-7.5020080220185043e-06 -0.00024877308632042855 -8.2148473552779604e-05 -0.00063792370901211886 -0.0014575708192431443 0.00035456639640303193 0.0011862054128914195 0.00012642907409968473 -0.0022500785808098676 -0.0014650082965235163 0.0022375526222458576 0.001391109148663126 0.00094645348425814312 -0.00025991876517127718 -0.0014868524042710412 -0.0013776868148205621 -0.00036103759205206203 0.0012599380302067778 0.0031530148150385215 0.00013673328552973768 6.3645639659325363e-05 0.0011949188723144859 0.0014518408802908593 -0.00070394902811225118 -0.0014882367891420859 -0.002634746799600486 -0.00030762554631463932 -0.00082519210141617806 0.0023971992388290794 0.00057888312121298071 -0.00010668360140666315
leaf_weight=244832 563 2724 1061 464 207 469 334 236 382 366 530 757 2661 236 216 306 436 396 2559 1371 388 815 348 404 202 383 280 412 718 2261
leaf_count=244832 563 2724 1061 464 207 469 334 236 382 366 530 757 2661 236 216 306 436 396 2559 1371 388 815 348 404 202 383 280 412 718 2261
internal_value=6.22513e-07 0.000121604 6.61595e-05 -1.00591e-05 0.000815334 0.000403363 -0.000794593 0.000105434 -0.000252223 0.00155731 0.000175235 -0.000138532 7.26198e-06 0.000268743 0.000557519 0.000656408 0.00148282 0.00216097 0.000351955 0.00010463 0.000154167 0.000581202 -1.88314e-05 -0.000282812 -0.000132227 -0.00111118 0.000527449 0.000783701 0.00124184 8.39626e-05
internal_weight=267317 21687 20082 245630 1605 1032 798 19021 3106 573 15915 3654 3418 12261 4443 4227 1138 832 3089 7818 7582 2186 5396 3638 3234 585 1758 1478 1130 2649
internal_count=267317 21687 20082 245630 1605 1032 798 19021 3106 573 15915 3654 3418 12261 4443 4227 1138 832 3089 7818 7582 2186 5396 3638 3234 585 1758 1478 1130 2649
is_linear=0
shrinkage=0.03


Tree=214
num_leaves=31
num_cat=0
split_feature=5 3 1 12 3 0 9 7 0 4 12 12 0 1 2 5 7 12 4 11 11 7 9 11 7 7 2 2 12 8
split_gain=0.292758 1.01736 0.779433 0.608868 0.322828 1.00238 1.56267 0.83961 0.525912 0.385786 0.750298 0.938207 0.903736 0.885188 0.647851 1.1758 0.600221 0.618035 0.589473 0.561051 0.888806 0.876806 0.400616 0.380322 1.0096 0.900629 0.861464 0.754207 0.690618 0.706762
threshold=0.13670764813179195 -0.076843137660670066 0.014904596106135816 -0.011885296951408162 0.084201131609985561 0.0012822807149415196 -0.030492065694929956 0.20744796298231397 0.011490297309781019 0.050720316393106264 0.020709017954421319 0.0022447841973358145 0.0089649114081923349 -0.012284580632282381 -1.1518395675523341 0.072887358873041555 0.096452442191098733 -0.023447974503749632 0.058985007609230651 0.0022043747741872237 -0.0028755546026011931 0.078880966850623749 -0.016120471357744356 0.0056068123021811864 -0.17836104817905848 0.1055415772117302 -0.78321436973211211 -1.0861914511803057 -0.014303673524784897 0.034808485311067047
decision_type=10 10 2 10 10 10 10 10 10 10 8 10 10 2 8 10 8 10 10 10 10 8 10 8 10 10 10 8 10 10
left_child=4 -2 3 -3 9 6 -6 8 -7 23 11 13 14 16 -13 -16 18 -18 -11 20 -15 -22 -12 -1 27 28 -27 -25 -26 -30
right_child=1 2 -4 -5 5 7 -8 -9 -10 10 22 12 -14 19 15 -17 17 -19 -20 -21 21 -23 -24 24 25 26 -28 -29 29 -31
leaf_value=-1.7802966983534444e-05 0.00093846624010513521 -0.0015360127963627186 -0.0026723749269441698 0.00050930010324174704 0.001176645616168163 0.00093707859327897753 -0.001797242826966892 -0.00012604244876299693 0.0027443300110097384 -0.0015342534653232163 -0.0017850781640399828 0.00098642597685160869 0.0021000701960292643 0.00030116421889270776 0.00092479744661291136 -0.002168602567469782 0.0019887353030096093 3.1859713184644825e-05 0.00024163278219396176 -2.2967283991326032e-06 -0.0030790654642813067 -0.00093173250445973245 -0.00016318891063823451 -4.4604350880878728e-06 0.0010915272656258038 -0.0011207210039979928 0.00021512166668643902 -0.0025841745900981165 0.0003631491642928764 -0.00070987519535139706
leaf_weight=250640 305 260 209 264 283 329 363 348 259 293 422 398 271 207 213 230 234 383 395 348 323 364 203 205 1052 778 984 203 5950 609
leaf_count=250640 305 260 209 264 283 329 363 348 259 293 422 398 271 207 213 230 234 383 395 348 323 364 203 205 1052 778 984 203 5950 609
internal_value=-1.46928e-05 -0.000517536 -0.00112338 -0.00050555 -1.27327e-05 0.000414544 -0.00049444 0.0010419 0.00173313 -1.52863e-05 -0.000297662 -0.000133575 0.000593453 -0.00045099 0.000107968 -0.000681257 9.46169e-05 0.000774014 -0.000514668 -0.00102427 -0.00142209 -0.00194132 -0.00125829 -1.06411e-05 0.000172883 0.000236474 -0.000374711 -0.00128799 0.000377967 0.000263519
internal_weight=267325 1038 733 524 266287 1582 646 936 588 264705 4284 3659 1112 2547 841 443 1305 617 688 1242 894 687 625 260421 9781 9373 1762 408 7611 6559
internal_count=267325 1038 733 524 266287 1582 646 936 588 264705 4284 3659 1112 2547 841 443 1305 617 688 1242 894 687 625 260421 9781 9373 1762 408 7611 6559
is_linear=0
shrinkage=0.03


Tree=215
num_leaves=31
num_cat=0
split_feature=13 11 11 10 4 1 7 9 12 9 2 9 13 11 11 11 10 11 10 5 10 10 5 13 4 4 1 2 5 7
split_gain=0.338601 0.603416 1.69318 1.30886 0.881671 0.640786 0.624806 0.673193 0.618831 0.569002 0.827204 0.613464 0.518632 0.473283 0.433287 0.654143 1.29348 0.986736 1.27083 0.79766 0.752047 0.67519 0.676237 0.693509 0.644764 0.510026 0.762347 0.481961 0.463442 0.46364
threshold=0.0085338776899021949 -0.0040185140018970658 -0.0026814959715112936 0.0059692030208320377 0.0035195853538554371 -0.0070727833589429015 0.0192320884104108 -0.038959456749384384 0.0064962719194944238 -0.1229866011302808 -0.6353370754869565 -0.13659265870029516 0.0084224576090030003 -0.0033318839350413017 -0.00031669992604438363 0.001967789575935353 0.0020684134140932513 0.0036558778203330537 -0.003612542338496338 0.020012276425087249 0.00057765818009547509 0.004396140493020507 0.016152961293149356 0.0064535989434235759 -0.010340673877972438 0.0022837062817607783 0.0015119332079397421 -1.3359452033119454 0.022428421299956914 -0.011389116751831461
decision_type=2 10 10 10 10 2 8 10 10 10 10 10 2 10 10 10 10 10 10 10 10 10 10 2 10 10 2 10 10 10
left_child=1 4 3 6 8 -4 13 -8 -1 10 11 -7 14 -3 25 21 17 18 -17 20 -20 -16 23 -23 -19 26 28 -28 29 -11
right_child=-2 2 5 -5 -6 9 7 -9 -10 12 -12 -13 -14 -15 15 16 -18 24 19 -21 -22 22 -24 -25 -26 -27 27 -29 -30 -31
leaf_value=0.00052064839246966155 -1.9555302462690918e-05 -0.00029524145695264799 0.0017583033704512197 -0.0029177793844678804 0.0016075499080021795 0.00073903093532417705 0.0016104785606611978 -0.00030640309827381526 -0.0010075765687885673 0.00024920768802186354 -0.0006188799571984181 0.0025379735985725611 0.00084926534822712626 -0.0013998870511991496 -0.00032385488791852684 -0.00063278121071489682 -0.00062387322078125986 0.0013390759718250982 0.0012613376312833394 0.0002548289777087696 0.0029752902818682529 0.00023958158653334099 -0.00041957002568398166 0.0023381079045751273 -0.00031387749574989947 -0.00014968468893616915 0.00055593379032304691 -0.00093521988623661019 -0.00029826520442627309 0.00095913146007607099
leaf_weight=1148 240259 664 217 215 557 993 212 742 301 1311 345 206 757 736 7023 377 1224 252 881 474 312 316 406 257 1351 2119 302 551 477 2247
leaf_count=1148 240259 664 217 215 557 993 212 742 301 1311 345 206 757 736 7023 377 1224 252 881 474 312 316 406 257 1351 2119 302 551 477 2247
internal_value=-8.24053e-06 9.25445e-05 5.23241e-05 -0.000677154 0.000593135 0.000135994 -0.000472509 0.000119571 0.000203191 0.000120122 0.000675626 0.00104811 7.85611e-05 -0.000875969 4.92139e-05 -5.41163e-05 0.000219983 0.000503197 0.000940195 0.00129593 0.00170958 -0.000220967 0.000517116 0.00118081 -5.40245e-05 0.000239048 0.000407568 -0.000407285 0.000579828 0.000697549
internal_weight=267232 26973 24967 2569 2006 22398 2354 954 1449 22181 1544 1199 20637 1400 19880 12873 4871 3647 2044 1667 1193 8002 979 573 1603 7007 4888 853 4035 3558
internal_count=267232 26973 24967 2569 2006 22398 2354 954 1449 22181 1544 1199 20637 1400 19880 12873 4871 3647 2044 1667 1193 8002 979 573 1603 7007 4888 853 4035 3558
is_linear=0
shrinkage=0.03


Tree=216
num_leaves=31
num_cat=0
split_feature=5 11 7 7 5 13 0 10 10 10 7 4 2 2 2 5 11 4 6 3 10 0 0 2 7 10 11 6 10 3
split_gain=0.342673 0.758731 0.997458 0.776601 1.094 0.685116 0.604848 0.592895 0.642337 0.531398 0.775532 0.474068 0.46819 1.15753 0.614458 0.572593 0.449796 0.441549 0.73853 0.391332 1.15938 0.357681 0.356997 0.503126 0.337769 1.30359 0.878652 0.827029 0.815602 0.831602
threshold=0.086217248755580941 -0.0007309883246258696 0.24822156068674431 0.20744796298231397 0.090319231555580429 0.055382658408149606 0.0026953773889015768 0.0044258211049797999 0.0012592622843934367 0.00012295138957774124 -0.049720239041545204 0.0099196088093842522 -1.1864958304267612 1.0000000180025095e-35 -1.7034715756809542 0.103036177656569 0.0014975273662597435 0.04094036435387572 -0.058191938413415793 0.084201131609985561 -0.0004911650863941851 0.00075342842075520899 0.012682668705410684 -1.2370736925092094 0.11352266129204981 0.015007685734572564 0.0023091757649384985 0.098519499321362516 -0.0038515799783213618 0.010467174341612708
decision_type=10 8 8 10 10 2 10 10 8 10 10 10 10 10 10 10 8 10 10 10 10 10 10 10 10 8 10 10 10 10
left_child=19 2 12 4 21 7 -7 8 9 10 -6 -12 14 15 17 -14 -10 18 -2 24 -21 -3 23 -5 -1 26 28 -28 -26 -30
right_child=1 3 -4 22 5 6 -8 -9 16 -11 11 -13 13 -15 -16 -17 -18 -19 -20 20 -22 -23 -24 -25 25 -27 27 -29 29 -31
leaf_value=-9.134741720300499e-06 0.00053928617545246304 -0.0005953856917467954 0.0012660317341797052 -0.00024437038660741957 -0.0013579331316889564 -7.5572381828384229e-06 0.0021214311383664607 -0.0017487643723253089 -1.4266409898686303e-05 -0.0017645071696793465 0.0016640443362748471 -0.0002075963758904001 -0.00046741497887876004 0.00094977588637960159 0.0013008801738827549 -0.002155541040268221 0.001927627744220629 0.00064647133748222502 -0.0017326073589213865 -0.00093170430776663119 0.0020093176164032466 -0.0022432644541298002 -0.0023586743772362495 -0.0020899106405629711 -0.00027540312567045664 -0.0013277511949617165 -3.6629292555436797e-05 -0.00084826820275269333 9.434389848567326e-05 0.00042499594482090712
leaf_weight=219805 231 204 570 351 280 249 232 212 223 221 218 276 385 302 359 341 207 353 291 200 304 283 224 214 3218 579 6654 1361 16867 11522
leaf_count=219805 231 204 570 351 280 249 232 212 223 221 218 276 385 302 359 341 207 353 291 200 304 283 224 214 3218 579 6654 1361 16867 11522
internal_value=1.85049e-06 -0.000218102 0.00014445 -0.00052062 -0.000270873 2.3927e-05 0.00101931 -0.000268548 -4.83332e-05 -0.000467048 -9.65843e-05 0.00061835 -0.000138176 -0.000611052 0.000255759 -0.00126032 0.000920552 -0.000173039 -0.000727229 7.10718e-06 0.000842245 -0.00155298 -0.00134519 -0.000943389 5.48834e-06 8.54422e-05 0.000106093 -0.000174451 0.000177235 0.000228543
internal_weight=266736 6226 2832 3394 2605 2118 481 1637 1425 995 774 494 2262 1028 1234 726 430 875 522 260510 504 487 789 565 260006 40201 39622 8015 31607 28389
internal_count=266736 6226 2832 3394 2605 2118 481 1637 1425 995 774 494 2262 1028 1234 726 430 875 522 260510 504 487 789 565 260006 40201 39622 8015 31607 28389
is_linear=0
shrinkage=0.03


Tree=217
num_leaves=31
num_cat=0
split_feature=5 10 10 7 4 3 11 11 10 7 2 11 11 13 1 1 10 10 2 7 11 11 11 10 2 4 3 5 13 12
split_gain=0.394553 0.744279 0.844315 0.69078 0.646956 0.673638 0.642701 1.14488 0.665954 1.28177 0.528014 0.499 0.747512 0.559289 0.473296 0.623976 0.614947 1.2805 0.890181 0.730758 0.810712 0.714097 0.578731 0.45245 0.44398 0.464776 0.440302 0.437765 0.427219 0.436751
threshold=0.013976212358009192 0.0059692030208320377 0.004190765150861365 0.1758915092214646 -0.00016011267737014998 0.0031088083393125969 0.0065392418405726413 0.0057107012636277163 -0.0072726750358191863 -0.0034202507393462085 14.826931504486181 -0.0027393443331276686 0.0010314880891127978 0.011946339177603408 0.0077449921817139842 0.0068198566183161899 0.0011175450013536372 0.00064926187012581693 -3.9373743702646951 -0.047619067951039755 0.00038291060854911413 0.0044233681894528818 0.0036558778203330537 0.00086287470473278571 -1.0128617328586536 -0.0041176006144316149 0.007897386411812481 0.011616065686271666 0.021943788525946469 0.01185573963539799
decision_type=8 10 8 8 10 10 10 10 10 8 8 10 10 2 2 2 10 10 10 10 10 10 10 10 10 10 10 10 2 10
left_child=1 2 6 4 24 -6 7 8 9 -1 14 -3 13 -13 15 16 17 21 -19 -20 -21 22 -10 -22 -4 -26 27 28 29 -16
right_child=-2 11 3 -5 5 -7 -8 -9 10 -11 -12 12 -14 -15 26 -17 -18 18 19 20 23 -23 -24 -25 25 -27 -28 -29 -30 -31
leaf_value=0.00056508022543392828 -1.3147252947040227e-05 -0.0013424540698007844 0.0026941154672881096 -0.00074576721246134988 -0.00077542590740351718 0.0012193938001987788 -0.0013520892887479729 0.0021990494203449904 9.5513048362815873e-05 -0.0019515566748678919 0.0010926234853635439 0.0007836616440592333 -0.0012671636885041929 -0.00085450390247917391 0.00068902333765253818 -0.0011703043445956331 -0.0001216016423454559 -0.00086398123494582245 -0.00036976621618268308 0.0021972544113030425 0.0015472493708606132 0.0014114558253014186 -0.0011503063452932194 -0.00030502808431377574 0.0021510411235794893 0.00015651712541118123 0.0015464203031105132 -6.6975197722264019e-05 -0.00026784387388033792 0.0024052041205636361
leaf_weight=338 239277 459 263 215 260 368 270 236 10206 395 499 625 401 268 379 363 7964 200 207 718 232 361 347 243 204 217 326 1009 216 206
leaf_count=338 239277 459 263 215 260 368 270 236 10206 395 499 625 401 268 379 363 7964 200 207 718 232 361 347 243 204 217 326 1009 216 206
internal_value=-6.79539e-07 0.000105884 0.000145864 0.000830462 0.00108876 0.000393513 0.000103566 0.000119644 9.93731e-05 -0.000791088 0.000127176 -0.000492606 -0.000191152 0.000292029 0.000106209 6.26199e-05 8.44751e-05 0.000215624 0.00100821 0.00127566 0.00156116 9.94306e-05 5.45485e-05 0.000599663 0.00172709 0.00112298 0.000531513 0.000348718 0.000872357 0.00129335
internal_weight=267272 27995 26242 1527 1312 628 24715 24445 24209 733 23476 1753 1294 893 22977 20841 20478 12514 1600 1400 1193 10914 10553 475 684 421 2136 1810 801 585
internal_count=267272 27995 26242 1527 1312 628 24715 24445 24209 733 23476 1753 1294 893 22977 20841 20478 12514 1600 1400 1193 10914 10553 475 684 421 2136 1810 801 585
is_linear=0
shrinkage=0.03


Tree=218
num_leaves=31
num_cat=0
split_feature=13 4 7 11 4 1 4 0 11 5 11 0 11 13 0 0 11 3 2 8 12 2 3 5 11 13 2 3 11 0
split_gain=0.335401 1.30674 0.682159 0.674258 0.779587 0.486173 1.07133 1.19088 0.749874 0.754812 0.851058 0.836557 0.710458 1.04374 0.480149 1.21883 0.461447 0.921465 1.31872 0.794467 0.404514 0.536423 0.382424 1.08384 0.733503 0.721969 1.02831 0.76484 0.713449 1.34392
threshold=0.069267995657114542 -0.023652526084062372 0.15658093173574864 -0.0004966076057237866 0.016977155118730883 0.039574152487219079 -0.013663038288635241 0.012365310691954125 -0.0020815560506604043 0.038333334922790528 0.001967789575935353 -1.0000000180025095e-35 0.0042649711434993307 0.055382658408149606 -0.0062499789920776863 0.00099209377745090887 -0.012546539886328088 0.029724095317933633 -0.6803979533924519 0.022531572785105061 0.049511325747076625 -1.7993656691117181 0.050607399483895595 0.082658040644484967 -0.0045449700422855446 0.01967258142509053 -1.1518395675523341 0.060918722143085365 -0.0013331111573297025 0.0082683146569265693
decision_type=2 10 8 10 10 2 8 8 8 10 8 10 10 2 10 10 10 8 8 10 10 10 10 10 10 2 10 10 10 10
left_child=5 20 14 -4 -5 16 12 8 -8 11 -11 -10 13 -7 -3 -16 17 18 -1 -20 21 -2 -18 24 -24 26 -26 -28 29 -25
right_child=1 2 3 4 -6 6 7 -9 9 10 -12 -13 -14 -15 15 -17 22 -19 19 -21 -22 -23 23 28 25 -27 27 -29 -30 -31
leaf_value=0.0025719197794729152 -0.001066384029991801 -0.0020875147873242357 0.00092664779016712537 0.00051578258575104609 -0.0020477355901883649 0.00032153690036605388 -0.0010049570513218039 0.0026646644419088261 -0.0012521846570278995 0.00055885910421454453 0.0029776238349164606 0.0010176100764092552 0.00098268584878035423 -0.0023054057846407161 0.0013001830174601567 -0.0013031788108515676 -1.4431013648272765e-05 -0.0011026276911003513 -0.00073034222339398217 0.0011549767049565522 0.0014137464389397932 0.00085388222533156681 0.0015494556799580063 -0.000354461484181229 0.00069958201293695611 0.00057620797762824314 -0.00021574083193239647 -0.0023227995469626106 -0.00068311245928520225 0.0020763815887894325
leaf_weight=311 211 346 367 204 224 255 247 272 246 291 238 360 207 292 201 831 252882 250 378 430 362 345 507 720 511 3176 366 269 1599 286
leaf_count=311 211 346 367 204 224 255 247 272 246 291 238 360 207 292 201 831 252882 250 378 430 362 345 507 720 511 3176 366 269 1599 286
internal_value=-5.03939e-06 -0.000315729 -0.000716649 -1.6847e-05 -0.000825872 -1.40301e-06 0.000422923 0.000850163 0.000493039 0.000819035 0.00164707 9.62083e-05 -0.000514285 -0.00108078 -0.00112038 -0.000796129 -5.30762e-06 0.000544033 0.000911919 0.000272983 0.000633288 0.000125148 -8.19659e-06 0.000203879 0.000469932 0.000343297 -0.000302188 -0.00110834 -0.000289314 0.000336613
internal_weight=267184 3091 2173 795 428 264093 2408 1654 1382 1135 529 606 754 547 1378 1032 261685 1369 1119 808 918 556 260316 7434 4829 4322 1146 635 2605 1006
internal_count=267184 3091 2173 795 428 264093 2408 1654 1382 1135 529 606 754 547 1378 1032 261685 1369 1119 808 918 556 260316 7434 4829 4322 1146 635 2605 1006
is_linear=0
shrinkage=0.03


Tree=219
num_leaves=31
num_cat=0
split_feature=1 13 2 3 11 11 8 4 9 11 11 7 7 11 2 3 3 13 1 5 13 8 2 12 2 5 4 9 7 9
split_gain=0.437044 0.802086 1.02468 0.668822 0.978778 1.15495 1.02202 1.17753 0.740712 1.125 0.682865 0.781394 0.71757 1.68137 0.661492 1.18908 0.89073 1.01012 0.963535 0.668224 1.00736 0.701217 0.612279 0.608491 0.597095 0.565051 0.889423 0.794382 0.554654 0.928254
threshold=0.008311225662386847 0.015999389807127711 -0.62682705908213443 -0.03895068937503459 0.0012927956214664473 -0.0028755546026011931 0.024757971376890609 -0.034941502499352066 -0.15235052406180469 1.0000000180025095e-35 0.0014646497740040678 0.44035841952510107 0.22153836425394693 -0.0016335004347811652 -1.2944611120106138 0.01434865457316903 0.030535439430027681 0.023693749321760747 0.028270617991668082 0.036869798639970884 0.034156260521260924 0.021835892634848416 -1.7828254202815164 0.014120150313100601 -1.0000000180025095e-35 0.029777297368173361 0.026861027863105961 -0.083180823425418923 -0.015778520470782095 -0.17868927980519475
decision_type=2 2 10 10 10 8 8 10 8 10 10 10 10 8 8 10 10 2 2 10 2 8 10 10 10 10 10 10 10 8
left_child=-1 2 -2 4 5 -3 -6 28 9 -7 11 12 -5 -14 15 19 -16 -18 -19 -12 21 -21 -22 -15 -4 -17 27 -27 29 -8
right_child=1 3 24 10 6 8 7 -9 -10 -11 14 -13 13 23 16 25 17 18 -20 20 22 -23 -24 -25 -26 26 -28 -29 -30 -31
leaf_value=-2.5786179082136005e-05 0.00072367439820065528 -0.001327501510853006 -0.00082083129387332558 -1.415333035578274e-05 0.00036416120010507606 0.002804264362547495 -2.504804406929365e-05 -0.0029378855708413398 -7.2929253604350376e-05 7.0690223420064692e-05 0.00049426190804848608 0.001357334992289396 0.0004024942816296502 -0.002601319961568439 0.00015948423104931273 -9.3910981272344576e-05 0.0011538545059712579 -0.0017689618615155166 0.00011237993748643649 0.00038876578050530628 -9.9761161676183383e-06 -0.0013741175945314237 0.0018269840310094878 -0.00097701776065560139 0.000211136493502945 0.00090434469131438374 0.00071843508947641826 0.0031584407574676635 -5.5602931307039171e-05 -0.0025181621544294436
leaf_weight=213281 3550 353 684 24221 457 272 235 299 625 270 2781 356 808 285 10828 271 223 659 390 283 511 719 240 764 1924 231 744 360 481 314
leaf_count=213281 3550 353 684 24221 457 272 235 299 625 270 2781 356 808 285 10828 271 223 659 390 283 511 719 240 764 1924 231 744 360 481 314
internal_value=-6.4637e-06 6.96588e-05 0.000391982 2.82902e-05 -0.000383449 0.00017609 -0.000859653 -0.00128048 0.000630904 0.00144252 5.87601e-05 -3.86699e-05 -5.77272e-05 -0.000626065 0.000199959 0.000453576 7.12634e-05 -0.000679723 -0.00106951 0.000205106 -0.000253617 -0.000876217 0.000577068 -0.00141832 -5.95176e-05 0.00115505 0.00140858 0.0022774 -0.000799354 -0.00145098
internal_weight=267419 54138 6158 47980 3306 1520 1786 1329 1167 542 44674 26434 26078 1857 18240 6140 12100 1272 1049 4534 1753 1002 751 1049 2608 1606 1335 591 1030 549
internal_count=267419 54138 6158 47980 3306 1520 1786 1329 1167 542 44674 26434 26078 1857 18240 6140 12100 1272 1049 4534 1753 1002 751 1049 2608 1606 1335 591 1030 549
is_linear=0
shrinkage=0.03


Tree=220
num_leaves=31
num_cat=0
split_feature=8 11 11 10 10 11 6 11 11 12 10 10 11 10 11 8 10 7 11 6 11 10 11 7 12 10 10 10 11 13
split_gain=0.406991 0.471774 1.96922 1.94455 1.26357 0.824 0.613984 0.546475 1.15034 0.529269 0.529085 1.18953 0.678623 0.756292 0.635925 0.528361 0.46106 0.455644 0.455194 0.944627 0.689958 0.662733 0.615651 0.519349 0.513437 0.458556 0.619819 0.507564 0.751679 0.442186
threshold=0.01177824683650963 -0.003853996667671999 -0.0027393443331276686 -0.0023752123669673049 -0.0026199294362432841 -0.0005723403980377183 0.025742558406936292 0.0021621310719518454 0.0022772078248379794 0.008093028282618488 0.003239658078670105 0.0059692030208320377 -0.0048747298801486419 0.00082111126238348941 -0.0044698351252321347 0.0086794099583146957 0.0010269138426277637 0.0192320884104108 0.0010011138297337798 -0.024985786932864292 0.0012132387889688403 0.003239658078670105 0.00055531045058687678 -0.014041003923772886 -0.011885296951408162 0.001987028597563723 -0.0015211785805948062 0.00056379306527643014 0.0016488552305288231 0.010000031947926468
decision_type=8 10 10 10 8 10 10 10 8 10 8 8 10 10 10 10 10 8 10 10 10 10 10 8 10 10 10 10 10 2
left_child=1 4 3 -3 -1 6 -4 18 -9 -10 12 -12 13 -6 -14 -5 -8 -17 21 -20 23 24 -23 -21 -7 26 -22 -28 -29 -16
right_child=-2 2 5 15 10 7 16 8 9 -11 11 -13 14 -15 29 17 -18 -19 19 20 25 22 -24 -25 -26 -27 27 28 -30 -31
leaf_value=0.0023825340673819845 -4.6891100914044904e-06 -0.0025568592425403414 0.00032810478372756848 -0.0011306106797967326 0.00030105797839242705 0.0013067394839737588 0.0019774626207497204 0.0015582675978185422 1.344800331823347e-05 0.0012946212980115218 0.0027555382896344862 -0.00012189500433665633 0.001912784763825703 -0.001288473774600089 0.00083950525864173525 -0.0004568911814372396 0.00057352811503733384 0.00075984036692730279 0.00074103382582284716 -0.00030508196120069398 -0.0011636706464865122 0.00025932559825493244 0.0019191377700890524 -0.0020608172718084971 -0.00014990283049737176 -0.00095132719240067164 0.0012352809070584176 -0.0014412312277325211 0.00091970799831243085 -0.0005214127562441609
leaf_weight=283 241934 446 5796 510 559 228 375 573 3555 316 229 297 253 520 459 694 480 461 540 230 297 632 295 445 4860 699 386 235 251 404
leaf_count=283 241934 446 5796 510 559 228 375 573 3555 316 229 297 253 520 459 694 480 461 540 230 297 632 295 445 4860 699 386 235 251 404
internal_value=7.28496e-06 0.000121752 7.42166e-05 -0.000797616 0.000474692 0.000165359 0.000438812 3.10558e-05 0.000303734 0.000118034 0.000276265 0.00113083 7.14814e-05 -0.000464981 0.000590158 -0.000326371 0.00118929 2.8748e-05 -0.000102137 -0.000398536 -0.000640521 4.97836e-05 0.000787529 -0.00146257 -8.46288e-05 -0.000343475 1.99877e-05 0.000423137 -0.000221898 0.000202413
internal_weight=267242 25308 22304 2111 3004 20193 6651 13542 4444 3871 2721 526 2195 1079 1116 1665 855 1155 9098 3083 2543 6015 927 675 5088 1868 1169 872 486 863
internal_count=267242 25308 22304 2111 3004 20193 6651 13542 4444 3871 2721 526 2195 1079 1116 1665 855 1155 9098 3083 2543 6015 927 675 5088 1868 1169 872 486 863
is_linear=0
shrinkage=0.03


Tree=221
num_leaves=31
num_cat=0
split_feature=3 3 6 13 6 7 7 9 0 0 7 7 6 7 3 9 3 1 9 6 1 13 3 7 5 9 6 1 3 1
split_gain=0.527291 0.64004 0.650236 0.743183 0.731898 1.18846 0.647187 0.618389 0.737979 0.612268 0.871267 1.24888 0.739682 1.09008 1.20812 1.07991 1.03281 0.638225 0.627321 0.91327 1.20225 0.742496 0.632803 0.62341 0.629276 0.850117 0.605144 0.603306 0.684337 0.626403
threshold=-0.014062699223687468 -0.01132554322990431 -0.032277251844197212 0.015378861264349333 -0.045707831791154334 0.020142676760621429 -0.069109359935517908 -0.10506266838427035 0.0031422502133098278 -0.010553698626244166 0.17177820590564832 0.20744796298231397 0.11410898687902295 0.093045459943375888 -0.036297172518624181 -0.047915485704429155 -0.020054937934619873 0.043939283787772128 -0.089567325036032305 -0.032277251844197212 0.031621298837954732 0.047399238518947624 -0.015175963886285724 0.34999994988344224 0.021412400169102955 -0.067225892870394807 0.10183423150232264 -0.0074730743688646286 -0.046979232408247799 -0.014385572822157909
decision_type=8 8 10 2 8 10 10 10 10 10 8 10 8 8 10 8 10 2 8 10 2 2 10 10 10 8 10 2 10 2
left_child=9 2 4 6 7 -6 -4 -2 -9 10 17 -12 18 -14 -15 -16 -17 -1 19 22 21 -21 -11 24 25 -20 -5 28 -26 -30
right_child=1 -3 3 26 5 -7 -8 8 -10 12 11 -13 13 14 15 16 -18 -19 23 20 -22 -23 -24 -25 27 -27 -28 -29 29 -31
leaf_value=0.00032961033342483558 0.00016362451383062889 -1.2079058335924305e-05 0.00079676711583008401 -0.00056685379169694192 0.00018749240794993434 0.0023857757833076415 -0.00024783628091863371 -9.6287286446603655e-05 -0.0020832682344676871 0.00012181453903012598 0.003350916833399786 0.0004501984000487841 -0.0025756762846844946 -0.0022186181889930451 0.0015310563126462512 -0.0022181022779594333 0.00063104589963444019 -0.001144197914117415 0.0014872991024616803 -0.00041351340410586499 0.0018890977719281399 0.00098143135700819086 -0.00077626113628518722 0.0014917212668894174 0.0017408590613049455 0.00025657081502583883 -0.0022020062824241191 -1.6091571980004952e-06 -2.5635297892876996e-05 0.00056841360993267146
leaf_weight=4760 1189 198344 635 4231 979 286 3349 383 300 16859 206 380 223 223 350 212 249 280 707 7912 221 359 737 318 300 1769 214 15125 3159 3232
leaf_count=4760 1189 198344 635 4231 979 286 3349 383 300 16859 206 380 223 223 350 212 249 280 707 7912 221 359 737 318 300 1769 214 15125 3159 3232
internal_value=-2.66858e-06 -2.47291e-05 -0.000241662 -0.000378888 0.000127057 0.000684496 -8.13395e-05 -0.000249631 -0.000969046 7.77523e-05 0.000375033 0.0014699 4.5561e-05 -0.000673322 -0.000263046 0.000274676 -0.000679191 0.000247732 6.33848e-05 -3.9111e-05 -0.000294618 -0.000352966 8.41991e-05 0.000172036 0.000154761 0.000607994 -0.000645577 0.000103321 0.000340515 0.000274782
internal_weight=267491 209910 11566 8429 3137 1265 3984 1872 683 57581 5626 586 51955 1257 1034 811 461 5040 50698 26088 8492 8271 17596 24610 24292 2476 4445 21816 6691 6391
internal_count=267491 209910 11566 8429 3137 1265 3984 1872 683 57581 5626 586 51955 1257 1034 811 461 5040 50698 26088 8492 8271 17596 24610 24292 2476 4445 21816 6691 6391
is_linear=0
shrinkage=0.03


Tree=222
num_leaves=31
num_cat=0
split_feature=4 11 7 11 8 0 5 3 12 1 8 0 0 5 2 8 1 8 3 9 3 9 2 9 0 5 2 0 7 8
split_gain=0.37005 0.930227 0.921383 1.55839 0.948998 0.741319 0.651246 0.590872 0.702419 0.435085 0.598161 0.423269 0.666168 0.796652 0.971571 0.653621 0.444761 0.714293 0.380045 0.503778 0.446083 0.346171 0.535254 0.448699 0.275775 0.633453 2.05821 0.991443 0.78365 0.651184
threshold=0.050720316393106264 0.0056068123021811864 0.2141473170438524 -0.0005723403980377183 0.03513192144225654 -0.019721406560940399 0.090319231555580429 0.053389821771566932 -0.0099881266663329176 -0.027427711123084116 0.045398306754442223 0.01703965754755821 0.006132844323845422 0.074935909173195966 -1.1211659137379326 0.038778448648281699 0.019912404077914062 0.033756042337265174 0.072709976899204123 -0.031818035559854789 0.065753370079914122 -0.047915485704429155 -0.74557199566795418 -0.011642130036756902 -0.006034997631278737 0.057461613862436804 8.7769802406251269 -0.0085147373284854538 0.1758915092214646 0.044424187962978208
decision_type=8 10 10 8 10 8 10 10 10 2 10 10 10 10 10 8 2 8 10 10 10 10 10 10 10 10 8 10 8 10
left_child=18 2 5 4 -4 -2 -5 8 -7 -9 11 12 15 -14 -15 16 17 21 20 -20 24 -11 23 -23 25 -1 27 28 29 -27
right_child=1 -3 3 6 -6 7 -8 9 -10 10 -12 -13 13 14 -16 -17 -18 -19 19 -21 -22 22 -24 -25 -26 26 -28 -29 -30 -31
leaf_value=4.2469942736836935e-05 -0.001743275645171525 -0.0020077295360499104 -0.0012429959801174984 -0.00087627613193887676 0.0010395277379645189 -0.0014950198450888077 -0.0026826646659386956 0.0013985521173413107 2.1438048250095448e-05 -0.00096641617172549732 0.001541489133954375 0.0012235864261234764 0.00046648426405283187 -0.00022234351737651883 -0.0029438449848455577 -0.0012275770905309639 0.0018110538678972616 0.0016926892499835578 0.0017602753813981133 -0.0002265351320478762 -0.0011760740361796231 -0.0014002316961766704 0.0011662591336062177 0.00057086372186012312 -3.8003384305196311e-06 -5.0585599992570185e-05 0.0029826492495444771 0.0012713090283112884 0.0011590963468015825 -0.0016578016564964728
leaf_weight=26211 200 252 262 350 438 383 369 314 974 271 282 268 291 246 227 221 207 268 255 209 287 213 340 203 229979 1881 271 690 430 258
leaf_count=26211 200 252 262 350 438 383 369 314 974 271 282 268 291 246 227 221 207 268 255 209 287 213 340 203 229979 1881 271 690 430 258
internal_value=1.92855e-06 -0.000220277 -0.000149084 -0.000822376 0.000185212 4.5578e-05 -0.00180334 0.00012157 -0.000406567 0.000335441 0.000225525 9.08234e-05 -3.12436e-05 -0.00076859 -0.00152843 0.000295705 0.000519836 0.000313441 7.54104e-06 0.000865354 6.01021e-06 -4.64797e-05 0.000283286 -0.000438375 7.31646e-06 9.32796e-05 0.000470552 0.00026166 -9.51846e-06 -0.000244443
internal_weight=267050 6579 6327 1419 700 4908 719 4708 1357 3351 3037 2755 2487 764 473 1723 1502 1295 260471 464 260007 1027 756 416 259720 29741 3530 3259 2569 2139
internal_count=267050 6579 6327 1419 700 4908 719 4708 1357 3351 3037 2755 2487 764 473 1723 1502 1295 260471 464 260007 1027 756 416 259720 29741 3530 3259 2569 2139
is_linear=0
shrinkage=0.03


Tree=223
num_leaves=31
num_cat=0
split_feature=7 7 3 1 7 6 11 6 12 10 11 9 10 3 6 8 6 6 1 11 11 11 10 1 7 7 13 1 13 3
split_gain=0.526759 0.667862 0.632139 0.825834 0.856027 0.824866 0.947126 0.929612 0.844274 0.752735 0.708436 0.708246 0.665009 0.663029 0.716077 0.695644 0.678398 0.705967 0.769227 0.68937 0.897943 0.652056 0.627289 1.18415 0.743348 0.639877 0.7622 0.61293 0.796313 0.610581
threshold=-0.090255448510158418 -0.033322712304080841 0.0031088083393125969 -0.0024475954227114456 0.38748661760855935 0.050739306178760997 -0.005104155814304733 0.073932043592485633 -0.0014634741509714775 0.0081494360100515823 -0.0042809602293659146 -0.10690261513999198 0.0014724928971264763 0.0045410709657963686 -0.014287317074186788 0.01177824683650963 0.018610640493725409 0.054030445006532431 -0.00074260922824914688 -1.0000000180025095e-35 0.0010011138297337798 -0.0038815822646925953 0.0022420060690916403 -0.010717651264297133 0.14969515102643285 0.037832439835455041 0.048620097632458378 -0.0087550549469504451 0.021140193550111781 0.072709976899204123
decision_type=10 10 10 2 10 10 8 10 8 8 10 10 10 10 10 10 10 10 2 8 10 10 10 2 10 10 2 2 2 10
left_child=29 -2 3 5 -5 9 7 -7 10 22 -8 -11 -12 14 -4 21 -16 19 -19 -18 -21 -15 25 24 -24 26 -3 28 -25 -1
right_child=1 2 13 4 -6 6 8 -9 -10 11 12 -13 -14 15 16 -17 17 18 -20 20 -22 -23 23 27 -26 -27 -28 -29 -30 -31
leaf_value=8.3323786300719619e-05 -0.00012318039513447903 0.00016225040347568433 -0.0010448329287636082 -3.3703912115044198e-05 0.0011744712557430477 0.00031048690680655238 -0.001346289811676125 0.0027128669056477712 0.0022128545644227414 0.00079574875871780038 0.00070434435044608099 -0.00090206471024049408 -1.9916870724510177e-05 0.0011848729223358429 0.00015291539323153744 -6.0497312152789396e-05 -0.0014714228075929827 0.0010025521678927059 -0.00084079365760971847 0.0010910631733467725 -0.001039624140883793 0.00016870524196134764 -0.0002359082073910947 0.00086148334734162369 0.00086223822644154833 -0.00010945129681956939 0.0019706642368650979 0.00046351907456408187 0.0029569741431969485 0.0014261473997053159
leaf_weight=41636 47050 13775 1121 54108 533 263 230 323 212 274 2400 1146 2175 636 2421 69226 899 449 373 284 477 5341 3425 850 662 11905 213 4749 202 307
leaf_count=41636 47050 13775 1121 54108 533 263 230 323 212 274 2400 1146 2175 636 2421 69226 899 449 373 284 477 5341 3425 850 662 11905 213 4749 202 307
internal_value=-4.47866e-06 -2.26202e-05 3.86049e-06 5.53798e-05 -2.19187e-05 0.000154054 0.000493396 0.00163467 0.000360093 0.000102945 0.000278348 -0.000574458 0.000360023 -5.79453e-05 -0.000360785 -3.36869e-05 -0.000204387 -0.000552908 0.000166095 -0.000908945 -0.000244466 0.000276834 0.000129828 0.000333094 -5.80337e-05 5.22046e-05 0.000189788 0.000608657 0.00126385 9.31525e-05
internal_weight=267665 225722 178672 97445 54641 42804 5603 586 5017 37201 4805 1420 4575 81227 6024 75203 4903 2482 822 1660 761 5977 35781 9888 4087 25893 13988 5801 1052 41943
internal_count=267665 225722 178672 97445 54641 42804 5603 586 5017 37201 4805 1420 4575 81227 6024 75203 4903 2482 822 1660 761 5977 35781 9888 4087 25893 13988 5801 1052 41943
is_linear=0
shrinkage=0.03


Tree=224
num_leaves=31
num_cat=0
split_feature=12 12 0 1 2 0 1 0 10 8 13 4 6 13 6 6 8 13 0 0 0 0 6 7 6 4 0 6 6 4
split_gain=0.32465 0.670061 0.682507 1.02803 0.751635 0.723492 0.860056 0.797145 0.787126 0.626544 0.623597 0.720825 0.677768 0.671313 0.856902 0.897933 0.652999 1.09225 0.993095 0.677975 1.16265 0.819784 1.45741 1.43166 1.29843 0.764203 0.718533 0.643695 0.83484 0.600916
threshold=-0.01651670305186614 -0.020046207352180153 0.019625336341736913 -0.023693367329478684 7.9620701973000054 -0.013759812659194624 -0.025376456476096428 -0.010553698626244166 -0.003942695866748557 0.028626148297776061 0.051462015778457833 0.094260356580200724 0.19839197925800892 0.049938084912688925 0.044060726528966095 -0.024437189242251241 0.036827040424642597 0.064390400744067808 -0.049601262336056155 0.021910962803923021 0.009266099965897669 -0.00078222630978919117 0.026846514096542266 0.140666751733759 -0.068568735952729096 0.0050073903149455709 0.035178982739955351 -0.010340241996938613 -0.045707831791154334 0.010176244210716947
decision_type=10 10 10 2 8 8 2 8 10 8 2 10 10 2 8 10 10 2 8 10 10 8 10 10 8 10 10 8 10 10
left_child=1 2 5 4 9 6 8 -7 -1 -4 13 12 16 -2 15 -15 18 -18 -12 20 21 24 27 -24 -20 -26 -21 28 -23 -22
right_child=10 -3 3 -5 -6 7 -8 -9 -10 -11 11 -13 -14 14 -16 -17 17 -19 19 26 29 22 23 -25 25 -27 -28 -29 -30 -31
leaf_value=0.0011859618371048153 1.408086138402533e-05 0.00034260366581131968 -0.00055858698969232779 -0.001812459755788298 -0.0012894855131147813 0.0014924459139700505 -0.0020664899229428033 0.00010143003492661737 -0.00092673609991479351 0.00078835797570103727 0.0019146635109681704 -0.0018396909244011324 0.0013089134318821016 0.0016700823686823703 0.0025461328481895108 -0.0010703512437755494 -0.0015424411456680242 1.0823001569663066e-05 0.0010279303972750807 0.0020274613472481091 -0.0020996766428075979 -0.00087030114253530222 0.0026076889679165958 -0.00050236105272518608 -0.0018964519267111815 -0.00013657697539715824 -0.00030125435875477305 -0.001275826949655011 0.0015789587181061504 -0.0002321359675041079
leaf_weight=257 234762 8311 551 424 401 381 293 13822 415 713 212 258 250 203 212 229 846 786 316 239 445 251 395 201 560 368 238 388 250 238
leaf_count=257 234762 8311 551 424 401 381 293 13822 415 713 212 258 250 203 212 229 846 786 316 239 445 251 395 201 560 368 238 388 250 238
internal_value=1.96435e-05 0.000121301 1.47218e-05 -0.000493657 -0.000157817 8.47378e-05 -0.00071014 0.000138744 -0.000118755 0.000201201 8.88732e-06 -0.000287094 -0.000220143 1.67343e-05 0.000984001 0.000217399 -0.00028682 -0.000794362 -8.48434e-05 -0.000193842 -0.000341945 -6.48998e-05 0.000411001 0.00155883 -0.000632996 -0.00119857 0.000865544 -0.000358523 0.000351884 -0.00144891
internal_weight=267215 25568 17257 2089 1665 15168 965 14203 672 1264 241647 6241 5983 235406 644 432 5733 1632 4101 3889 3412 2729 1485 596 1244 928 477 889 501 683
internal_count=267215 25568 17257 2089 1665 15168 965 14203 672 1264 241647 6241 5983 235406 644 432 5733 1632 4101 3889 3412 2729 1485 596 1244 928 477 889 501 683
is_linear=0
shrinkage=0.03


Tree=225
num_leaves=31
num_cat=0
split_feature=0 12 0 7 2 2 13 7 10 13 10 10 9 13 6 6 4 4 10 2 10 6 7 6 7 4 13 3 6 10
split_gain=0.452686 0.707435 0.965519 0.846947 0.754458 0.565929 1.11109 0.821204 0.848652 0.803459 0.717908 0.584965 0.578845 0.607735 0.663662 0.725215 0.57631 0.641645 0.62637 0.742063 0.735025 0.609335 0.563538 0.545646 0.544315 0.92123 0.896789 0.872838 0.872113 0.793894
threshold=-0.0037313019529937037 0.049511325747076625 0.0094231623022585937 0.023976568233735954 11.609923873208968 -2.4594223320601709 0.064390400744067808 -0.14877258981782984 0.0032065108569750982 0.0039529383398344596 0.00089883068167517799 -0.00078769242782322768 -0.087423245139688563 0.032298569732212991 -0.010340241996938613 -0.018475819460547768 -0.0085137552102041419 -0.018492322982358474 -0.0001915926729908479 -3.0815399047161161 0.0011552834488944843 -0.042352702532002066 -0.074596862491040791 0.15943012003017734 -0.019405308463816381 0.076167544351271613 0.038519524630405332 0.072709976899204123 -0.070396156535062912 -0.00078769242782322768
decision_type=8 10 10 8 8 10 2 8 10 2 10 10 10 2 10 8 10 10 10 10 10 10 8 10 10 10 2 8 10 10
left_child=24 5 3 -3 -4 6 7 8 10 -9 11 -2 13 16 15 -15 17 -11 -19 20 21 -20 -14 -24 27 28 -27 -1 -26 -30
right_child=1 2 4 -5 -6 -7 -8 9 -10 12 -12 -13 22 14 -16 -17 -18 18 19 -21 -22 -23 23 -25 25 26 -28 -29 29 -31
leaf_value=0.00018338120178588698 0.0013291393294209595 0.0023544832448767978 0.00069365735142849956 0.00048265433745842628 -0.0014290015041468552 3.9466389370824923e-06 -0.0018300261887293145 0.0010448632659736667 -0.00089284652889135376 -0.00014884424747896977 0.0020465487518078205 -0.00063181580726470634 0.0013860957845463417 -0.00075876562094897659 -0.0017031908670270986 0.0010769259946167642 -1.6294554611753397e-05 -0.0014729879056651551 -0.00020522703138332784 -0.0017227017817360265 -0.0006665668994439856 0.0019683327226682678 -9.4914951096295396e-05 0.00087612404305526382 0.00097327214283736093 7.2042533290086747e-06 -0.0027588434513284442 0.0016687009514363344 -0.00012821049863002322 0.00022588326562911112
leaf_weight=18653 281 372 325 524 281 179423 339 518 248 3018 399 267 240 1173 528 232 5936 829 247 335 849 219 24763 532 843 209 213 363 16724 8644
leaf_count=18653 281 372 325 524 281 179423 339 518 248 3018 399 267 240 1173 528 232 5936 829 247 335 849 219 24763 532 843 209 213 363 16724 8644
internal_value=3.10189e-06 -1.4599e-05 0.000634266 0.0012598 -0.000290612 -1.90214e-05 -0.000119649 -0.000105372 0.000669406 -0.00012886 0.00107853 0.00037371 -0.000144489 -0.000304441 -0.000796415 -0.000455648 -0.000221262 -0.000442599 -0.000800223 -0.00046221 -0.000141096 0.000816253 -6.07644e-05 -7.44922e-05 8.91374e-05 1.60264e-06 -0.00138893 0.000211735 2.39903e-05 -7.55509e-06
internal_weight=267527 221878 1502 896 606 220376 40953 40614 1195 39419 947 548 38901 13366 1933 1405 11433 5497 2479 1650 1315 466 25535 25295 45649 26633 422 19016 26211 25368
internal_count=267527 221878 1502 896 606 220376 40953 40614 1195 39419 947 548 38901 13366 1933 1405 11433 5497 2479 1650 1315 466 25535 25295 45649 26633 422 19016 26211 25368
is_linear=0
shrinkage=0.03


Tree=226
num_leaves=31
num_cat=0
split_feature=1 1 2 0 13 10 12 13 6 13 6 3 3 11 6 9 9 1 10 7 6 11 3 2 2 2 7 3 9 3
split_gain=0.345104 0.483984 0.531253 0.449475 0.513219 1.78945 1.05405 0.851841 1.01306 0.838946 1.52205 0.873509 1.2162 0.753778 0.726816 0.887452 1.16431 0.881245 0.711074 0.74114 0.845979 0.699384 0.642957 0.633694 0.62838 0.624967 0.620877 0.572929 0.604954 0.596222
threshold=-0.031563287212033268 -0.030038320994296094 -2.2370041905031584 -0.049601262336056155 0.035881741751367192 -0.0083216798107182948 0.025084911419642256 0.046302711475058288 0.084563057947879675 0.033757772185589084 0.029957046390888035 0.012014800556740092 0.025531925494599487 -0.00031669992604438363 -0.051374781416071484 -0.0064463921836128693 -0.024408956263386569 -0.0054611479168298329 -0.0063183971292297683 -0.062690104173784553 0.058884566686333691 0.0044233681894528818 0.00071756771123854268 -2.9043491911381354 5.7942592730076132 11.848044802743138 0.076024624301614621 -0.015463527930340835 -0.11593922379454023 0.0020909390769711105
decision_type=2 2 10 8 2 10 10 2 10 2 8 10 10 10 8 10 8 2 10 10 10 8 10 8 10 8 8 10 8 10
left_child=-1 2 -2 -3 9 -6 14 8 23 -5 21 22 -13 -14 -7 16 18 -17 -16 20 -20 24 -12 -8 -11 -21 -18 28 -25 -29
right_child=1 3 -4 4 5 6 7 -9 -10 10 11 12 13 -15 15 17 26 -19 19 25 -22 -23 -24 27 -26 -27 -28 29 -30 -31
leaf_value=0.00023154811936149002 0.00075275205372860509 0.0006828392818295795 -0.00096167803336107388 1.1940318451941538e-05 -0.001400516704236918 0.00016598055765500847 0.0018799979717607192 -4.6526830110922663e-05 0.0020620240724693968 -2.495094164753617e-05 0.0010022626688837857 0.0034959124285671717 0.0020386711226240517 -9.6917577760971397e-05 0.0007312280690336629 0.002100990960073735 -0.0022124633155584049 -0.0003506528735513856 -0.00068242591324790824 -0.00011735382537410349 -0.0027785673211582263 -0.0012955140778029561 -0.00084857420488355722 0.00044416875017686431 0.0011774182051539103 -0.0013345447550223966 -0.00084345848528945256 0.001179998460024651 -0.0013565618944737839 9.6408338535924665e-05
leaf_weight=6299 201 889 853 231864 956 2888 232 5560 362 2333 544 266 324 275 571 252 390 277 1219 4977 202 324 245 317 470 411 1266 734 357 1211
leaf_count=6299 201 889 853 231864 956 2888 232 5560 362 2333 544 266 324 275 571 252 390 277 1219 4977 202 324 245 317 470 411 1266 734 357 1211
internal_value=1.21274e-05 6.8272e-06 -0.000634733 9.43083e-06 7.11786e-06 -0.000130862 -7.36781e-05 0.000178195 0.000567068 2.00515e-05 0.000413418 0.00114941 0.00180785 0.00105823 -0.00025112 -0.000377056 -0.000446975 0.000817238 -0.000285662 -0.000370938 -0.0009804 2.4122e-05 0.000427541 0.000377249 0.000176659 -0.000210202 -0.00116587 0.000244131 -0.000509631 0.000505331
internal_weight=267069 260770 1054 259716 258827 22182 21226 8773 3213 236645 4781 1654 865 599 12453 9565 9036 529 7380 6809 1421 3127 789 2851 2803 5388 1656 2619 674 1945
internal_count=267069 260770 1054 259716 258827 22182 21226 8773 3213 236645 4781 1654 865 599 12453 9565 9036 529 7380 6809 1421 3127 789 2851 2803 5388 1656 2619 674 1945
is_linear=0
shrinkage=0.03


Tree=227
num_leaves=31
num_cat=0
split_feature=2 6 2 6 8 13 2 4 8 7 5 4 13 4 6 13 7 0 0 8 0 2 1 0 8 4 7 0 5 7
split_gain=0.428122 1.28748 0.742976 1.1236 0.630887 0.629037 0.704755 0.611526 1.20746 1.07891 0.578041 0.796381 0.533544 0.817377 0.76107 0.717655 0.690912 0.720594 0.914084 0.775305 0.734454 0.924201 0.55097 1.15298 0.704713 0.754859 0.485758 0.443866 0.438875 0.431745
threshold=10.738245592334398 -0.052457701433462116 8.5744316964904446 0.1251691377100225 0.030313351654568384 0.055382658408149606 9.9720616941574374 0.0060301718978325045 0.02607153657704463 -0.099568951117606039 0.065207700851183562 0.034699164504472198 0.031653174586946102 0.013060009368100258 0.01613795758895176 0.029302279557704595 -0.022158143445797748 0.0045957271921760476 0.0023643894580441809 0.018415820407155118 0.0066675413021137784 9.5720834434164921 0.019912404077914062 0.005076185831917047 0.021062512180471147 -0.016161529537595917 0.19060312433552587 0.0028619214626054439 0.044399066513356795 0.098227627998055414
decision_type=10 10 10 10 8 2 10 10 10 10 10 10 2 10 10 2 10 10 10 10 10 10 2 10 8 10 10 10 10 8
left_child=2 7 29 5 10 12 -7 8 9 -2 11 26 14 22 15 -4 -16 18 19 -18 -19 -22 24 -24 -14 -26 -3 28 -6 -1
right_child=1 4 3 -5 27 6 -8 -9 -10 -11 -12 -13 13 -15 16 -17 17 20 -20 -21 21 -23 23 -25 25 -27 -28 -29 -30 -31
leaf_value=-2.0563822814929255e-05 0.0017825002073930294 -0.00020311457903028399 -3.8391384110149082e-05 0.0021352029535324966 -0.00076821062807354908 0.00027470428070616444 0.0024649609190249898 -0.00068176742729435605 0.0023847049096099109 -0.0010157855819281406 0.0012817182345370157 -0.0017784041509005734 -0.0018043687209532951 -0.0015413537344091855 0.0017854218774320651 0.0016832663861253831 0.0012929047739747514 -0.0016342527030291584 0.0021636645408964921 -0.00049793765659550057 0.0018082975074807603 -0.00087569062806806743 -0.00046528192300860196 0.0024429028090855029 0.0014681824516194562 -0.00080693808475154497 0.00095612051928936333 -0.001090108108244222 0.00076259193941950797 7.5449618582092357e-05
leaf_weight=192536 215 7538 4497 282 419 311 230 205 392 293 241 281 243 386 434 229 423 244 363 448 220 243 279 219 225 315 340 1291 282 53965
leaf_count=192536 215 7538 4497 282 419 311 230 205 392 293 241 281 243 386 434 229 423 244 363 448 220 243 279 219 225 315 340 1291 282 53965
internal_value=2.49503e-06 -0.000176597 1.05352e-05 0.000269588 -0.000280119 0.000213072 0.00120587 0.000796972 0.0011338 0.000168528 -0.00016629 -0.000209061 0.000151815 -0.000331186 0.000265202 4.50322e-05 0.000703318 0.000461364 0.000898892 0.000371783 -0.000302298 0.000399639 3.34707e-05 0.000813619 -0.000462715 0.000141029 -0.000153084 -0.00076012 -0.000152396 4.5583e-07
internal_weight=267589 11497 256092 9591 10392 9309 541 1105 900 508 8400 8159 8768 1667 7101 4726 2375 1941 1234 871 707 463 1281 498 783 540 7878 1992 701 246501
internal_count=267589 11497 256092 9591 10392 9309 541 1105 900 508 8400 8159 8768 1667 7101 4726 2375 1941 1234 871 707 463 1281 498 783 540 7878 1992 701 246501
is_linear=0
shrinkage=0.03


Tree=228
num_leaves=31
num_cat=0
split_feature=1 0 8 13 9 0 4 2 11 0 11 11 9 4 4 5 0 10 0 5 2 8 10 5 0 9 12 2 9 9
split_gain=0.462104 0.831804 0.86234 1.05467 0.928517 1.43846 0.854418 0.793387 0.736386 0.551415 0.510121 0.611517 0.491452 0.596354 1.07069 0.490438 0.464679 0.409995 0.941078 0.837158 0.855569 0.858138 0.974541 0.973058 0.863788 1.16429 0.83871 0.903672 0.876476 0.810278
threshold=0.039574152487219079 0.020539594414491828 0.016787149480216115 0.055382658408149606 -0.063361932159896037 -0.0062499789920776863 -0.022778940863170501 -1.9734644781603305 -0.00039079359790877838 6.7708003228528227e-05 0.00066187969127506918 -0.0012869114460589135 -0.13824905546606978 -0.0231989896274124 1.0000000180025095e-35 0.046724992356348249 -0.0054377238339786685 -0.0011789319198594603 -0.0046120545317227526 0.059109000061700057 12.401822847595808 0.044424187962978208 0.0064987071665513216 0.062962960388621425 0.00039916558362229631 -0.022658770378756962 0.018155535817344085 -2.2080814633523311 -0.20736782705745574 -0.049355134277091199
decision_type=2 8 10 2 10 10 10 10 10 10 10 8 10 10 10 8 10 10 8 8 8 10 10 10 10 10 10 10 10 8
left_child=17 2 -2 6 7 -6 -4 -5 -8 -10 11 -7 16 -14 -15 -3 -9 -1 29 -20 21 22 24 -23 25 -21 28 -28 -26 -19
right_child=1 15 3 4 5 10 8 12 9 -11 -12 -13 13 14 -16 -17 -18 18 19 20 -22 23 -24 -25 26 -27 27 -29 -30 -31
leaf_value=-6.4365261104385506e-05 -0.0013313246411349501 0.00060575010699569774 -0.00047449678560951725 0.0011195823912381788 -0.001350581727236248 0.0008824207141384364 0.00037584719616240138 -0.0011849686417586666 0.0013442140681361977 0.0034037601101999629 0.00034957195821605757 0.0030321703549474476 -5.5006487043758874e-05 -0.0036342939402240868 -0.00065190890836876202 0.0026534921125814649 0.00063642919874059613 6.7440388750908273e-05 2.1488684832848912e-05 0.00057598834760325156 -0.0014492274486435231 -0.0013968900151410386 0.00048088849474619823 0.00064904445139125975 -0.0016651977510352073 -0.001497648233538271 -0.003111282417941346 -0.00084924714141649692 -0.00031788492788888383 0.00054358272970879157
leaf_weight=68751 313 221 220 220 246 253 259 223 235 233 322 225 202 201 235 201 290 7756 167493 1448 493 238 1344 1730 464 293 208 674 6848 5496
leaf_count=68751 313 221 220 220 246 253 259 223 235 233 322 225 202 201 235 201 290 7756 167493 1448 493 238 1344 1730 464 293 208 674 6848 5496
internal_value=3.52772e-06 0.000319607 0.00017483 0.000314968 -1.75294e-05 0.00065565 0.00116359 -0.000531129 0.0016593 0.00236959 0.00127257 0.00189433 -0.000846643 -0.00140251 -0.00202682 0.0015811 -0.000155329 -1.39414e-06 2.08663e-05 3.02147e-06 -0.000222097 -0.000176428 -0.000277288 0.000401619 -0.000379854 0.000227008 -0.000508795 -0.0013827 -0.000403382 0.000264911
internal_weight=267335 4099 3677 3364 2417 1046 947 1371 727 468 800 478 1151 638 436 422 513 263236 194485 181233 13740 13247 11279 1968 9935 1741 8194 882 7312 13252
internal_count=267335 4099 3677 3364 2417 1046 947 1371 727 468 800 478 1151 638 436 422 513 263236 194485 181233 13740 13247 11279 1968 9935 1741 8194 882 7312 13252
is_linear=0
shrinkage=0.03


Tree=229
num_leaves=31
num_cat=0
split_feature=3 4 6 1 3 8 2 8 13 6 3 2 3 6 9 2 2 9 10 10 10 9 13 9 5 4 1 4 12 9
split_gain=0.365966 0.864735 1.08747 1.52503 0.793571 0.778332 0.698547 0.95109 0.928021 0.819046 0.678949 0.656204 0.653044 0.639377 0.872998 0.776666 0.678703 0.677743 0.832556 0.667605 0.650202 0.706911 0.644139 0.642722 0.852461 0.922626 0.662687 0.646418 0.637918 0.923196
threshold=-0.0056191703100572634 0.00027575638559973475 -0.00079362436467472753 0.021271828914867456 -0.0020102246509540729 0.019603474150981549 5.3936527788285034 0.018254542374280307 0.021140193550111781 -0.023421565650917294 0.0083428975832722258 -1.0744192171541698 -1.0000000180025095e-35 0.018610640493725409 -0.013947024520981231 7.5754494022944865 -1.0000000180025095e-35 -0.12426066542931773 0.00082111126238348941 -0.0003240618427640673 -0.003612542338496338 -0.067225892870394807 0.0096382699771522737 -0.087423245139688563 0.037817432507101054 -0.0085137552102041419 0.0061454683824172527 -0.00251991706985305 0.0025885188931094598 -0.040844353693240736
decision_type=8 10 10 2 8 10 10 8 2 10 10 10 10 10 10 10 10 10 10 10 8 10 2 10 10 10 2 10 8 10
left_child=28 2 6 13 -3 -5 7 8 10 -8 -2 -7 -13 17 22 16 -16 18 -4 -18 21 -19 -15 24 25 -24 -27 -25 29 -1
right_child=1 4 3 5 -6 11 9 -9 -10 -11 -12 12 -14 14 15 -17 19 20 -20 -21 -22 -23 23 27 -26 26 -28 -29 -30 -31
leaf_value=4.9911245419556812e-05 -4.7993585065326338e-05 0.00048690854274843022 -3.9151547677950773e-05 0.0022001996171969475 7.8951884697020809e-06 0.0015536677242926089 -0.00014764448237227794 -0.00038224161418449467 0.00079638913668449499 -0.0010872723119882575 -0.0015384009153145393 -0.0010994053763163016 0.00078274909428383531 -0.00084556277589344325 0.00038509571619768022 0.0016481337973967885 0.00059027965067783407 -0.0020754013156125684 0.0019728273740514937 -0.001357452060994027 0.00013511757891794144 -0.00024104944214755123 -0.002331601129061992 3.823003393427901e-05 0.00052876931159665029 -0.001010408909972077 0.00079072950979178192 -0.00049974756059355404 -5.590992033565794e-05 0.00034988014659720443
leaf_weight=52667 8765 3205 360 345 108046 384 1509 12349 1190 1869 284 283 401 1565 2133 334 241 236 381 462 10468 951 377 7479 387 808 238 2749 35649 11197
leaf_count=52667 8765 3205 360 345 108046 384 1509 12349 1190 1869 284 283 401 1565 2133 334 241 236 381 462 10468 951 377 7479 387 808 238 2749 35649 11197
internal_value=1.72957e-07 -2.6859e-05 -0.000122383 -1.15842e-06 2.1695e-05 0.000961379 -0.000265157 -0.000204984 8.80295e-06 -0.000667527 -9.47695e-05 0.000561198 4.02144e-06 -4.77855e-05 -0.000168532 0.000279811 0.000118661 0.000115596 0.000995348 -0.000689737 5.96635e-05 -0.000605756 -0.000273012 -0.000198578 -0.000719667 -0.00105919 -0.00060059 -0.000106363 4.57543e-05 0.000102504
internal_weight=267312 167799 56548 30582 111251 1413 25966 22588 10239 3378 9049 1068 684 29169 16773 3170 2836 12396 741 703 11655 1187 13603 12038 1810 1423 1046 10228 99513 63864
internal_count=267312 167799 56548 30582 111251 1413 25966 22588 10239 3378 9049 1068 684 29169 16773 3170 2836 12396 741 703 11655 1187 13603 12038 1810 1423 1046 10228 99513 63864
is_linear=0
shrinkage=0.03


Tree=230
num_leaves=31
num_cat=0
split_feature=3 8 10 10 2 9 11 7 12 8 11 6 3 11 7 8 10 12 2 3 5 3 6 6 7 8 3 11 11 11
split_gain=0.438085 0.995609 0.962257 0.945762 0.902437 0.867635 0.97446 0.69867 0.671438 1.02349 0.646286 0.839382 0.97453 0.838579 0.663187 1.31466 0.72315 0.627195 0.626709 0.778122 0.611851 0.784359 0.594704 0.771644 0.634503 0.677078 0.590443 0.679184 0.577562 1.49979
threshold=-0.014062699223687468 0.01177824683650963 -0.0041235522615818412 -0.0048640820557705458 -2.7498468795362871 -0.041275982249083291 -0.0042809602293659146 0.27176895519348515 0.0066468084773071987 0.031862229501837654 0.0047711567583922374 -0.065238100082155234 -0.020450256413227948 -0.0029906057482282917 0.030910027648522579 0.040188373578521487 -0.00097170315857042489 0.0025885188931094598 -1.2466139906219416 -0.022735480617794398 0.021539053391309626 -0.017017136055413381 0.1483694441019581 0.17490788514770175 0.38748661760855935 0.052966135946296573 -0.025401981755970967 -0.00087421752525923535 -0.0014339949096503488 0.0012927956214664473
decision_type=10 8 10 10 10 10 10 8 10 8 10 8 10 10 10 8 10 10 10 10 10 10 8 10 8 10 10 10 8 10
left_child=1 4 3 -3 -1 10 -7 17 9 -5 11 28 22 -14 15 18 -16 -8 19 -12 21 -15 24 -24 25 -13 -19 -28 -4 -30
right_child=-2 2 5 8 -6 6 7 -9 -10 -11 14 12 13 20 16 -17 -18 26 -20 -21 -22 -23 23 -25 -26 -27 27 -29 29 -31
leaf_value=0.0020491650575297296 -1.9569786394427863e-05 0.00020936166706266162 -0.00012136585959768044 0.00094910503915817388 0.00042040926226660997 0.0016398272793726007 0.00043391611645200679 0.0018697829613042163 6.9393425587537316e-05 0.0032312654870668357 0.0017296686453621138 -0.00026811566201475571 0.00054363230728627352 0.001499572943447893 -0.00029956612073270251 -0.0021329805855261719 0.0014275604940349415 0.001079689151240694 -3.3795956317468463e-05 -0.0001612361437074223 -0.0001769603851783851 -1.6924585281907614e-05 -0.0027229037822047862 -0.00013530100441992425 0.00062055937011476557 -0.0016119470172778292 -0.001501160488844797 -6.7103927311509452e-05 0.00082095392379056512 -0.0001614537881807113
leaf_weight=383 209229 6452 3643 697 1526 498 2578 224 408 237 484 17684 2565 474 301 222 793 226 1863 329 7556 871 204 211 710 344 464 827 3004 2617
leaf_count=383 209229 6452 3643 697 1526 498 2578 224 408 237 484 17684 2565 474 301 222 793 226 1863 329 7556 871 204 211 710 344 464 827 3004 2617
internal_value=7.07731e-07 7.3362e-05 5.05895e-05 0.000360078 0.000747184 1.05043e-06 0.000383242 0.000238352 0.00108469 0.0015282 -4.09101e-05 -7.73373e-05 -0.00015304 6.57039e-05 0.000323025 8.54484e-05 0.000952364 0.000149112 0.000269488 0.000964469 -7.20207e-05 0.000517514 -0.000283992 -0.00140728 -0.000259114 -0.000293758 -0.000334887 -0.00058252 0.000172872 0.000363569
internal_weight=267624 58395 56486 7794 1909 48692 4817 4319 1342 934 43875 39883 30619 11466 3992 2898 1094 4095 2676 813 8901 1345 19153 415 18738 18028 1517 1291 9264 5621
internal_count=267624 58395 56486 7794 1909 48692 4817 4319 1342 934 43875 39883 30619 11466 3992 2898 1094 4095 2676 813 8901 1345 19153 415 18738 18028 1517 1291 9264 5621
is_linear=0
shrinkage=0.03


Tree=231
num_leaves=31
num_cat=0
split_feature=13 5 7 3 7 6 0 13 6 11 0 12 2 10 7 0 0 2 3 6 7 11 10 5 13 3 2 2 10 13
split_gain=0.545193 0.714977 0.880546 1.09323 0.880813 1.16037 0.733562 1.02093 0.715963 1.35403 0.957828 0.804824 1.07618 0.668045 0.633653 0.546828 1.6108 0.88241 0.75076 0.627245 0.669971 0.537197 1.36768 1.00758 0.531795 0.505697 0.493965 1.16847 0.40837 0.405102
threshold=0.053331140722772709 0.057461613862436804 0.53033878153469827 0.10364567970858764 0.28644804760910919 -0.062253911075701378 0.006132844323845422 0.060739509416443474 0.11941302929072463 0.00019229213940374915 -0.049601262336056155 -0.033423663575206923 -2.0619966888033088 0.00073236013288280344 -0.12947619479331671 0.01703965754755821 0.0091083386070232048 13.493365295875696 0.0017491847336480462 0.023968510642998989 0.0064040728023764268 -0.012546539886328088 0.0025175133770660722 0.023058974966307832 0.076453075949644719 0.0083428975832722258 -1.0000000180025095e-35 -1.4436620013170824 -0.00087725342066596868 0.049938084912688925
decision_type=2 8 8 10 10 10 10 2 10 8 10 8 8 10 8 10 10 8 10 10 8 8 10 10 2 10 10 10 10 2
left_child=21 8 3 4 5 26 7 -7 10 -10 -2 25 -13 -8 -14 16 17 19 -17 20 -16 22 -1 -24 -9 -12 27 -3 -22 -23
right_child=1 2 -4 -5 -6 6 13 24 9 -11 11 12 14 -15 15 18 -18 -19 -20 -21 28 29 23 -25 -26 -27 -28 -29 -30 -31
leaf_value=0.002709375456608354 0.0012855760247811026 0.00029762063410524998 0.0018179265244313084 -0.0017259004556390036 -0.00121154076311956 -0.00095019033152780581 0.002869389840987167 0.0020063475726506816 0.0020016154725137469 -0.0011655767007048505 0.00058574025682943355 -0.0024550581051304629 0.00053705432210644744 0.00089466359785912448 2.5776886410820773e-05 0.00125776247575012 -0.0028125192886523393 -0.0023629708438651798 -0.0011095984657090974 0.00039708405846307951 -0.00065533633147424547 -2.0249430563181906e-07 -0.0017271985488224516 0.00078190653854832645 2.5997873652447887e-05 -0.00098580035001461235 0.00087361049957646812 -0.0019890301310508621 -0.0023671663042807364 0.00042248897318121909
leaf_weight=234 230 426 246 314 379 355 241 284 276 217 605 365 318 428 401 232 397 243 251 543 224 256112 202 502 214 265 203 381 285 2057
leaf_count=234 230 426 246 314 379 355 241 284 276 217 605 365 318 428 401 232 397 243 251 543 224 256112 202 502 214 265 203 381 285 2057
internal_value=-1.9079e-06 -0.000240904 8.7842e-05 -4.41272e-05 0.00013728 0.000339177 0.000862344 0.000279072 -0.000476081 0.000607537 -0.000598637 -0.000703595 -0.000919999 0.00160604 -0.000726393 -0.000882362 -0.00109233 -0.000689674 2.7519e-05 -0.000409831 -0.00089132 5.7691e-06 0.000722406 6.19645e-05 0.00115535 0.000107053 -0.000449199 -0.000781951 -0.00161383 3.16536e-06
internal_weight=267430 8323 3471 3225 2911 2532 1522 853 4852 493 4359 4129 3259 669 2894 2576 2093 1696 483 1453 910 259107 938 704 498 870 1010 807 509 258169
internal_count=267430 8323 3471 3225 2911 2532 1522 853 4852 493 4359 4129 3259 669 2894 2576 2093 1696 483 1453 910 259107 938 704 498 870 1010 807 509 258169
is_linear=0
shrinkage=0.03


Tree=232
num_leaves=31
num_cat=0
split_feature=7 0 11 1 3 11 9 5 9 7 6 3 10 5 10 0 10 11 9 11 10 11 12 3 13 6 11 12 1 0
split_gain=0.42564 0.698415 0.700134 1.84235 1.22811 1.17951 1.15419 1.51488 0.999153 0.533064 0.933606 0.527222 0.511613 2.07778 0.99831 0.5755 1.05959 1.03733 1.14249 1.65848 1.40269 1.0514 0.891481 0.846635 0.828602 0.825273 0.807146 0.979132 0.794516 0.764848
threshold=-0.077441167092704918 -0.024303652410620432 -0.0058529657534840398 -0.024496426624636299 -0.013015515722226366 -0.0057323304285094015 -0.18628853546370541 0.035948319901697091 -0.19564299510480207 -0.2115245281657144 -0.049373584632069527 -0.017968791455494845 -0.0086377534955604501 0.03551133098047627 -0.0077145601754587392 0.00039916558362229631 0.0025175133770660722 0.0019851601141457347 -0.12551147496662227 0.0038327712175719735 -0.00033707703907903669 0.00089469507476269705 -0.026440112667708845 -0.042370462896746112 0.0068149630916282027 -0.076662409949269802 -0.0045449700422855446 -0.0030155684079278817 -0.027427711123084116 0.0012238724401362202
decision_type=10 8 8 2 10 10 10 10 10 10 10 8 8 10 8 10 10 10 10 10 10 10 10 8 2 8 10 10 2 10
left_child=1 9 3 8 11 -4 7 -6 -3 -1 -11 -5 13 -7 -14 24 17 21 19 -19 -21 22 -17 -23 -16 -22 27 -24 -26 -25
right_child=-2 2 5 4 6 12 -8 -9 -10 10 -12 -13 14 -15 15 16 -18 18 -20 20 25 23 26 29 28 -27 -28 -29 -30 -31
leaf_value=-0.00044375539791357334 -1.303593912645984e-05 0.0019790501948375051 0.0017891379855347251 -0.0011272666769060703 -0.0028304670506585803 0.00056240615736344508 7.3086421265052015e-05 0.00037393299893752617 7.5062345668887063e-05 0.0024476294527047719 0.00031666322262304875 -0.0027714552115679753 0.002209856427680369 -0.0022656154162545182 0.0014132906231280051 -0.0013092412252382519 0.00024851858191383036 -0.001992762092414631 0.00023947199046468986 0.00074427701165748065 -0.0024680921373355169 -0.00095428782621793668 -0.00015079373793105332 -0.0010020662074099146 0.0014010823163080202 -0.00057945187293789518 -0.00015439864895733685 0.0021356227194739073 0.00016081906914450374 0.00087732779853352903
leaf_weight=212 217171 410 371 774 316 573 2003 229 628 332 418 227 202 395 524 561 10516 858 1112 636 267 311 360 214 480 946 8980 317 14733 2182
leaf_count=212 217171 410 371 774 316 573 2003 229 628 332 418 227 202 395 524 561 10516 858 1112 636 267 311 360 214 480 946 8980 317 14733 2182
internal_value=5.14595e-06 8.39803e-05 6.83037e-05 -0.000284604 -0.000609758 0.00010465 -0.00025997 -0.00148403 0.000827119 0.000884514 0.00125997 -0.00150012 9.05004e-05 -0.00059159 0.000105785 9.58997e-05 1.2508e-05 -0.000135717 -0.000570118 -0.000902686 -0.000396853 -7.36356e-06 -0.000146631 0.000518324 0.000240353 -0.000995171 -7.90922e-05 0.000919803 0.000199952 0.000709469
internal_weight=267258 50087 49125 4587 3549 44538 2548 545 1038 962 750 1001 44167 968 43199 42997 27260 16744 3819 2707 1849 12925 10218 2707 15737 1213 9657 677 15213 2396
internal_count=267258 50087 49125 4587 3549 44538 2548 545 1038 962 750 1001 44167 968 43199 42997 27260 16744 3819 2707 1849 12925 10218 2707 15737 1213 9657 677 15213 2396
is_linear=0
shrinkage=0.03


Tree=233
num_leaves=31
num_cat=0
split_feature=5 8 10 6 10 3 1 8 11 8 2 0 11 7 0 1 6 1 11 11 13 13 7 2 8 2 3 13 3 1
split_gain=0.374729 0.616471 0.48769 1.11663 0.837545 1.16486 1.00013 0.961105 0.927502 0.934826 1.03661 1.4055 0.969512 0.822764 0.839928 0.803445 0.765457 0.8115 0.7511 1.64589 0.741635 0.961666 0.894419 0.733273 0.689022 0.641099 0.649912 0.976707 0.638781 0.802422
threshold=0.033882468091142086 0.06566694001655618 -0.0086377534955604501 -0.028762545208202647 -0.003942695866748557 -0.036297172518624181 -0.0025447242715075364 0.026865089772075742 -0.0089597910907540084 0.05562572911072982 -1.8983427443292571 0.0016262254076173657 -0.0007309883246258696 0.53033878153469827 -0.021639281301784049 0.0087092471177843151 -0.021823338223802276 -0.010538734230644496 0.0019486563039283757 0.0018240257616102264 0.041024297089336963 0.015031033930326338 0.03884191552817174 -0.82799260266275254 0.036477352469549681 -1.7414211059491274 0.049703684995656368 0.041024297089336963 0.011222736251141343 0.017109960865749677
decision_type=10 10 8 10 8 8 2 8 8 10 10 10 10 10 10 2 10 2 10 10 2 2 10 10 8 10 10 2 8 2
left_child=1 -1 3 -2 5 7 -7 -4 24 13 11 -11 -13 14 28 -9 -12 -18 19 -8 21 -20 -22 -19 -6 -5 27 -27 29 -10
right_child=2 -3 4 25 8 6 18 15 9 10 16 12 -14 -15 -16 -17 17 23 20 -21 22 -23 -24 -25 -26 26 -28 -29 -30 -31
leaf_value=1.6186107060766594e-05 -0.0012535197341894744 0.0014697324384549215 -0.00021633799612204342 -0.0012764235797328943 0.00037579046078454331 -0.00025433199196436796 0.00027923757285033607 0.0025891941711094907 0.00025360867726021281 -0.0016340944223439443 -0.00025389910698117265 0.0022744548663195712 -0.00021755749009328313 0.0012932683622250006 -6.6263936091313715e-05 0.00041046904861155592 -0.0031615932592150603 -0.0023691652882844205 -0.00085282073932303824 -0.0024080150602408482 -0.0013694295271720696 0.001281779543162577 0.0012440146717330063 -1.5110580026072708e-05 0.0021475273985343221 -0.00046189586712092555 0.0016928611290154836 0.0015514398201807609 -0.0020683209850272583 -0.0019010738362649693
leaf_weight=173449 994 263 296 296 854 3768 2129 440 485 289 403 262 303 396 76691 233 278 225 214 227 281 1690 203 253 257 986 237 278 310 229
leaf_count=173449 994 263 296 296 854 3768 2129 440 485 289 403 262 303 396 76691 233 278 225 214 227 281 1690 203 253 257 986 237 278 310 229
internal_value=-7.67797e-06 1.83868e-05 -5.60996e-05 -0.0004467 -4.40822e-05 0.000222744 0.000110548 0.00120831 -7.52237e-05 -8.71603e-05 -0.000725482 6.76042e-05 0.000938031 -7.07101e-05 -7.76603e-05 0.0018349 -0.00130986 -0.00187276 0.00040036 2.03215e-05 0.000775305 0.00104186 -0.000273295 -0.00112319 0.000785634 -4.13104e-07 0.000251219 -1.90894e-05 -0.000931177 -0.000437459
internal_weight=267219 173712 93507 2791 90716 9481 8512 969 81235 80124 2013 854 565 78111 77715 673 1159 756 4744 2356 2388 1904 484 478 1111 1797 1501 1264 1024 714
internal_count=267219 173712 93507 2791 90716 9481 8512 969 81235 80124 2013 854 565 78111 77715 673 1159 756 4744 2356 2388 1904 484 478 1111 1797 1501 1264 1024 714
is_linear=0
shrinkage=0.03


Tree=234
num_leaves=31
num_cat=0
split_feature=12 13 11 13 6 6 11 11 5 6 12 12 5 4 10 10 4 6 6 10 10 13 9 9 9 8 4 6 13 11
split_gain=0.402725 0.420045 1.15786 0.97617 0.915435 1.02893 0.789911 0.762961 0.572791 0.877493 0.842974 0.778076 0.636441 0.64718 0.626391 0.852608 1.2675 0.638113 0.785431 0.566937 0.550157 0.823126 0.609275 0.602766 1.73237 0.508867 0.626798 0.591491 0.497063 0.517897
threshold=-0.031093505766181747 0.051462015778457833 -0.0073806561312393928 0.049938084912688925 0.044901024135594388 -0.043993471329250737 -0.004944952789818712 -0.0041995632879857627 0.039682540713252244 0.13965682969120488 0.0013962704137803763 0.019974677455777416 0.034084658761821353 0.0036943593418748981 0.0036264817377663632 0.0015252582124792859 -0.025543862938869174 0.0066802929886473636 0.039805798296458812 -0.0025046030736606269 -7.8711120603869298e-05 0.05775751016871733 -0.057475973569399645 -0.073611220159359433 -0.11705864627904887 0.059080598138895372 -0.028378400901646613 -0.050349718054792041 0.076453075949644719 0.0039501109334597615
decision_type=8 2 8 2 10 8 8 8 8 10 10 10 10 10 10 8 10 8 8 10 10 2 10 10 8 10 10 10 2 10
left_child=-1 3 -3 25 5 -5 -4 -8 12 10 -10 -11 20 -14 15 17 -17 28 -19 -20 21 -9 -23 24 -22 -2 -27 -28 29 -12
right_child=1 2 6 4 -6 -7 7 8 9 11 14 -13 13 -15 -16 16 -18 18 19 -21 23 22 -24 -25 -26 26 27 -29 -30 -31
leaf_value=0.00025830830128399835 -5.7553054721427836e-06 -0.0019917574765230092 0.0013214073860913682 0.0020326573221980441 0.0025439372871603281 -0.00065267478599953207 -0.0019874803207709756 -0.0023731972470686031 0.0013512700342307514 -0.0025146379992872993 -0.0014364113844312007 -0.00023428458918409311 -0.0022397917131619419 -9.5823611176600398e-05 -0.0010734877973808186 0.0031743209621636196 8.6960647686465869e-05 0.0020532463741657352 0.0011090663246786556 -0.00082140515508945093 0.0013089658017322943 0.0010213257220111436 -0.0012244594585980131 0.00086604806591107631 -0.0023685827759129317 -0.00070916101860936083 -0.00040595124430431846 0.0011565624916043324 0.00053416471125329937 0.00014669025015231764
leaf_weight=5318 252590 322 313 206 252 341 213 231 524 202 550 404 340 202 391 200 298 232 234 330 221 207 229 541 241 297 278 1011 294 281
leaf_count=5318 252590 322 313 206 252 341 213 231 524 202 550 404 340 202 391 200 298 232 234 330 221 207 229 541 241 297 278 1011 294 281
internal_value=-1.48247e-07 -5.39482e-06 -0.00023466 8.9936e-07 0.00104786 0.00035862 -0.000149937 -0.00022229 -0.000161174 5.57237e-05 0.000246598 -0.000994402 -0.000547512 -0.00144075 4.06028e-05 0.000220681 0.00132686 -6.60858e-05 0.000583933 -2.04649e-05 -0.000257611 -0.00092533 -0.000158227 0.000186426 -0.000609409 -2.39174e-06 0.000533297 0.000819573 -0.000526011 -0.000901091
internal_weight=267293 261975 7000 254975 799 547 6678 6365 6152 3940 3334 606 2212 542 2810 2419 498 1921 796 564 1670 667 436 1003 462 254176 1586 1289 1125 831
internal_count=267293 261975 7000 254975 799 547 6678 6365 6152 3940 3334 606 2212 542 2810 2419 498 1921 796 564 1670 667 436 1003 462 254176 1586 1289 1125 831
is_linear=0
shrinkage=0.03


Tree=235
num_leaves=31
num_cat=0
split_feature=4 13 2 2 12 10 7 2 3 12 10 6 10 11 2 2 11 13 1 13 11 2 2 3 2 9 10 9 11 11
split_gain=0.392681 0.56388 0.581406 0.574579 0.802251 0.615854 0.889625 0.568418 0.537554 0.638936 0.513238 1.0362 0.705423 0.838101 0.697609 0.746364 0.43894 0.385747 0.844328 0.789473 0.773398 1.14221 1.3395 1.08866 0.705087 0.792149 1.22314 1.06823 0.907672 0.783359
threshold=-0.051143021928791159 0.016894033924345814 -3.9373743702646951 4.1516182437971638 0.026334491549525 -0.003942695866748557 -0.23362776005576011 -1.3359452033119454 -0.063667455171537865 0.0012924839238106502 0.0025683665677778138 -0.028762545208202647 0.00052985485037782009 1.0000000180025095e-35 -0.6803979533924519 -1.6460740745384155 -0.0024375924578409198 0.028546979608938098 0.0087092471177843151 0.025564604076540393 0.0021621310719518454 4.6915253365003817 7.9620701973000054 -0.049714386452382679 -5.6011311332504405 -0.091771648890997579 0.0049008937763079805 -0.18628853546370541 0.00648197511525861 0.0022043747741872237
decision_type=8 2 8 10 10 10 10 8 8 10 10 10 10 10 10 10 10 2 2 2 8 8 10 8 10 10 8 10 10 10
left_child=1 -1 -3 4 5 -4 -7 -6 9 -2 12 16 14 -14 15 -8 -12 18 19 -10 23 24 -23 -19 -22 26 27 -26 -29 -27
right_child=8 2 3 -5 7 6 10 -9 17 -11 11 -13 13 -15 -16 -17 -18 20 -20 -21 21 22 -24 -25 25 29 -28 28 -30 -31
leaf_value=-0.0012155319320167914 -0.0018525843536830128 0.0018499956229041778 0.0014433507837967078 0.0013322796907313202 -1.9024697638607385e-05 -0.0014304529460705325 9.8230787579002137e-05 -0.0021996684301732296 -3.3971451387132774e-05 0.00031032662003346515 0.00086665562250895186 -0.00058290823287989965 -0.0023817004125052388 0.00022094327660810773 -0.0010054279888695036 0.0021406303795437061 0.0025333982276991743 0.0012968203580258767 0.00015590867066178193 0.00024635544794150352 -0.0017499143944969247 -0.002590167256422209 -0.00059371456813704323 -4.517369839326875e-05 -0.000813594429165297 -0.0020974454375111266 0.0020533506541443366 0.00062144652566367101 -0.00089842403135130641 -0.00028725121106992562
leaf_weight=215 307 223 382 409 224 284 379 207 175441 205 298 274 207 241 214 280 272 552 28494 9533 244 364 1789 37734 940 226 298 2131 424 4484
leaf_count=215 307 223 382 409 224 284 379 207 175441 205 298 274 207 241 214 280 272 552 28494 9533 244 364 1789 37734 940 226 298 2131 424 4484
internal_value=-1.09081e-05 0.000280102 0.000362681 0.000272332 0.000139433 0.000323003 0.000148249 -0.00106634 -1.54519e-05 -0.000986575 0.00035534 0.000933212 -1.38685e-05 -0.000981618 0.000482754 0.000966018 0.00166201 -1.35588e-05 3.89277e-06 -1.95243e-05 -8.9299e-05 -0.00031225 -0.000931248 -2.58251e-05 -0.000159889 -0.000114262 0.000208408 5.10993e-05 0.000369225 -0.00037411
internal_weight=267275 4109 3894 3671 3262 2831 2449 431 263166 512 2165 844 1321 448 873 659 570 262654 213468 184974 49186 10900 2153 38286 8747 8503 3793 3495 2555 4710
internal_count=267275 4109 3894 3671 3262 2831 2449 431 263166 512 2165 844 1321 448 873 659 570 262654 213468 184974 49186 10900 2153 38286 8747 8503 3793 3495 2555 4710
is_linear=0
shrinkage=0.03


Tree=236
num_leaves=31
num_cat=0
split_feature=12 13 10 0 13 8 0 13 9 6 6 6 9 6 6 9 10 5 6 0 0 13 11 11 10 0 7 10 5 7
split_gain=0.479177 0.649667 0.817952 0.628889 0.742207 0.681482 0.595906 1.00505 0.912051 0.687834 1.00839 0.557419 0.839185 0.637316 0.62918 0.596819 0.863195 0.58945 0.541686 0.668467 0.517321 0.59536 1.44309 0.580461 0.493451 0.682475 0.77948 0.82135 0.674945 0.798378
threshold=-0.0024237121975303473 0.0050432397564790146 0.0051605644440037022 0.0057142924214457222 0.0030119229169466876 0.013578566796471158 0.017801484232115809 0.013216007286560189 -0.0074461026750203265 0.073932043592485633 0.098519499321362516 0.023363671275360657 -0.061128705953071731 -0.0011935608603001466 -0.034917029735861131 -0.11066068033077801 0.0066181232477415817 0.026860122271386646 inf 0.0029189202157664522 -0.0044495201649288876 0.053331140722772709 -0.0042809602293659146 -0.00030249170927321151 0.00041156102050876614 0.0083997903288483017 0.38748661760855935 -0.00038819425159386517 0.016152961293149356 -0.19779059448194233
decision_type=8 2 10 10 2 8 10 2 10 8 10 10 10 10 10 10 10 10 8 10 8 2 10 10 8 8 8 10 8 10
left_child=20 2 3 5 -5 -2 18 -8 9 11 -11 12 14 -14 17 16 -16 -9 -3 -20 21 -1 -23 -24 25 26 -22 -28 -27 -30
right_child=1 6 -4 4 -6 -7 7 8 -10 10 -12 -13 13 -15 15 -17 -18 -19 19 -21 24 22 23 -25 -26 28 27 -29 29 -31
leaf_value=0.00024000237899687282 6.934717475457687e-05 -6.2010595383838461e-05 -0.00096675642547465641 0.0003867888720380731 0.0024512578266606263 0.0010913925891556859 0.0018919635692595546 0.0019325774302034497 -0.0013842084881295362 0.0028161190235352308 0.0003109532726710106 -0.00055881249977039163 0.00026973059969936784 0.0021168241792755191 0.0013706279637828946 -0.0011272599160534614 -0.0011581944658858353 0.00021010382094040726 -0.00024005664117039967 -0.001717842372993041 -5.0696037125933265e-05 -0.0027503817449458156 0.0012062980385378547 -0.00087178664926094887 6.7252350835534912e-05 0.00083917791079264126 0.00019483134766799936 0.0016588187480874219 -0.0018556589690576606 -0.00037392986149764086
leaf_weight=14625 2935 136239 417 356 280 734 317 208 326 220 422 874 321 353 281 605 214 1274 950 388 35968 208 259 227 61151 375 1232 479 353 4491
leaf_count=14625 2935 136239 417 356 280 734 317 208 326 220 422 874 321 353 281 605 214 1274 950 388 35968 208 259 227 61151 375 1232 479 353 4491
internal_value=-8.20398e-06 -4.43267e-05 0.000301891 0.000424777 0.00129567 0.000273812 -5.57598e-05 0.000252934 0.000151017 0.000255896 0.00116942 0.000113891 0.000294463 0.00123713 4.83923e-05 -0.000495181 0.000277359 0.000451855 -6.79099e-05 -0.000668592 3.64967e-05 0.000199262 -0.000659285 0.00023567 1.2533e-05 -6.54693e-05 -2.09355e-05 0.000604679 -0.000386985 -0.000481909
internal_weight=267082 147714 4722 4305 636 3669 142992 5415 5098 4772 642 4130 3256 674 2582 1100 495 1482 137577 1338 119368 15319 694 486 104049 42898 37679 1711 5219 4844
internal_count=267082 147714 4722 4305 636 3669 142992 5415 5098 4772 642 4130 3256 674 2582 1100 495 1482 137577 1338 119368 15319 694 486 104049 42898 37679 1711 5219 4844
is_linear=0
shrinkage=0.03


Tree=237
num_leaves=31
num_cat=0
split_feature=7 7 6 10 6 10 2 0 1 12 2 3 2 3 3 9 3 0 10 7 3 0 6 13 10 13 9 13 3 12
split_gain=0.392419 0.770191 0.98728 0.642313 0.958936 0.923365 0.768791 0.863027 1.01139 0.964187 1.36954 0.721976 1.17819 1.12678 1.05984 0.754424 0.890908 0.724757 0.986388 0.684997 0.626225 0.69065 0.622837 1.15986 0.599328 0.742837 0.652043 0.587074 0.57096 0.535995
threshold=0.24822156068674431 0.25928105052498268 0.10545464090749458 -0.0033757434950809069 -0.066947427552034908 -0.0063991799270357022 -0.94410401329038085 0.021910962803923021 -0.021739117189816633 -0.036406256647584394 -2.0382983673828496 0.023715419327515534 -2.6535408979760722 0.0081135696158143328 0.00055316144940120726 -0.11066068033077801 -0.0021854917617583065 0.0063113914754365794 0.0025175133770660722 0.34999994988344224 0.050607399483895595 0.0040912822488965448 0.15943012003017734 0.055382658408149606 -0.0038515799783213618 0.020498478046751617 -0.043613386528354163 0.041024297089336963 -0.018293520758104805 0.0016049443399919208
decision_type=8 8 10 10 10 8 8 10 2 10 10 10 10 10 10 10 10 10 10 10 8 10 10 2 10 2 10 2 10 10
left_child=-1 2 29 4 -3 19 7 8 9 -5 -11 13 -13 14 15 -10 17 28 -19 -6 22 -22 23 -8 25 -7 -27 -14 -17 -2
right_child=1 3 -4 6 5 24 20 -9 11 10 -12 12 27 -15 -16 16 -18 18 -20 -21 21 -23 -24 -25 -26 26 -28 -29 -30 -31
leaf_value=-1.7331941559752292e-05 0.00076728307117372664 0.00032069092995318005 -0.00072064099137705221 -0.00064348628447151966 -0.00068106729823515797 -0.0030434836386423556 0.00049438888503858063 -0.0013515870825272734 -0.0014405401511448283 0.0030505333683086716 0.0001096582423048304 -0.00086352436129098829 0.0006357197290817227 -0.0010568413755921676 0.00096583550644445632 -0.00033014812786822187 -0.0017737706583046849 -0.0020919102747287794 0.00044556027930690953 0.0014443128885275227 -0.001846424260722032 0.00031570271999782482 0.0016516083096953275 -0.0013894779053066047 -0.00031033237473135204 -8.3554792103502127e-05 -0.0021059089902916292 0.002366985847003053 0.0010808380114200892 0.0023657342940904534
leaf_weight=249089 436 1268 247 222 305 250 5748 433 434 307 266 431 856 1259 778 388 239 253 303 247 228 319 379 310 443 290 284 222 771 333
leaf_count=249089 436 1268 247 222 305 250 5748 433 434 307 266 431 856 1259 778 388 239 253 303 247 228 319 379 310 443 290 284 222 771 333
internal_value=-7.49391e-06 0.00012679 0.000929455 7.94675e-05 -0.000312602 -0.000754061 0.000165026 -5.33691e-05 3.01691e-05 0.001035 0.00168531 -0.000104452 0.000462205 -0.000297692 4.19283e-06 -0.000309106 -5.78051e-05 0.00018133 -0.00070908 0.000269963 0.000388988 -0.000585513 0.000471799 0.000397988 -0.0012002 -0.00167862 -0.00108416 0.000992251 0.00060848 0.00145946
internal_weight=267338 18249 1016 17233 3087 1819 14146 7162 6729 795 573 5934 1509 4425 3166 2388 1954 1715 556 552 6984 547 6437 6058 1267 824 574 1078 1159 769
internal_count=267338 18249 1016 17233 3087 1819 14146 7162 6729 795 573 5934 1509 4425 3166 2388 1954 1715 556 552 6984 547 6437 6058 1267 824 574 1078 1159 769
is_linear=0
shrinkage=0.03


Tree=238
num_leaves=31
num_cat=0
split_feature=7 11 2 0 4 3 7 2 9 6 1 3 11 9 5 11 10 7 9 7 9 0 10 6 10 5 10 9 1 7
split_gain=0.32203 1.09527 0.898044 0.76606 0.886339 0.861266 0.969369 0.753612 1.28609 0.846463 0.791828 0.915582 0.714533 1.13958 0.978199 0.775291 1.06295 0.691461 0.942179 0.673456 0.667594 0.766598 1.42858 0.682041 0.664953 0.710143 0.703853 0.781957 0.639893 0.632017
threshold=0.089739131695829935 0.006644376754847304 -6.2192812792638899 0.0036098386507593676 0.009396705924923256 -0.0074542649720091827 0.14656170548357653 -1.5027237959498423 -0.0074461026750203265 0.13965682969120488 -0.0034660989177940911 -0.017017136055413381 -0.0024375924578409198 -0.023985383253972144 0.032203233344900738 -0.0011015171410396205 0.00090742657854225872 0.14364256223932551 -0.023985383253972144 0.11562729622090974 -0.0013327721318266981 0.020539594414491828 0.0036389551910119837 0.045820926091111998 0.0017991784466540042 0.035294139521100977 -0.0043015024416983563 -0.098829678170655674 -0.013152310654931052 0.20744796298231397
decision_type=8 8 8 10 10 10 8 8 10 10 2 8 10 10 10 10 10 8 10 8 10 10 10 8 10 10 10 10 2 10
left_child=-1 2 3 5 -5 -2 -7 8 12 28 11 24 13 29 -15 16 19 18 -18 -14 21 -13 23 -23 25 -9 -27 -28 -10 -4
right_child=1 -3 7 4 -6 6 -8 10 9 -11 -12 20 15 14 -16 -17 17 -19 -20 -21 -22 22 -24 -25 -26 26 27 -29 -30 -31
leaf_value=-1.781125334358638e-05 -0.0010433226935291553 -0.00092580254463471643 0.00017125842618618338 0.0022440395646996891 0.0001872651645400145 -0.00041238026025808684 0.001841536894282927 0.001526359094228388 0.00235154320792668 -0.0006092513581759043 1.6670426603492994e-05 0.00021015764524874578 -0.0027576958919779348 0.00019954898585678062 -0.0014922028674974549 -0.00017427555135056662 -0.00027765892577666466 -0.00073346869577390261 0.0022297756617412874 -0.0010365517520399281 0.0015373911673740193 -0.00069850009233121148 0.0011069279322307719 -0.0031548611911486331 0.0015057687056801801 0.001488134197538673 -0.0014766613441359543 0.00036580746662050092 0.00068133974066047185 0.0011017224730323948
leaf_weight=203225 340 1000 2077 479 311 319 372 410 245 396 24634 14193 262 638 594 10243 398 928 204 934 326 206 216 201 841 246 332 552 1312 961
leaf_count=203225 340 1000 2077 479 311 319 372 410 245 396 24634 14193 262 638 594 10243 398 928 204 934 326 206 216 201 841 246 332 552 1312 961
internal_value=6.88693e-07 5.92776e-05 7.48717e-05 0.000731415 0.00143435 0.000192796 0.000801017 5.53838e-05 -0.000100452 0.000629177 0.000126328 0.000280486 -0.000183111 0.00015349 -0.000616117 -0.000293936 -0.000743561 -0.000219799 0.000572037 -0.00141359 0.000194494 0.000164946 -0.000865043 -0.00191159 0.000827347 0.000456859 6.88099e-05 -0.00032616 0.000944153 0.000465589
internal_weight=267395 64170 63170 1821 790 1031 691 61349 19192 1953 42157 17523 17239 4270 1232 12969 2726 1530 602 1196 15142 14816 623 407 2381 1540 1130 884 1557 3038
internal_count=267395 64170 63170 1821 790 1031 691 61349 19192 1953 42157 17523 17239 4270 1232 12969 2726 1530 602 1196 15142 14816 623 407 2381 1540 1130 884 1557 3038
is_linear=0
shrinkage=0.03


Tree=239
num_leaves=31
num_cat=0
split_feature=2 13 10 1 6 2 11 7 8 8 10 1 6 13 9 10 3 10 11 6 11 8 11 13 7 13 13 10 12 6
split_gain=0.290035 0.670752 1.00629 0.789362 1.23212 0.738011 0.743311 0.733983 0.662239 0.962163 0.772564 0.760347 0.683813 0.547729 0.709664 0.540287 0.496641 0.573958 0.493644 0.489623 0.71746 0.473466 0.575137 0.53386 0.51333 0.460191 0.460241 0.450971 1.19413 0.754302
threshold=-4.5450557547740109 0.0088558323869253695 -0.0004911650863941851 0.012804543052356678 0.042354299073736675 -4.6566722196478887 -0.0011015171410396205 0.091400804752749823 0.037936125195822998 0.026735637670246989 0.00033285104136360216 -0.010538734230644496 0.0066802929886473636 0.010605007122763551 -0.11822530860447748 -0.0017260044631248193 -0.0031726890598154918 0.0019322119560739595 -0.0012331537405199653 0.0025088455842665618 0.0015511972858137659 0.014850745935837325 0.0019851601141457347 0.034156260521260924 0.063936137934902285 0.042531540088033663 0.03010381583107195 -0.0017260044631248193 -0.0074370103620722263 0.0084100723369704439
decision_type=10 2 8 2 8 10 10 10 10 10 10 2 10 2 10 10 10 10 10 8 10 8 10 2 8 2 2 10 10 10
left_child=1 2 15 5 21 7 -7 13 9 11 -10 -9 -13 14 -3 -1 17 -16 -14 20 -4 -5 23 24 -23 26 -6 28 29 -15
right_child=-2 3 19 4 25 6 -8 8 10 -11 -12 12 18 27 16 -17 -18 -19 -20 -21 -22 22 -24 -25 -26 -27 -28 -29 -30 -31
leaf_value=0.00049241185091119339 8.5313667085073457e-06 0.00025212448619931209 0.00087703774315527115 0.0019017719541443512 -0.00096652109436927143 -0.0023515685654820115 -0.00035274488663126249 -0.0011400137295986359 -0.0020598618011145541 0.0012190666275465015 0.00022128990513154396 0.0016520428675394594 -0.00082572243897602391 0.0013352572713022919 -0.0011071321512942879 0.0019897312819751427 -0.0015506634116558597 0.00087108720165869115 0.00057209762311542995 -0.00035906120109841899 -0.00096199988542191152 0.00098270431932981806 -0.00053815118392938144 0.0018841361532492818 -0.00076496603936977584 -0.0017945589741400648 0.00079063480905997637 -0.0003053477874531858 -0.00028678322351881965 -0.00065199821249633616
leaf_weight=481 242189 476 865 293 298 288 400 397 225 912 329 287 396 842 374 395 843 204 534 1508 245 489 321 343 219 223 244 10256 2318 216
leaf_count=481 242189 476 865 293 298 288 400 397 225 912 329 287 396 842 374 395 843 204 534 1508 245 489 321 343 219 223 244 10256 2318 216
internal_value=-1.55098e-06 -9.83685e-05 0.000287429 -0.00016041 0.000349157 -0.000224578 -0.00118946 -0.000188905 0.000234152 0.000440164 -0.000705171 4.02089e-08 0.000371939 -0.000272813 -0.000750429 0.00116757 -0.00108626 -0.000408937 -2.31032e-05 -7.07281e-06 0.000471124 0.000807055 0.00057327 0.000912725 0.000442111 -0.000647445 -0.000175477 -0.000206349 9.43991e-05 0.000929542
internal_weight=267410 25221 3494 21727 2430 19297 688 18609 3080 2526 554 1614 1217 15529 1897 876 1421 578 930 2618 1110 1665 1372 1051 708 765 542 13632 3376 1058
internal_count=267410 25221 3494 21727 2430 19297 688 18609 3080 2526 554 1614 1217 15529 1897 876 1421 578 930 2618 1110 1665 1372 1051 708 765 542 13632 3376 1058
is_linear=0
shrinkage=0.03


Tree=240
num_leaves=31
num_cat=0
split_feature=3 3 4 13 7 4 4 10 3 5 4 1 13 12 8 10 10 13 11 11 13 10 1 13 11 3 5 12 10 11
split_gain=0.471402 0.533852 0.439295 0.924624 1.01539 0.685694 1.16088 0.912546 0.655254 0.627692 1.25936 1.0389 0.788517 1.29966 1.15119 0.901166 1.02077 0.832691 0.831142 1.12438 0.767964 0.804243 0.767992 0.763394 0.753744 0.874185 0.72203 0.705824 0.70422 0.897729
threshold=-0.0015276304838293118 -0.0013549902564545244 0.0054107281745768851 0.042531540088033663 -0.077441167092704918 0.0374774840970672 0.045174379958744522 0.0019322119560739595 0.10364567970858764 0.039120950963567179 0.027663225857651356 0.018679263108357883 0.028314937052301887 0.0018171530289287088 0.026330221531826393 -0.0033111730409929314 -0.0020158268329569791 0.021269211286581675 0.0023091757649384985 -0.0031245013392179328 0.033757772185589084 0.00014929309867162124 0.014163558544956436 0.035416986588040288 -0.0066298657891146742 0.0020909390769711105 0.057461613862436804 -0.0051080710395847153 0.00019547206478753856 0.00077609193182326408
decision_type=8 8 8 2 8 8 10 8 10 10 10 2 2 10 8 10 10 2 8 10 2 10 2 2 10 8 10 10 10 10
left_child=-1 -2 -3 4 -4 -5 7 -7 9 11 24 -6 13 26 20 17 -17 -15 19 27 21 -14 -22 -20 -11 -26 -12 -16 29 -21
right_child=1 2 3 5 8 6 -8 -9 -10 10 12 -13 14 15 18 16 -18 -19 23 28 22 -23 -24 -25 25 -27 -28 -29 -30 -31
leaf_value=4.3885914601581432e-05 -0.00070449693318282494 -9.3049929472066286e-05 0.0003472099921722561 -0.00058917855729566794 2.9872273338276023e-05 0.00030786209269576974 -0.0002740299906080503 0.0029070517274994924 0.0011763247169560792 0.00090179812521906557 0.00023130606899667615 0.00074288861348105234 -0.00044212895865132517 0.00075917962097129458 0.00021030097292647329 0.0029118991450273564 0.00073345875706164166 -0.0019515356006896466 -0.0019272826218078055 0.0022563873960173546 0.00058580904576927418 -0.0025298244097872531 -0.0016160922614938539 0.00040987861451231741 0.0013888591928491831 -0.00052330325835952922 -0.00043227093030440904 -0.0018513232452927956 0.0001996530236787242 -0.00010970201695792724
leaf_weight=124779 1067 59414 8746 3798 42666 310 2028 200 426 375 3457 1922 273 202 304 210 2477 206 323 439 375 424 230 206 221 8167 2575 294 951 215
leaf_count=124779 1067 59414 8746 3798 42666 310 2028 200 426 375 3457 1922 273 202 304 210 2477 206 323 439 375 424 230 206 221 8167 2575 294 951 215
internal_value=1.30924e-06 -3.59724e-05 -3.0929e-05 1.40705e-05 4.32145e-05 -0.000334057 4.77206e-05 0.00132715 3.49497e-06 -4.01684e-06 -0.000135447 6.06074e-05 5.00855e-05 0.000204464 -0.000299198 0.000704237 0.000903713 -0.000609466 5.06601e-05 0.000307072 -0.00103331 -0.00171212 -0.000251277 -0.00101716 -0.000414094 -0.000472923 -5.19683e-05 -0.000803273 0.000720771 0.00147854
internal_weight=267280 142501 141434 82020 75684 6336 2538 510 66938 66512 21924 44588 13161 9127 4034 3095 2687 408 2732 2203 1302 697 605 529 8763 8388 6032 598 1605 654
internal_count=267280 142501 141434 82020 75684 6336 2538 510 66938 66512 21924 44588 13161 9127 4034 3095 2687 408 2732 2203 1302 697 605 529 8763 8388 6032 598 1605 654
is_linear=0
shrinkage=0.03


Tree=241
num_leaves=31
num_cat=0
split_feature=12 13 10 10 6 9 5 13 6 5 10 7 6 7 7 13 9 0 8 10 1 13 7 6 12 2 5 9 6 7
split_gain=0.375561 0.653299 0.553322 0.8511 0.772822 0.806929 1.05081 0.956709 0.540138 0.49398 0.454459 0.445883 0.435955 0.541909 0.695945 0.749545 0.522587 0.53867 0.478727 0.411473 0.389517 0.939736 1.279 0.790457 1.38083 1.01119 0.932003 0.735034 0.732234 1.2869
threshold=-0.031093505766181747 0.031962518043504508 0.0069776598479324168 0.0045201243465514693 0.023968510642998989 -0.025253771052637094 0.043680185998030294 0.045249210407717462 0.0084100723369704439 0.061892843223332807 1.0000000180025095e-35 0.086541488141717485 -0.0069961779499191348 -0.035139501420719914 -0.066502960142692955 0.046302711475058288 -0.13824905546606978 0.0043410944628028423 0.028777813505433014 0.00035337410969515931 0.01811087337814277 0.022087453115901764 -0.043287935859000586 0.10545464090749458 0.019974677455777416 -3.3153703152117502 0.020777058998474731 -0.061128705953071731 -0.0032439845970552712 0.043068117789629275
decision_type=10 2 8 10 10 10 10 2 10 10 10 10 10 8 10 2 10 10 10 10 2 2 10 8 10 10 10 10 10 8
left_child=1 11 3 4 8 6 19 -8 12 -7 -9 -1 13 14 15 -3 -15 -18 -17 -6 -2 22 -22 26 -25 -26 -23 -27 29 -28
right_child=20 2 -4 -5 5 9 7 10 -10 -11 -12 -13 -14 16 -16 18 17 -19 -20 -21 21 23 -24 24 25 27 28 -29 -30 -31
leaf_value=0.0023994188144512586 -1.2013305674416033e-05 -0.00076293040101949353 -0.00099099629629162606 0.0013922361789202383 -0.0030464023638349207 -0.00018715277359887601 0.0014397841590301442 0.00014946721616264396 0.0015969904252684337 0.0015676077822438226 -0.0017013933679784162 0.00044304164780150041 -0.00076258704112842684 -0.00014962427495952902 -0.0016018259211919297 2.2812274588842784e-05 0.00060945207778630509 0.0023252623066997865 0.0017824942538549988 -0.0011315439636958068 -0.00079075026845794566 -0.00037503715831140131 0.0020190007801499884 -0.0025416901022579301 -0.0018476743300383177 -0.001473967481454059 -0.00019126325062712995 0.00039882699067548074 0.00043707074788875035 0.00064350342789609716
leaf_weight=202 240200 346 354 514 203 377 225 206 311 234 284 218 320 270 204 248 350 311 317 201 206 2668 499 255 277 221 6133 1287 7906 2280
leaf_count=202 240200 346 354 514 203 377 225 206 311 234 284 218 320 270 204 248 350 311 317 201 206 2668 499 255 277 221 6133 1287 7906 2280
internal_value=4.23099e-06 0.000245246 0.00015458 0.000236989 0.00010225 -0.000391937 -0.000870701 -0.000179656 0.000421615 0.000484883 -0.000923276 0.00138397 0.000267118 0.000428166 -1.79716e-05 0.000336701 0.000962477 0.00141674 0.0010101 -0.00209371 -1.00923e-06 0.000120617 0.001198 8.44942e-05 -0.000476663 -0.00018166 0.000144786 0.000124366 0.000229772 3.49662e-05
internal_weight=267627 5695 5275 4921 4407 1730 1119 715 2677 611 490 420 2366 2046 1115 911 931 661 565 404 261932 21732 705 21027 2040 1785 18987 1508 16319 8413
internal_count=267627 5695 5275 4921 4407 1730 1119 715 2677 611 490 420 2366 2046 1115 911 931 661 565 404 261932 21732 705 21027 2040 1785 18987 1508 16319 8413
is_linear=0
shrinkage=0.03


Tree=242
num_leaves=31
num_cat=0
split_feature=0 4 13 10 13 0 13 10 10 4 3 4 4 0 13 3 13 11 2 10 9 9 10 2 13 3 3 10 6 4
split_gain=0.311433 0.792589 0.770441 0.451701 0.874637 0.641763 0.296937 0.783404 0.819 1.54551 0.705608 0.66903 0.560634 0.626725 1.15357 0.889568 0.745243 0.695002 0.683383 0.859618 0.692986 0.68223 0.561681 0.662652 0.540175 0.584322 0.539947 1.38859 1.32706 1.12142
threshold=-0.049601262336056155 0.0064557997508122309 0.044293193621162998 -0.020779097202320792 0.03010381583107195 -0.016812468192848481 0.028546979608938098 -0.0077145601754587392 -0.0071696385853255431 -0.015641623622740849 0.036640877197469675 0.010708645925382456 0.025392220201261421 0.0023643894580441809 0.025749418603017604 0.012860275757213714 0.01768180958697119 -0.0045449700422855446 -0.62232980901727408 0.00057765818009547509 -0.037170282518522162 -0.010720202741584804 -0.0033111730409929314 -1.5333215504223487 0.015817266268461368 0.053389821771566932 0.025531925494599487 -0.0062837051052680995 0.11941302929072463 0.015451676615598655
decision_type=8 10 2 8 2 10 2 10 10 10 10 10 10 10 2 8 2 8 10 8 10 8 10 10 2 8 8 10 8 8
left_child=1 2 -1 4 5 -2 12 10 9 -9 11 -8 -5 15 -15 -14 17 -17 19 -16 -20 -18 -23 -24 25 -19 -10 -28 -29 -30
right_child=3 -3 -4 6 -6 -7 7 8 26 -11 -12 -13 13 14 18 16 21 24 20 -21 -22 22 23 -25 -26 -27 27 28 29 -31
leaf_value=4.7391954273461365e-05 -0.00096041555749252431 -0.0011478846348054776 0.0019074227637966795 1.120940561664456e-05 -0.0023869202598348458 0.0009904091486135835 -0.00054188260487207727 -0.00097099012365313008 2.821999790198476e-06 0.0013660726515050668 0.00078902110159497255 -0.0019573145332518935 0.0020125721058397855 -0.00012825777023366214 -0.0012170950908290401 0.0019567511431188775 0.00026782816507777796 0.00045481290409703326 0.0006569525894812914 0.0010423625048665932 0.0031237117219579348 -0.0020133852571638865 0.0010931803019953326 -0.00091574261049038393 0.0012385846354531008 -0.0011401749611029337 -0.0019578503217076606 -0.00037581931704191941 0.0019721482137205291 0.00016152073651225476
leaf_weight=409 357 201 393 198743 206 264 1482 352 37192 921 279 377 295 6943 219 339 3038 1897 206 492 204 215 221 446 706 232 407 7545 354 2362
leaf_count=409 357 201 393 198743 206 264 1482 352 37192 921 279 377 295 6943 219 339 3038 1897 206 492 204 215 221 446 706 232 407 7545 354 2362
internal_value=9.02655e-06 0.000536666 0.000958853 7.03919e-06 -0.000692994 -0.000131079 9.21997e-06 -5.56313e-05 -3.11691e-05 0.000719846 -0.000617793 -0.000828928 2.47431e-05 0.000198801 1.59194e-05 0.00039839 0.000331265 0.00067298 0.000908892 0.000346411 0.00188432 5.45806e-05 -0.000679939 -0.000250117 0.000519471 0.000281005 -5.11449e-05 -0.00023929 -0.000171124 0.000397516
internal_weight=267297 1003 802 266294 827 621 265467 51271 49133 1273 2138 1859 214196 15453 8064 7389 7094 3174 1121 711 410 3920 882 667 2835 2129 47860 10668 10261 2716
internal_count=267297 1003 802 266294 827 621 265467 51271 49133 1273 2138 1859 214196 15453 8064 7389 7094 3174 1121 711 410 3920 882 667 2835 2129 47860 10668 10261 2716
is_linear=0
shrinkage=0.03


Tree=243
num_leaves=31
num_cat=0
split_feature=7 2 11 5 1 10 8 1 9 5 13 9 11 11 9 8 11 5 10 8 10 5 1 0 13 10 1 10 5 10
split_gain=0.27913 0.820968 0.519124 0.771061 0.598201 0.723149 0.47612 0.38419 0.357211 0.540347 0.324332 0.294531 0.288206 0.615485 1.26452 0.923888 0.844123 1.05754 0.81507 0.792407 0.786849 0.775033 0.770038 1.06929 0.71666 0.732456 1.30577 0.704824 0.791782 0.70188
threshold=-0.2115245281657144 -3.3153703152117502 0.001967789575935353 0.035294139521100977 0.018679263108357883 0.004396140493020507 0.032078139319680572 0.01382046000755688 -0.27107699963856419 0.04892056050125989 0.022087453115901764 -0.31261890298225414 0.0012927956214664473 0.00062668128369747233 -0.099673428722667254 0.025700186069764208 0.0010314880891127978 0.011845921519713922 0.0045201243465514693 0.024876591711689631 0.0022102004023298876 0.036392339904546524 -0.0046666564941406632 0.0034946743522594752 0.035881741751367192 -0.00076299258324474806 -0.0095318546346642701 0.001652380385786967 0.031656127294939718 -0.00073348640860693138
decision_type=8 10 10 10 2 10 10 2 8 10 2 10 8 10 8 8 10 10 10 10 10 10 2 10 2 10 2 10 10 10
left_child=1 -1 4 -4 5 6 -3 -5 9 -2 -8 -12 13 -10 -15 16 19 -18 20 -16 24 -20 23 -19 25 -17 -27 28 -24 -26
right_child=8 2 3 7 -6 -7 10 -9 12 -11 11 -13 -14 14 15 18 17 22 21 -21 -22 -23 27 -25 29 26 -28 -29 -30 -31
leaf_value=0.0015799565726076254 -0.00016553314977564511 0.0006180743610496403 0.00058941960964584725 -0.0022370041840899307 0.0011381052856200508 -0.0016450593265617498 0.00037270571677818968 -0.00076304979389533404 7.2609895862742681e-06 0.0019328636821592227 -0.0016056416409960745 -0.00029499609826265702 5.5030264004813155e-05 0.00022666471382309678 -5.3397984317222772e-05 -0.00099510415559589177 -0.001921300484549154 0.00091197434810523709 -0.00081882081022443165 0.0016989321540503081 -0.0018042840992926921 0.0016431873892814072 -0.0014296904886510376 -0.00079060878534403486 -0.00074428886322206573 0.0016760304818618232 -0.00052386231094757329 -7.7399416688586327e-05 1.5069842987091342e-05 -0.0028820203851137195
leaf_weight=200 226 558 200 339 280 320 269 300 161902 216 276 350 77365 5917 9616 949 428 824 217 238 639 245 1227 556 361 345 820 1197 473 224
leaf_count=200 226 558 200 339 280 320 269 300 161902 216 276 350 77365 5917 9616 949 428 824 217 238 639 245 1227 556 361 345 820 1197 473 224
internal_value=4.47269e-06 -0.000278912 -0.000407465 -0.0010362 -0.000150517 -0.000354022 -6.96919e-05 -0.00154501 7.79192e-06 0.000859928 -0.000498489 -0.000872853 6.36276e-06 -1.38607e-05 -0.000154726 -0.000277646 -0.00016892 -0.000499506 -0.000694208 -1.10746e-05 -0.000857666 0.00048679 -0.000357227 0.000226006 -0.00063355 -0.000376391 0.000127608 -0.000635053 -0.00102771 -0.00156284
internal_weight=267077 3092 2892 839 2053 1773 1453 639 263985 442 895 626 263543 186178 24276 18359 14559 4705 3800 9854 3338 462 4277 1380 2699 2114 1165 2897 1700 585
internal_count=267077 3092 2892 839 2053 1773 1453 639 263985 442 895 626 263543 186178 24276 18359 14559 4705 3800 9854 3338 462 4277 1380 2699 2114 1165 2897 1700 585
is_linear=0
shrinkage=0.03


Tree=244
num_leaves=31
num_cat=0
split_feature=5 10 10 2 10 7 10 10 2 10 4 1 5 13 13 1 0 1 13 6 8 5 10 2 9 6 10 0 5 13
split_gain=0.349046 0.861362 0.697278 0.603077 0.440299 0.543202 0.490241 0.875684 0.702497 0.436771 0.363119 0.905807 1.0242 0.960543 0.890673 0.916753 0.798611 0.754084 0.783199 0.805573 0.719525 0.72099 0.708213 0.775871 0.706976 0.660666 1.09612 1.532 0.88648 0.658062
threshold=0.0076872561909701294 0.0045588099205506891 -0.003942695866748557 3.2800519262381607 0.0014724928971264763 0.039902318114302789 0.0010269138426277637 0.00064926187012581693 -3.0815399047161161 0.00022412339472466239 0.033427549360467108 0.0066585482334456944 0.047126719664009852 0.023547173731121501 0.060739509416443474 -0.0010461852161359195 0.0018041068299169407 0.039574152487219079 0.021799997483123241 0.056430501803035556 0.026865089772075742 0.082658040644484967 -0.00033707703907903669 -0.54247364994957237 -0.14860040617505679 0.025164628258197989 -0.0033757434950809069 -0.0036021760812920962 0.079713890167057003 0.028314937052301887
decision_type=8 10 8 8 8 10 10 10 10 10 10 2 10 2 2 2 10 2 2 8 8 10 8 8 10 10 8 10 10 2
left_child=1 2 -1 4 6 -6 7 8 -4 -5 -2 12 -12 24 15 20 -17 18 19 -13 -15 -22 -23 -24 -14 28 -27 -28 -20 -29
right_child=10 -3 3 9 5 -7 -8 -9 -10 -11 11 17 13 14 -16 16 -18 -19 25 -21 21 22 23 -25 -26 26 27 29 -30 -31
leaf_value=-0.00080060643575119753 -1.3188898125396709e-05 -0.000987561480685874 0.0015492225388014638 0.0020724207360919016 0.00047394263379378409 0.0021280656063379258 -0.0012675216211833426 0.0020866928554449313 -0.00027090032768148164 0.00062878217063587006 0.00090523588291063144 -0.00017326449139870169 -0.0017530454559926598 -0.00031470992590135855 -0.001097454547779549 0.00029814402138930403 0.0021907299939301727 0.00076191535675742227 0.00048738718077473875 0.0018925716470208343 0.0010031332218743045 0.0010897608166546993 -0.001017371369891392 0.0010807280790650956 -0.00010662798069898221 -0.0023912519486727762 0.0014619218093347964 0.00013493171304902198 -0.0015913972648708388 -0.0012634839448952802
leaf_weight=405 246979 455 222 336 933 221 224 201 1360 430 1981 513 252 1117 327 337 496 627 875 254 1600 387 605 215 3425 349 286 402 234 1228
leaf_count=405 246979 455 222 336 933 221 224 201 1360 430 1981 513 252 1117 327 337 496 627 875 254 1600 387 605 215 3425 349 286 402 234 1228
internal_value=2.8319e-07 0.00025415 0.00038457 0.0005068 0.000323788 0.00079072 5.53081e-05 0.000221496 -1.54849e-05 0.00126202 -4.34658e-06 0.000136457 0.000289199 0.000149904 0.000417049 0.000521157 0.00142506 -0.000207661 -0.000354467 0.000510859 0.000329273 0.000585535 3.19671e-05 -0.00046726 -0.000219464 -0.000551178 -0.000844924 -0.00056326 4.87618e-05 -0.000918599
internal_weight=267276 4787 4332 3927 3161 1154 2007 1783 1582 766 262489 15510 10742 8761 5084 4757 833 4768 4141 767 3924 2807 1207 820 3677 3374 2265 1916 1109 1630
internal_count=267276 4787 4332 3927 3161 1154 2007 1783 1582 766 262489 15510 10742 8761 5084 4757 833 4768 4141 767 3924 2807 1207 820 3677 3374 2265 1916 1109 1630
is_linear=0
shrinkage=0.03


Tree=245
num_leaves=31
num_cat=0
split_feature=5 8 10 0 4 13 13 13 8 12 4 13 10 10 0 4 6 0 8 12 11 5 6 9 11 10 8 2 10 10
split_gain=0.282045 0.863544 0.650822 0.876997 1.29338 0.832163 0.592734 0.75893 0.684154 0.478127 0.474474 0.47008 0.725431 0.869094 1.06593 0.827327 0.88131 0.736711 0.732992 0.951089 0.921659 0.796972 0.808502 0.97435 0.748418 0.72367 0.739347 0.676151 0.63843 0.844135
threshold=0.031307744346148116 0.06566694001655618 -0.0086377534955604501 -0.049601262336056155 -0.033889375149029559 0.01934146768675378 0.026558003422210135 0.030394399451728154 0.021835892634848416 -0.0072981505613444178 0.0031705615999325647 0.023547173731121501 0.0032065108569750982 0.010624881496363094 0.041296227684088478 -0.00016011267737014998 0.030589872019956336 0.019625336341736913 0.059080598138895372 -0.018080237214316782 -0.0042809602293659146 0.044399066513356795 -0.0040796712697186979 -0.045576443508930968 -0.0015424658277066736 0.001987028597563723 0.013578566796471158 12.108658200959431 0.00082111126238348941 0.0010660783705950252
decision_type=8 10 10 8 8 2 2 2 10 8 8 2 10 10 8 10 10 10 8 10 10 10 10 10 10 10 10 10 10 10
left_child=1 -1 3 -2 -5 -6 9 -8 -9 -7 -11 25 -13 14 18 17 -17 -15 19 20 -14 -22 24 -24 -23 28 -27 -21 -4 -30
right_child=2 -3 11 4 5 6 7 8 -10 10 -12 12 13 15 -16 16 -18 -19 -20 27 21 22 23 -25 -26 26 -28 -29 29 -31
leaf_value=9.2306453008265709e-06 0.0010417747492559163 0.0018858213755892108 -0.00011045617197416131 -0.0022869588783069046 0.00038631478341837484 -0.00025770083567950609 0.00097330103007210061 0.00078186598074538581 -0.0011555707944351091 -0.00086690163869416104 -0.0025978186569770925 8.7565881201604693e-05 -0.0011958987840650379 -0.00017120694873261859 -0.0022922601968718647 -0.0010241669800684203 0.00096334104913694304 0.0017172245804264752 0.0010292204429664651 -0.0005411677564849829 -0.00036341895964461649 0.00074095343560224669 -0.001129016344101112 0.0011228943671646879 0.0027872493199984629 -0.00069237028426229587 9.095153780080258e-05 0.0010368506240981124 -0.0010109903060414175 -0.00025857239732867082
leaf_weight=158724 326 221 25522 360 888 258 316 211 737 261 314 40096 357 275 234 499 336 574 391 6451 706 366 298 412 287 1152 18495 254 1697 6414
leaf_count=158724 326 221 25522 360 888 258 316 211 737 261 314 40096 357 275 234 499 336 574 391 6451 706 366 298 412 287 1152 18495 254 1697 6414
internal_value=-1.36131e-05 1.18399e-05 -5.09045e-05 -0.000443536 -0.000588293 -0.000383429 -0.000709386 -0.000299936 -0.000724348 -0.00133069 -0.00181213 -3.71533e-05 2.74449e-05 -0.000183273 -0.00029191 0.000446098 -0.000224403 0.00110554 -0.000242752 -0.000297219 0.000211791 0.000454684 0.000878441 0.000177726 0.00164032 -9.9637e-05 4.50215e-05 -0.000481389 -0.00018414 -0.000415995
internal_weight=267432 158945 108487 3671 3345 2985 2097 1264 948 833 575 104816 51536 11440 9756 1684 835 849 9522 9131 2426 2069 1363 710 653 53280 19647 6705 33633 8111
internal_count=267432 158945 108487 3671 3345 2985 2097 1264 948 833 575 104816 51536 11440 9756 1684 835 849 9522 9131 2426 2069 1363 710 653 53280 19647 6705 33633 8111
is_linear=0
shrinkage=0.03


Tree=246
num_leaves=31
num_cat=0
split_feature=9 10 1 1 8 11 3 8 12 6 3 10 8 4 6 1 4 5 6 10 1 10 10 8 10 12 1 12 8 7
split_gain=0.407186 1.10105 1.17642 0.85726 0.932487 1.06397 0.836911 0.795032 1.23757 0.96794 0.843689 0.786602 1.00079 0.876848 0.793854 0.769642 0.759763 1.04261 0.758748 0.986769 0.722225 0.877793 0.769317 0.719758 0.743039 0.726859 0.704885 0.832006 0.708854 0.698846
threshold=-0.054408318176129004 -0.00167466023889673 -0.0089175910911575267 -0.0031537732041319595 0.023343388943884703 -0.0030774522144919598 0.011222736251141343 0.031066575820949644 0.0063360682159103185 0.049675676742469761 0.020664356719533487 -0.0026199294362432841 0.024098003198810173 -0.01881206379583 -0.02036149941827092 0.021271828914867456 0.0048147690663866713 0.095409490574798556 0.011003695724592812 0.0023847339597670163 0.022865386234304456 0.00010802647952978807 -0.0003240618427640673 0.026997646761602902 -0.0024257097771178122 -0.01766210226021225 -0.0024475954227114456 -0.001172853898499304 0.028319457068308702 -0.23362776005576011
decision_type=8 8 2 2 10 8 10 10 10 10 10 10 10 8 8 2 10 10 10 10 2 10 8 10 10 10 2 10 8 8
left_child=16 3 -3 11 -5 6 -6 -7 9 -9 15 12 13 -2 -15 -10 -1 29 19 -4 -20 22 -22 24 -13 -26 28 -28 -21 -18
right_child=1 2 18 4 5 7 -8 8 10 -11 -12 23 -14 14 -16 -17 17 -19 20 26 21 -23 -24 -25 25 -27 27 -29 -30 -31
leaf_value=-7.7024218451922675e-05 0.0013383150178209677 0.00027864228039427183 0.00026345036065659376 -0.00015098471635013237 0.0003330461580935879 0.00050567245366549393 0.0021952419101695288 -0.00077586641870404046 -0.001108604087780246 0.0015489838525401269 -0.0019984329008144145 -0.0025512151249011106 -0.00076572225318608368 -0.0011469169415194418 6.6824382836361498e-05 0.0012232580773757192 -0.0010376607768143279 -0.00089448082390407042 -8.1298683403613125e-05 0.00013959715472176639 0.00011693128250422251 0.00065363936961574743 -0.0019373531903599936 0.00011222066825192415 -0.0024204149092476421 -0.0006250487714469313 -0.0010107277565031948 -0.00011762340517334306 0.0016546668776410442 0.00012187720012280014
leaf_weight=105040 429 21769 20733 11165 419 2258 451 266 342 409 447 254 1912 552 3995 203 474 961 42831 2764 549 2508 234 647 229 1784 1097 6509 309 35727
leaf_count=105040 429 21769 20733 11165 419 2258 451 266 342 409 447 254 1912 552 3995 203 474 961 42831 2764 549 2508 234 647 229 1784 1097 6509 309 35727
internal_value=-1.05202e-06 3.84328e-05 8.37711e-05 -0.00013633 -7.08164e-07 0.000349206 0.00129839 0.000138813 -0.000358108 0.000632821 -0.00103238 -0.000357154 -0.000182355 4.18011e-05 -8.05223e-05 -0.000240039 -3.57784e-05 8.08046e-05 2.90576e-05 0.000142776 -4.83917e-05 0.000379879 -0.000496993 -0.000770338 -0.00102222 -0.000829291 -9.15105e-05 -0.000246434 0.000291942 0.000106695
internal_weight=267267 125065 99303 25762 15960 4795 870 3925 1667 675 992 9802 6888 4976 4547 545 142202 37162 77534 31412 46122 3291 783 2914 2267 2013 10679 7606 3073 36201
internal_count=267267 125065 99303 25762 15960 4795 870 3925 1667 675 992 9802 6888 4976 4547 545 142202 37162 77534 31412 46122 3291 783 2914 2267 2013 10679 7606 3073 36201
is_linear=0
shrinkage=0.03


Tree=247
num_leaves=31
num_cat=0
split_feature=1 11 11 9 10 0 0 4 10 13 4 8 7 6 7 11 11 2 6 7 0 0 13 4 8 8 11 6 2 6
split_gain=0.385856 1.01123 0.970111 0.787629 1.11063 0.719833 0.726138 0.635323 0.714371 0.753954 0.619022 0.728846 0.689666 1.19246 1.13907 0.999197 1.09937 0.678909 0.675945 1.56554 0.586019 1.11216 0.712331 0.764999 0.611728 0.886273 0.97909 0.550504 0.808117 0.814619
threshold=0.013463946606729673 -0.005365314619582894 -0.0048747298801486419 -1.0000000180025095e-35 -0.0012819965703047551 -0.0032218705556297795 0.0045340084550890012 -0.014144918157399709 -0.010872040601414166 0.028314937052301887 -0.034941502499352066 0.042081140800916017 -0.10788721124583338 -0.066947427552034908 -0.086743440768230359 -0.00035420671678343391 0.00015180597339459204 -1.5027237959498423 0.05289786243923323 0.12983417489589236 -0.024303652410620432 -0.0050715417588754743 0.028787940964746531 -0.025543862938869174 0.036140908396523098 0.024315021683377545 0.0025111138031108653 0.012820504416678926 -1.0000000180025095e-35 -0.11158717123038418
decision_type=2 10 10 8 8 10 10 10 10 2 10 8 8 10 10 10 10 10 10 10 10 10 2 10 10 10 10 10 10 10
left_child=-1 5 -3 7 -5 -2 -7 10 9 -9 11 27 13 -12 -14 18 -17 -13 19 -16 -18 -22 23 -23 25 -24 -27 28 29 -4
right_child=1 2 3 4 -6 6 -8 8 -10 -11 12 17 14 -15 15 16 20 -19 -20 -21 21 22 24 -25 -26 26 -28 -29 -30 -31
leaf_value=-2.1722350637332618e-05 0.00072507747772615396 0.0020044680918929062 0.0013057853985003814 -0.0027653186725626598 1.2509418524455486e-05 -0.0023294663674659627 -0.00045795402457202638 0.00077838956961051348 0.00024100329219906924 -0.0012664555097932407 -0.0006323836929096263 0.00035727948920490836 -0.0018757258606257262 0.0013952160708972121 -0.0007071564016955771 0.0019070316148843015 0.0012719502590298956 -0.001999952535635592 0.00054002427973931554 -0.0035352471410035188 -0.0012429868973899893 0.0019572418803742338 0.00022801838986889782 0.00014299613378363949 0.00074078016583091358 -0.0029648832018054753 -0.00031240771549854833 0.0015652531366266433 0.001246503692711182 -0.00044065677940733586
leaf_weight=234119 200 243 303 206 349 339 415 228 21432 563 489 216 428 560 918 254 244 224 228 218 767 294 415 725 312 252 249 361 576 1163
leaf_count=234119 200 243 303 206 349 339 415 228 21432 563 489 216 428 560 918 254 244 224 228 218 767 294 415 725 312 252 249 361 576 1163
internal_value=-8.15473e-06 8.76047e-05 0.000116108 0.000101757 -0.00101854 -0.000874973 -0.00129939 0.000121546 0.000208327 -0.000677044 -8.81661e-05 0.000279773 -0.000252821 0.000450034 -0.000391828 -0.000261576 6.06014e-06 -0.000842766 -0.00095068 -0.00124987 -0.000142143 -0.000256622 8.00678e-05 0.000666439 -0.000406506 -0.000797284 -0.00164659 0.000485315 0.000294395 -7.96936e-05
internal_weight=267290 33171 32217 31974 555 954 754 31419 22223 791 9196 2843 6353 1049 5304 4876 3512 440 1364 1136 3258 3014 2247 1019 1228 916 501 2403 2042 1466
internal_count=267290 33171 32217 31974 555 954 754 31419 22223 791 9196 2843 6353 1049 5304 4876 3512 440 1364 1136 3258 3014 2247 1019 1228 916 501 2403 2042 1466
is_linear=0
shrinkage=0.03


Tree=248
num_leaves=31
num_cat=0
split_feature=4 5 3 9 0 7 8 2 5 10 8 7 9 13 5 7 13 11 11 4 9 10 10 7 7 10 2 11 11 5
split_gain=0.367622 0.649351 0.636203 1.03683 0.864484 0.642022 1.15589 0.635547 0.571308 0.916557 0.850656 0.737248 0.567493 0.547969 0.541463 0.520633 0.409003 0.598939 0.343622 0.306546 0.295361 0.672766 0.819928 0.877917 0.857095 1.09978 1.01952 0.847053 1.09676 0.718704
threshold=-0.072951771337649171 0.13670764813179195 0.084201131609985561 -0.043613386528354163 0.00093356455090665158 0.25928105052498268 0.03513192144225654 -1.3468206230265056 0.095409490574798556 -0.0018969835059131077 0.041386076849767958 0.053244571577415807 -0.091771648890997579 0.034972421060612012 0.095409490574798556 0.13260582307192262 0.036359441812190578 0.00089469507476269705 -0.00066842658612575867 0.076167544351271613 -0.056474970210108492 -0.0041925162433013021 0.0022790740754623511 -0.11251465853851621 0.066523830016616561 -0.0027255297015332243 10.738245592334398 0.0004826238977566622 -0.00014728517513468151 0.0270117133007866
decision_type=10 10 10 10 10 10 8 10 10 10 10 8 10 2 8 10 2 10 10 10 8 10 10 8 8 10 8 10 10 10
left_child=14 2 8 19 13 6 -6 -3 20 12 11 18 -10 -5 -1 -13 -16 -18 -11 -4 21 -2 24 27 -23 -26 -27 28 29 -24
right_child=1 7 3 4 5 -7 -8 -9 9 10 -12 15 -14 -15 16 -17 17 -19 -20 -21 -22 22 23 -25 25 26 -28 -29 -30 -31
leaf_value=-0.00095051653758145677 0.00015956987300357885 -4.0629610281542566e-05 0.0026825020203693345 0.00013607092455706813 2.9704879293873494e-05 -0.00051090206030307735 0.0030066327512749051 -0.0018609596847090869 0.0017810560872268705 -0.00043957283269627239 -0.0021760696911886125 0.0015153247239243872 -0.00044669705831911415 -0.0019837439795062964 0.00012369920207346057 -0.00052492173307109626 0.0004196918723326115 0.0022467134609434974 -0.001909157763604451 0.0010811056770866604 2.8017376981827319e-05 -7.5149310090394505e-05 -0.00037776383253274292 -1.2117537588917283e-05 -0.0012457907173205145 -0.00018939302994020038 -0.0015751179428257337 0.00080912483574893332 -0.0014173572170306237 0.00050789730880990581
leaf_weight=205 14204 355 207 220 253 234 219 336 212 281 356 212 200 219 564 240 366 289 292 224 126820 68381 1149 34384 1130 9554 503 2433 385 2921
leaf_count=205 14204 355 207 220 253 234 219 336 212 281 356 212 200 219 564 240 366 289 292 224 126820 68381 1149 34384 1130 9554 503 2433 385 2921
internal_value=-4.74096e-06 -7.31526e-06 -4.92246e-06 0.000596039 0.000123941 0.000773962 0.00141095 -0.000925768 -8.51468e-06 -0.000542199 -0.000912677 -0.000473879 0.000699623 -0.000921422 0.000475996 0.000432008 0.000715893 0.00122581 -0.00118847 0.00185022 -4.86051e-06 -3.57362e-05 -5.86932e-05 4.98107e-05 -0.000114974 -0.000358406 -0.0002587 0.000358948 0.000113094 0.000257867
internal_weight=267348 265924 265233 1576 1145 706 472 691 263657 1793 1381 1025 412 439 1424 452 1219 655 573 431 261864 135044 120840 41272 79568 11187 10057 6888 4455 4070
internal_count=267348 265924 265233 1576 1145 706 472 691 263657 1793 1381 1025 412 439 1424 452 1219 655 573 431 261864 135044 120840 41272 79568 11187 10057 6888 4455 4070
is_linear=0
shrinkage=0.03


Tree=249
num_leaves=31
num_cat=0
split_feature=3 4 8 5 8 13 11 6 5 11 13 1 13 13 13 12 9 9 6 11 8 13 6 4 6 12 5 8 9 11
split_gain=0.289303 0.959102 0.609722 1.4619 0.753224 0.833023 0.822921 0.912946 0.702528 0.674638 0.654965 0.87613 0.864388 0.623321 0.990032 0.911394 1.06076 0.731023 0.70448 0.65347 0.622586 1.13943 0.805631 0.618524 0.635672 0.726035 0.611336 0.712423 0.590276 0.942208
threshold=0.028961107315372828 -0.0078280948787828302 0.025818946107374747 0.059109000061700057 0.03125203712190943 0.064390400744067808 -0.00039079359790877838 0.0041433313082208665 0.13670764813179195 -9.9081316793814253e-05 0.028314937052301887 0.010045991046037541 0.022635130643166225 0.05775751016871733 0.041024297089336963 -0.0078476504635166516 -0.0079142205499316814 -0.045576443508930968 0.13965682969120488 -0.0020534921000140423 0.045398306754442223 0.033757772185589084 0.095338389852741248 0.030245726602856408 0.098519499321362516 0.00099025088381077286 0.052034048673656109 0.020052607462309354 -0.082485126499094327 -0.0023759954727332051
decision_type=10 10 8 10 10 2 8 10 10 10 2 2 2 2 2 10 10 10 10 10 10 2 10 10 8 10 10 10 10 10
left_child=-1 -2 3 10 5 23 7 28 13 -8 11 -3 -13 14 15 17 -17 -9 -16 -19 -11 -22 -23 24 -4 -26 27 -12 29 -6
right_child=1 2 4 -5 6 -7 9 8 -10 20 26 12 -14 -15 18 16 -18 19 -20 -21 21 22 -24 -25 25 -27 -28 -29 -30 -31
leaf_value=-1.2403276067897683e-05 -0.0014176643969386255 0.00013305526971743226 0.00057211360216725482 -0.00073441270900804654 -0.00085657971742399402 0.0023311887300130163 -0.0016399585329553163 0.00060077679700856355 -0.00098259685809159135 -0.00032337804326284158 0.00025385681650594934 0.0021070374083700886 5.741714865023723e-05 0.0019066920297044006 -0.0013410772862378509 0.00074259497815102682 -0.0012812436613185128 0.0033085770622801646 0.00079426200446204966 0.0010699328866356345 0.0016140064229730104 0.00097201289996213169 -0.0015156070627171986 0.00020333150104963723 0.0007397211560619478 0.0031754925448174882 0.00066036910064730457 -0.0012420981803725575 -0.0015457933567044073 0.0011044777872763118
leaf_weight=241136 373 5990 1486 2271 504 217 283 367 244 3255 437 427 327 338 375 1391 280 282 221 201 463 202 279 3588 238 205 369 832 295 392
leaf_count=241136 373 5990 1486 2271 504 217 283 367 244 3255 437 427 327 338 375 1391 280 282 221 201 463 202 279 3588 238 205 369 832 295 392
internal_value=-2.12834e-06 9.26849e-05 0.000114555 -5.92494e-05 0.000237125 0.000507955 7.14257e-05 0.000340558 0.000573154 -0.000222206 0.000123678 0.000254372 0.00121814 0.000683025 0.000550334 0.000810298 0.000403472 0.00161007 -0.000549282 0.00237697 -0.000126654 0.000551671 -0.00047091 0.000436241 0.000869461 0.00186688 -0.000414416 -0.000726943 -0.000381839 1.38294e-06
internal_weight=267268 26132 25759 10653 15106 5734 9372 4890 3699 4482 8382 6744 754 3455 3117 2521 1671 850 596 483 4199 944 481 5517 1929 443 1638 1269 1191 896
internal_count=267268 26132 25759 10653 15106 5734 9372 4890 3699 4482 8382 6744 754 3455 3117 2521 1671 850 596 483 4199 944 481 5517 1929 443 1638 1269 1191 896
is_linear=0
shrinkage=0.03


Tree=250
num_leaves=31
num_cat=0
split_feature=4 13 11 11 3 10 11 10 5 11 1 10 0 3 10 0 10 5 9 11 11 9 5 5 8 11 1 10 3 10
split_gain=0.416873 0.691675 0.458853 0.492213 0.401029 0.732781 0.485033 1.15133 0.619037 0.546845 0.772061 0.600284 0.433279 0.418953 0.609986 1.1949 1.00594 0.579453 0.694438 0.564706 0.986426 0.938985 0.82166 0.608606 0.62768 0.61218 0.604207 0.601611 1.32214 1.08691
threshold=-0.072951771337649171 0.036359441812190578 -0.0014733940465248561 0.0013595712792588979 -0.056561036505478328 0.0059692030208320377 0.00073892925960139532 -0.0030248983418358906 0.069459377879777684 -0.0018977520677725399 -0.012077294697404038 0.0019322119560739595 0.018674502015312181 -0.014062699223687468 -0.0041235522615818412 0.0067618884727824744 -0.0048640820557705458 0.086217248755580941 -0.12813551257111991 0.0024429925144738855 0.0040985195380104375 -0.10506266838427035 0.039682540713252244 0.058287152786253939 0.022330409510451257 -0.0027961301162618408 0.019288350352155485 -0.010872040601414166 -0.025988307739951141 -0.0062837051052680995
decision_type=8 2 10 10 8 8 10 10 10 10 2 10 10 8 8 10 10 10 10 10 10 10 10 10 8 10 2 10 10 10
left_child=1 -1 -3 -4 5 6 9 -8 -9 10 -2 -11 -7 14 15 16 19 -16 -19 23 22 -22 -21 24 25 -6 -23 28 -26 -29
right_child=4 2 3 -5 13 12 7 8 -10 11 -12 -13 -14 -15 17 -17 -18 18 -20 20 21 26 -24 -25 27 -27 -28 29 -30 -31
leaf_value=-0.00056392034807327656 0.00030935686059682714 0.00020126878322460813 0.0027541197805427188 0.00074019775010890809 -0.00078020609080946691 0.0016316225868609913 0.00060954052835623159 -0.0030153538771371196 -0.0011001186950041126 0.0016785168284167574 -0.002282455733049105 -0.00052785065299831326 -0.0001943537162035236 -7.8817881371515902e-06 6.0467256684148582e-05 0.0023391522936811989 0.0010560383116152527 -0.0018611561593066793 -2.0237473846865431e-05 -0.00013888119659960678 0.001768097483459945 -0.000830354737294013 -0.0021180984642787757 0.0013925990894551011 -0.0025638351633366918 0.0008910818025824308 0.00096235511424133495 0.00065850676738721226 0.00058081540601831092 -0.0013000365851125425
leaf_weight=317 212 296 215 222 234 219 238 246 397 219 202 225 251 209694 46600 261 1203 312 451 365 274 542 391 416 260 1256 246 947 224 349
leaf_count=317 212 296 215 222 234 219 238 246 397 219 202 225 251 209694 46600 261 1203 312 451 365 274 542 391 416 260 1256 246 947 224 349
internal_value=1.03391e-05 0.000606926 0.00111328 0.00173103 7.98624e-06 -0.000394547 -0.000678607 -0.00117305 -0.00183285 -0.000170913 -0.000955247 0.000560425 0.000656474 1.13541e-05 8.55962e-05 0.000347669 0.000270172 4.70402e-05 -0.000773012 9.84063e-05 -0.000334281 0.000255316 -0.00116252 0.000311815 0.000174321 0.000628611 -0.000270702 -0.000205956 -0.00110846 0.00013109
internal_weight=267284 1050 733 437 266234 2209 1739 881 643 858 414 444 470 264025 54331 6968 6707 47363 763 5504 1818 1062 756 3686 3270 1490 788 1780 484 1296
internal_count=267284 1050 733 437 266234 2209 1739 881 643 858 414 444 470 264025 54331 6968 6707 47363 763 5504 1818 1062 756 3686 3270 1490 788 1780 484 1296
is_linear=0
shrinkage=0.03


Tree=251
num_leaves=31
num_cat=0
split_feature=5 11 11 12 9 9 6 0 6 6 11 0 9 13 6 2 2 9 11 1 2 1 11 9 1 2 5 6 4 5
split_gain=0.426923 0.546609 1.09927 1.71223 1.37594 0.705819 0.823503 0.737769 0.661783 0.635785 0.83245 0.626577 0.614044 0.870498 0.707837 0.792879 1.18221 0.580489 0.745554 0.836337 0.556477 0.858405 0.578689 0.796584 0.89602 0.825851 0.608647 0.623652 0.626085 0.542577
threshold=0.039120950963567179 -0.0027961301162618408 -0.0033318839350413017 0.026334491549525 -0.0013327721318266981 -0.12426066542931773 -0.11158717123038418 -0.004003245268964172 -0.13237131541708427 0.0075210398232588025 -0.0030774522144919598 0.0010532575399431201 -0.023096972892106767 0.016349045504424477 0.11410898687902295 -1.9919265624982161 -0.72066823429605231 -0.042200833653176721 -0.005104155814304733 0.0068198566183161899 10.351842829342976 0.043939283787772128 0.0026344616080152821 -0.12426066542931773 0.014904596106135816 11.386562539716001 0.052618235616799465 0.1251691377100225 -0.0069621392962015962 0.052618235616799465
decision_type=10 8 10 10 8 10 10 10 8 10 10 10 10 2 10 10 10 10 10 2 8 2 10 8 2 8 10 8 10 10
left_child=-1 2 4 5 8 6 -4 -7 -2 10 -9 -11 17 -14 15 -15 -17 -10 -19 -20 -3 22 23 -22 25 -25 27 28 -27 -18
right_child=1 20 3 -5 -6 7 -8 9 12 11 -12 -13 13 14 -16 16 29 18 19 -21 21 -23 -24 24 -26 26 -28 -29 -30 -31
leaf_value=1.4888342331701523e-05 -0.0014012717403908284 -9.4485027810272776e-05 -0.00028107759995613265 -0.0019320718545539231 0.0017996549741692944 -0.00068913980060802125 0.0018329621556213429 0.0011298761112981887 -6.7863603125445742e-05 0.0024032742358543603 -0.0010085365815103939 0.00073450266571000475 0.0011559887859315559 -0.0028320891386980507 0.00019372340011426431 0.00052289330021058184 -0.0027736274025406717 0.0013139114345191744 -0.00047119043530603234 0.0016190890528793845 0.00091829993613460595 0.00089000179131022261 -0.0014776565567208454 -0.002251254944556452 0.00063338883221456606 0.0018156860680993924 -0.001319061078100847 -0.0013671405905974097 -0.00045089985554416974 -0.00072700501141000789
leaf_weight=197900 339 48962 209 231 355 422 803 305 9715 274 354 776 221 231 407 335 248 668 746 224 329 357 625 361 379 214 583 200 225 220
leaf_count=197900 339 48962 209 231 355 422 803 305 9715 274 354 776 221 231 407 335 248 668 746 224 329 357 625 361 379 214 583 200 225 220
internal_value=-7.55374e-06 -7.1625e-05 7.56861e-05 0.000560776 -4.37022e-05 0.000743992 0.00139637 0.000434183 -9.27056e-05 0.000711563 -1.88312e-05 0.00116997 -5.86215e-05 -0.000597187 -0.000866064 -0.00128321 -0.000837648 2.02207e-05 0.00054265 1.15133e-05 -0.000119802 -0.000498524 -0.000668518 -0.00044778 -0.000676853 -0.000990549 -0.000618115 2.14026e-05 0.000653996 -0.00181154
internal_weight=267218 69318 17083 3374 13709 3143 1012 2131 13354 1709 659 1050 13015 1662 1441 1034 803 11353 1638 970 52235 3273 2916 2291 1962 1583 1222 639 439 468
internal_count=267218 69318 17083 3374 13709 3143 1012 2131 13354 1709 659 1050 13015 1662 1441 1034 803 11353 1638 970 52235 3273 2916 2291 1962 1583 1222 639 439 468
is_linear=0
shrinkage=0.03


Tree=252
num_leaves=31
num_cat=0
split_feature=11 8 11 12 11 6 3 10 3 8 6 5 13 3 6 10 6 3 11 11 10 8 9 10 2 11 3 10 12 0
split_gain=0.325982 0.697741 1.11069 1.1207 0.965962 0.939912 0.756332 0.70625 0.702291 0.585129 0.5336 0.514327 0.484394 0.69176 0.740332 0.664137 0.657554 0.429278 0.957564 0.660184 1.78738 1.69686 0.648096 0.985363 1.66968 0.780511 0.742429 0.773948 0.825402 0.734643
threshold=0.0057107012636277163 0.03253842919984435 0.0067660142252137243 0.010552477903874482 0.0089139017152821704 0.0070918235967734064 -0.023749993642171226 -0.0004289695500651613 0.030535439430027681 0.027135902584164259 1.0000000180025095e-35 0.012713223337545829 0.016894033924345814 -0.014891172000038864 0.031885217313872734 -0.0037010090502252453 -0.0016053400681599881 0.028961107315372828 -0.012546539886328088 -0.012546539886328088 0.0025175133770660722 0.022531572785105061 -0.074223465139853048 -0.0013561827825562809 -1.5655225321886788 -0.0038815822646925953 0.036640877197469675 -7.8711120603869298e-05 -0.0066598485460998549 0.00063515170454697689
decision_type=10 8 10 10 10 8 8 10 10 10 10 10 2 10 10 10 10 8 8 8 10 10 8 10 10 8 10 10 10 10
left_child=17 7 6 4 5 -4 -3 9 11 12 -8 -9 15 -14 16 -2 -15 19 -19 20 -1 -22 23 24 -20 -26 27 -25 -29 -30
right_child=1 2 3 -5 -6 -7 10 8 -10 -11 -12 -13 13 14 -16 -17 -18 18 22 -21 21 -23 -24 26 25 -27 -28 28 29 -31
leaf_value=0.0030526928534889788 0.00097651290283349982 0.00042184827879376325 0.0031012874782318247 -0.0015057228603847599 -0.00068697231315309189 0.00035303938501913634 -0.0024429340449627491 -0.00081345745263301501 -0.00079372424502071215 0.00091480382895603614 -0.00077480234966851235 0.00074312136490017682 0.00037892066810875922 -0.00138162745703894 -0.0026694413431335327 -0.00054860731835425821 0.00065706113304138706 -0.0017117166159835856 0.0018403488280309831 -1.0483334419448437e-05 -0.0014727589330738478 0.0016530851785446366 0.00022947832697958791 -0.0010698357042819061 0.0011216735536209721 -0.00051835380314710832 -0.00062548265289326995 -0.00053179905025309499 -0.00045235232883033915 0.0014911868173125712
leaf_weight=235 519 232 240 203 200 210 325 201 320 462 368 3858 389 382 215 509 227 254 560 231463 335 293 18928 373 350 1029 3054 487 235 686
leaf_count=235 519 232 240 203 200 210 325 201 320 462 368 3858 389 382 215 509 227 254 560 231463 335 293 18928 373 350 1029 3054 487 235 686
internal_value=1.16699e-05 0.000190598 -0.000340732 0.000440083 0.00104777 0.00181877 -0.00106077 0.000323993 0.000559366 -5.73252e-05 -0.00155712 0.00066604 -0.000257737 -0.000663775 -0.00115602 0.000221371 -0.000621722 5.53208e-06 0.000121243 -7.39539e-06 0.000820814 -1.43635e-05 0.000139357 -0.000112461 0.000458894 -0.000102103 -0.000341594 0.000145209 0.000467092 0.000995278
internal_weight=267142 8860 1778 853 650 450 925 7082 4379 2703 693 4059 2241 1213 824 1028 609 258282 25956 232326 863 628 25702 6774 1939 1379 4835 1781 1408 921
internal_count=267142 8860 1778 853 650 450 925 7082 4379 2703 693 4059 2241 1213 824 1028 609 258282 25956 232326 863 628 25702 6774 1939 1379 4835 1781 1408 921
is_linear=0
shrinkage=0.03


Tree=253
num_leaves=31
num_cat=0
split_feature=3 6 11 11 5 8 11 13 6 11 11 3 6 5 9 9 6 5 5 9 9 3 6 6 13 2 1 1 2 5
split_gain=0.344671 0.860579 0.837569 1.91074 1.72748 1.67457 0.688113 0.687523 1.15388 0.678076 1.08792 0.807782 0.681166 0.64745 0.68061 0.640898 0.628164 0.626882 0.624638 0.799152 0.573596 0.686868 0.791742 0.59102 0.749551 0.54048 0.535787 0.803155 0.532344 0.543544
threshold=-0.024828838605150224 0.11410898687902295 -0.0040185140018970658 -0.0044698351252321347 0.044756289806448489 0.02442492076566204 -0.0058529657534840398 0.060739509416443474 -0.0032439845970552712 -0.0008308186409674011 -0.0010677858084496281 -0.031037184623754984 -0.012510130689012798 0.067898234176967248 -0.14318809233710009 -0.13232461211816068 -0.043155918435512579 0.030632244587013652 0.086217248755580941 -0.21465422878873616 -0.063361932159896037 -0.044457566656412477 0.017103756770452731 0.044901024135594388 0.026777145458575107 -0.52501237572245241 -0.013377480822895858 -0.018656716683469129 -2.4594223320601709 0.041098873056463543
decision_type=10 10 8 10 10 8 10 2 10 10 8 10 10 10 8 10 10 8 8 10 8 10 10 10 2 10 2 2 8 10
left_child=1 2 3 5 -5 6 25 9 15 10 17 12 18 14 -13 -9 -12 -4 26 -20 21 22 -14 24 -22 -1 27 -11 29 -16
right_child=-2 -3 7 4 -6 -7 -8 8 -10 11 16 13 20 -15 28 -17 -18 -19 19 -21 23 -23 -24 -25 -26 -27 -28 -29 -30 -31
leaf_value=-0.00081312859685100404 -1.4622439631030748e-05 -0.00099949058801645325 -0.00056718429114626658 -8.1079827618914723e-06 -0.0031151607752432143 0.000579984601026125 -8.9340591553221536e-05 0.00092025373867885181 0.0028819128067860771 4.9061056347865308e-05 0.0029982762113213535 -0.000407893032695979 -0.0011156951218995695 0.0018993295232412571 0.00025887985476137762 -0.00084168781816050054 0.00084539357824977147 0.00040026304158931125 -0.0023934993718620927 -0.00017070087393356929 0.00038073441931572844 -0.0013409865274092694 0.0010616885516310816 0.001480367879445951 -0.0018295177664946424 -0.0026618700778817581 2.9667750713397627e-06 0.0017934922464331962 0.00059581188968381167 -0.0015108194692584219
leaf_weight=327 239422 630 677 284 372 1810 489 692 215 587 210 1064 312 229 496 254 291 5500 208 485 407 1036 290 208 209 252 6307 399 3474 228
leaf_count=327 239422 630 677 284 372 1810 489 692 215 587 210 1064 312 229 496 254 291 5500 208 485 407 1036 290 208 209 252 6307 399 3474 228
internal_value=-2.98603e-06 9.67209e-05 0.000122007 -0.000308925 -0.00177003 2.41141e-05 -0.000917951 0.000186054 0.000898052 0.000149505 0.000403281 4.31802e-05 -0.000111647 0.000337778 0.000269819 0.000447174 0.0017478 0.000294231 2.28495e-05 -0.000837861 -0.000547913 -0.000872692 -6.67894e-05 9.77017e-05 -0.000369173 -0.00161776 0.000104636 0.000754972 0.000441588 -0.000298429
internal_weight=267364 27942 27312 3534 656 2878 1068 23778 1161 22617 6678 15939 10448 5491 5262 946 501 6177 7986 693 2462 1638 602 824 616 579 7293 986 4198 724
internal_count=267364 27942 27312 3534 656 2878 1068 23778 1161 22617 6678 15939 10448 5491 5262 946 501 6177 7986 693 2462 1638 602 824 616 579 7293 986 4198 724
is_linear=0
shrinkage=0.03


Tree=254
num_leaves=31
num_cat=0
split_feature=1 4 4 4 10 9 10 13 2 13 0 1 7 2 5 5 10 13 6 10 12 10 9 13 2 7 7 9 13 4
split_gain=0.411535 0.844932 0.978524 0.701329 0.774964 0.637835 0.718181 0.560862 0.967032 0.544463 0.946539 0.904258 0.772634 0.696516 0.636839 0.798085 0.617293 1.17728 1.4976 1.15182 1.07135 0.867423 0.79231 0.727262 0.572675 0.564864 0.622329 0.548651 0.53959 0.517062
threshold=0.02198476017051432 -0.013215398086345141 0.094260356580200724 -0.01235240357808026 -0.017340498250633881 -0.0038020911596483016 0.00010802647952978807 0.032298569732212991 -0.91882388437747575 0.037972992514210026 -0.018128568639205419 0.031621298837954732 0.20144525535876959 -2.2918760682488357 0.026291655012080379 0.024118704018856376 0.0030428545700093017 0.069267995657114542 -0.0045008400131798512 0.0013038173820879575 0.043082652391379213 0.0037467727044742109 -0.059055663705313281 0.046302711475058288 9.7768384055991699 0.22153836425394693 0.045249505291403487 -0.053899664493991799 0.034156260521260924 0.0028191528016991989
decision_type=2 8 10 10 10 8 10 2 10 2 10 2 8 10 10 10 10 2 10 10 10 10 10 2 10 8 10 10 2 10
left_child=-1 7 3 -3 -5 9 -7 8 -2 13 -11 25 16 29 15 -15 17 18 23 20 22 -18 -20 -13 -23 26 -12 -28 -9 -6
right_child=1 2 -4 4 5 6 -8 28 -10 10 11 12 -14 14 -16 -17 21 -19 19 -21 -22 24 -24 -25 -26 -27 27 -29 -30 -31
leaf_value=-2.4502401857072863e-06 -0.00051232062957342001 0.0020480221412014039 -0.0017346941420312405 -0.001490890938821914 0.0028745467860169485 -0.0020520660262031858 0.00039385726524978482 -0.0016016612429966164 0.0015641561911317959 0.0016777860383125878 -0.00074800713284889396 0.00094899781897788771 0.0013716571806507388 0.0006971484148438423 0.00015824221773768059 0.002692671011106294 -0.0022108851224184036 -0.00086289066214432792 0.00159167836258278 0.0029593798613468942 0.0024336070494687351 -0.00067379548162847878 -0.00073405602796507694 -0.0011378129011847906 0.001257492251052345 -0.0017266200057577939 0.0017763746201242432 -0.00013395996458931411 -0.00021888461638701359 0.00094990069287457417
leaf_weight=251826 393 214 207 210 204 207 226 272 415 374 839 239 595 1148 1874 214 205 490 208 324 263 366 360 405 222 265 205 398 3834 327
leaf_count=251826 393 214 207 210 204 207 226 272 415 374 839 239 595 1148 1874 214 205 490 208 324 263 366 360 405 222 265 205 398 3834 327
internal_value=6.78523e-06 0.000156803 0.000307677 0.000348399 0.000312628 0.000350662 -0.000775441 -0.000168309 0.000554187 0.000401853 0.000218396 0.00011702 0.000381921 0.000682275 0.000517028 0.00101069 0.000190847 0.000440746 0.000795822 0.00144215 0.000850599 -0.000530488 0.000117621 -0.00036336 5.53642e-05 -0.000453598 -0.000219651 0.00051549 -0.000310486 0.00168931
internal_weight=267329 15503 10589 10382 10168 9958 433 4914 808 9525 5758 5384 3677 3767 3236 1362 3082 2289 1799 1155 831 793 568 644 588 1707 1442 603 4106 531
internal_count=267329 15503 10589 10382 10168 9958 433 4914 808 9525 5758 5384 3677 3767 3236 1362 3082 2289 1799 1155 831 793 568 644 588 1707 1442 603 4106 531
is_linear=0
shrinkage=0.03


Tree=255
num_leaves=31
num_cat=0
split_feature=4 1 7 2 9 13 1 10 3 10 2 12 4 9 11 13 7 8 3 12 13 1 4 10 8 13 8 9 9 10
split_gain=0.388336 0.817017 0.905997 0.855373 1.0878 0.656582 0.706597 0.829813 0.742855 0.626535 0.618488 0.589464 0.692794 0.735317 0.909346 0.644511 0.932364 0.967242 0.713355 0.680062 0.663099 0.616924 1.50377 0.615743 0.604431 0.576823 0.517425 0.832148 0.572417 0.545173
threshold=0.0064557997508122309 -0.03893020356864673 -0.080446175517744953 9.3801751008015533 -0.088141959968327008 0.042531540088033663 0.010287582198841629 0.004396140493020507 0.060918722143085365 -0.0055056309784668458 -0.78321436973211211 0.043082652391379213 0.027663225857651356 -0.017898059548734354 5.3945479989825358e-05 0.045249210407717462 0.010019992141886981 0.021936570558263795 0.012296329646563022 -0.031093505766181747 0.069267995657114542 0.0066585482334456944 0.032215973794014759 0.00060792241089746579 0.029598597517826033 0.033757772185589084 0.06566694001655618 -0.0074461026750203265 -0.16666665605328254 0.00086287470473278571
decision_type=10 2 8 10 10 2 2 10 10 10 10 8 10 8 8 2 8 10 10 10 2 2 10 8 10 2 8 8 10 10
left_child=-1 -2 3 4 5 6 8 -8 9 -3 -7 15 13 14 -13 19 24 -18 -19 -4 21 22 -20 -14 -17 -5 28 -28 -21 -30
right_child=1 2 11 25 -6 10 7 -9 -10 -11 -12 12 23 -15 -16 16 17 18 20 26 -22 -23 -24 -25 -26 -27 27 -29 29 -31
leaf_value=-2.4802286514099698e-05 -0.00079157493817287366 -0.00078847019290836592 0.0012139449858390536 0.00075688683819835156 0.0023745109069146972 4.7400887656227331e-05 0.001283492849910736 -0.00059841389270293968 0.0018419301229218642 0.00019227713619258214 -0.0019627619589772127 0.0034222584004411855 0.00097208808262103216 -7.2199791121258311e-05 0.0006820899542541273 -0.0025315601626781608 0.0013675246631455478 0.0012396860861710074 -0.002862225581431465 -0.00095642407384094539 -0.0022276015907046524 0.00011775760760954721 -2.0559894566247668e-05 -0.0010063268101810918 -0.00041217812752594875 0.0026038078087190397 0.0021911116500115211 0.00015753589635876628 -6.317296970653245e-05 0.00011209129157204653
leaf_weight=187475 1015 657 438 466 214 337 1064 263 225 5443 233 219 265 219 217 279 316 210 264 538 202 903 459 304 214 226 256 619 31309 32610
leaf_count=187475 1015 657 438 466 214 337 1064 263 225 5443 233 219 265 219 217 279 316 210 264 538 202 903 459 304 214 226 256 619 31309 32610
internal_value=-1.19064e-06 5.41529e-05 6.50231e-05 0.000346099 0.000262924 0.000207964 0.000281133 0.000910515 0.000149087 8.66458e-05 -0.000774297 2.82874e-05 0.000680847 0.00134607 0.00205846 1.66469e-05 -0.00042527 -0.000176819 -0.000416276 3.57763e-05 -0.000606513 -0.000405123 -0.00105818 -8.49209e-05 -0.00161158 0.00136007 2.78776e-05 0.000752502 1.80408e-05 2.62428e-05
internal_weight=267459 79984 78969 9128 8436 8222 7652 1327 6325 6100 570 69841 1224 655 436 68617 2847 2354 2038 65770 1828 1626 723 569 493 692 65332 875 64457 63919
internal_count=267459 79984 78969 9128 8436 8222 7652 1327 6325 6100 570 69841 1224 655 436 68617 2847 2354 2038 65770 1828 1626 723 569 493 692 65332 875 64457 63919
is_linear=0
shrinkage=0.03


Tree=256
num_leaves=31
num_cat=0
split_feature=9 9 8 11 12 2 2 1 11 3 1 11 11 2 5 12 12 8 8 11 1 5 11 9 5 8 13 12 5 8
split_gain=0.314121 0.577355 0.984057 0.590637 0.441775 0.435163 0.778463 1.02329 0.655411 0.556745 0.508769 0.485286 0.75885 0.476107 0.459239 0.412637 0.64613 0.594302 0.945327 0.535507 0.765297 0.757158 1.00496 1.22851 0.612885 0.465815 0.461106 0.447851 0.660813 0.557582
threshold=-0.0064463921836128693 -0.0054303078417323172 0.023027649999032462 0.00026563041610017107 0.0095917927069295045 -0.77066178204768088 1.0000000180025095e-35 -0.0098520952037590131 -0.0016335004347811652 0.026857202354491742 0.011613973157935888 -0.0030346586420925132 -0.0018118333785899219 8.1657707513386146 0.012908561983790758 0.016602625916456119 0.012760878964943602 0.038778448648281699 0.027428559840021922 -0.0011190851362944951 -0.0078826991961180575 0.055980945427955023 -0.0046952678783172544 -1.0000000180025095e-35 0.052618235616799465 0.018840563617885706 0.026988964652642947 0.0060157418831802154 0.025176294008117335 0.016047066264435663
decision_type=8 8 8 8 8 10 10 2 8 10 2 8 10 10 10 10 10 10 10 8 2 10 10 8 10 10 2 10 10 8
left_child=-1 2 4 -4 -2 15 7 8 -7 11 -11 -9 -13 -8 -15 16 17 18 19 21 -21 22 23 -3 25 -22 -20 28 29 -24
right_child=1 5 3 -5 -6 6 13 9 -10 10 -12 12 -14 14 -16 -17 -18 -19 26 20 24 -23 27 -25 -26 -27 -28 -29 -30 -31
leaf_value=-1.4532719810940307e-05 0.00040634054358579551 0.00018545265672590105 0.00090882576886330271 0.002948316059288724 -0.001064160024294647 -0.00040317458658479149 0.0010322703472438854 -0.0013066072644521583 -0.0024632837367281257 8.3005645891563116e-05 0.0017656353986016116 0.0010730498793193358 -0.00044249374386268913 0.0011221660760503899 -0.00036961639017896603 -0.00054951617307728146 0.0017220010910845862 -0.0013726441682291415 0.00065948516690769331 0.0012134005265927224 0.00039172065623407372 0.001542856882231823 -0.00017151215110825153 -0.0029054205806589104 -0.0012918662527876266 -0.00083726037987614057 0.0023678928767844271 -0.0013293138104403896 -0.00073755814571154247 0.0011689537245411126
leaf_weight=251133 1306 202 334 207 214 250 662 437 313 727 208 349 2009 246 758 625 260 210 323 764 2895 207 524 271 242 307 254 214 536 598
leaf_count=251133 1306 202 334 207 214 250 662 437 313 727 208 349 2009 246 758 625 260 210 323 764 2895 207 524 271 242 307 254 214 536 598
internal_value=-6.21324e-06 0.00012078 0.000590393 0.00168919 0.00019931 5.35248e-05 -0.000142712 -0.000356317 -0.00154849 -0.000176371 0.000457323 -0.000388359 -0.000218183 0.000407711 -4.09997e-06 0.000192208 0.000251588 0.000200931 0.00024597 0.000146482 0.00035442 -0.000196387 -0.000349915 -0.00158543 0.000163868 0.000273889 0.00141154 -3.77363e-05 0.000128969 0.000542925
internal_weight=267585 16452 2061 541 1520 14391 5959 4293 563 3730 935 2795 2358 1666 1004 8432 7807 7547 7337 6760 4208 2552 2345 473 3444 3202 577 1872 1658 1122
internal_count=267585 16452 2061 541 1520 14391 5959 4293 563 3730 935 2795 2358 1666 1004 8432 7807 7547 7337 6760 4208 2552 2345 473 3444 3202 577 1872 1658 1122
is_linear=0
shrinkage=0.03


Tree=257
num_leaves=31
num_cat=0
split_feature=12 12 4 10 3 0 1 0 9 11 12 10 11 11 0 1 4 10 7 5 10 4 0 1 3 9 11 2 12 4
split_gain=0.315242 0.820281 0.876036 0.596121 0.617926 0.59375 0.77228 1.21554 0.842524 0.592186 0.769121 0.982331 0.978378 0.917023 0.694419 0.885283 0.756562 0.683646 0.589857 0.572873 0.747588 0.664075 0.571679 0.773368 0.993234 0.830306 0.968425 0.870267 0.843512 0.92451
threshold=0.0027018519775784404 0.003783404101297017 0.039143436250097315 0.00032090436257026239 0.10364567970858764 -0.0042948456055665321 0.0063128403770433836 -0.0050715417588754743 -0.026957577898237158 -0.005365314619582894 0.024050800386966779 0.0019186851022239273 -0.0029568579253022027 -0.0036759829047361965 0.015200769900258095 0.0042288822118190525 0.058985007609230651 0.0015252582124792859 0.14364256223932551 0.043309941845436822 -0.0030248983418358906 0.0024509876369418486 0.0060456039921609203 -0.018656716683469129 -0.063667455171537865 -0.10970846636203417 0.0049856292000842748 -1.5655225321886788 -0.0016503237335708796 0.042901326330239693
decision_type=8 10 8 8 8 10 2 8 8 10 10 10 10 10 10 2 10 10 10 10 10 10 8 2 8 8 10 8 10 10
left_child=22 2 19 4 -3 6 8 -8 -5 18 14 17 13 -13 16 -16 -11 -12 -7 21 -21 -2 -1 -24 -25 -26 28 -28 -27 -30
right_child=1 3 -4 5 -6 9 7 -9 -10 10 11 12 -14 -15 15 -17 -18 -19 -20 20 -22 -23 23 24 25 26 27 -29 29 -31
leaf_value=5.4408340807887918e-05 -0.00046809943876232371 -9.2757345221265765e-05 0.0012485385095085124 0.001716016983871732 -0.0013985950738442127 -0.00047488874248537637 -0.00011340698317379631 0.0015444918900012722 -0.00024763862087085094 -2.0503810179745703e-05 0.00065228815163960257 0.00012847676274810579 0.00033354469737592731 -0.0021968721664110415 0.0021232078033393584 0.00028917573026314257 -0.0014913192097941097 0.0020735670499225172 0.0010491541484163448 -0.0026518188892206284 -0.00062011690594861114 8.2592004120739568e-05 0.00017639345665752438 -0.0018284056812990456 0.00014263683989934833 -0.00034367954066783207 -0.00080830935081302815 0.00086060039666132878 -1.7764031940000766e-05 0.0019104134266063771
leaf_weight=127706 5624 37484 317 684 329 3061 2354 479 276 30831 1257 321 3153 291 264 2305 318 402 247 204 811 3034 9172 308 8442 19155 358 1311 6332 232
leaf_count=127706 5624 37484 317 684 329 3061 2354 479 276 30831 1257 321 3153 291 264 2305 318 402 247 204 811 3034 9172 308 8442 19155 358 1311 6332 232
internal_value=-2.10447e-06 -4.63134e-05 -0.000303314 -1.57691e-05 -0.000104119 5.64749e-05 0.000416098 0.000166908 0.00115147 2.43418e-05 5.69159e-05 0.00038848 0.000120483 -0.000977204 3.57923e-06 0.000477648 -3.55194e-05 0.000996685 -0.000361092 -0.000354171 -0.00102846 -0.000275122 2.19261e-05 -6.96249e-05 -0.000132066 -0.000117484 -0.000197662 0.00050262 -0.000243106 5.03861e-05
internal_weight=267062 94046 9990 84056 37813 46243 3793 2833 960 42450 39142 5424 3765 612 33718 2569 31149 1659 3308 9673 1015 8658 173016 45310 36138 35830 27388 1669 25719 6564
internal_count=267062 94046 9990 84056 37813 46243 3793 2833 960 42450 39142 5424 3765 612 33718 2569 31149 1659 3308 9673 1015 8658 173016 45310 36138 35830 27388 1669 25719 6564
is_linear=0
shrinkage=0.03


Tree=258
num_leaves=31
num_cat=0
split_feature=12 0 6 2 6 8 9 6 13 11 8 2 5 1 8 11 0 10 1 1 13 6 8 2 5 5 10 8 13 6
split_gain=0.385652 0.619347 0.64185 0.891657 0.780109 1.54325 0.588117 0.590017 0.764509 0.553617 0.919808 1.21325 0.556304 0.532941 0.609941 0.676925 0.640749 0.865115 0.588902 0.521299 0.519942 0.498295 0.498004 0.492232 0.489251 0.756666 0.789617 0.633005 0.628097 0.601413
threshold=-0.015171084589503168 0.023430777710393928 0.13153770412333102 -1.1094450968898535 0.068898551427220359 0.033006804368115483 -0.20736782705745574 -0.034917029735861131 0.021668774254838822 -0.010757996424146763 0.020321471808435222 -0.58114341396357683 0.030632244587013652 -0.018251609138072552 0.059080598138895372 0.0026991751158395032 0.00069371700398968017 -0.0011789319198594603 -1.0000000180025095e-35 -0.017842371975783419 0.033006481731156424 0.23968869885597513 0.031456098744024989 -0.39105917160574405 0.049385907765278965 0.055254817359978121 -0.0004289695500651613 0.02442492076566204 0.041759288596271225 -0.15568417469660031
decision_type=10 10 10 8 8 8 8 10 2 10 8 10 8 2 10 10 10 10 2 2 2 10 10 10 8 10 10 8 2 10
left_child=24 9 4 -4 6 -6 -3 8 -8 10 11 -2 -12 22 19 16 17 -16 -18 -15 -10 -21 -11 -14 -1 26 -26 -28 -29 -27
right_child=1 2 3 -5 5 -7 7 -9 20 13 12 -13 23 14 15 -17 18 -19 -20 21 -22 -23 -24 -25 25 29 27 28 -30 -31
leaf_value=0.00018896378316983863 0.0029203859339225298 -0.0008524395452626049 -0.0020772383901770616 0.00063843309894899287 0.00018698000579961906 0.0033070617291109956 0.0020404146347906037 0.00013139260382663033 -0.00029817571179797004 -0.0008558221277062824 0.00091783818839827466 0.00024309347857111785 -0.0014384250743615049 0.0011817582835974129 0.00075760476886363437 0.001993657742720457 -4.3209378922862616e-05 -0.0019376649303012527 0.0016425531923449635 -1.889115888676306e-05 0.0012481568529298245 0.00098261430790963847 0.00041469154016037158 0.00044808266459977645 -0.0014102393867355349 -0.0014861710294080184 -0.0011994718879353829 0.0007305698481172904 -0.00085452924251096338 0.0001302922687254214
leaf_weight=20982 278 375 227 209 354 239 387 2462 426 1214 315 337 310 327 209 259 360 220 387 227182 362 448 360 208 685 214 390 698 332 6471
leaf_count=20982 278 375 227 209 354 239 387 2462 426 1214 315 337 310 327 209 259 360 220 387 227182 362 448 360 208 685 214 390 698 332 6471
internal_value=8.46866e-06 -4.29256e-06 0.000324688 -0.00077546 0.00042885 0.00144448 0.000278732 0.000395364 0.000948468 -1.14281e-05 0.000573341 0.00145332 -7.63404e-05 -1.50942e-05 -1.13193e-05 0.000605243 0.000299461 -0.000624585 0.000830137 -1.52006e-05 0.000412195 -1.69201e-05 -0.000565235 -0.000680908 0.000110249 -7.76443e-05 -0.000573669 -0.000170113 0.000219645 7.85461e-05
internal_weight=267227 237455 5041 436 4605 593 4012 3637 1175 232414 1448 615 833 230966 229392 1435 1176 429 747 227957 788 227630 1574 518 29772 8790 2105 1420 1030 6685
internal_count=267227 237455 5041 436 4605 593 4012 3637 1175 232414 1448 615 833 230966 229392 1435 1176 429 747 227957 788 227630 1574 518 29772 8790 2105 1420 1030 6685
is_linear=0
shrinkage=0.03


Tree=259
num_leaves=31
num_cat=0
split_feature=3 3 0 1 11 8 10 7 8 11 11 0 10 8 11 13 10 10 13 11 0 11 11 1 7 1 0 1 1 12
split_gain=0.519304 0.760184 0.982126 0.890031 0.805682 0.713724 0.742248 0.738711 0.686876 0.830971 2.20063 1.00274 0.811763 0.883723 0.893611 0.786193 0.738337 0.930317 1.23376 0.950737 0.813253 0.90641 1.42222 1.25021 1.17929 0.991515 1.27868 0.982007 0.975021 0.865416
threshold=-0.014062699223687468 -0.01132554322990431 0.003201779960592011 -0.0072105847264469216 -0.0015988137752460105 0.029942219470250959 0.0032065108569750982 -0.081980750882097816 0.031862229501837654 0.0067660142252137243 0.0057107012636277163 0.0049119685264812371 -0.0017260044631248193 0.025818946107374747 -0.012546539886328088 0.053331140722772709 0.0024756697197344528 -0.00066053218267364533 0.0088558323869253695 0.0042070179101592062 -0.0046120545317227526 -0.0033829897734199972 -0.0017490787565381802 0.0091491686350552177 0.34999994988344224 0.021271828914867456 0.0042770459150095483 0.0071852993179384326 0.0026849517039636566 -0.01651670305186614
decision_type=10 8 10 2 10 10 10 8 10 10 10 10 8 10 10 2 10 8 2 10 10 8 8 2 8 2 10 2 2 8
left_child=-1 2 -2 4 -4 7 -7 -5 12 10 16 -11 13 14 -3 -16 17 -10 -19 20 -20 27 23 -23 25 29 -27 -22 -26 -24
right_child=1 8 3 5 -6 6 -8 -9 9 11 -12 -13 -14 -15 15 -17 -18 18 19 -21 21 22 24 -25 28 26 -28 -29 -30 -31
leaf_value=8.1623984353777703e-05 -2.257386372378905e-05 0.0017820424712330861 -0.0019077018356407295 0.00064981703066105075 -0.0005517481990752692 0.0014335626146926934 -0.00072840747389770854 -0.00072957456839701173 -4.9997904727886556e-06 0.0022970625924285163 -0.0019946735397796548 -0.00023793062594003195 5.0331886845242313e-05 0.00022003614849240414 -0.00022011744846165622 0.0011797387888724247 9.5342377967012597e-05 0.0018424952532616068 -0.0012511390062129337 -0.0014925307776654825 -0.00059320938486921802 0.00035446406108602299 0.00063879783295814135 0.0029386670746932323 -0.00072682130187409137 -0.00052324071339699589 0.0024348710084866202 -0.0025319378456394926 -0.0032525905162818134 -0.00051268727428834199
leaf_weight=58397 6779 206 718 415 875 383 228 2211 8723 275 578 287 135014 5839 26866 366 9224 211 893 764 1344 887 698 208 410 248 280 285 207 3708
leaf_count=58397 6779 206 718 415 875 383 228 2211 8723 275 578 287 135014 5839 26866 366 9224 211 893 764 1344 887 698 208 410 248 280 285 207 3708
internal_value=2.52676e-06 -1.95602e-05 -0.000255489 -0.000582391 -0.00116291 -0.000296706 0.000626805 -0.000511582 -5.69379e-06 -0.00013993 -0.000162326 0.0010025 1.76213e-05 -0.000115094 -0.000186413 -0.000201303 -0.000124622 -0.000232168 -0.000427533 -0.000475758 -0.000391027 -0.000298208 -0.000142762 0.000845345 -0.000337677 -0.000183049 0.00104545 -0.000932398 -0.0015742 -0.000330269
internal_weight=267527 209130 11609 4830 1593 3237 611 2626 197521 29230 28668 562 168291 33277 27438 27232 28090 18866 10143 9932 9168 8275 6646 1095 5551 4934 528 1629 617 4406
internal_count=267527 209130 11609 4830 1593 3237 611 2626 197521 29230 28668 562 168291 33277 27438 27232 28090 18866 10143 9932 9168 8275 6646 1095 5551 4934 528 1629 617 4406
is_linear=0
shrinkage=0.03


Tree=260
num_leaves=31
num_cat=0
split_feature=7 6 8 11 11 11 10 11 8 4 8 8 6 12 6 10 6 10 5 11 11 10 13 11 7 3 0 7 3 11
split_gain=0.355694 0.586717 1.16599 0.676437 0.965829 1.1812 0.73589 0.709041 1.35797 0.932805 0.576375 0.529286 0.647805 0.516964 0.697224 0.719283 0.399157 0.342032 0.309892 0.853334 1.05468 0.427192 0.596522 0.58148 0.837231 0.51613 0.485394 0.722418 0.75686 0.462944
threshold=0.32519847238428096 0.23968869885597513 0.050945022745718195 -0.0017490787565381802 -0.0023325018854586928 -0.0030346586420925132 -0.0033757434950809069 0.0019222775715913578 0.040188373578521487 -0.00082130259566093311 0.052966135946296573 0.050945022745718195 0.01912191269186159 0.0058631572914619188 0.084563057947879675 0.0016817068715003771 0.042354299073736675 0.0018819521448376622 0.013976212358009192 0.0065392418405726413 0.0057107012636277163 -0.0041925162433013021 0.0062422151020392475 -0.0013331111573297025 -0.0034202507393462085 -0.0016890078730364964 -0.003475072875677165 0.10750314804260876 0.00040715784333533739 0.00010446439662858965
decision_type=10 10 10 8 10 10 8 10 8 10 10 10 10 8 10 10 10 10 10 10 10 8 2 10 10 10 8 8 10 10
left_child=18 3 -3 4 5 10 -5 11 17 -10 -2 12 -8 14 -14 -16 -13 -9 19 20 21 22 -1 25 -25 -24 27 28 -23 -30
right_child=1 2 -4 6 -6 -7 7 8 9 -11 -12 16 13 -15 15 -17 -18 -19 -20 -21 -22 26 23 24 -26 -27 -28 -29 29 -31
leaf_value=-0.0012698604323148806 0.0012803058997319153 0.0025555830227888439 -0.00025780181932987033 -0.0012767147248840943 0.0025194719130787152 -0.0013797860649784148 0.00072083339283532648 0.0028472044158423708 0.0011280306719368459 -0.0016197091814584709 -0.00053413557641098061 -0.00029004180456647578 -0.0015075513334678753 -0.0019157047646585852 0.001389473385421695 -0.0010018151232323266 0.0014325643735494287 0.0011387387915359189 -9.0735360779033944e-06 -0.0015428315166815087 0.0019649530898093034 0.0008922144336669499 -0.0020500904652769403 0.0011620752372005852 -0.00057433554466681039 -5.3889851933192522e-06 8.4582922112042347e-05 0.0020541006751289867 0.00030231242725844878 -0.00097777244447498982
leaf_weight=467 704 275 256 414 220 272 288 215 205 243 203 233 336 310 247 209 252 207 234132 283 274 1133 204 543 463 244 23267 251 616 433
leaf_count=467 704 275 256 414 220 272 288 215 205 243 203 233 336 310 247 209 252 207 234132 283 274 1133 204 543 463 244 23267 251 616 433
internal_value=7.05793e-06 0.000255469 0.00119922 0.000145523 0.000694702 0.000354202 -9.76872e-05 8.01334e-05 0.00078796 -0.000362373 0.000874207 -0.000248298 -0.000546032 -0.000877119 -0.000470602 0.000293466 0.000605003 0.00200917 2.23857e-06 9.62313e-05 0.00011286 9.44871e-05 -0.000337048 -3.74442e-05 0.000362912 -0.000936458 0.000126743 0.000529925 0.000354596 -0.000226073
internal_weight=267399 5089 531 4558 1399 1179 3159 2745 870 448 907 1875 1390 1102 792 456 485 422 262310 28178 27895 27621 1921 1454 1006 448 25700 2433 2182 1049
internal_count=267399 5089 531 4558 1399 1179 3159 2745 870 448 907 1875 1390 1102 792 456 485 422 262310 28178 27895 27621 1921 1454 1006 448 25700 2433 2182 1049
is_linear=0
shrinkage=0.03


Tree=261
num_leaves=31
num_cat=0
split_feature=13 11 9 11 10 3 8 10 10 10 8 11 11 11 11 10 5 10 10 8 11 11 2 10 11 8 10 1 3 5
split_gain=0.397639 0.729901 1.0793 0.917993 1.44222 1.47078 1.11206 0.858833 0.996327 1.24673 1.11751 1.06372 1.49015 0.82983 1.30015 0.772818 0.736174 0.732634 0.676533 0.773654 0.749694 1.16849 1.3433 1.07612 0.883408 0.780213 1.12891 0.722016 0.734477 0.688105
threshold=0.014696372178275701 -0.0040185140018970658 -0.00039096901419055635 -0.0027961301162618408 0.0066181232477415817 -0.0021854917617583065 0.013089171870107989 0.011254416162038596 0.0033453973346292414 0.0026693792614920224 0.015798330678324545 -0.0065286733926540599 -0.0069810768381362012 -0.0032190635843080679 -0.0031245013392179328 -9.0218102185568566e-06 0.026708973157373212 -0.0018969835059131077 -0.0086377534955604501 0.020140661759303468 -0.0015424658277066736 -0.0016335004347811652 10.955286607492502 -0.0011789319198594603 -0.0018310234782946686 0.018584729099335669 0.00090742657854225872 0.008311225662386847 0.018578578360367696 0.019502274054429815
decision_type=2 10 8 10 10 10 8 10 10 10 10 8 8 10 10 10 10 10 8 10 10 10 8 10 10 10 10 2 10 10
left_child=1 2 7 4 6 -6 13 8 9 11 -10 12 15 -3 -15 -1 -12 -16 19 -5 21 22 23 -20 -25 26 -23 -22 -29 -26
right_child=-2 3 -4 18 5 -7 -8 -9 10 -11 16 -13 -14 14 17 -17 -18 -19 20 -21 27 25 -24 24 29 -27 -28 28 -30 -31
leaf_value=0.00062553974818530065 -4.4197574107671542e-05 -0.00020970511822230456 -0.0016786793163848371 0.0011638354789890674 -0.00038268201536001553 -0.003034440973380122 5.0378355519274425e-05 -0.0015479200726053611 0.0021179461709302967 -0.00073673615388378721 -0.00027224535010634111 0.00057856161375492948 -0.0025056089709777339 -0.0032332644587359772 0.00074052980335545721 -0.0012631157193260314 0.0014827336373042402 -0.0012511535445724697 -0.0004359459532726317 -0.00049074657383808406 -3.2007522706305052e-05 0.00098899156150760587 0.0020444799632435211 5.0573393129468864e-05 0.001252610512408594 0.00010946828171140505 0.0034789949739287194 0.00057535101702435251 -0.0010342525350944406 0.00023407402617588638
leaf_weight=723 164064 1447 246 945 440 329 6352 213 580 1018 539 5255 243 244 220 267 358 680 2710 348 67004 679 323 5635 1184 499 216 2874 280 1204
leaf_count=723 164064 1447 246 945 440 329 6352 213 580 1018 539 5255 243 244 220 267 358 680 2710 348 67004 679 323 5635 1184 499 216 2874 280 1204
internal_value=-1.5188e-05 3.09954e-05 0.000282389 5.63927e-06 -0.000270483 -0.00151718 -0.000163281 0.000334849 0.000379493 0.000239341 0.00109173 0.000392493 -0.000400527 -0.000687081 -0.0012909 0.000116175 0.000428181 -0.000764298 3.7602e-05 0.000718519 2.69441e-05 0.000241483 0.000138282 8.09171e-05 0.000255503 0.00105998 0.00158993 -1.11272e-05 0.000432457 0.000739077
internal_weight=267119 103055 9442 93613 9712 769 8943 9196 8983 7506 1477 6488 1233 2591 1144 990 897 900 83901 1293 82608 12450 11056 10733 8023 1394 895 70158 3154 2388
internal_count=267119 103055 9442 93613 9712 769 8943 9196 8983 7506 1477 6488 1233 2591 1144 990 897 900 83901 1293 82608 12450 11056 10733 8023 1394 895 70158 3154 2388
is_linear=0
shrinkage=0.03


Tree=262
num_leaves=31
num_cat=0
split_feature=12 7 6 4 5 13 7 13 8 8 10 12 0 5 4 6 13 6 7 13 9 0 12 7 8 6 6 0 10 3
split_gain=0.280729 0.584542 0.626354 0.63898 0.662891 0.785434 0.683959 0.599367 0.882605 0.631231 0.625013 0.577374 0.893487 0.739966 0.650904 0.491688 0.706551 0.41485 0.543607 0.447279 0.372648 0.353414 0.645116 0.863458 0.638412 0.913743 0.94331 0.519351 1.17131 0.614822
threshold=-0.031093505766181747 -0.2115245281657144 -0.099624964747287645 0.058985007609230651 0.026708973157373212 0.069267995657114542 0.084908665590685009 0.05775751016871733 0.027863488644985838 0.021157351439871273 0.0011552834488944843 -0.029297019120139597 0.014243865242454691 0.03147674703413636 -0.022375461307287344 0.047677741068184017 0.044293193621162998 0.011448581048289387 0.12226807943124009 0.043359448958031399 -0.083180823425418923 0.023430777710393928 -0.022608058515682147 0.043068117789629275 0.037936125195822998 0.13153770412333102 0.043190668779443005 0.019625336341736913 -6.7898350725681387e-05 -0.018619488992440866
decision_type=8 8 10 10 10 2 8 2 10 8 10 8 10 8 10 10 2 10 10 2 10 10 10 8 10 10 10 8 8 8
left_child=1 -1 -3 4 6 7 -4 9 -9 10 -6 12 13 -2 -15 17 -17 18 19 -11 -7 27 23 -23 -24 26 -26 -13 -29 -30
right_child=11 2 3 -5 5 20 -8 8 -10 15 -12 21 -14 14 -16 16 -18 -19 -20 -21 -22 22 24 -25 25 -27 -28 28 29 -31
leaf_value=-0.0011847096602579095 0.0011620205755821093 0.0014597911949683802 0.00029836796702745622 0.0014569889635660809 -0.0021566101033875214 -0.00035960372080554883 0.0024259059378968139 0.0025177763004473924 8.8750831934350174e-05 -0.00033593689817387393 9.748413173508816e-05 1.1976394786934104e-06 -0.0024726400307596669 0.00053180699157987681 -0.0015124807533234493 0.00051915122029665649 -0.0013587564601531404 0.0013135686274845062 -0.0012426978565792258 0.001008281078601185 -0.0020473185146991642 0.00026072250343464289 0.00046084191800066352 -0.0022817602439930565 -0.00047181088646899584 -0.0021251883778188908 0.001874885531695615 -0.0017424149777666156 0.00071538213470408239 -0.0003768849208156347
leaf_weight=254 235 381 404 335 238 237 205 214 363 374 207 251248 206 213 410 329 399 369 205 551 234 283 4748 209 651 210 202 484 591 2155
leaf_count=254 235 381 404 335 238 237 205 214 363 374 207 251248 206 213 410 329 399 369 205 551 234 283 4748 209 651 210 202 484 591 2155
internal_value=3.36402e-06 0.000219545 0.000290245 0.000194705 9.7023e-05 -5.31825e-05 0.00101453 0.000112792 0.000989637 -7.65572e-05 -0.00110808 -1.01086e-06 -0.000698432 -0.000272456 -0.000813551 0.000129561 -0.000510087 0.000440211 0.000155017 0.000464781 -0.00119809 1.83465e-06 0.000223745 -0.000819316 0.000312057 -0.000352504 8.39132e-05 -3.66169e-06 -0.000381649 -0.000141805
internal_weight=267144 5299 5045 4664 4329 3720 609 3249 577 2672 445 261845 1064 858 623 2227 728 1499 1130 925 471 260781 6303 492 5811 1063 853 254478 3230 2746
internal_count=267144 5299 5045 4664 4329 3720 609 3249 577 2672 445 261845 1064 858 623 2227 728 1499 1130 925 471 260781 6303 492 5811 1063 853 254478 3230 2746
is_linear=0
shrinkage=0.03


Tree=263
num_leaves=31
num_cat=0
split_feature=4 9 6 13 3 12 3 3 13 6 9 3 7 11 3 12 9 7 13 11 13 11 11 9 2 6 7 6 0 13
split_gain=0.296602 0.890509 0.908042 0.906702 1.11935 0.843098 0.918086 0.802561 0.76297 0.724197 1.23156 0.721653 0.680804 0.671583 0.663535 0.659086 0.681122 0.971694 1.06975 0.633082 1.36169 0.85144 0.626225 1.0336 0.621126 0.871978 0.609402 0.601247 0.581557 0.581284
threshold=0.0021153529376931606 -0.12679242795894211 -0.021337778265839265 0.045249210407717462 0.0052744930944573784 0.043082652391379213 0.028243626117370638 0.10364567970858764 0.069267995657114542 0.19839197925800892 -0.06223022610025996 -0.0045316074095032568 -0.028519891788196246 5.3945479989825358e-05 -0.014891172000038864 -0.031093505766181747 -0.10875540320606157 -0.078883582521172932 0.015903764437453855 0.0021724399854716752 0.023693749321760747 0.0036558778203330537 0.0010616029643873983 -0.13659265870029516 3.2800519262381607 0.028712335627497535 -0.10361829386061687 0.062824866102451096 0.0042178919598441231 0.034972421060612012
decision_type=10 10 8 2 10 10 10 10 2 10 10 10 8 10 10 8 8 8 2 8 2 10 10 10 10 10 8 10 10 2
left_child=9 2 -2 7 -5 6 24 14 28 11 -11 -1 22 -10 -3 -16 27 18 -18 -4 26 -22 29 -24 -6 -26 -21 -17 -7 -13
right_child=1 3 19 4 5 8 -8 -9 13 10 -12 12 -14 -15 15 16 17 -19 -20 20 21 -23 23 -25 25 -27 -28 -29 -30 -31
leaf_value=2.2254207787149975e-05 3.2990650513572345e-05 -0.00082146895053131078 0.00070103857335564049 0.0010150517674179934 -0.0008192440207851876 6.1228222639915812e-05 -0.00038428995213328753 0.0012602414023541147 0.00044578951902406145 -0.00081144368487099804 0.0019379285980577884 -0.00032824679185483894 -4.4385850581933727e-05 -0.0017085621744698408 0.0010602723743192786 -0.00040826514901867511 -2.0024138026168877e-05 3.0422077827853592e-05 0.0013135822959437281 -5.5209802634188936e-05 -0.0027271830667323404 -0.00023562595518850175 0.00065980907163291588 -0.00025754548179679829 -0.0032317876287316443 -0.00080251962699318786 0.001767701669647227 0.001235796234470659 0.002126270750692735 -0.0011020863189950192
leaf_weight=102557 6375 823 4790 467 719 248 2241 477 278 225 421 10868 42783 245 560 4289 1040 78221 1129 342 206 308 1529 3990 303 237 319 210 243 950
leaf_count=102557 6375 823 4790 467 719 248 2241 477 278 225 421 10868 42783 245 560 4289 1040 78221 1129 342 206 308 1529 3990 303 237 319 210 243 950
internal_value=3.07852e-06 4.26602e-05 0.000281923 1.04733e-05 -0.000383142 -0.000527793 -0.000748474 3.30741e-05 0.000233925 -2.2143e-05 0.00098033 -2.61239e-05 -0.000108651 -0.000563419 2.6289e-05 3.44542e-05 2.7687e-05 4.77902e-05 0.00067414 0.000547966 -7.60489e-05 -0.00123419 -0.000267239 -3.39888e-06 -0.00139672 -0.00216561 0.000824531 -0.000331525 0.00108324 -0.000390453
internal_weight=267393 104070 12340 91730 4981 4514 3500 86749 1014 163323 646 162677 60120 523 86272 85449 84889 80390 2169 5965 1175 514 17337 5519 1259 540 661 4499 491 11818
internal_count=267393 104070 12340 91730 4981 4514 3500 86749 1014 163323 646 162677 60120 523 86272 85449 84889 80390 2169 5965 1175 514 17337 5519 1259 540 661 4499 491 11818
is_linear=0
shrinkage=0.03


Tree=264
num_leaves=31
num_cat=0
split_feature=0 2 1 5 10 10 3 1 9 5 1 10 10 6 12 12 10 6 10 3 10 5 12 9 0 12 3 6 3 3
split_gain=0.38903 1.02185 1.15275 0.909118 0.599093 1.35704 0.597434 0.42336 0.863862 1.22256 1.13561 0.974067 0.941765 1.39635 0.772776 0.723528 0.681319 0.641191 0.677245 0.682172 0.6208 0.960082 0.594533 0.88109 0.797969 0.588304 0.61948 0.58422 0.572894 0.760405
threshold=0.041296227684088478 13.083039543367901 -0.0077435579403480883 0.022165525372652203 0.010242750099010324 0.001943958592661166 0.0066447635655614299 -0.0078826991961180575 -0.10599613264646039 0.082658040644484967 -0.027427711123084116 0.0029970656292986901 0.0049008937763079805 0.039805798296458812 -0.036406256647584394 -0.0053348078388217304 0.0033453973346292414 -0.11158717123038418 -6.7898350725681387e-05 -0.0061556742353758289 0.0038247633878483183 0.056725919701095216 -0.012322882392667654 -0.13232461211816068 0.0045957271921760476 0.017097431166316849 -0.015175963886285724 0.047677741068184017 -0.00017603636294710731 -0.0048858945127365763
decision_type=10 10 2 10 10 10 10 2 10 10 2 8 8 10 10 10 10 8 10 10 10 10 10 10 8 10 10 10 10 8
left_child=7 2 6 -4 5 -5 -2 8 11 12 -11 28 15 -14 -13 -10 -17 18 25 -20 21 22 24 -24 -16 26 -9 -12 29 -1
right_child=1 -3 3 4 -6 -7 -8 17 9 10 27 14 13 -15 20 16 -18 -19 19 -21 -22 -23 23 -25 -26 -27 -28 -29 -30 -31
leaf_value=-0.00023932929421478121 -0.0017212281119687834 -0.0020027050082814493 -0.0010150113762541547 0.0019868778814147309 0.0022205161891542956 -0.0013410835859932653 -6.4407577591423849e-05 -0.00028391229827124488 0.00017322347679278848 0.00045085090618389147 -0.00022367037882236397 0.001453797911927211 -0.00065749583210752288 0.00045269234920615415 0.0011058702396161584 0.0005119321379277816 0.0020553811514177002 -2.1400766470947043e-05 0.0012265764238211286 -0.00038301989529281852 -9.4117133271067732e-05 0.0023481045465589324 0.0021592053013206884 -0.00039399477195379754 -0.0010124513815234033 -0.001121305799705442 0.0016554332666665963 -0.0016572023203513682 3.1316779021799661e-05 -0.0009976963278944533
leaf_weight=8760 434 307 242 236 272 207 357 417 42234 568 381 457 2811 1600 249 2574 286 190433 1128 300 2927 252 293 208 448 350 230 779 5809 1377
leaf_count=8760 434 307 242 236 272 207 357 417 42234 568 381 457 2811 1600 249 2574 286 190433 1128 300 2927 252 293 208 448 350 230 779 5809 1377
internal_value=4.75828e-06 -0.000406419 -0.000126064 0.000574343 0.00111228 0.000431826 -0.00097346 7.94839e-06 7.0017e-05 0.000136191 -0.000648204 -9.31341e-05 0.000163571 -0.000254798 0.000279915 0.000204494 0.000666277 -1.5228e-05 0.000469515 0.000888426 0.00015735 0.000664967 0.000310918 0.00109919 -0.000255691 -0.00013049 0.0004055 -0.00118636 -0.000206223 -0.000342345
internal_weight=266926 2055 1748 957 715 443 791 264871 72013 51233 1728 20780 49505 4411 4834 45094 2860 192858 2425 1428 4377 1450 1198 501 697 997 647 1160 15946 10137
internal_count=266926 2055 1748 957 715 443 791 264871 72013 51233 1728 20780 49505 4411 4834 45094 2860 192858 2425 1428 4377 1450 1198 501 697 997 647 1160 15946 10137
is_linear=0
shrinkage=0.03


Tree=265
num_leaves=31
num_cat=0
split_feature=12 5 0 0 9 10 6 2 7 5 6 0 9 13 7 5 7 6 11 7 12 11 11 9 11 0 7 9 10 6
split_gain=0.488076 0.649671 0.497872 0.703573 0.813393 0.947017 0.611059 0.471703 0.416364 0.711966 0.559624 0.600581 0.532338 0.580857 0.865642 0.489444 0.619645 0.34079 0.695464 1.48901 0.918136 0.811111 1.09245 1.04721 1.0164 0.742833 0.856418 0.710203 0.888069 0.818215
threshold=-0.031093505766181747 0.026151143399968897 0.035178982739955351 0.02525879044318791 -0.030939340537513123 -7.8711120603869298e-05 0.098519499321362516 -0.60916219296541907 0.17177820590564832 0.051438703795285118 -0.014287317074186788 0.01010624694726492 -0.07789787554955073 0.046302711475058288 -0.099568951117606039 0.037096875539792344 0.055500466690474932 0.073932043592485633 -0.005104155814304733 0.20144525535876959 0.015708424759001808 -0.00023630120400225382 -7.7190334883792109e-05 -0.020514072395922952 -0.00039079359790877838 0.035178982739955351 0.13776114468033754 -0.023985383253972144 0.0043667957665520793 0.10183423150232264
decision_type=8 8 8 10 10 10 10 10 10 10 10 10 8 2 8 10 8 10 8 10 10 10 10 10 8 10 10 8 10 10
left_child=1 7 3 4 8 -6 -7 -1 10 -10 12 15 13 14 -3 -12 -17 -2 19 20 27 24 23 -23 -20 26 -24 28 -19 -29
right_child=17 2 -4 -5 5 6 -8 -9 9 -11 11 -13 -14 -15 -16 16 -18 18 21 -21 -22 22 25 -25 -26 -27 -28 29 -30 -31
leaf_value=0.00020174775363153053 -5.2552829226343091e-06 -0.0022581832717814658 -0.00097884943900695335 0.0017701624761785155 -0.00047185113047190169 0.0030351969685499269 0.00087807441526360211 0.0019123916606185955 0.002087017538445726 -0.00014455213174223899 -0.001478158473129495 -0.0018517955151215498 0.0015187008826745324 0.00041050193481835821 0.00017520221513220261 0.00086442325557873115 -0.0010713664670710605 0.00053212330336740803 -5.6933483194193701e-05 0.0024791400058323501 -0.0016053716179322945 0.0033089041354051273 0.00038736313042945201 0.00030684566553820932 -0.001453614467151588 0.0017828704927069338 -0.00015457362633908243 -0.0014884372644537718 0.0028615256624965695 0.00095275881498202908
leaf_weight=243 238269 222 313 261 235 216 261 360 213 325 227 294 229 959 323 400 237 559 10003 337 203 201 5930 218 492 256 4708 257 200 238
leaf_count=243 238269 222 313 261 235 216 261 360 213 325 227 294 229 959 323 400 237 559 10003 337 203 201 5930 218 492 256 4708 257 200 238
internal_value=1.1294e-05 0.000295822 0.000177242 0.000259445 0.000164227 0.00108693 0.00185488 0.00122303 -2.73641e-05 0.00073895 -0.000169971 -0.000680582 0.000171222 -3.39462e-05 -0.000816012 -0.000282045 0.0001442 5.51586e-06 0.000114254 0.000682035 0.000266369 6.7546e-05 0.000243766 0.00174697 -0.000122409 0.000185951 0.000147521 0.00056937 0.00114593 -0.00031469
internal_weight=267189 5318 4715 4402 4141 712 477 603 3429 538 2891 1158 1733 1504 545 864 637 261871 23602 1794 1457 21808 11313 419 10495 10894 10638 1254 759 495
internal_count=267189 5318 4715 4402 4141 712 477 603 3429 538 2891 1158 1733 1504 545 864 637 261871 23602 1794 1457 21808 11313 419 10495 10894 10638 1254 759 495
is_linear=0
shrinkage=0.03


Tree=266
num_leaves=31
num_cat=0
split_feature=0 12 2 8 3 11 3 11 9 12 8 3 5 13 10 10 8 11 10 9 12 10 5 11 12 10 12 6 11 5
split_gain=0.367333 0.589693 0.444548 0.557164 0.76791 0.717081 0.57106 0.652204 0.892383 0.855127 0.689013 0.620114 0.832047 0.677265 0.911146 1.04712 1.02854 0.924822 0.687712 0.74045 0.63805 0.633325 0.629709 0.66512 0.618636 0.709443 0.608064 0.633888 0.682573 0.710008
threshold=-0.0047720407452982441 0.061390783737151351 -3.2281192852745484 0.01049094598933225 -0.0057964900617252782 -0.0032948680536851733 0.011754233960901807 -0.0040185140018970658 -0.1694418262478414 -0.0047823565367813283 0.042791504470379237 0.0034581978277576923 0.030121094226718517 0.01839873924683201 -7.8711120603869298e-05 0.0043340383897720889 0.024098003198810173 -0.0019480110827813644 -0.0018969835059131077 -0.067225892870394807 0.016602625916456119 0.0023847339597670163 0.021296286877290706 -0.0012331537405199653 -0.0023254218814738876 -0.0033111730409929314 -0.0096468651141183286 0.11941302929072463 0.00031684396026343547 0.039682540713252244
decision_type=8 8 10 8 10 10 10 10 8 10 8 10 10 2 8 10 10 10 10 10 10 10 10 10 10 10 10 8 10 10
left_child=1 -1 3 4 -2 -6 7 10 9 -9 -5 13 22 -10 18 16 20 -18 24 -20 -16 -14 -13 -24 25 -15 27 28 29 -8
right_child=2 -3 -4 6 5 -7 26 8 11 -11 -12 12 21 14 15 -17 17 -19 19 -21 -22 -23 23 -25 -26 -27 -28 -29 -30 -31
leaf_value=8.3255936558154016e-05 0.0012458052079727159 -0.0011502971882361055 -1.1623339838294309e-05 -0.00055380459591078586 0.0016203149160163484 -0.00024691544193926129 -0.00034569302756110872 -0.00029138107463263878 -2.4928227553300677e-06 0.00152466074983802 -0.0022539386251188378 -0.00066127197518764283 -0.00091009997835147973 -0.0009562614195899147 -0.00058829417840851285 -0.0014904674892029324 0.0024774289914717275 0.00035547150246420078 -0.0020832138509968273 -0.00040351178026421062 0.00097423870919270596 -0.002779250383902226 -0.00084811574108643092 0.00079746204248085551 -0.0010818558283123517 0.0012182904467832535 0.00025029916203615809 0.00098181367940709395 8.6378566673107722e-05 -0.002094429700591453
leaf_weight=38140 594 352 197785 1590 212 1459 424 424 9872 519 248 1974 580 230 1661 442 225 1036 644 373 274 227 328 678 576 327 4818 254 654 412
leaf_count=38140 594 352 197785 1590 212 1459 424 424 9872 519 248 1974 580 230 1661 442 225 1036 644 373 274 227 328 678 576 327 4818 254 654 412
internal_value=-1.37692e-05 7.19754e-05 -2.81919e-05 -0.000133714 0.000319322 -1.00197e-05 -0.000169356 -0.000241952 -0.000193162 0.000708116 -0.000783202 -0.000236866 -0.000581358 -0.000153559 -0.000411216 -0.000121856 6.74201e-05 0.000734092 -0.000900841 -0.00146716 -0.000367036 -0.00143587 -0.000349951 0.000260932 -0.000392505 0.000320361 7.65521e-05 -0.000403444 -0.000639589 -0.00120751
internal_weight=267332 38492 228840 31055 2265 1671 28790 22228 20390 943 1838 19447 3787 15660 5788 3638 3196 1261 2150 1017 1935 807 2980 1006 1133 557 6562 1744 1490 836
internal_count=267332 38492 228840 31055 2265 1671 28790 22228 20390 943 1838 19447 3787 15660 5788 3638 3196 1261 2150 1017 1935 807 2980 1006 1133 557 6562 1744 1490 836
is_linear=0
shrinkage=0.03


Tree=267
num_leaves=31
num_cat=0
split_feature=12 5 5 5 5 10 11 10 10 10 13 3 3 11 7 8 11 7 11 1 11 1 3 10 10 0 13 4 13 0
split_gain=0.330894 0.553546 0.770364 0.903045 1.02691 0.705403 0.695435 1.59915 1.19112 0.924563 0.620483 0.607117 0.750992 0.725203 0.632301 0.627739 0.577517 1.04278 0.957284 0.960368 0.827953 0.817741 0.797149 0.739158 0.720204 0.869119 0.671927 0.574823 0.813143 0.898173
threshold=0.0152975090180435 0.020645172541042631 0.029286371890359701 0.030294172649024665 0.031834192951774344 0.0022420060690916403 0.0038327712175719735 -0.0045124798037367566 -0.0083216798107182948 -0.010872040601414166 0.047399238518947624 0.010219871388845394 0.0032751649284428201 -0.0010677858084496281 0.098227627998055414 0.025584558429249608 0.00046469258834946908 0.38748661760855935 -0.00023630120400225382 0.02471113088372701 0.00073892925960139532 0.018679263108357883 0.015651302660273595 0.0051605644440037022 0.006578528447311994 0.012047700255651496 0.026988964652642947 -0.034941502499352066 0.041024297089336963 0.0030236636277055644
decision_type=10 8 10 10 10 10 10 10 10 10 2 10 8 10 10 10 10 10 10 2 10 2 8 10 10 10 2 10 2 10
left_child=-1 10 -3 -4 5 -5 9 8 -8 -6 11 12 14 -13 15 -2 17 18 23 26 22 -22 -18 27 -25 -26 -20 -11 29 -29
right_child=1 2 3 4 6 -7 7 -9 -10 16 -12 13 -14 -15 -16 -17 20 -19 19 -21 21 -23 -24 24 25 -27 -28 28 -30 -31
leaf_value=-1.7541798449925711e-05 0.0004701521429147576 0.00044724060860164017 -0.0010524911058113671 0.00047545471818608449 -0.0017305281723745101 0.0021704245809275936 0.00079052800413663101 0.00011288007544718843 0.0037719516314374387 0.00090446897436828599 -0.0012571638266666173 -0.00042281710270433633 -0.0009885714674865622 0.0016743320196888646 -0.0012913378286580352 -0.001200019393172195 -0.00038867525067531834 0.0018616805671282282 0.0013923073155794638 0.0016796632877587542 0.0011507953100067139 -0.00027657994572080337 -0.0028834962481906748 -0.0020261907534978281 0.0010159184174288543 -0.0011898893852099288 -0.00066014582160884552 -0.0002131542433346739 -0.00057886933682439138 0.00080411189366682667
leaf_weight=239907 1549 5839 645 695 290 324 295 2020 204 639 469 261 914 344 276 233 265 304 215 612 397 4009 204 312 274 389 432 1785 1714 1389
leaf_count=239907 1549 5839 645 695 290 324 295 2020 204 639 469 261 914 344 276 233 265 304 215 612 397 4009 204 312 274 389 432 1785 1714 1389
internal_value=-6.28053e-06 9.26885e-05 0.000149041 4.90479e-05 9.14198e-05 0.00101439 3.17016e-05 0.000488568 0.00200939 -5.52859e-05 -0.000231166 -9.66417e-05 -0.000272982 0.000769611 4.4826e-05 0.000251774 -1.77419e-05 0.000138078 7.05637e-05 0.000827734 -0.000275523 -0.000147967 -0.00147384 -7.60492e-05 -0.000837617 -0.000278289 2.18904e-05 5.82965e-05 -5.23222e-05 0.00023202
internal_weight=267205 27298 23252 17413 16768 1019 15749 2519 499 13230 4046 3577 2972 605 2058 1782 12940 8065 7761 1259 4875 4406 469 6502 975 663 647 5527 4888 3174
internal_count=267205 27298 23252 17413 16768 1019 15749 2519 499 13230 4046 3577 2972 605 2058 1782 12940 8065 7761 1259 4875 4406 469 6502 975 663 647 5527 4888 3174
is_linear=0
shrinkage=0.03


Tree=268
num_leaves=31
num_cat=0
split_feature=13 2 3 8 6 11 8 9 10 6 1 2 11 3 3 6 0 10 3 10 10 13 8 9 10 8 13 8 6 6
split_gain=0.299702 0.730608 0.885608 0.675103 0.531989 0.669903 0.598872 0.744184 0.53697 0.453691 0.393447 0.608085 0.530833 0.509577 0.451287 0.559348 0.292502 0.98827 0.88083 0.919445 1.0665 0.861125 0.73705 0.617318 0.610825 1.79139 0.680483 0.669621 0.655059 0.532441
threshold=0.069267995657114542 12.401822847595808 0.0076811475027316342 0.028319457068308702 0.11410898687902295 -7.7190334883792109e-05 0.044424187962978208 -0.16147175517522713 -0.00059452740815729699 -0.0048927795392818543 0.043939283787772128 7.3718252565720457 0.0042649711434993307 0.0083428975832722258 -0.017325511864837769 0.026846514096542266 -0.006034997631278737 -0.010872040601414166 -0.046979232408247799 0.0043340383897720889 0.0036264817377663632 0.044293193621162998 0.015116542422392056 -0.1352133847859496 -0.0072726750358191863 0.018672228740270486 0.041024297089336963 0.03049549310573417 -0.017056848021432921 0.0062339223613219205
decision_type=2 10 10 8 8 10 8 10 10 10 2 8 8 8 10 10 8 8 10 8 10 2 10 10 8 8 2 8 10 10
left_child=10 3 -3 9 6 -6 7 -5 -9 -2 16 12 14 -13 -12 -16 18 22 21 20 -20 23 -18 -1 25 28 27 -27 -19 -30
right_child=1 2 -4 4 5 -7 -8 8 -10 -11 11 13 -14 -15 15 -17 17 24 19 -21 -22 -23 -24 -25 -26 26 -28 -29 29 -31
leaf_value=0.0010971033128252821 1.5114558848853329e-05 -0.00028176385411134294 -0.0025689997075202878 -0.0012137249563273368 0.00048832833581026849 -0.0017060027472581324 0.0015854992746562858 0.0017382930322940621 -6.2373829758272759e-05 -0.001507303113223914 -0.0015197300767975446 0.0020178229597513564 0.0013407767466622541 0.00017056929906954921 -0.0008695173539255359 0.0011726628485595502 0.0026669093987160821 -0.00029115369475189723 6.9547480825180171e-05 -0.0010020494526943775 0.0017981820118613541 0.0022827076680073943 0.0004976668445898074 -0.00040099466294751357 -9.9573218961744259e-07 -0.00053442541450098523 0.0018067281410497214 0.0011997426796449499 -0.0029503077124837405 -0.0012406199611344835
leaf_weight=566 318 383 253 251 263 239 384 266 339 395 215 336 211 224 246 237 201 290 27579 712 325 296 472 440 229907 746 210 274 295 369
leaf_count=566 318 383 253 251 263 239 384 266 339 395 215 336 211 224 246 237 201 290 27579 712 325 296 472 440 229907 746 210 274 295 369
internal_value=8.24037e-06 -0.00028545 -0.00119162 -5.06943e-05 0.00026758 -0.000556383 0.000601152 0.000159575 0.000729324 -0.000828301 1.1677e-05 0.000501278 2.22021e-05 0.00127892 -0.000376393 0.000132546 8.93903e-06 -2.41052e-06 9.72393e-05 6.25175e-05 8.9681e-05 0.000860372 0.00114554 0.000441872 -5.73925e-06 -0.000505084 0.000251594 -6.85803e-05 -0.00148068 -0.0020002
internal_weight=267242 3091 636 2455 1742 502 1240 856 605 713 264151 1469 909 560 698 483 262682 232764 29918 28616 27904 1302 673 1006 232091 2184 1230 1020 954 664
internal_count=267242 3091 636 2455 1742 502 1240 856 605 713 264151 1469 909 560 698 483 262682 232764 29918 28616 27904 1302 673 1006 232091 2184 1230 1020 954 664
is_linear=0
shrinkage=0.03


Tree=269
num_leaves=31
num_cat=0
split_feature=5 10 2 2 11 10 0 0 5 5 11 9 7 11 11 9 10 0 0 13 11 0 9 2 5 2 7 10 7 11
split_gain=0.298035 1.01584 1.50009 0.83056 0.819622 0.643157 0.571831 1.13133 0.545279 0.52335 0.634066 1.06985 0.905583 0.62915 0.515234 1.33957 0.903409 1.42668 0.645757 0.582136 0.679639 0.944641 0.777317 0.671582 0.661354 1.04435 0.7717 1.05729 0.659344 0.668603
threshold=0.059109000061700057 -0.0016081971148838579 13.493365295875696 12.401822847595808 0.006644376754847304 -0.00096049945037990348 0.0075737793521103445 0.012047700255651496 0.065207700851183562 0.055254817359978121 -0.0001207264243415218 -0.18243472038866251 -0.090255448510158418 0.0022043747741872237 -0.0039297766041208595 -0.047915485704429155 0.00035337410969515931 0.0057915877020008341 0.0024193276460042772 0.037415422289438179 -0.0030346586420925132 0.0095975637752216975 -0.061657684494002656 -2.3537180219132008 0.077212353722107011 7.1837535169755142 0.096452442191098733 0.0025462837374615748 0.15658093173574864 0.00022366014769392709
decision_type=8 8 8 10 8 8 10 10 10 10 10 8 8 10 10 10 10 10 8 2 10 10 10 8 8 10 10 10 10 10
left_child=9 2 6 4 5 8 -2 -8 -3 -1 -11 -12 -13 -14 15 16 -7 18 -18 20 21 22 -16 28 -21 26 -26 -28 -22 -30
right_child=1 3 -4 -5 -6 14 7 -9 -10 10 11 12 13 -15 19 -17 17 -19 -20 24 23 -23 -24 -25 25 -27 27 -29 29 -31
leaf_value=2.7672970655069708e-06 3.3997680961280582e-05 -0.0018682734706597145 0.0026148481948101627 -0.0016749206410637525 -0.0013488603813621252 0.00025851633448825299 0.0023947985590876716 -0.00015606627938799259 -0.00042408150054916237 -3.054509239675267e-05 -0.0010118894448872501 0.002447957330871393 0.0011314853924672089 8.4513672847078735e-05 0.0012528710200201047 0.00058856115234838535 -0.0016976531688311708 -0.00048745771056910779 -0.0037979497224970302 0.00071406118080606206 -9.0823965387831898e-05 0.0023492868389149149 -0.0011743602295495928 -0.0003769705854455903 0.00025880796730975481 0.0019967715116757218 -0.0017409078077074477 0.0002448047049489782 0.00015825727451944125 0.0023393738628841344
leaf_weight=238934 4776 327 231 344 529 441 285 347 839 2567 315 281 1085 986 227 741 372 808 204 1752 1201 223 249 6441 1230 205 550 430 265 242
leaf_count=238934 4776 327 231 344 529 441 285 347 839 2567 315 281 1085 986 227 741 372 808 204 1752 1201 223 249 6441 1230 205 550 430 265 242
internal_value=-5.06844e-07 -0.00010312 0.000247343 -0.000215279 -0.000186215 -0.00014949 0.000146216 0.000994245 -0.000829099 9.26786e-06 0.000306021 0.000629967 0.000849859 0.000633024 -9.86313e-05 -0.000487157 -0.000923928 -0.0013007 -0.00244151 -2.20307e-05 -0.00015972 0.000738021 -1.68361e-05 -0.000236726 0.000270332 -5.15782e-05 -0.000241583 -0.000869626 0.000292147 0.00119934
internal_weight=267427 23259 5639 17620 17276 16747 5408 632 1166 244168 5234 2667 2352 2071 15581 2566 1825 1384 576 13015 8848 699 476 8149 4167 2415 2210 980 1708 507
internal_count=267427 23259 5639 17620 17276 16747 5408 632 1166 244168 5234 2667 2352 2071 15581 2566 1825 1384 576 13015 8848 699 476 8149 4167 2415 2210 980 1708 507
is_linear=0
shrinkage=0.03


Tree=270
num_leaves=31
num_cat=0
split_feature=6 11 0 8 11 2 11 13 12 8 10 0 6 10 7 7 1 0 2 11 7 13 10 5 1 1 0 11 7 10
split_gain=0.538201 1.16461 1.41201 0.867904 1.19514 1.11066 0.783127 0.722798 0.662489 0.65683 0.722059 0.69929 0.632249 0.575428 0.89118 0.969418 0.704014 0.665176 0.564474 0.557521 0.918607 0.798397 0.624705 0.598168 0.569117 0.5202 0.51973 0.500926 0.493716 0.492611
threshold=0.092509840742021412 -0.0020534921000140423 -0.0016481000943184829 0.059080598138895372 0.0026991751158395032 -1.1601232822643104 -0.000760546972662146 0.030990482209299942 -0.047871542178477493 0.052966135946296573 0.004190765150861365 0.0062196826935922997 -0.017553100292300391 0.0046607549596022766 0.12463834667434394 0.065223850983491607 -0.01672448023507039 0.019625336341736913 -5.9531975496556759 -0.0011190851362944951 0.1854138357093518 0.020749735791081688 0.0020804490188220952 0.095409490574798556 -0.0011444984132793488 -0.0054611479168298329 0.0068610602381203875 -0.0011190851362944951 -0.16444793325372611 -0.00028418017955522673
decision_type=10 8 10 10 8 10 10 2 10 10 8 10 10 10 8 10 2 10 8 10 10 2 10 10 2 2 10 10 10 10
left_child=3 2 7 9 5 6 12 -2 -3 -1 11 -11 -5 14 15 26 -15 -16 -10 20 21 -20 24 28 -22 -17 -4 -7 -21 -30
right_child=1 8 13 4 -6 27 -8 -9 18 10 -12 -13 -14 16 17 25 -18 -19 19 23 22 -23 -24 -25 -26 -27 -28 -29 29 -31
leaf_value=1.3607321315088167e-05 -0.0013243642446037433 -0.0017814955910426449 0.00097001299147959788 -0.00056332747080052256 0.0024913520802344593 0.00047766502551122063 -0.0013248637224710976 0.00018136379060324436 0.00078930633028318235 -0.00082104911947879146 -0.0021668230687146598 0.00071470881971673892 0.0016240810817920459 0.0028035055314539932 0.00098703920609764079 -0.00043624309511427339 0.0007045563030760604 -0.0007674294843384369 -0.00032487516715522046 -0.0014127709457904777 -0.0017140124785008579 -0.0019990868663710185 0.0014010217759505817 -0.0010051501674719025 0.00050533621903741733 -0.0025294802339410737 -0.00079588078263526161 0.0024560174909219099 0.00020534820168844296 -0.00028705163562815398
leaf_weight=247793 661 274 450 244 280 219 379 507 421 845 230 390 232 200 1521 222 512 223 416 275 206 668 214 833 210 206 225 243 2764 5403
leaf_count=247793 661 274 450 244 280 219 379 507 421 845 230 390 232 200 1521 222 512 223 416 275 206 668 214 833 210 206 225 243 2764 5403
internal_value=3.44061e-06 -0.000163002 0.000234323 1.43294e-05 0.000711466 0.000333054 -0.000307355 -0.000670765 -0.000323748 9.86279e-06 -0.000623494 -0.000336073 0.000502804 0.000531356 0.000340591 -0.000326823 0.00129415 0.000762701 -0.000288742 -0.000330043 -0.000827121 -0.00135658 8.38932e-05 -0.000238184 -0.000593668 -0.00144374 0.000381382 0.00151823 -0.000162505 -0.000120406
internal_weight=267266 16411 4727 250855 1597 1317 855 1168 11684 249258 1465 1235 476 3559 2847 1103 712 1744 11410 10989 1714 1084 630 9275 416 428 675 462 8442 8167
internal_count=267266 16411 4727 250855 1597 1317 855 1168 11684 249258 1465 1235 476 3559 2847 1103 712 1744 11410 10989 1714 1084 630 9275 416 428 675 462 8442 8167
is_linear=0
shrinkage=0.03


Tree=271
num_leaves=31
num_cat=0
split_feature=1 8 13 11 9 7 10 11 2 11 0 0 5 9 10 11 10 10 11 11 11 1 11 0 13 10 0 0 4 7
split_gain=0.461834 0.690454 1.01997 0.831916 0.819078 0.850362 0.675609 0.572175 0.883494 0.572027 0.748032 0.846386 0.514247 0.333071 1.05798 1.26094 1.01383 1.28251 0.911086 1.03024 1.80286 0.89469 1.12814 1.16296 0.826598 0.786082 0.835187 1.08726 0.884805 0.826783
threshold=0.039574152487219079 0.016787149480216115 0.055382658408149606 0.001400478106683867 -0.063361932159896037 0.10377826025599192 0.0017536613645420254 0.0039501109334597615 8.7769802406251269 -0.0022846363625417805 -0.0011570194649193064 0.0056354714141421134 0.04548936859388001 -0.087423245139688563 -0.0038515799783213618 0.0051049438007758638 0.0022790740754623511 0.0021493899669076115 0.0046420840247548565 0.0020686319328877549 0.0021724399854716752 -0.0073375502676564777 0.0043141746370733989 0.020539594414491828 0.042531540088033663 -0.0047679419871566311 -0.0067244382129666982 -0.00036411452482287826 -0.0079899256520848932 0.088203927842453914
decision_type=2 10 2 10 10 8 10 10 10 8 10 10 10 8 10 10 10 10 10 10 10 2 8 8 2 10 10 10 10 8
left_child=13 -2 3 -3 5 6 7 8 -4 -6 -11 -12 -5 14 15 -1 17 18 19 -16 -21 22 23 25 -24 26 28 -28 -15 -27
right_child=1 2 4 12 9 -7 -8 -9 -10 10 11 -13 -14 21 16 -17 -18 -19 -20 20 -22 -23 24 -25 -26 29 27 -29 -30 -31
leaf_value=0.00030955480116605036 -0.00093099207471823318 0.00040642907001799155 -0.0018470027435124536 0.0030559026953792695 -0.00066652340657800155 -0.0016521218357220607 0.0010885420342868009 0.00078507423745430706 0.00055219581262981143 -0.00017343325486346596 0.0029736251200688638 0.00077686834335829655 0.0011074624165944682 -0.00077195728499423327 -0.00012363940272654874 -0.0012374899220086229 6.259431544902052e-05 -0.0012307022483920653 0.00027557478342797706 -0.0025623204699478336 -0.00041000019442078713 -1.50702829849349e-05 -0.00032378349351662282 -0.00052951711659759255 -0.0022397889240216629 0.00013650566346739255 -0.001217055609956905 0.00027374661288027149 0.00077191961250001829 0.00041765402570550537
leaf_weight=9908 360 496 363 262 214 332 391 248 223 310 254 417 228 490 34021 498 25763 1008 4137 370 6565 131974 2126 2061 224 26701 1181 702 1050 14540
leaf_count=9908 360 496 363 262 214 332 391 248 223 310 254 417 228 490 34021 498 25763 1008 4137 370 6565 131974 2126 2061 224 26701 1181 702 1050 14540
internal_value=7.77107e-06 0.000323798 0.000444645 0.00127255 0.000148018 -0.0003054 5.95886e-05 -0.00042281 -0.000933997 0.00073879 0.00104535 0.00160843 0.00214928 2.85278e-06 -4.71998e-05 0.000235518 -8.81376e-05 -0.000172372 -0.000148715 -0.000191573 -0.000524832 2.5597e-05 0.000134961 0.000167218 -0.000506416 0.000199369 -0.000237486 -0.000661271 0.000280686 0.000235628
internal_weight=267417 4098 3738 986 2752 1557 1225 834 586 1195 981 671 490 263319 82270 10406 71864 46101 45093 40956 6935 181049 49075 46725 2350 44664 3423 1883 1540 41241
internal_count=267417 4098 3738 986 2752 1557 1225 834 586 1195 981 671 490 263319 82270 10406 71864 46101 45093 40956 6935 181049 49075 46725 2350 44664 3423 1883 1540 41241
is_linear=0
shrinkage=0.03


Tree=272
num_leaves=31
num_cat=0
split_feature=13 11 10 11 0 0 0 8 5 1 11 11 13 5 9 6 1 6 0 5 0 5 12 6 10 9 6 1 12 0
split_gain=0.463286 0.764726 0.707801 0.915602 0.872002 1.5081 1.26291 0.713694 0.569469 0.444008 0.625214 0.433812 0.968233 0.475893 0.425242 0.685052 0.573456 1.20573 1.04 1.01012 0.987868 1.14293 0.803794 0.866108 0.994901 0.937134 0.63072 0.684881 1.24186 1.0162
threshold=0.069267995657114542 -0.0030774522144919598 -0.00068698624494850636 0.0025111138031108653 -0.0013119925205288261 0.0080292193774824678 -0.019721406560940399 0.025343557854217522 0.055980945427955023 0.050578384337901634 -0.0004582812871946062 -0.012546539886328088 0.021799997483123241 0.03939727242309414 -0.056474970210108492 0.23968869885597513 -0.0078826991961180575 -0.021337778265839265 0.010985605481478424 0.086217248755580941 0.021910962803923021 0.023058974966307832 -0.0071617113518322997 0.10545464090749458 0.0035862285358378991 -0.028682082783686998 0.061497623129362917 0.02471113088372701 0.017600715147494509 0.00081230727044923079
decision_type=2 10 8 10 10 10 10 10 10 2 10 8 2 10 8 10 2 10 8 10 10 10 8 10 8 8 8 2 10 10
left_child=11 8 4 7 6 -6 -3 -4 -2 10 -9 12 -1 -14 15 -13 17 -16 26 22 -19 -22 -20 24 -24 -25 -18 28 29 -28
right_child=1 2 3 -5 5 -7 -8 9 -10 -11 -12 14 13 -15 16 -17 18 20 19 -21 21 -23 23 25 -26 -27 27 -29 -30 -31
leaf_value=-0.0012215090580329805 -0.00045794274478636076 0.0013579356356724964 -0.001321674613948276 -0.0021007066815475219 0.0034249738480313678 -0.00012281624194330129 -0.0016366331184137683 0.00070457454709949984 -0.0022017036166964428 0.0010965287617361044 -0.0014375240419987245 -3.4755947114431792e-05 0.0016968151653639358 0.00023465881784384809 0.0007965071928533545 -0.0017788115712719984 1.3438113081638841e-05 0.00013098021527214765 -0.0010837980266087917 0.0020710382081869272 0.0011559805865649002 -0.0013260400005990489 0.00088965724721942014 0.0012530288883184392 6.3223863760351466e-05 -0.0010442866226133584 0.00010267720887411651 0.00045333585412987671 -0.0012089137637025366 -0.0004104026864711902
leaf_weight=206 368 227 346 272 200 234 287 264 311 359 229 135449 474 347 2404 203 73679 27549 366 297 210 815 2847 209 2430 679 6470 1358 1125 7503
leaf_count=206 368 227 346 272 200 234 287 264 311 359 229 135449 474 347 2404 203 73679 27549 366 297 210 815 2847 209 2430 679 6470 1358 1125 7503
internal_value=-2.23234e-06 -0.000367027 -0.000117217 -0.000529403 0.000521934 0.00151211 -0.000314129 -0.000172647 -0.00125663 0.000293977 -0.000290437 2.03706e-06 0.000617416 0.00107883 -3.6055e-07 -3.73659e-05 3.88751e-05 0.000151243 2.97544e-06 0.000359949 9.69555e-05 -0.000817528 0.000282136 0.000363228 0.000509094 -0.00050359 -2.40664e-05 -0.000191986 -0.00025003 -0.000172828
internal_weight=267717 3097 2418 1470 948 434 514 1198 679 852 493 264620 1027 821 263593 135652 127941 30978 96963 6828 28574 1025 6531 6165 5277 888 90135 16456 15098 13973
internal_count=267717 3097 2418 1470 948 434 514 1198 679 852 493 264620 1027 821 263593 135652 127941 30978 96963 6828 28574 1025 6531 6165 5277 888 90135 16456 15098 13973
is_linear=0
shrinkage=0.03


Tree=273
num_leaves=31
num_cat=0
split_feature=8 0 11 11 11 11 7 7 6 2 11 5 6 2 8 11 11 11 5 3 11 7 8 2 8 2 11 11 0 6
split_gain=0.357859 0.698709 0.618572 0.669594 0.950276 0.850941 0.711929 1.0482 0.899252 0.81854 0.70556 0.630638 0.896352 0.529631 0.49134 0.490864 0.894549 0.8284 0.733774 0.4986 1.00654 1.08921 0.936679 0.867879 0.816108 0.7929 0.663335 1.37951 0.557108 0.549439
threshold=0.028319457068308702 -0.01163331757445085 0.0060144310204254267 0.0016488552305288231 0.00066187969127506918 0.0019851601141457347 -0.050780328067369311 0.23840745423343315 -0.051374781416071484 -0.50076255362113409 -0.0022846363625417805 0.077212353722107011 0.023968510642998989 -1.4859840699022764 0.032078139319680572 -0.012546539886328088 -0.010757996424146763 -0.0089597910907540084 0.039120950963567179 0.053389821771566932 -0.0011190851362944951 0.22153836425394693 0.045398306754442223 -2.3537180219132008 0.034526588057825214 -1.8167053799308561 0.0018509915719264749 -2.6448999624895105e-05 -0.011059418912336914 0.018610640493725409
decision_type=10 10 10 8 10 10 8 10 10 10 10 10 10 10 10 8 8 8 10 10 8 8 10 10 10 10 10 8 10 10
left_child=-1 2 3 4 6 -5 10 8 -8 14 -2 12 13 -7 -10 -3 -17 18 -18 28 24 22 23 -22 -21 -26 27 -23 -19 -27
right_child=1 15 -4 5 -6 11 7 -9 9 -11 -12 -13 -14 -15 -16 16 17 19 -20 20 21 26 -24 -25 25 29 -28 -29 -30 -31
leaf_value=1.2186499767388521e-05 0.00048116062900377583 0.0012043845393105218 -0.0012074906708058044 0.0019413759355706257 -0.0010220355223745929 0.0024598013237167428 0.0011922491936346966 0.0014896676501338355 -0.00017735653081760535 0.00052123995987514741 0.0023824153722976737 -0.00089729644945526316 -0.00051060769399159851 0.00078700375112349206 -0.0017448998726475493 -0.001920954696431664 4.632825979206245e-05 -0.0015359721939758627 0.0024684611354286799 -4.6716662346471843e-05 0.0014902656819610963 -7.7583482264703431e-06 0.0019439905324210244 -0.00043392045513723223 0.0025576357510964393 -0.00059705763419578303 -4.3059344594644391e-07 -0.0032082323650675978 -0.00012488784263269079 0.0012122322169829467
leaf_weight=202924 634 259 247 435 590 239 263 328 263 327 243 264 368 593 570 243 240 253 212 722 262 218 249 1083 303 202 302 273 53610 599
leaf_count=202924 634 259 247 435 590 239 263 328 263 327 243 264 368 593 570 243 240 253 212 722 262 218 249 1083 303 202 302 273 53610 599
internal_value=-7.36676e-06 -6.89847e-05 0.000258838 0.000329618 6.5992e-05 0.000776353 0.00031026 -3.91889e-05 -0.000391589 -0.000750683 0.00100796 0.000430188 0.000722235 0.00126753 -0.00124999 -9.87736e-05 -0.000104517 -9.6975e-05 0.00118237 -0.000106932 0.000207371 -0.000198199 0.000253806 -5.90976e-05 0.000737544 0.00125044 -0.00110677 -0.00178725 -0.000131516 0.000755957
internal_weight=267318 64394 5364 5117 3218 1899 2628 1751 1423 1160 877 1464 1200 832 833 59030 58771 58528 452 58076 4213 2387 1594 1345 1826 1104 793 491 53863 801
internal_count=267318 64394 5364 5117 3218 1899 2628 1751 1423 1160 877 1464 1200 832 833 59030 58771 58528 452 58076 4213 2387 1594 1345 1826 1104 793 491 53863 801
is_linear=0
shrinkage=0.03


Tree=274
num_leaves=31
num_cat=0
split_feature=12 7 6 7 4 8 4 4 4 11 5 7 7 7 10 4 10 11 8 12 10 4 6 12 10 10 6 6 5 5
split_gain=0.307846 0.833823 0.959044 0.973495 0.782994 0.685041 0.577198 0.512192 0.671952 0.659307 0.855755 0.769219 0.622202 0.580625 0.682715 0.570175 0.55441 0.482744 0.451584 0.427164 0.5969 0.875957 0.414476 1.0584 0.55851 0.381576 0.332061 0.48383 0.427712 0.429706
threshold=-0.031093505766181747 -0.2115245281657144 0.084563057947879675 0.20144525535876959 0.045174379958744522 0.042081140800916017 -0.055333086272784375 -0.0049229709282661563 0.0062383041331890441 -0.005365314619582894 0.061892843223332807 0.140666751733759 -0.012269802744301559 -0.075991559743918621 -0.0003514171155731271 -0.017255429731898971 0.0029970656292986901 -0.0004966076057237866 0.02771578615117214 -0.027725187165715866 -0.00083356485108715395 -0.0064340562193334607 -0.15568417469660031 -0.0060335166816706245 1.0000000180025095e-35 0.0015252582124792859 0.0004040492087776793 -0.068568735952729096 0.025318410529328681 0.061892843223332807
decision_type=8 8 10 8 8 8 10 10 10 10 10 10 8 8 10 10 10 10 10 10 8 10 8 10 10 10 10 8 10 10
left_child=1 -1 4 17 6 -5 -3 9 12 -8 11 13 -9 25 -15 -16 18 -4 -10 20 21 -2 23 -21 -25 -11 27 -22 -28 -30
right_child=19 2 3 5 -6 -7 7 8 16 10 -12 -13 -14 14 15 -17 -18 -19 -20 22 26 -23 -24 24 -26 -27 28 -29 29 -31
leaf_value=-0.0015505838513965124 -1.1237386782092719e-05 0.0017126127617747061 -0.0005021579111979174 0.0014033671567226249 0.0023501501720398664 -0.00077599875880935798 0.001250076957680485 0.00031388112366379748 -2.1478606271557507e-05 0.0016522815365616306 -0.0017293426645228593 0.0017916995383416403 0.0023711675612989448 -0.0017689649624094198 0.00082586870096036961 -0.0011805599204591192 -0.00096586281644704284 -0.002318113822455229 0.0015778548009789633 -0.0022353489378836213 0.00066820847350103189 -0.002255378583652949 2.2838755505325409e-06 -0.0011059708671128175 0.00069953356550454533 -0.00019627985384431667 0.0012216642091932173 -0.0010401454835845436 -0.00054385667619451271 0.0010138722240096993
leaf_weight=227 297 289 264 287 200 237 326 217 350 202 283 202 339 311 311 216 248 263 291 265 201 331 258526 249 405 200 280 579 608 216
leaf_count=227 297 289 264 287 200 237 326 217 350 202 283 202 339 311 311 216 248 263 291 265 201 331 258526 249 405 200 280 579 608 216
internal_value=8.17659e-07 0.000227988 0.000308158 -0.000497982 0.000520769 0.000417662 0.000424104 0.000317588 0.000750202 1.27964e-05 -0.000221032 7.49822e-05 0.00156823 -0.000204677 -0.000654301 3.49947e-06 0.000238587 -0.00140841 0.000704584 -3.74644e-06 -0.000393075 -0.00119406 2.31189e-08 -0.000635956 1.21167e-05 0.000732599 -0.000126081 -0.000599916 0.000208693 -0.00013552
internal_weight=267220 5263 5036 1051 3985 524 3785 3496 1445 2051 1725 1442 556 1240 838 527 889 527 641 261957 2512 628 259445 919 654 402 1884 780 1104 824
internal_count=267220 5263 5036 1051 3985 524 3785 3496 1445 2051 1725 1442 556 1240 838 527 889 527 641 261957 2512 628 259445 919 654 402 1884 780 1104 824
is_linear=0
shrinkage=0.03


Tree=275
num_leaves=31
num_cat=0
split_feature=9 8 12 13 10 5 11 13 0 8 6 11 1 5 1 6 6 11 8 10 1 7 1 0 0 11 1 6 11 13
split_gain=0.287092 0.655314 0.482391 0.574242 1.06819 0.872528 0.863041 0.707375 1.12512 0.725094 0.625133 0.463504 0.406311 0.594625 0.657141 0.760849 0.395413 0.360171 0.785543 1.42069 0.603226 0.445281 1.09972 0.705255 0.695129 0.690228 0.660831 1.05796 0.762416 0.78418
threshold=-0.22299053530848864 0.042791504470379237 -0.029297019120139597 0.028096874273781432 -9.0218102185568566e-06 0.053875544741433017 -0.0014339949096503488 0.01643576304313751 -0.0014781047686864832 0.025818946107374747 -0.11983695467885135 -0.00058724555214384455 -0.030038320994296094 0.030961418457827409 -0.010898019963140436 -0.10476213645166825 -0.023902081799108518 0.0056068123021811864 0.039206858551288061 0.00060792241089746579 0.010045991046037541 -0.12031651973661932 -0.043293809901116802 0.0029712769751727435 -0.024303652410620432 -0.00098604954075587315 -0.0021460221952357412 -0.026576997644376318 -0.0024375924578409198 0.025021121768116352
decision_type=8 10 10 2 10 10 10 2 10 8 10 10 2 10 2 10 10 10 8 10 2 8 2 10 10 10 2 8 10 2
left_child=1 2 -1 7 5 -5 -6 -4 -9 -10 -8 -11 -3 -14 -15 -16 -17 21 -19 20 -20 22 -2 24 -24 26 28 -28 -25 -30
right_child=17 12 3 4 6 -7 10 8 9 11 -12 -13 13 14 15 16 -18 18 19 -21 -22 -23 23 25 -26 -27 27 -29 29 -31
leaf_value=-0.0015977104324756449 0.0023577357652726223 0.0015201568903502271 0.00027220160786075415 0.00033335788737573702 -0.0003876227106137032 -0.0017320224098159196 0.0028501897920058042 0.00046058247681988481 -0.00029296957110274633 -0.0013889595148005233 0.00068407058903003888 -0.0030558990959344795 0.0011478296357201228 -0.0013767940357158131 0.0013050581874138505 -0.0013559950362731226 0.00031312268801708063 0.00027092088544578366 0.001210722040620397 -0.0023616763591810404 -0.00088472147249674376 -1.2702828711865552e-05 0.001364890413752706 6.0424249361871947e-05 -0.00012817476607958879 0.0006365749721157515 -0.00014323265926568742 0.0018500334285834635 -0.00028521254111922557 -0.0026059314738733422
leaf_weight=307 202 201 432 344 330 396 207 288 233 286 285 316 363 330 338 258 253 8531 273 296 226 238563 292 1423 7214 3577 607 396 310 227
leaf_count=307 202 201 432 344 330 396 207 288 233 286 285 316 363 330 338 258 253 8531 273 296 226 238563 292 1423 7214 3577 607 396 310 227
internal_value=-5.83755e-07 -0.000222033 -0.000463084 -0.000351332 5.49476e-05 -0.0007719 0.000799311 -0.00075944 -0.0011563 -0.00171397 0.00159543 -0.00226396 0.000251494 8.61239e-05 -0.000240763 0.000200804 -0.000529602 3.78124e-06 0.00018687 -0.000715064 0.000261683 -2.97276e-06 0.000159944 0.000128337 -7.00912e-05 0.000356074 1.7446e-05 0.00064374 -0.00030305 -0.00126622
internal_weight=267304 5167 3424 3117 1562 740 822 1555 1123 835 492 602 1743 1542 1179 849 511 262137 9326 795 499 252811 14248 14046 7506 6540 2963 1003 1960 537
internal_count=267304 5167 3424 3117 1562 740 822 1555 1123 835 492 602 1743 1542 1179 849 511 262137 9326 795 499 252811 14248 14046 7506 6540 2963 1003 1960 537
is_linear=0
shrinkage=0.03


Tree=276
num_leaves=31
num_cat=0
split_feature=4 12 2 11 3 3 2 2 12 10 6 3 10 8 11 2 6 10 10 12 0 12 6 6 3 0 6 2 13 12
split_gain=0.400935 0.910538 0.978282 0.812321 0.610942 0.84659 0.674009 0.916315 0.661907 0.582926 0.770255 0.708734 0.923187 0.795032 0.723275 0.730731 1.08579 1.04501 0.914601 0.845928 0.611649 0.663272 1.03895 1.08907 0.939702 0.896102 0.581771 0.562759 1.01488 0.687958
threshold=0.033427549360467108 0.016602625916456119 -3.6166792904834999 0.0030247357271071533 0.043956062526263169 0.037902240922870985 9.7768384055991699 -0.62232980901727408 0.028999523715545875 6.2961803371952576e-05 -0.066947427552034908 0.043956062526263169 0.00070435215143260798 0.03049549310573417 -0.0052500257828158028 -1.9334512476256223 0.13153770412333102 0.0012790799178572512 0.001987028597563723 -0.00077862595733985119 -0.0049278461919901031 -0.0051080710395847153 0.04670822229065897 -0.010340241996938613 0.037902240922870985 0.010752695459062879 0.077791569482708614 -1.0000000180025095e-35 0.027190464557258841 -0.0030155684079278817
decision_type=10 10 8 10 8 10 8 10 10 10 10 10 10 8 10 10 8 10 10 10 10 10 8 10 10 10 10 10 2 10
left_child=-1 9 -3 4 5 -4 7 8 26 10 -2 20 13 -13 -14 16 19 -17 -19 -16 -11 25 23 -23 -24 -22 -6 29 -29 -20
right_child=1 2 3 -5 6 -7 -8 -9 -10 11 -12 12 14 -15 15 17 -18 18 27 -21 21 22 24 -25 -26 -27 -28 28 -30 -31
leaf_value=-6.2971492570381619e-06 0.0021215888113711042 -0.0023149884080971186 -0.00019458181639423681 0.0011907072155103312 0.00050872043422301296 -0.0025074444807474858 0.0015132067064790617 -0.0016182112178769084 0.0010359667626186329 0.0019565418809902907 0.0004178534724198529 -0.00021319042167016426 0.0013311798708585637 -0.0023391936465655687 -0.00075962604967571678 0.0010483996246235785 0.002097474663175003 -0.0017261229676148189 -5.0906600893738315e-05 0.0012660236817246936 0.0013590327463577456 -0.00071849632787543622 -0.0024817533578461171 0.0013375558089855086 9.9309671670899747e-05 -0.00024114133282075921 -0.0015725590345186901 0.001869201445209174 -0.00081822592477035058 -0.0015419354184123843
leaf_weight=251641 251 212 315 331 229 260 204 363 421 223 4922 339 348 297 512 393 297 523 690 291 895 403 259 546 249 486 256 257 249 467
leaf_count=251641 251 212 315 331 229 260 204 363 421 223 4922 339 348 297 512 393 297 523 690 291 895 403 259 546 249 486 256 257 249 467
internal_value=2.82096e-06 0.000150967 -0.000362229 -0.000188212 -0.000411075 -0.0012404 -8.73406e-05 -0.000344639 0.000165633 0.000254068 0.000500521 8.90112e-05 -0.00014382 -0.00120599 2.39336e-05 -9.972e-05 0.000547668 -0.000375845 -0.000631896 -2.55487e-05 0.000443696 0.000324822 -0.000121685 0.000464438 -0.00121663 0.000795901 -0.000589852 -0.000287771 0.000546732 -0.000652731
internal_weight=267129 15488 2591 2379 2048 575 1473 1269 906 12897 5173 7724 4663 636 4027 3679 1100 2579 2186 803 3061 2838 1457 949 508 1381 485 1663 506 1157
internal_count=267129 15488 2591 2379 2048 575 1473 1269 906 12897 5173 7724 4663 636 4027 3679 1100 2579 2186 803 3061 2838 1457 949 508 1381 485 1663 506 1157
is_linear=0
shrinkage=0.03


Tree=277
num_leaves=31
num_cat=0
split_feature=9 10 6 10 10 5 0 4 6 3 11 12 4 3 6 6 6 11 6 4 3 2 7 0 3 12 9 12 12 2
split_gain=0.324434 0.876225 1.12265 1.01156 0.981933 0.975261 0.973647 0.86977 0.792672 0.961422 0.746198 1.46033 1.24225 1.46521 0.945915 0.772671 0.989305 1.2678 0.931985 0.809483 0.763849 0.728809 0.770924 0.728216 0.824361 0.771016 0.719244 0.718251 1.33947 0.767665
threshold=-0.087423245139688563 -0.0033757434950809069 -0.10476213645166825 0.0083701210885805972 -0.0086377534955604501 0.017485559949335348 -0.010553698626244166 -0.0231989896274124 0.0075210398232588025 -0.0038312111415992329 -0.0015424658277066736 0.018155535817344085 0.020137688173613947 0.01468065883977432 -0.084470013909669669 -0.11158717123038418 -0.0032439845970552712 -0.0013619454738497681 -0.041542281606812885 -0.010340673877972438 0.022142519163031008 -0.76198968707444259 -0.12947619479331671 0.011490297309781019 0.024297629117141731 0.026334491549525 -0.22299053530848864 -0.0048900285408478563 -0.0059101328932877886 -3.0815399047161161
decision_type=8 10 10 10 8 10 10 10 10 10 10 10 10 10 10 10 10 10 10 10 10 10 10 10 10 10 10 10 10 10
left_child=1 2 7 10 5 -4 -6 -1 9 21 11 12 27 -14 -13 -12 17 18 -17 -18 -15 -7 -23 25 -25 -21 -19 28 -3 -29
right_child=-2 3 4 -5 6 8 -8 -9 -10 -11 15 14 13 20 -16 16 19 26 -20 23 -22 22 -24 24 -26 -27 -28 29 -30 -31
leaf_value=-0.0020468822286736463 1.8839236884144381e-05 -0.00035905348091671294 0.0017294839339892325 0.00035080309758227544 0.00097550000585635015 -0.0012597548785632691 0.00023083405076943064 7.8799386739224564e-05 0.00066939604524267045 -0.0017390229042727875 0.00052525133526044681 -0.0029217099760736648 0.0025998760045520277 -0.0013083777452089092 -0.00083164807221112493 0.0015985537790029719 -0.0001990004000459617 -0.00090258499286680483 -6.218826174896191e-05 0.00016440253304490839 0.00045023987037615256 -0.001213870161629625 0.00074848102163921966 0.0017668572548536817 -0.00014177049016751743 0.0017671220670107434 -0.0001716522274374341 0.0005714251745686245 -0.0017491586341269422 -0.00019738681002063824
leaf_weight=349 183305 8384 204 4353 2042 448 6988 344 473 567 2010 225 262 259 1456 621 3731 1265 596 6424 1568 247 666 613 305 282 28709 1350 674 8713
leaf_count=349 183305 8384 204 4353 2042 448 6988 344 473 567 2010 225 262 259 1456 621 3731 1265 596 6424 1568 247 666 613 305 282 28709 1350 674 8713
internal_value=-3.5459e-06 -5.23205e-05 0.000181334 -9.24388e-05 0.000251203 -0.000261917 0.000399229 -0.00099171 -0.000431116 -0.000701107 -0.000121045 -0.000260261 -0.000192804 0.000501807 -0.0011114 -4.95223e-05 -7.66764e-05 -0.000163961 0.000785241 0.000163084 0.000200934 -0.000268705 0.000217593 0.00034028 0.00113273 0.0002318 -0.0002025 -0.000268691 -0.00046249 -9.4247e-05
internal_weight=267433 84128 12328 71800 11635 2605 9030 693 2401 1928 67447 22891 21210 2089 1681 44556 42546 31191 1217 11355 1827 1361 913 7624 918 6706 29974 19121 9058 10063
internal_count=267433 84128 12328 71800 11635 2605 9030 693 2401 1928 67447 22891 21210 2089 1681 44556 42546 31191 1217 11355 1827 1361 913 7624 918 6706 29974 19121 9058 10063
is_linear=0
shrinkage=0.03


Tree=278
num_leaves=31
num_cat=0
split_feature=6 9 1 12 8 6 6 10 10 10 10 3 7 1 13 0 10 3 10 10 10 13 10 10 10 10 10 10 10 9
split_gain=0.344591 1.07905 0.896501 0.944789 0.330477 0.506049 0.646226 0.542964 0.993689 2.15977 1.41262 0.79805 0.773808 0.78214 0.933559 1.07378 0.703116 0.688072 0.663552 1.37853 1.16836 0.608287 0.557924 0.502135 1.15005 0.879797 0.603668 0.570561 0.723709 0.557973
threshold=0.23968869885597513 -0.046492942816244935 0.012499525779348543 -0.0068999484522382351 0.01177824683650963 0.038322906934477048 0.055216928077263201 0.0020684134140932513 0.00064926187012581693 0.00070435215143260798 0.00037746041761210774 -0.016369617430586288 0.023976568233735954 -0.0010461852161359195 0.011538455017611514 0.0040297404907867493 0.00057765818009547509 -0.010026339208438593 0.0010660783705950252 0.00096316336374591149 0.0011552834488944843 0.01978945516580399 0.0026288020933981087 0.00010802647952978807 0.00014929309867162124 -7.8711120603869298e-05 -3.8365969389053671e-05 -0.0017260044631248193 -0.00167466023889673 -0.0074461026750203265
decision_type=10 8 2 10 8 10 10 10 8 8 10 10 8 2 2 10 10 10 10 10 10 2 10 10 10 10 10 10 10 10
left_child=4 -2 3 -3 5 7 -7 8 10 -10 23 -11 13 14 17 -16 -12 -9 19 -13 -20 -22 -14 25 -25 27 -27 29 -29 -1
right_child=1 2 -4 -5 -6 6 -8 12 9 11 16 18 22 -15 15 -17 -18 -19 20 -21 21 -23 -24 24 -26 26 -28 28 -30 -31
leaf_value=-0.00026286717801972691 -0.00097638505008071667 0.00076074968979949835 -0.00054802433566655958 0.0033472636196230296 -2.3996715855873794e-05 0.0011116266920935356 -0.00048213377096990661 0.0021559787711462352 0.003439002938253144 0.0022121855651408514 -0.0019606222191435705 0.00027237424808906533 -0.00072211166072793037 -0.0007041716514261363 0.00030980768434961354 -0.0018088068694640624 -0.00011098426617071277 0.00026137508970782797 -0.0019267187858136689 0.0024765017337168606 0.00010767080067745533 0.0018102286682404542 0.00055259371155862852 0.0023778288050735783 0.00020979784184542658 -0.0019665942178419622 -0.00030882256019258816 0.0020169585462831061 0.00025597413008099194 0.00071512614440498576
leaf_weight=3972 300 313 200 214 241145 876 310 203 217 204 470 952 377 2741 444 418 305 1149 246 349 2712 203 1714 270 1194 308 552 221 4234 605
leaf_count=3972 300 313 200 214 241145 876 310 203 217 204 470 952 377 2741 444 418 305 1149 246 349 2712 203 1714 270 1194 308 552 221 4234 605
internal_value=-1.10707e-05 0.000537399 0.00116207 0.00181106 -1.31851e-05 9.0085e-05 0.000695045 6.02644e-05 0.000151977 0.000513343 6.51833e-06 0.000377281 -0.000161193 -0.000365424 5.39553e-05 -0.000717548 -0.0012327 0.000545846 0.00029339 0.000863643 5.86861e-05 0.000226237 0.000322769 9.10899e-05 0.00060964 1.43453e-05 -0.000902536 0.000101648 0.000343332 -0.000133593
internal_weight=267418 1027 727 527 266391 25246 1186 24060 17014 4883 12131 4666 7046 4955 2214 862 775 1352 4462 1301 3161 2915 2091 11356 1464 9892 860 9032 4455 4577
internal_count=267418 1027 727 527 266391 25246 1186 24060 17014 4883 12131 4666 7046 4955 2214 862 775 1352 4462 1301 3161 2915 2091 11356 1464 9892 860 9032 4455 4577
is_linear=0
shrinkage=0.03


Tree=279
num_leaves=31
num_cat=0
split_feature=1 13 4 5 13 0 0 0 8 8 0 7 0 6 4 5 1 5 13 0 2 5 13 0 0 5 13 10 6 8
split_gain=0.336669 0.559823 0.726827 0.571145 0.92729 0.488201 1.06838 0.685857 0.810287 0.596318 0.604684 1.09633 1.35308 1.12083 1.05854 1.14223 0.911804 0.605644 0.60523 0.564271 0.532099 0.602334 0.583412 0.431754 0.407381 0.40712 0.377144 0.815232 0.863076 0.888048
threshold=0.02978140980251898 0.041024297089336963 -0.0090468840719143944 0.029610658826444116 0.036359441812190578 0.020539594414491828 0.015200769900258095 0.041296227684088478 0.031456098744024989 0.016787149480216115 -0.0027740226199424729 0.070542772063533224 0.0020818117338634594 -0.066947427552034908 0.014042834945176554 0.067898234176967248 0.043939283787772128 0.035948319901697091 0.055382658408149606 0.0021369712853273053 -1.4008374015659386 0.059973498246801184 0.064390400744067808 0.0078058460674117489 0.003201779960592011 0.044399066513356795 0.021546261132986692 0.010624881496363094 -0.032915205316444533 0.017838551234711796
decision_type=2 2 10 10 2 8 10 10 8 10 10 10 10 10 10 10 2 10 2 10 10 10 2 10 10 10 2 10 8 8
left_child=26 2 -2 24 -5 6 9 8 -7 19 20 12 -12 -14 18 -16 23 -18 -13 -3 22 25 -11 -15 -4 -22 27 -1 29 -29
right_child=1 5 3 4 -6 7 -8 -9 -10 10 11 14 13 16 15 -17 17 -19 -20 -21 21 -23 -24 -25 -26 -27 -28 28 -30 -31
leaf_value=3.3586320450546496e-05 -0.00016782280165259972 0.00017233497936926457 0.0011685009914383824 -0.0011048781734425573 0.001419960721850513 0.002696674078004435 -0.0016732045099292073 -0.0005986974907538561 0.00013178329240051505 -0.00019320405963063874 0.0020854851388695402 -5.8744953346106552e-05 -0.0014119924696400588 -0.00054558039364936467 0.0017985388093128254 -0.0010167692377406638 0.0007609923770043836 0.0030758636463098809 -0.0016477065106766933 -0.0018621132570184314 -0.00061378216433234363 -0.0015397255043173518 0.0016652557843039614 0.0011583930940719917 0.0029818255431018769 0.00074293501279625225 -5.2670466826298858e-05 -0.0013034601829466348 -0.00075606679596536296 0.00072404581269124284
leaf_weight=169774 564 230 252 200 379 240 329 201 206 441 597 429 258 382 369 200 207 200 434 263 584 412 232 206 200 302 85611 252 2355 851
leaf_count=169774 564 230 252 200 379 240 329 201 206 441 597 429 258 382 369 200 207 200 434 263 584 412 232 206 200 302 85611 252 2355 851
internal_value=4.87799e-06 0.000192754 0.000698034 0.00117169 0.000547823 7.2861e-05 -1.05744e-05 0.000856277 0.00151199 8.46232e-05 0.000178249 0.000427683 0.000910084 0.000350057 -0.00019553 0.000808975 0.00080695 0.00189852 -0.000857829 -0.000912979 -0.000237094 -0.000592026 0.000447454 5.13899e-05 0.00197086 -0.000151335 -1.15875e-06 2.42983e-05 -0.000431708 0.000260826
internal_weight=267160 8317 1595 1031 579 6722 6075 647 446 5746 5253 3282 1850 1253 1432 569 995 407 863 493 1971 1298 673 588 452 886 258843 173232 3458 1103
internal_count=267160 8317 1595 1031 579 6722 6075 647 446 5746 5253 3282 1850 1253 1432 569 995 407 863 493 1971 1298 673 588 452 886 258843 173232 3458 1103
is_linear=0
shrinkage=0.03


Tree=280
num_leaves=31
num_cat=0
split_feature=13 11 4 11 10 11 1 10 11 10 10 0 6 11 11 11 11 11 11 2 5 11 11 2 4 11 10 10 10 13
split_gain=0.384598 1.06384 1.14418 0.799105 0.888357 0.765355 0.645944 0.630454 0.857945 0.749806 0.666824 0.605418 0.518637 0.499969 0.464098 0.946811 0.699327 1.07593 0.603789 0.722538 0.583757 0.490049 0.647651 0.455388 0.464041 0.454681 0.452988 0.500108 0.448929 0.463141
threshold=0.0079592220067343771 -0.0040185140018970658 0.0042235915815457279 -0.0026814959715112936 0.0049008937763079805 -0.0048747298801486419 -0.0021460221952357412 0.001943958592661166 0.0010011138297337798 -0.0013159382920360783 -0.0014416768650087339 0.0054105199744285412 -0.00038851246533666556 -0.000760546972662146 0.0056068123021811864 0.0042070179101592062 0.0036558778203330537 0.0021621310719518454 -0.0013693886231044836 -0.59507900249908363 0.018633586427059767 -0.0010494861981825141 -0.00030249170927321151 -0.58960147450695244 -0.0014291556594287489 -0.0042809602293659146 0.0035547345392493717 0.0028511567988745994 -0.0023752123669673049 0.0075699222263099402
decision_type=2 8 10 8 10 10 2 8 10 10 10 10 10 8 10 10 10 10 10 8 10 10 10 8 10 10 10 8 10 2
left_child=1 2 5 4 28 -1 13 9 11 10 -8 23 -13 -5 15 16 17 18 19 -11 -19 -20 -23 -9 -25 -7 27 -10 -3 -30
right_child=-2 3 -4 6 -6 25 7 8 26 14 -12 12 -14 -15 -16 -17 -18 20 21 -21 -22 22 -24 24 -26 -27 -28 -29 29 -31
leaf_value=-0.00026394139601874889 -1.7063590717049348e-05 -0.001336093516156679 0.0022920249522382064 0.00082169390315033053 -0.0023258753431036894 0.0022429937506342266 -0.00010278334228771925 0.00017411830150636004 -0.0008150868404075294 0.00034651835147052372 -0.0017214576832244774 2.1671145851023356e-05 0.0016938335432132589 0.00019200347765510611 -0.0010196004408693702 0.002073035285959366 -0.0011749145197058892 0.0020700126607406675 -0.0010033611694453123 0.0024985730370980504 0.00016787137390705397 0.00094335024623630795 -4.8750458409690442e-05 -0.0013699943464467181 -0.00012057085881349935 0.00048839255899200029 -0.0013879073506818686 0.00077977087220833555 -0.0002947450441684726 0.0011963000629505473
leaf_weight=675 245408 308 382 1725 216 235 2251 1336 644 412 255 349 320 3317 213 291 269 481 346 213 208 773 2532 465 630 306 724 244 1303 219
leaf_count=675 245408 308 382 1725 216 235 2251 1336 644 412 255 349 320 3317 213 291 269 481 346 213 208 773 2532 465 630 306 724 244 1303 219
internal_value=-6.37223e-06 0.000114862 0.00085979 5.54725e-05 -0.000506339 0.000409861 0.000119339 7.22161e-06 -0.000269587 0.000165436 -0.000267493 2.23242e-05 0.00082151 0.000407437 0.000354512 0.000407487 0.000314886 0.000395602 0.000218328 0.00107994 0.00149578 7.08328e-05 0.00018329 -0.000197608 -0.000651148 0.00125056 -0.000830953 -0.00037686 -0.000291574 -8.01991e-05
internal_weight=267050 21642 1598 20044 2046 1216 17998 12956 4712 8244 2506 3100 669 5042 5738 5525 5234 4965 4276 625 689 3651 3305 2431 1095 541 1612 888 1830 1522
internal_count=267050 21642 1598 20044 2046 1216 17998 12956 4712 8244 2506 3100 669 5042 5738 5525 5234 4965 4276 625 689 3651 3305 2431 1095 541 1612 888 1830 1522
is_linear=0
shrinkage=0.03


Tree=281
num_leaves=31
num_cat=0
split_feature=6 11 5 8 2 10 0 2 1 9 6 13 9 2 6 11 13 0 11 9 11 5 13 12 10 6 6 8 0 11
split_gain=0.320471 0.830284 0.420439 0.37443 0.275166 1.18812 0.790692 0.949824 1.20958 0.610733 0.808242 0.680107 0.60746 0.877223 0.751137 0.688731 0.629025 0.592929 0.570535 0.886717 0.835541 0.702258 0.944118 0.58615 0.561714 0.559519 0.614754 0.675305 0.545103 0.650485
threshold=-0.15568417469660031 -0.0013693886231044836 0.060887161530463342 0.040188373578521487 5.7942592730076132 0.0038247633878483183 0.0063113914754365794 8.7769802406251269 -0.01672448023507039 -0.10414070422595605 -0.026049517460387802 0.069267995657114542 -0.12551147496662227 7.1837535169755142 0.0084100723369704439 0.0026344616080152821 0.027190464557258841 0.00057805152960999095 0.00026563041610017107 -0.057475973569399645 -0.0037394986618783372 0.03467151796328468 0.016988415972371652 0.0071717901153845473 0.0025175133770660722 0.072145775019619843 0.014276553893360801 0.012344860663748302 0.0038501487931368321 0.00031684396026343547
decision_type=8 10 10 10 10 10 10 10 2 10 10 2 10 10 10 10 2 10 10 10 10 8 2 10 10 10 10 8 10 10
left_child=1 2 -1 -3 -2 6 12 8 -8 -9 -11 -12 13 17 -14 24 18 -6 19 20 -16 25 -23 -20 -15 26 -21 -28 -18 -30
right_child=4 3 -4 -5 5 -7 7 9 -10 10 11 -13 14 15 16 -17 28 -19 23 21 -22 22 -24 -25 -26 -27 27 -29 29 -31
leaf_value=-0.00058757855243390738 1.6645799706803055e-05 0.00094920625612966117 -0.0025024115880377482 -0.00053511464713665194 -0.00191257148472475 0.00037915546159278667 0.00067405692634305784 -0.00077069651918353467 -0.0011689320481027593 0.0011761067756414112 -2.1773407900242611e-05 -0.0014509879119101571 -0.0002923944391529155 0.00072827580985627418 0.00064334364692698626 -0.00049470324112798985 -0.00052530565826300845 0.00024403541332088542 0.00037252621723110672 0.00098364917333556233 -0.0016296557242035745 0.0026108172632565226 0.00018939344228642316 0.0015359525834332264 0.0024178260728315993 0.0014731761306335312 0.0006638481732803615 -0.00072257805399653053 0.0015252634205267226 -0.00059934993266683666
leaf_weight=202 232690 293 211 320 219 4481 378 1202 2107 465 3259 330 9692 1388 206 369 2075 241 2408 351 496 237 373 465 203 207 415 1328 285 238
leaf_count=202 232690 293 211 320 219 4481 378 1202 2107 465 3259 330 9692 1388 206 369 2075 241 2408 351 496 237 373 465 203 207 415 1328 285 238
internal_value=3.0446e-06 -0.000526139 -0.00156586 0.000174357 5.08491e-06 -7.54137e-05 -0.000145805 -0.000405299 -0.00088859 -0.000176802 -7.14331e-07 -0.000153186 -5.10357e-05 0.000396314 -0.000108694 0.00067302 8.73024e-05 -0.000782697 0.000245299 -5.60513e-06 -0.00096265 0.00022519 0.00113018 0.000560829 0.00094385 -1.47233e-05 -0.000161808 -0.000392477 -0.000307142 0.000558422
internal_weight=267134 1026 413 613 266108 33418 28937 7741 2485 5256 4054 3589 21196 2420 18776 1960 9084 460 6486 3613 702 2911 610 2873 1591 2301 2094 1743 2598 523
internal_count=267134 1026 413 613 266108 33418 28937 7741 2485 5256 4054 3589 21196 2420 18776 1960 9084 460 6486 3613 702 2911 610 2873 1591 2301 2094 1743 2598 523
is_linear=0
shrinkage=0.03


Tree=282
num_leaves=31
num_cat=0
split_feature=4 2 4 0 6 1 2 0 2 10 10 6 5 9 1 7 10 10 9 10 10 5 1 9 8 10 0 13 7 10
split_gain=0.305867 0.681587 0.640897 1.02054 0.904082 0.823015 0.449465 0.692331 0.510327 0.484183 0.774318 0.754803 0.471181 0.438337 0.471233 0.793774 0.654309 0.781519 0.727795 0.622226 1.41767 0.560553 0.513892 0.618846 0.8473 0.694918 0.495657 0.376169 0.349003 0.704856
threshold=-0.051143021928791159 9.9720616941574374 -0.041422129051734362 -0.016812468192848481 0.082284739503091023 0.028270617991668082 5.9928268771892634 0.011235947175568974 -1.0128617328586536 -0.0004911650863941851 -0.0025046030736606269 -0.018008947497308022 0.061892843223332807 -0.27107699963856419 -0.012284580632282381 0.28644804760910919 0.0035547345392493717 0.001425423016487293 -0.095595355639177135 0.0031060098202733148 0.0021493899669076115 0.079713890167057003 -0.0031537732041319595 -0.12426066542931773 0.026997646761602902 -9.0218102185568566e-06 -0.0044495201649288876 0.025937347069608357 -0.070427258724111971 0.0021656080701130125
decision_type=8 10 8 8 8 2 10 10 8 10 10 10 10 8 2 8 10 10 8 10 8 10 2 10 10 10 10 2 10 10
left_child=1 13 3 -2 5 6 7 9 -9 10 12 28 27 -1 16 19 17 18 -15 20 22 -21 -16 25 -25 26 -24 -5 29 -11
right_child=2 -3 -4 4 -6 -7 -8 8 -10 11 -12 -13 -14 14 15 -17 -18 -19 -20 21 -22 -23 23 24 -26 -27 -28 -29 -30 -31
leaf_value=-0.0010598850398886629 0.0012623046949618907 0.0019324105959853824 6.2558807973413335e-07 -0.00038377354147795092 -0.0023565150634075201 0.0014035173728628907 -0.00162328023949463 -0.00042624729331855552 0.0014580121000317184 -0.0022137438195470789 0.0010859803070087689 -0.0019382705367513391 0.00052902757646549703 0.00014075749779381122 -0.0010664645387797797 -0.0016278282011626287 0.0018342276138922301 -0.0011794255202797921 0.0023386967728898527 -0.0019595133044345275 0.0025662487124547039 0.00017938574580712464 -1.3344132341444491e-05 -0.00019209808334536604 0.0021526905804358032 0.0008909683149289087 -0.0020636476021737042 -0.0020444870384192055 1.1508566151167552e-05 7.3832934887916099e-05
leaf_weight=246 316 207 259314 257 225 215 298 239 282 246 333 475 207 421 278 240 347 236 200 207 243 236 220 251 310 296 205 235 563 239
leaf_count=246 316 207 259314 257 225 215 298 239 282 246 333 475 207 421 278 240 347 236 200 207 243 236 220 251 310 296 205 235 563 239
internal_value=-1.25735e-06 0.000254508 -5.27959e-06 -0.000376053 -0.000511796 -0.000396147 -0.000510827 -0.000403053 0.00059364 -0.000606293 -0.000104597 -0.000946247 -0.000671782 0.000166265 0.000248008 1.20752e-05 0.000735158 0.000290145 0.000848628 0.00018731 0.000434821 -0.000820055 0.00010281 0.000356366 0.0011036 -0.000225044 -0.00100231 -0.001177 -0.000496618 -0.00108646
internal_weight=267587 4143 263444 4130 3814 3589 3374 3076 521 2555 1032 1523 699 3936 3690 2486 1204 857 621 2246 1803 443 1560 1282 561 721 425 492 1048 485
internal_count=267587 4143 263444 4130 3814 3589 3374 3076 521 2555 1032 1523 699 3936 3690 2486 1204 857 621 2246 1803 443 1560 1282 561 721 425 492 1048 485
is_linear=0
shrinkage=0.03


Tree=283
num_leaves=31
num_cat=0
split_feature=7 10 11 9 7 11 6 10 2 13 13 2 9 12 10 13 3 8 12 11 0 11 7 6 7 8 11 11 3 7
split_gain=0.461818 0.622885 0.820938 0.908609 0.848037 0.827452 0.89569 0.773729 0.821161 0.691015 0.979774 0.802047 1.06377 0.779322 0.721839 0.645937 0.643235 0.594811 0.592739 1.19265 0.922073 0.797854 0.9232 0.789546 0.76465 0.627668 0.604157 1.81041 0.556916 0.764175
threshold=-0.077441167092704918 0.0030428545700093017 -0.00080069763955337148 -0.072385904904894646 -0.14415047197777439 -0.0013331111573297025 -0.078998380942597687 0.0018421243046183868 -1.6017667472651522 0.01934146768675378 0.013137002304441177 -0.58544475109584415 -0.16666665605328254 -0.014041821136584086 0.0024302424577823394 0.011030443832986594 0.0085788672587898702 0.025700186069764208 -0.01457230349863353 -0.0058529657534840398 -0.013015486744986647 0.0023091757649384985 -0.11508557155197034 -0.00079362436467472753 -0.10361829386061687 0.034526588057825214 -0.0025460857065984772 -0.0017490787565381802 0.0012325848332344071 -0.12319642227676712
decision_type=10 10 10 8 8 10 10 10 8 2 2 10 10 10 10 2 10 8 10 10 10 10 8 8 10 8 10 10 10 8
left_child=1 7 4 -4 -3 -6 -7 18 16 10 15 13 -13 -11 -14 -10 28 -12 21 20 -20 23 -23 26 -25 -22 -1 -28 29 -9
right_child=-2 2 3 -5 5 6 -8 8 9 11 17 12 14 -15 -16 -17 -18 -19 19 -21 25 22 -24 24 -26 -27 27 -29 -30 -31
leaf_value=0.00075035215844415702 -2.6441932255496138e-05 -0.00061572047133242409 0.00061887104404499281 -0.00046818900623008647 0.00040935792107272911 0.00032818351430232161 -0.0017292504669833219 0.00096704541570893714 -0.00025969394126680329 -0.0028410743855762752 0.00012268520333425802 0.0008045751256207977 -0.0020388721237403831 -0.00097969254028719248 0.00016261071886130888 -0.0018853236729231384 0.00126986482402982 0.0019459497957587013 0.00076618121116104243 7.001807311805914e-05 -0.00069358127541667598 -0.0013228151863498838 0.00071865014517371651 0.00079150465573781187 0.0027151522814598036 -0.0021380067051676899 -0.0017781920400638941 0.00050390503118806767 -0.0014128763736401017 -0.0004984600197714546
leaf_weight=1504 217219 1498 5787 786 3497 388 374 584 604 309 779 402 356 587 215 346 399 203 308 25092 1141 482 340 702 253 355 421 1218 239 709
leaf_count=1504 217219 1498 5787 786 3497 388 374 584 604 309 779 402 356 587 215 346 399 203 308 25092 1141 482 340 702 253 355 421 1218 239 709
internal_value=-7.53906e-06 7.4783e-05 0.000259788 0.00048888 -1.77681e-06 0.000214163 -0.000681633 1.40313e-05 -0.000306811 -0.000562743 -0.000164895 -0.000974002 -0.000377634 -0.00162162 -0.00120994 -0.000851765 0.000196968 0.000499592 7.18346e-05 1.64526e-05 -0.000728595 0.00037459 -0.000478413 0.00054569 0.00130112 -0.00103634 0.000316152 -8.22834e-05 -8.24615e-05 0.000163454
internal_weight=267097 49878 12330 6573 5757 4259 762 37548 5732 3801 1932 1869 973 896 571 950 1931 982 31816 26896 1804 4920 822 4098 955 1496 3143 1639 1532 1293
internal_count=267097 49878 12330 6573 5757 4259 762 37548 5732 3801 1932 1869 973 896 571 950 1931 982 31816 26896 1804 4920 822 4098 955 1496 3143 1639 1532 1293
is_linear=0
shrinkage=0.03


Tree=284
num_leaves=31
num_cat=0
split_feature=2 11 4 8 9 8 1 13 10 10 12 4 12 10 13 11 11 11 11 11 8 10 4 10 9 0 8 2 4 0
split_gain=0.303579 0.534549 0.397703 1.07214 0.731244 0.721775 0.678954 0.745587 0.581859 0.627214 0.308448 0.498908 0.767237 0.74964 0.43317 0.689123 0.533657 0.537527 1.33517 0.821659 1.20129 0.539457 0.528776 0.518668 0.5066 0.671617 0.558736 0.397006 0.373357 0.360445
threshold=13.083039543367901 0.0051049438007758638 -0.0033223159374459739 0.020410962359362479 -0.071779252895575504 0.031661281158982195 0.031621298837954732 0.041024297089336963 0.00041156102050876614 0.0030428545700093017 -0.031093505766181747 0.047838005100346088 -0.036406256647584394 -0.0062837051052680995 0.030990482209299942 0.0037256101513831745 0.0023590067290921728 -0.0027961301162618408 -0.0015424658277066736 -0.0008308186409674011 0.024209973952485978 0.00014929309867162124 0.0086771576682693769 0.00064926187012581693 -0.047915485704429155 0.0029189202157664522 0.031066575820949644 -1.0453107550907481 -0.022375461307287344 0.0060456039921609203
decision_type=10 10 10 10 10 10 2 2 8 10 10 8 8 8 2 8 10 10 10 10 8 10 10 10 8 10 10 8 10 10
left_child=10 2 3 -2 -5 6 7 8 -4 -10 11 13 -13 -1 -15 16 17 22 27 -20 -21 -22 24 -17 25 26 -16 -19 -23 -12
right_child=1 -3 5 4 -6 -7 -8 -9 9 -11 29 12 -14 14 15 23 -18 18 19 20 21 28 -24 -25 -26 -27 -28 -29 -30 -31
leaf_value=-0.0015684820432842379 -0.0009272700907410592 0.00088559879620066456 0.00056273952870906777 -5.3187562610973858e-05 0.0018474607943353475 -0.0018792122082002666 0.00090902716866233494 -0.0022764116213672765 -0.0018647766403501874 1.3770394242153717e-05 1.4865625832378041e-05 0.00016143702976405622 0.0025531093701017132 0.001225467776435897 0.0007598884941565744 -0.0020006223911403029 0.0016762059968446659 -0.0022050582522667394 0.0018619044764720183 0.0014115343346134067 0.00030340709364068934 -0.0021968326250714765 -0.00049135708667496895 9.135904712694707e-05 0.0022334473426889609 0.0012177015906046776 -0.0013929640631734704 -0.00057599610161560119 -0.00059088762424907161 -6.7540721215403243e-05
leaf_weight=223 616 323 387 423 320 362 293 221 315 325 194852 300 202 351 218 226 224 284 253 384 376 202 328 202 203 639 216 256 367 63286
leaf_count=223 616 323 387 423 320 362 293 221 315 325 194852 300 202 351 218 226 224 284 253 384 376 202 328 202 203 639 216 256 367 63286
internal_value=-4.34964e-06 -0.000278557 -0.000393831 -1.8464e-06 0.000765396 -0.00067376 -0.000390585 -0.000695702 -0.000355549 -0.000910827 -6.2027e-07 0.000222642 0.00112382 0.000131286 0.00021144 0.000130142 0.000254037 0.000168539 -0.000144739 0.000294915 -3.39029e-06 -0.000578344 0.000582987 -0.00101329 0.000859151 0.000599149 -0.000311577 -0.00143276 -0.00116101 -5.3374e-06
internal_weight=267177 3585 3262 1359 743 1903 1541 1248 1027 640 263592 5454 502 4952 4729 4378 3950 3726 2122 1582 1329 945 1604 428 1276 1073 434 540 569 258138
internal_count=267177 3585 3262 1359 743 1903 1541 1248 1027 640 263592 5454 502 4952 4729 4378 3950 3726 2122 1582 1329 945 1604 428 1276 1073 434 540 569 258138
is_linear=0
shrinkage=0.03


Tree=285
num_leaves=31
num_cat=0
split_feature=13 11 11 0 11 11 11 9 3 10 11 9 10 11 10 10 11 10 11 7 10 7 1 11 10 3 12 2 10 11
split_gain=0.381742 0.755231 1.14546 1.53996 0.979694 0.843154 1.07796 1.14687 0.962427 0.858223 0.823993 0.7629 0.738502 0.940399 0.674812 0.86164 1.04281 0.783895 1.34258 0.666482 0.71867 0.655978 0.792773 0.730981 0.756748 0.624202 0.612556 0.597954 0.59766 0.594681
threshold=0.011946339177603408 -0.0040185140018970658 -0.0048747298801486419 0.0072541468684281804 -0.0027961301162618408 -0.0015424658277066736 -0.0016335004347811652 -0.15666280031026122 -0.019685674495853563 -0.00068698624494850636 -0.0032948680536851733 -0.0032303471226927112 -0.0003514171155731271 0.0067660142252137243 -3.8365969389053671e-05 -7.8711120603869298e-05 0.0010876520202287578 0.00019547206478753856 -0.0005723403980377183 0.27176895519348515 0.00070435215143260798 0.0047832617928699203 -0.0056997461352492609 -0.0029906057482282917 0.00033285104136360216 0.0076811475027316342 -0.0044637983007897999 5.7942592730076132 0.00090742657854225872 0.00073892925960139532
decision_type=2 8 10 8 8 8 10 10 10 10 10 8 10 10 10 10 10 10 8 8 10 8 2 10 10 10 10 10 10 10
left_child=1 2 3 11 10 6 7 -6 -9 26 -3 -1 13 29 15 -14 -17 18 -16 20 -11 22 -12 -24 -25 -23 -10 -20 -8 -7
right_child=-2 4 -4 -5 5 12 28 8 9 19 21 -13 14 -15 17 16 -18 -19 27 -21 -22 25 23 24 -26 -27 -28 -29 -30 -31
leaf_value=0.00036051489602201828 -3.4398713701614408e-05 -3.8211049138704347e-05 0.00088361135209198292 -0.0020518620284353146 0.0024080262986173611 6.2297026771167321e-07 0.00076879436705692538 -0.0014261163880076439 0.00094331972012355061 0.0014460504753670575 0.00025342729965702643 -0.0014804950252507035 -0.0002120020615112334 -0.001526892440779967 0.0019791268756190641 -0.00022152286504272274 -0.0028067604540381579 -7.6935695775518615e-05 -5.7289734515086808e-05 -0.001153743527624051 0.00037908202445441103 0.00020329242354042389 -0.00086248573710415231 -0.0011356446718061555 -0.0035200569038403295 -0.0011671005041252089 -0.00048860566864473824 0.0016029932020221068 0.002402004869636824 0.00039278738037689368
leaf_weight=2702 200099 3524 2365 295 209 6146 599 331 317 674 269 219 1430 282 445 264 300 28620 1619 218 3618 877 594 220 263 454 1771 222 304 8023
leaf_count=2702 200099 3524 2365 295 209 6146 599 331 317 674 269 219 1430 282 445 264 300 28620 1619 218 3618 877 594 220 263 454 1771 222 304 8023
internal_value=-1.36253e-05 4.82547e-05 0.000382427 1.3863e-05 1.79751e-05 5.80072e-05 0.000342035 0.000218491 0.000152447 0.000231639 -0.000339622 0.000222486 9.77444e-06 0.000188539 -6.87462e-05 -0.000603648 -0.00159665 -3.42353e-05 0.00050036 0.000464444 0.000546635 -0.000736398 -0.00120339 -0.00156725 -0.00243399 -0.000264144 -0.000271211 0.000142918 0.00131862 0.000222681
internal_weight=267273 67174 5581 3216 61593 55392 8041 7138 6929 6598 6201 2921 47351 14451 32900 1994 564 30906 2286 4510 4292 2677 1346 1077 483 1331 2088 1841 903 14169
internal_count=267273 67174 5581 3216 61593 55392 8041 7138 6929 6598 6201 2921 47351 14451 32900 1994 564 30906 2286 4510 4292 2677 1346 1077 483 1331 2088 1841 903 14169
is_linear=0
shrinkage=0.03


Tree=286
num_leaves=31
num_cat=0
split_feature=1 10 3 9 0 3 8 6 3 0 1 0 13 12 13 11 13 6 8 11 3 11 9 12 11 9 11 2 9 3
split_gain=0.360876 0.738478 1.2415 0.690222 0.868826 0.879146 0.781298 0.734486 0.876934 0.668518 0.765149 0.78974 0.894941 0.878887 0.990022 0.783036 0.707104 0.673276 0.706597 0.667849 0.850186 0.663646 1.17863 0.663262 0.664589 0.772407 0.7977 0.62155 0.614581 0.73538
threshold=-0.0056997461352492609 -0.0074088001693107799 -0.036297172518624181 -0.079832437248412311 0.012682668705410684 0.042249510604849834 0.042791504470379237 0.092509840742021412 0.065753370079914122 -6.3460237334778111e-05 0.010287582198841629 0.012365310691954125 0.016256844496877077 -0.00058983786707611497 0.019452139378491305 -0.0089597910907540084 0.045249210407717462 -0.068568735952729096 0.044424187962978208 -0.012546539886328088 0.015983665731243327 -0.0026136636918970275 -0.073611220159359433 0.010313153897336171 -0.0016429525920652053 -0.049355134277091199 -0.0041411703468128827 -1.9734644781603305 -0.0013327721318266981 0.028961107315372828
decision_type=2 8 10 8 10 8 10 10 10 10 2 10 2 8 2 10 2 8 8 10 10 10 10 10 10 10 10 10 10 10
left_child=3 2 -2 7 19 6 -6 8 -1 -3 11 12 -11 14 -13 -14 17 18 -17 20 -5 22 -4 -19 25 26 -25 -9 29 -15
right_child=1 9 21 4 5 -7 -8 27 -10 10 -12 13 15 28 -16 16 -18 23 -20 -21 -22 -23 -24 24 -26 -27 -28 -29 -30 -31
leaf_value=-4.7501930045963344e-05 -0.0018561753432086757 7.0950039408016174e-05 0.00024610220356844362 0.0002478265959161647 -0.00034936765024267579 0.00057789618522620975 -0.0022188791998262289 0.00039560893131878797 0.0017147192742531557 -6.4627461815603936e-05 8.2914263717620711e-05 0.0002047923135262833 0.0015506798531283686 0.00033915615168593759 -0.00093977369136532033 0.00047868061740693985 -0.001868875527742243 -0.00028977859457217478 -0.0013680434301363137 0.00016398700829694867 -0.0023148236336236645 -0.00014279249231825893 -0.0029831826689558612 -0.0023326893326396756 -0.0023372130015195578 0.00019596930407634418 -0.00032398931470445613 -0.0015677163762392425 -0.0011502284214532535 0.0013503724940184467
leaf_weight=35152 451 56194 200 244 3945 925 212 203 256 56214 27246 1820 206 3851 1086 1604 258 18233 211 49178 223 5755 207 349 256 540 363 509 210 778
leaf_count=35152 451 56194 200 244 3945 925 212 203 256 56214 27246 1820 206 3851 1086 1604 258 18233 211 49178 223 5755 207 349 256 540 363 509 210 778
internal_value=-7.19298e-07 -2.57805e-05 -0.000336792 4.78413e-05 0.00011502 -0.00025858 -0.00044471 -5.39446e-05 -3.47611e-05 -1.36407e-05 -5.56234e-05 -9.95248e-05 -0.000128132 0.000189446 -0.000222943 -0.000290251 -0.000307636 -0.00028895 0.000263993 0.000153265 -0.00097588 -0.000225587 -0.00139631 -0.000339788 -0.000944443 -0.000659659 -0.00130859 -0.00100795 0.000437101 0.000509112
internal_weight=266879 176032 6613 90847 54727 5082 4157 36120 35408 169419 113225 85979 78234 7745 2906 22020 21814 21556 1815 49645 467 6162 407 19741 1508 1252 712 712 4839 4629
internal_count=266879 176032 6613 90847 54727 5082 4157 36120 35408 169419 113225 85979 78234 7745 2906 22020 21814 21556 1815 49645 467 6162 407 19741 1508 1252 712 712 4839 4629
is_linear=0
shrinkage=0.03


Tree=287
num_leaves=31
num_cat=0
split_feature=2 0 0 10 5 12 6 2 10 0 10 2 3 10 3 6 8 7 7 0 8 8 5 12 3 13 5 2 7 5
split_gain=0.330143 0.577172 0.86508 0.869219 0.841239 0.744144 0.660858 0.639144 0.947455 0.934025 0.691727 0.59588 0.580052 0.563166 0.836156 0.606096 0.797925 1.04812 0.939465 0.616501 0.562677 0.561156 0.789825 0.868873 0.571342 0.75508 0.538723 0.553094 0.544755 0.551153
threshold=5.7942592730076132 0.0059586239531982397 0.0042770459150095483 0.0038247633878483183 0.055980945427955023 -0.0029126469726973299 0.17490788514770175 12.729120531372873 0.0012169651187220467 -0.016812468192848481 0.001987028597563723 7.1837535169755142 0.022676457227792771 0.0072834561464241174 -0.011100224865007278 0.02176159085824814 0.032768598659387506 0.052077936297610712 0.19060312433552587 0.049996212663228519 0.039699125133580267 0.018165630375609546 0.029286371890359701 0.011036610687637951 -0.00034819331904811785 0.014023006536494081 0.011094164237253514 6.571030235407588 -0.028519891788196246 0.032011600766346723
decision_type=8 10 10 10 10 10 10 10 8 10 10 8 8 10 8 8 10 10 10 10 10 10 10 10 10 2 10 8 10 10
left_child=-1 2 3 7 5 -4 11 26 9 -9 -10 -3 -5 15 -15 19 18 -18 -17 -13 -19 24 23 -23 25 -7 -2 28 -28 -30
right_child=1 6 4 12 -6 21 -8 8 10 -11 -12 13 -14 14 -16 16 17 20 -20 -21 -22 22 -24 -25 -26 -27 27 -29 29 -31
leaf_value=2.0025871554291786e-05 0.00045619005011461995 -0.00082512822624122449 0.0011321136462808202 0.00094577744997578338 -0.0012093079289570597 0.00014427132691584351 0.0013616381333520014 -0.0019048442570355666 -0.002834737120347563 0.00016362973757476769 -0.00074807672256660125 -1.3067568352043372e-05 -0.00075425645350722247 0.0020485969658868459 1.9603920195487722e-05 -0.00053840881507913481 -0.0030886769349492615 -0.0015961166582675469 0.0012907137143926104 -0.0016482917683768188 0.00049446002975265136 0.00044380707379023076 -0.00023315001337055101 0.0029163122168980168 0.00037588056668599374 -0.0023273254430179282 -0.0013428606565516852 -4.6884702064309093e-05 -0.00065342507941439673 0.00062386221747411498
leaf_weight=229980 1663 1562 1297 1130 256 221 225 238 250 1126 334 5274 215 231 876 2511 241 257 281 216 211 300 434 223 503 224 590 15009 984 440
leaf_count=229980 1663 1562 1297 1130 256 221 225 238 250 1126 334 5274 215 231 876 2511 241 257 281 216 211 300 434 223 503 224 590 15009 984 440
internal_value=6.59487e-06 -7.61676e-05 4.47383e-06 -6.49207e-05 0.000445544 0.00057785 -0.000248761 -0.000113088 -0.000630209 -0.000197292 -0.00164134 -0.000279837 0.000674025 -0.000195489 0.000442998 -0.000274101 -0.000582547 -0.0014813 -0.000354317 -7.74043e-05 -0.00065357 0.000200485 0.000712949 0.00149805 -0.000316845 -0.00109986 -5.91784e-05 -0.000109525 -0.000576345 -0.000258758
internal_weight=267302 37322 25437 21979 3458 3202 11885 20634 1948 1364 584 11660 1345 10098 1107 8991 3501 709 2792 5490 468 1905 957 523 948 445 18686 17023 2014 1424
internal_count=267302 37322 25437 21979 3458 3202 11885 20634 1948 1364 584 11660 1345 10098 1107 8991 3501 709 2792 5490 468 1905 957 523 948 445 18686 17023 2014 1424
is_linear=0
shrinkage=0.03


Tree=288
num_leaves=31
num_cat=0
split_feature=2 7 5 5 4 2 5 7 2 4 0 2 1 3 10 7 6 0 7 11 2 5 2 1 6 0 11 0 2 0
split_gain=0.350602 0.867501 0.81355 0.757829 0.774654 0.40507 0.288352 0.56723 0.857771 0.75881 0.681299 1.44897 0.81045 0.768757 1.47199 0.676387 0.820821 0.624156 0.562785 1.17926 0.863529 0.843427 1.08189 0.79059 0.742734 0.742016 0.787165 0.734412 0.668349 0.640511
threshold=14.02718225238179 0.1055415772117302 0.020267325200776818 0.040241448628794807 0.0024509876369418486 14.826931504486181 0.038587299757421832 -0.074596862491040791 10.351842829342976 -0.034941502499352066 0.0005195829771804662 9.1857212604774077 -0.03588497759233477 0.060918722143085365 -0.0086377534955604501 -0.095629666685773759 -0.011230936951367563 -0.0021840469108751477 -0.17078562300630232 0.0034285299068472779 -0.68612807395160813 0.042326449762610491 -1.7414211059491274 0.023717316277686366 -0.059448142779793982 0.0028074216747078222 -0.0007309883246258696 0.015200769900258095 -1.7205621494504564 0.0089649114081923349
decision_type=10 8 10 10 10 10 8 10 10 10 8 10 2 10 10 8 8 10 10 10 8 8 10 2 10 10 10 10 10 10
left_child=6 2 -2 4 -4 -3 -1 10 -9 -10 11 12 -8 14 -14 -16 -17 -18 19 21 -21 -12 -23 28 -25 -24 -27 29 -20 -28
right_child=1 5 3 -5 -6 -7 7 8 9 -11 18 -13 13 -15 15 16 17 -19 23 20 -22 22 25 24 -26 26 27 -29 -30 -31
leaf_value=2.0441603366498616e-05 0.00029424904220629012 -0.00015012921446014377 -0.0028519647744090844 -0.00010688373704995742 -0.0006729165019855218 0.0016153104382949765 0.0018313978069492585 -7.3581953408681863e-05 -0.0019736729152330639 -0.00043868954445791823 -0.0013127547230472835 0.0022888967492046435 -0.00149683819433893 0.0017848574856053228 2.0987253171053553e-05 0.0012569496151936827 -0.00075155070671640645 0.0011521741875279773 0.00073723221343951573 -0.00064713891112651344 -0.0031467857204793654 -0.00055579997828185011 -0.001029185437319147 -0.0023016895001740771 -7.6040859928290392e-06 8.5230707291737408e-05 0.0011428265616663599 0.00011850490320084275 2.5750859190246736e-05 0.0032644796427201196
leaf_weight=194204 412 246 348 310 254 223 273 50902 339 1999 479 322 481 253 4122 1044 441 239 1603 303 211 1482 231 226 290 716 280 245 4593 236
leaf_count=194204 412 246 348 310 254 223 273 50902 339 1999 479 322 481 253 4122 1044 441 239 1603 303 211 1482 231 226 290 716 280 245 4593 236
internal_value=-1.32636e-06 -0.000419423 -0.000812166 -0.00131199 -0.00193257 0.000689302 1.49702e-06 -5.00962e-05 -9.93893e-05 -0.000661256 9.51368e-05 0.000322131 0.000229719 0.000163266 9.84229e-05 0.000229679 0.000728649 -8.24474e-05 -5.43519e-05 -0.000327477 -0.00167326 -0.000138942 3.73135e-05 0.000115863 -0.00101238 0.000551947 0.000799233 0.00147101 0.000209822 0.0021132
internal_weight=267307 1793 1324 912 602 469 265514 71310 53240 2338 18070 7175 6853 6580 6327 5846 1724 680 10895 4183 514 3669 3190 6712 516 1708 1477 761 6196 516
internal_count=267307 1793 1324 912 602 469 265514 71310 53240 2338 18070 7175 6853 6580 6327 5846 1724 680 10895 4183 514 3669 3190 6712 516 1708 1477 761 6196 516
is_linear=0
shrinkage=0.03


Tree=289
num_leaves=31
num_cat=0
split_feature=6 11 0 11 11 7 0 1 7 2 2 3 2 11 7 10 0 12 2 2 0 12 3 5 12 10 0 9 5 12
split_gain=0.234533 0.886657 0.919753 0.919577 0.879158 1.01828 0.862465 0.849462 0.951382 0.86811 0.816886 1.064 0.901544 0.818991 0.752415 0.744961 0.743451 0.704869 0.961048 0.839267 0.800297 0.679644 0.61638 0.734597 1.03737 0.812511 0.68749 0.928166 0.651015 0.714298
threshold=0.073932043592485633 -0.0019480110827813644 -0.0018267371578593037 -0.00026870571273135408 0.00052471065793802129 0.34999994988344224 -0.0092296235777073448 -0.022980358171610257 -0.088466112726560117 -3.5026868657335215 -1.0453107550907481 0.029724095317933633 -2.0382983673828496 -0.00098604954075587315 0.047485633651407573 0.00064926187012581693 0.035178982739955351 0.0058631572914619188 6.3753350751790334 8.5744316964904446 0.003257407203012264 -0.0054420473718676523 0.084201131609985561 0.054555949097419981 0.017097431166316849 -0.0086377534955604501 0.0069527099017581149 -0.020514072395922952 0.061892843223332807 0.024050800386966779
decision_type=8 8 10 10 10 8 8 2 8 8 8 10 10 10 10 10 10 8 8 10 10 10 10 10 10 10 10 10 10 10
left_child=-1 2 6 10 5 -5 -2 14 -9 -10 11 -3 13 -13 -6 -8 22 19 -19 -12 -20 -14 23 24 25 -11 27 -26 -25 -30
right_child=1 3 -4 4 7 -7 15 8 9 16 17 12 21 -15 -16 -17 -18 18 20 -21 -22 -23 -24 28 26 -27 -28 -29 29 -31
leaf_value=-7.6815420156589125e-06 0.00071199434825578291 -0.0010739331260294334 0.00055480216716189356 0.00092034127148692103 -0.0025380408941244239 -0.00078252780691477803 -0.00018361221442061409 0.0019176038656452522 -0.0010602687231635248 0.0019370469274196092 0.00051992751783590946 0.0021600886330196863 -0.0018795533576913973 -0.00026559006958959186 -0.00039188114318774845 -0.0018228373781343636 0.0019168969418155027 -0.0013595182979425286 0.0015112773597697323 -0.0013009540828810967 -0.00099898409657875331 0.00021437081443954415 -0.0010506106328082119 0.0014826638633010027 -0.0023029898747582065 5.0933265747621332e-05 0.00046650897271253847 5.2026487135452263e-05 -5.4252242332260149e-06 0.0019358467561891302
leaf_weight=240191 568 2006 5579 1982 200 376 762 248 610 213 2006 267 253 236 555 371 200 645 265 257 201 311 423 577 426 5884 220 233 1160 200
leaf_count=240191 568 2006 5579 1982 200 376 762 248 610 213 2006 267 253 236 555 371 200 645 265 257 201 311 423 577 426 5884 220 233 1160 200
internal_value=1.77864e-06 8.5213e-05 0.000368608 -1.81807e-05 0.000122521 0.000648807 -0.000242077 1.12124e-05 8.17884e-05 3.69153e-05 -0.000312963 -0.000666809 9.86005e-05 0.001022 -0.0009604 -0.000720375 0.0001071 9.31618e-06 -0.000609538 0.000313137 0.000428525 -0.000724925 6.83299e-05 0.000121433 -2.2081e-05 0.000116825 -0.000985574 -0.00147034 0.000638293 0.000280056
internal_weight=267425 27234 7280 19954 13507 2358 1701 11149 10394 10146 6447 3073 1067 503 755 1133 9536 3374 1111 2263 466 564 9336 8913 6976 6097 879 659 1937 1360
internal_count=267425 27234 7280 19954 13507 2358 1701 11149 10394 10146 6447 3073 1067 503 755 1133 9536 3374 1111 2263 466 564 9336 8913 6976 6097 879 659 1937 1360
is_linear=0
shrinkage=0.03


Tree=290
num_leaves=31
num_cat=0
split_feature=0 11 4 9 9 13 5 9 4 13 11 0 12 5 6 6 5 4 6 11 6 11 11 11 1 0 11 1 2 2
split_gain=0.288932 0.819132 0.837984 1.11945 1.03015 0.83826 0.794651 1.18677 0.719296 1.17462 1.16924 0.597525 0.671241 0.798912 0.775978 0.664538 0.478257 0.590387 0.471356 0.778752 0.553801 0.504799 0.458675 0.706011 0.452196 0.707483 0.858988 0.824587 0.720671 0.706743
threshold=-0.0052428208913623533 0.0022436754034733668 -0.00016011267737014998 -0.17538326656239009 -0.10506266838427035 0.042531540088033663 0.071041900121108448 -0.01569315519564762 -0.031209480086241522 0.045249210407717462 -0.0014733940465248561 -0.028191641117838614 0.012760878964943602 0.038849236122965113 0.040662905116366062 -0.015663210213057773 0.023181493480004405 -0.016161529537595917 -0.063613963490407086 0.0050570585274101196 -0.018008947497308022 0.0040985195380104375 0.0049856292000842748 0.0033666996791754671 0.010287582198841629 -0.016812468192848481 0.00010446439662858965 0.012499525779348543 4.6915253365003817 -0.56757144114531199
decision_type=8 10 10 8 10 2 10 8 10 2 10 10 10 10 10 10 10 10 10 10 10 10 10 10 2 10 8 2 10 8
left_child=1 6 3 5 18 -3 24 8 10 -10 -8 -4 13 14 15 -13 -6 -18 21 20 -20 -5 23 -19 -1 -26 27 -27 -28 -29
right_child=-2 2 11 4 16 -7 7 -9 9 -11 -12 12 -14 -15 -16 -17 17 22 19 -21 -22 -23 -24 -25 25 26 28 29 -30 -31
leaf_value=1.9307557208589907e-05 -6.790359821753823e-06 -0.00021302039672861165 -0.00077673879206746014 -0.00088569720599075978 0.000561251549816069 -0.002521214387494503 -0.00031012308157442271 0.0024529885221272708 0.00043205682123066724 -0.0018756614538395534 0.0022959990365274564 0.0016689288259460061 0.0016264098851749332 -0.00017485138713957849 0.0024158696875752608 0.00016845055217149261 0.00013243198136537467 -0.00023516216688310203 0.0025814142720540982 -0.00013575535600065741 0.00084546954889950197 0.0010749197828358618 6.0542670866202973e-05 -0.0022248278211574467 0.00025875362990776171 -0.0013299549484818659 -0.001342482408932951 0.00076638471765988535 0.0002957225219673804 -0.00064099150091999834
leaf_weight=19652 231909 361 224 216 981 233 289 266 707 276 334 396 723 817 280 807 1677 309 400 236 282 261 367 334 1409 376 1317 882 296 505
leaf_count=19652 231909 361 224 216 981 233 289 266 707 276 334 396 723 817 280 807 1677 309 400 236 282 261 367 334 1409 376 1317 882 296 505
internal_value=5.36749e-06 8.54378e-05 0.000334155 0.000113662 0.000258213 -0.00111842 1.26203e-06 0.000596963 0.000289552 -0.000215888 0.00108706 0.000718303 0.000829084 0.000578446 0.000993445 0.000662374 -5.68763e-06 -0.000212672 0.00095211 0.00134962 0.00186362 0.000187093 -0.000785682 -0.00126867 -4.43717e-05 -0.000305903 -0.000541566 -8.38414e-05 -0.00104186 0.000253966
internal_weight=267122 35213 8904 5657 5063 594 26309 1872 1606 983 623 3247 3023 2300 1483 1203 3668 2687 1395 918 682 477 1010 643 24437 4785 3376 1763 1613 1387
internal_count=267122 35213 8904 5657 5063 594 26309 1872 1606 983 623 3247 3023 2300 1483 1203 3668 2687 1395 918 682 477 1010 643 24437 4785 3376 1763 1613 1387
is_linear=0
shrinkage=0.03


Tree=291
num_leaves=31
num_cat=0
split_feature=2 7 0 5 7 5 13 13 13 7 4 11 0 13 1 11 10 10 10 10 10 5 3 5 0 10 11 7 1 5
split_gain=0.284205 1.08311 0.712418 0.692791 0.80058 0.591147 0.500213 0.525729 0.461712 0.425312 0.533573 0.543817 0.469433 0.499827 0.836644 0.619901 0.74017 0.580379 0.611343 0.554922 0.767723 0.680845 0.778388 0.725483 0.913152 0.69364 0.62373 0.965054 1.05671 0.617141
threshold=10.738245592334398 -0.099568951117606039 -0.00036411452482287826 0.014331239949247546 0.033848625643953419 0.012713223337545829 0.044293193621162998 0.0298296088815766 0.0095468059610051819 0.19060312433552587 -0.015641623622740849 -0.00098604954075587315 -0.034499345965972088 0.049938084912688925 0.036453426445776767 0.00031684396026343547 0.0010269138426277637 -0.00033707703907903669 0.001394761949303658 -0.00076299258324474806 0.00056379306527643014 0.042021413904498157 0.002942224284157025 0.019749949532254257 0.015200769900258095 0.0030428545700093017 -0.0013693886231044836 -0.002537887818265971 -0.010363791198132853 0.059109000061700057
decision_type=8 8 10 8 8 10 2 2 2 10 10 10 8 2 2 10 10 10 10 8 8 10 10 8 10 10 10 10 2 10
left_child=-1 2 -2 4 5 8 7 -4 -3 12 -11 -12 -5 19 15 16 -15 -16 -19 29 26 22 23 -22 -25 -24 -21 28 -28 -14
right_child=1 3 6 9 -6 -7 -8 -9 -10 10 11 -13 13 14 17 -17 -18 18 -20 20 21 -23 25 24 -26 -27 27 -29 -30 -31
leaf_value=6.0466240051297097e-07 0.0018900110293382209 0.00012113804725231602 0.00044935195324319994 0.0008615198349249581 0.00089747089783564831 0.00095943565772828678 0.0014469803727215863 -0.0014340384827761594 -0.001646680608724768 -0.00097221435242897814 0.0018226159635560178 0.00013434911965284969 -0.00071732842961594247 0.00013230721599888056 0.0008033204586245119 -0.0028241599766459626 -0.0022836331104377416 -0.00213633665752898 -8.7215553119593866e-05 -0.000890239584724042 -0.001473091706520317 -0.0011387237256688949 -0.00031082935276007732 -0.00049565981107048364 0.0015189100004426095 0.00096473060133084906 0.0021710574651358297 0.0020323318424913511 -0.00024929624469359571 0.00071639168190076072
leaf_weight=252199 345 228 389 287 1021 211 232 203 319 229 252 539 3101 250 310 251 210 202 373 267 538 757 725 1391 237 815 202 359 827 296
leaf_count=252199 345 228 389 287 1021 211 232 203 319 229 252 539 3101 250 310 251 210 202 373 267 538 757 725 1391 237 815 202 359 827 296
internal_value=-7.02721e-06 -0.000132288 0.000745459 -0.000204562 0.000349121 -0.000389486 0.000266247 -0.000196473 -0.00090982 -0.000283883 0.000303016 0.000672204 -0.000336404 -0.000367347 -0.000858642 -0.00162497 -0.000970622 -0.000242985 -0.000807081 -0.000284939 -0.000114223 -0.000318869 -0.000151403 -0.000518008 -0.000202384 0.000364223 0.000437643 0.000693078 0.000225836 -0.0005924
internal_weight=267565 15366 1169 14197 1779 758 824 592 547 12418 1020 791 11398 11111 1596 711 460 885 575 9515 6118 4463 3706 2166 1628 1540 1655 1388 1029 3397
internal_count=267565 15366 1169 14197 1779 758 824 592 547 12418 1020 791 11398 11111 1596 711 460 885 575 9515 6118 4463 3706 2166 1628 1540 1655 1388 1029 3397
is_linear=0
shrinkage=0.03


Tree=292
num_leaves=31
num_cat=0
split_feature=5 4 8 11 1 7 6 2 8 7 8 2 5 9 12 7 9 1 8 2 8 12 10 8 2 6 5 11 5 12
split_gain=0.5081 0.463904 0.702058 0.525956 0.508315 0.475858 1.66166 0.602087 0.485681 0.461659 0.617464 0.633747 0.828289 0.605529 0.487547 0.441466 0.42548 0.417642 0.877502 0.677784 0.859379 1.31581 0.894198 0.848831 0.758728 0.675868 0.975963 0.838426 0.64962 0.701358
threshold=0.036641713730845411 0.017403113154917386 0.047695239951840794 0.006644376754847304 -0.043293809901116802 0.049845509277573037 -0.0057402803743532562 -3.3153703152117502 0.018165630375609546 -0.0034202507393462085 0.03049549310573417 -0.61733518815208333 0.032752306195328533 -0.033119598968649681 0.0013962704137803763 0.06267566534682191 -0.068877256809234774 0.0079369491925646036 0.047695239951840794 -1.3578085978411607 0.03513192144225654 0.028999523715545875 -0.00093494062789750687 0.037199643338055706 -1.5820676349376106 0.062824866102451096 0.03551133098047627 -0.0011573902545225498 0.029952685697972162 0.0032907004357602414
decision_type=10 10 8 8 2 8 10 10 10 10 10 10 10 10 10 8 8 2 10 8 10 8 10 10 10 10 10 10 8 8
left_child=1 4 3 5 16 9 -7 -8 -9 -3 11 12 -11 -13 -15 -10 -1 28 19 24 -21 22 -22 -24 25 26 -19 -27 -6 -30
right_child=-2 2 -4 -5 17 6 7 8 15 10 -12 13 -14 14 -16 -17 -18 18 -20 20 21 -23 23 -25 -26 27 -28 -29 29 -31
leaf_value=0.00015496890589285011 -5.3305330774446352e-05 0.0001962344784298129 0.0018685524969357617 0.0015989755415698867 2.8168430925461091e-05 0.0018768790590900422 0.0012805702110222962 -0.00040627630584325671 0.001515297873929257 -0.0010843978572031528 -0.0019049647269742702 -0.0004724009496846342 0.00052148770177758174 0.00025603577874472745 0.0018929668915280426 0.00017501470302615395 0.0019422937174110226 0.00026206568801016074 -0.0011502067285556956 1.6440791384623451e-08 0.0026746834306227486 -0.00085374089648259245 0.0022326846653801611 -1.5787609728776213e-05 0.00098131671276878874 -0.0019690232152028246 0.0021669452214164594 0.00011422786197719717 -7.5295903605321322e-05 -0.00053480437118989625
leaf_weight=254 79958 4176 227 232 120584 590 403 1313 245 980 201 485 410 407 274 2275 227 6804 481 20166 309 329 226 456 1467 266 251 502 19554 3529
leaf_count=254 79958 4176 227 232 120584 590 403 1313 245 980 201 485 410 407 274 2275 227 6804 481 20166 309 329 226 456 1467 266 251 502 19554 3529
internal_value=1.00204e-05 3.70075e-05 0.000215744 0.000184455 2.45575e-05 0.000156547 0.000385287 0.000177534 6.15616e-05 -2.67671e-06 -0.000303965 -0.000178065 -0.000610719 0.000337706 0.000914654 0.00030532 0.000998467 2.18794e-05 0.00012126 0.000141132 4.85579e-05 0.000790139 0.00133589 0.000729307 0.000355239 0.000237835 0.000329837 -0.000607315 2.57549e-07 -0.000145547
internal_weight=267581 187623 12218 11991 175405 11759 4826 4236 3833 6933 2757 2556 1390 1166 681 2520 481 174924 31257 30776 21486 1320 991 682 9290 7823 7055 768 143667 23083
internal_count=267581 187623 12218 11991 175405 11759 4826 4236 3833 6933 2757 2556 1390 1166 681 2520 481 174924 31257 30776 21486 1320 991 682 9290 7823 7055 768 143667 23083
is_linear=0
shrinkage=0.03


Tree=293
num_leaves=31
num_cat=0
split_feature=13 8 9 1 6 10 11 4 10 8 10 4 5 5 1 9 5 8 13 8 5 5 8 10 0 13 1 10 5 9
split_gain=0.45196 0.62385 0.728052 0.575589 0.686675 0.734759 0.708654 0.538405 0.505975 0.593079 0.502161 0.990487 0.528996 0.50881 0.500024 0.572455 0.613834 0.527171 0.487754 0.473203 0.460203 0.76297 0.502091 0.587398 0.45051 0.435874 1.22851 0.844371 0.951193 1.00892
threshold=0.021140193550111781 0.044424187962978208 -0.049355134277091199 0.01382046000755688 -0.0090658121821906561 -0.004073978090837648 0.0023091757649384985 -0.0036373276922148086 0.033193810335037439 0.0164553553718505 0.00041156102050876614 -0.015379704536257808 0.023181493480004405 0.034279087448850408 -0.015463913258081883 -0.0093170138503305671 0.037096875539792344 0.011898343269700564 0.017184798591419956 0.042791504470379237 0.0084019381526837227 0.012908561983790758 0.018415820407155118 -0.0010882812000049811 0.0021369712853273053 0.023398272796521066 0.017109960865749677 0.0025462837374615748 0.039120950963567179 -0.066096145694805805
decision_type=2 10 10 2 10 10 10 10 8 10 8 10 10 10 2 8 10 10 2 10 8 10 8 10 10 2 2 10 10 8
left_child=1 3 10 8 -5 -6 24 -8 14 -10 13 -12 -13 -3 15 16 17 -1 -19 -16 -2 22 -22 -24 -7 26 27 -23 29 -29
right_child=20 2 -4 4 5 6 7 -9 9 -11 11 12 -14 -15 19 -17 -18 18 -20 -21 21 25 23 -25 -26 -27 -28 28 -30 -31
leaf_value=0.0016865784035109709 0.0012566770114965408 0.0015359192976598128 0.0015381782969649833 -9.7018324127555591e-05 -0.00091092237571518747 9.3982993264819835e-05 0.0006889017711831396 0.0026849060189644137 0.00012572590439853144 0.0020414791621047789 0.0012283403994489378 0.00047879227391389061 -0.0010702222263273746 6.9600438246154777e-05 -6.413001715749391e-06 -0.00096493739937678047 0.0011467127462116314 0.0012876215026949222 -3.532990561114555e-05 -0.00087463078426524242 -0.00029895824969665636 -0.00040655067522037082 -0.00030141174410162447 -0.0023952642229451526 0.001225720892310968 -2.8586378966826419e-05 0.00078026606761305627 0.0010379016755423316 -0.00050152202888862111 -0.00012764194022420113
leaf_weight=205 237 430 475 1496 214 744 201 308 379 236 356 279 687 422 158573 284 837 281 2335 567 696 11000 203 297 551 79624 1077 1291 1539 1386
leaf_count=205 237 430 475 1496 214 744 201 308 379 236 356 279 687 422 158573 284 837 281 2335 567 696 11000 203 297 551 79624 1077 1291 1539 1386
internal_value=-1.21454e-05 1.73917e-05 0.000474172 1.01552e-05 0.000390051 0.000751129 0.00094829 0.0018967 2.00019e-06 0.000860877 0.000241696 -0.000124335 -0.000622836 0.000809644 -1.23872e-06 0.000332529 0.000433262 0.000221579 0.000106776 -9.50638e-06 -6.36828e-05 -6.69051e-05 -0.000819946 -0.00154516 0.000575518 -5.75153e-05 -0.000198891 -0.000268197 9.27839e-05 0.000434449
internal_weight=267210 169860 2649 167211 3514 2018 1804 509 163697 615 2174 1322 966 852 163082 3942 3658 2821 2616 159140 97350 97113 1196 500 1295 95917 16293 15216 4216 2677
internal_count=267210 169860 2649 167211 3514 2018 1804 509 163697 615 2174 1322 966 852 163082 3942 3658 2821 2616 159140 97350 97113 1196 500 1295 95917 16293 15216 4216 2677
is_linear=0
shrinkage=0.03


Tree=294
num_leaves=31
num_cat=0
split_feature=13 7 10 10 5 6 6 7 3 3 5 10 13 10 1 10 10 7 2 7 5 5 2 1 5 2 5 13 7 7
split_gain=0.461613 0.600038 1.05224 1.39866 0.977018 0.832845 0.739467 1.19069 0.672679 1.06627 0.816436 1.40146 0.796218 0.80048 0.606129 0.866138 1.14136 1.07229 0.739186 0.72062 0.60375 0.590213 0.838846 0.635493 0.913345 0.937809 0.874415 0.70629 0.762053 0.873504
threshold=0.021140193550111781 0.24822156068674431 0.0036264817377663632 0.0043667957665520793 0.023579826453466634 -0.035608319521846503 0.039805798296458812 0.32519847238428096 -0.0021854917617583065 -0.03895068937503459 0.045897279604133541 -0.0018969835059131077 0.043359448958031399 0.00019547206478753856 0.016640368318574853 -0.0033111730409929314 -0.0068527525938135705 -0.2115245281657144 -4.0665893621283491 -0.034197859459455297 0.023058974966307832 0.13670764813179195 -1.5333215504223487 0.019912404077914062 0.090319231555580429 -1.2105389728937936 0.079713890167057003 0.028546979608938098 -0.11758328944992617 -0.025729381693045946
decision_type=2 10 8 10 10 8 10 10 10 10 10 10 2 10 2 10 8 8 8 10 10 8 10 2 10 8 10 2 8 10
left_child=-1 5 4 -4 -3 14 -5 -8 9 -6 11 -11 13 -12 -2 16 -16 -17 -19 -18 -20 23 -23 -7 26 -26 27 -25 -29 -30
right_child=1 2 3 6 8 21 7 -9 -10 10 12 -13 -14 -15 15 17 19 18 20 -21 -22 22 -24 24 25 -27 -28 28 29 -31
leaf_value=1.4679978376865472e-05 0.00014165241946590361 0.0018489932465141823 -0.002630824619082268 -0.0012955551825613281 -0.00082400205959667168 -0.00018303155861583857 -0.00087541664894872707 0.0018593088053227417 1.9096000353437645e-05 -0.0016359788074522563 -0.00019127483967514263 0.0010904581670795454 0.0030608052652644998 0.0021277450871087246 -0.0004555762583346298 0.0012256392399348775 0.0020803781787598155 0.00088644110839286778 -0.0016232659408490883 -7.1587592019173109e-05 -0.00048486352937303535 2.6040792610397127e-05 -0.0023984976736447206 0.00057453213723139464 0.002898088313496942 2.4937557834155348e-05 -0.0017572366951508558 0.0009856647003795621 -0.0006448404884098895 4.1246756497198107e-05
leaf_weight=170174 18988 366 250 299 345 52048 276 298 3856 230 252 647 261 286 577 346 433 318 473 207 3692 263 251 1906 203 206 247 592 2205 6885
leaf_count=170174 18988 366 250 299 345 52048 276 298 3856 230 252 647 261 286 577 346 433 318 473 207 3692 263 251 1906 203 206 247 592 2205 6885
internal_value=-1.51118e-05 -6.72668e-05 0.000193039 -0.000652376 0.000345113 -8.86092e-05 -8.58098e-05 0.000544354 0.000251456 0.000694792 0.00100743 0.000375429 0.00170113 0.00104151 5.83547e-05 -0.000203249 0.000512011 -0.000383508 -0.000507703 0.00138435 -0.000614147 -0.00014538 -0.00115793 -0.000137285 5.71785e-05 0.00145098 9.01098e-06 4.66588e-05 -5.72584e-05 -0.00012518
internal_weight=267380 97206 7366 1123 6243 89840 873 574 5877 2021 1676 877 799 538 25034 6046 1217 4829 4483 640 4165 64806 514 64292 12244 409 11835 11588 9682 9090
internal_count=267380 97206 7366 1123 6243 89840 873 574 5877 2021 1676 877 799 538 25034 6046 1217 4829 4483 640 4165 64806 514 64292 12244 409 11835 11588 9682 9090
is_linear=0
shrinkage=0.03


Tree=295
num_leaves=31
num_cat=0
split_feature=2 10 11 3 9 11 8 13 4 11 2 9 13 9 11 13 11 10 8 11 0 10 11 10 11 9 7 10 0 12
split_gain=0.352096 0.430153 0.608504 0.584992 0.471788 0.463254 0.376069 0.555925 0.372041 0.39895 0.664403 0.349497 0.322412 0.85953 0.678809 1.02525 0.573888 0.876814 1.15706 0.795429 0.736189 1.02484 1.01013 1.30773 1.28407 1.54323 1.11914 0.935778 0.774494 0.765077
threshold=-7.2746421845490516 0.0025462837374615748 -0.0017861723213785095 -0.0020102246509540729 -0.037619373569437335 1.0000000180025095e-35 0.025818946107374747 0.014438634810478261 0.0036943593418748981 5.3945479989825358e-05 -7.8959279883149174 -0.075433422731169639 0.055382658408149606 -0.0013327721318266981 -0.012546539886328088 0.021799997483123241 -0.010757996424146763 -0.0017260044631248193 0.016701483880204707 0.0050347467131732779 0.035178982739955351 0.0045201243465514693 -0.0013693886231044836 0.0016817068715003771 -0.005104155814304733 -0.073611220159359433 0.086541488141717485 0.00074574292199836034 -0.00011485734308497307 0.023117505022958344
decision_type=8 10 10 10 10 10 10 2 10 10 10 10 2 8 8 2 10 10 8 10 10 10 10 10 10 10 8 10 10 10
left_child=1 2 6 5 -5 -3 7 -1 9 -4 -11 -12 14 16 15 -2 -14 -18 -19 20 21 22 24 27 -20 -26 -25 28 -24 -30
right_child=12 3 8 4 -6 -7 -8 -9 -10 10 11 -13 13 -15 -16 -17 17 18 19 -21 -22 -23 23 26 25 -27 -28 -29 29 -31
leaf_value=0.00065936390194861643 -0.0010166106834339928 0.00180951624570298 -0.0013024004965963133 -0.0013158213034659679 0.00057151476484039237 -8.2475309863740812e-05 0.001285315578036555 -0.0012158378409956557 -0.0014495966425015321 -0.001018810720857171 0.0015561379602877423 -0.00011720845950767397 -0.0018124367118558301 0.0012650047202381152 -3.5495101350970476e-06 0.0013619554574852296 0.00034526200922006697 -0.0022675315472633411 0.00043141851548925066 -0.0021684433325193822 -0.0015655804769409334 0.00086623764625110575 -0.001356640878892414 0.0019766779265770747 -0.002857603028752773 -0.00040762187352396122 -0.00017217415967580544 -0.0022425051297435203 0.0019285701052736636 -0.00032176790987463428
leaf_weight=310 212 268 403 274 211 206 209 263 558 422 204 250 212 342 255159 707 1773 291 398 200 345 767 312 455 453 473 419 244 213 376
leaf_count=310 212 268 403 274 211 206 209 263 558 422 204 250 212 342 255159 707 1773 291 398 200 345 767 312 455 453 473 419 244 213 376
internal_value=-1.02284e-05 -0.000305826 -0.000504873 0.000237763 -0.000494733 0.000987258 0.000195995 -0.000201331 -0.000803228 -0.000521232 -0.000161859 0.000634692 -6.2123e-06 -0.000203177 -6.18204e-07 0.000813255 -0.000275622 -0.000227132 -0.000432319 -0.000317594 -0.000234503 -0.00012277 -0.000349683 7.26127e-05 -0.000993652 -0.00160615 0.000946507 -0.000594448 -0.000148137 0.000492022
internal_weight=266929 3578 2619 959 485 474 782 573 1837 1279 876 454 263351 7273 256078 919 6931 6719 4946 4655 4455 4110 3343 2019 1324 926 874 1145 901 589
internal_count=266929 3578 2619 959 485 474 782 573 1837 1279 876 454 263351 7273 256078 919 6931 6719 4946 4655 4455 4110 3343 2019 1324 926 874 1145 901 589
is_linear=0
shrinkage=0.03


Tree=296
num_leaves=31
num_cat=0
split_feature=2 6 4 8 4 5 10 7 3 10 10 5 10 7 6 9 6 7 6 9 10 3 9 10 7 7 3 4 2 4
split_gain=0.413475 0.678268 0.920072 0.903455 0.864722 0.634656 0.757801 0.527724 0.513919 0.970101 1.11529 0.956594 0.925447 0.808531 0.992023 0.888204 0.763158 0.891244 0.745988 0.841955 0.917241 0.889293 1.11902 0.79247 0.719951 0.700069 1.0625 0.948665 1.03711 0.737077
threshold=-3.9373743702646951 -0.11158717123038418 -0.027164638942562599 0.03513192144225654 -0.036041421180133308 0.036167602911652406 0.00057765818009547509 -0.040105338067125067 -0.025401981755970967 -0.0086377534955604501 -0.020779097202320792 0.04548936859388001 -0.0031719905753522788 0.24822156068674431 0.064199776876523132 -0.05235978511951072 0.031210731843001386 0.083333336163563324 -0.0073907922603951839 -0.10790121734457668 -1.4132745217998453e-05 -0.046979232408247799 -0.14498596720604287 -0.00059452740815729699 0.28644804760910919 -0.15844880281554916 -0.0328799652855205 -0.038520607700175895 -0.58960147450695244 -0.023652526084062372
decision_type=8 10 10 8 10 10 10 10 10 8 10 10 10 10 8 10 10 8 10 10 10 10 8 10 10 8 10 10 10 10
left_child=1 -1 3 4 7 -6 -7 -3 9 10 -2 -12 -11 14 16 -16 18 -18 19 20 21 22 -14 -23 -15 26 27 28 -22 -29
right_child=8 2 -4 -5 5 6 -8 -9 -10 12 11 -13 13 24 15 -17 17 -19 -20 -21 25 23 -24 -25 -26 -27 -28 29 -30 -31
leaf_value=0.0013842659162142795 0.00091693157198923544 -0.00057921704860908066 -8.032145127733964e-05 -0.0022883299081025636 0.00030165793696836438 -0.002600017892582174 -0.0005648577965366604 0.0011549161216832945 -2.765696146473487e-06 0.00060577093881042442 -0.00039280082164433499 -0.002470644688086891 -0.0006631979325544329 0.0025408169690148757 -0.0014076350621347318 0.00068317982719793007 0.00027589513437394699 0.0021908148912800152 -0.00040048059810992074 0.0004626771296038128 -0.00059673017052218325 0.00011401408041005745 -0.0033104661156222828 -0.001741940288242599 0.00049630680684335728 -1.1835884587420745e-05 -0.00071588094605774171 0.0029030875935859512 0.0017654173469685433 0.00062356412648441252
leaf_weight=269 275 292 23752 299 220 322 337 344 216724 3880 460 352 498 210 721 245 645 331 2642 4987 403 1434 202 242 592 5295 366 344 286 203
leaf_count=269 275 292 23752 299 220 322 337 344 216724 3880 460 352 498 210 721 245 645 331 2642 4987 403 1434 202 242 592 5295 366 344 286 203
internal_value=-2.23284e-07 -0.00011429 -0.000130057 -0.000781284 -0.000483854 -0.00109351 -0.00155928 0.000358742 1.19875e-05 0.000141893 -0.000734314 -0.00129354 0.000182377 9.87591e-05 5.90552e-05 -0.000877356 0.000109652 0.00092532 6.25518e-05 0.000148339 -2.07107e-05 -0.000529057 -0.00142712 -0.00015397 0.00103165 0.000154413 0.000703908 0.00112433 0.000383784 0.00205712
internal_weight=267172 25835 25566 1814 1515 879 659 636 241337 24613 1087 812 23526 19646 18844 966 17878 976 16902 14260 9273 2376 700 1676 802 6897 1602 1236 689 547
internal_count=267172 25835 25566 1814 1515 879 659 636 241337 24613 1087 812 23526 19646 18844 966 17878 976 16902 14260 9273 2376 700 1676 802 6897 1602 1236 689 547
is_linear=0
shrinkage=0.03


Tree=297
num_leaves=31
num_cat=0
split_feature=11 1 0 11 0 2 11 7 12 13 13 7 3 13 10 10 2 2 12 5 7 2 2 11 1 7 3 10 7 0
split_gain=0.322947 0.569124 1.02774 0.775386 1.20785 0.864739 0.860744 1.12914 0.741619 0.810826 0.721194 0.758543 0.698044 0.808718 0.684387 0.792861 0.974755 0.788601 0.669448 0.635809 0.578821 1.25649 1.3744 0.95261 0.862357 1.00177 0.814214 0.787034 0.953466 0.905271
threshold=0.0014646497740040678 -0.0065523015840678314 0.011490297309781019 0.0010876520202287578 -0.0062499789920776863 3.2800519262381607 0.0008289380478214704 -0.081980750882097816 -0.020046207352180153 0.021799997483123241 0.010347331051156327 0.028951497424289267 -0.035052511221644982 0.032645145706583757 -0.00066053218267364533 0.00032090436257026239 -1.6460740745384155 4.6915253365003817 -0.004567254967063227 0.019883267480271388 0.069172940899502225 -1.3578085978411607 -1.7034715756809542 -0.0011573902545225498 -0.01489026350731376 0.10186201013176101 -0.011549123650841207 0.0033240738543719455 0.53033878153469827 0.011771509651859914
decision_type=8 2 8 10 8 10 10 8 10 2 2 8 10 2 8 8 10 10 10 10 8 10 8 10 2 10 10 10 8 10
left_child=1 3 -3 6 -5 12 10 -8 -9 -10 11 -1 -6 -14 -4 16 -16 -18 19 -13 -12 22 26 -23 25 -24 -22 28 29 -25
right_child=-2 2 14 4 5 -7 7 8 9 -11 20 18 13 -15 15 -17 17 -19 -20 -21 21 23 24 27 -26 -27 -28 -29 -30 -31
leaf_value=0.00018005751321698965 5.2289205744082775e-05 -8.6232200474665321e-05 0.00092336973222396468 0.0022153871749409268 -0.0010876116211047616 -0.00111619773585533 0.00077416849602474883 -0.001722194823002454 -0.0009122899452721785 0.00057085007919997321 -3.1648471248000928e-05 0.0010511444776682588 0.00042367106709826301 0.0020345539831663523 0.00082444826213014851 0.0002179815148713765 -0.0027991506261291141 -0.0003257366631382988 -5.659782354455643e-05 0.0031218533504754303 0.0007883914054702206 0.00017319335194359648 -0.00051700694311990517 0.00060636827193560417 -0.00014158141857431637 -0.0022460478738842429 -5.0686237158732664e-05 0.0017029183452482743 0.0023057311287937826 -0.0010445386102296385
leaf_weight=1507 74098 113250 1126 338 218 334 505 577 1100 475 42877 328 1625 339 215 8640 243 222 222 225 1353 6716 698 2475 1235 531 4511 669 260 340
leaf_count=1507 74098 113250 1126 338 218 334 505 577 1100 475 42877 328 1625 339 215 8640 243 222 222 225 1353 6716 698 2475 1235 531 4511 669 260 340
internal_value=-9.55316e-07 -2.13811e-05 -5.99694e-05 4.73399e-05 0.000531559 0.000305354 2.6591e-05 -0.00050249 -0.000802078 -0.000464994 4.85743e-05 0.000572294 0.000522951 0.000701721 0.000224758 0.000140355 -0.000845957 -0.00161829 0.001335 0.00189366 2.91934e-05 0.000168043 -0.000106908 0.000386953 -0.000701451 -0.00126405 0.000142914 0.000770396 0.000567515 0.000406969
internal_weight=267252 193154 123696 69458 2854 2516 66604 2657 2152 1575 63947 2282 2182 1964 10446 9320 680 465 775 553 61665 18788 8328 10460 2464 1229 5864 3744 3075 2815
internal_count=267252 193154 123696 69458 2854 2516 66604 2657 2152 1575 63947 2282 2182 1964 10446 9320 680 465 775 553 61665 18788 8328 10460 2464 1229 5864 3744 3075 2815
is_linear=0
shrinkage=0.03


Tree=298
num_leaves=31
num_cat=0
split_feature=1 6 5 2 2 7 8 5 7 7 9 13 13 10 8 4 9 8 5 9 7 9 8 1 7 9 4 6 5 10
split_gain=0.422581 0.968033 0.854085 0.626272 0.700875 0.804802 0.607533 0.691088 0.560006 0.758437 0.683398 0.532738 0.540087 0.863261 0.739269 0.754389 0.790333 0.72812 0.777192 0.971424 0.897699 0.698992 0.545468 0.52647 0.683151 0.723184 0.492065 0.585285 0.482366 0.482174
threshold=0.02471113088372701 -0.084470013909669669 0.020777058998474731 9.7768384055991699 -1.4436620013170824 -0.15334889378211944 0.013389005627279373 0.022036035236553137 -0.050780328067369311 0.021064497749367476 -0.053899664493991799 0.028314937052301887 0.034558820263875918 -0.0012819965703047551 0.020410962359362479 0.0086771576682693769 -0.064948704544972743 0.018003126066431323 0.050400063041797241 -0.045074546331455238 0.0064040728023764268 -0.14318809233710009 0.030868436990053285 0.02694558898145483 0.10008008333905395 -0.085267272248871859 -0.032931485444483592 -0.028762545208202647 0.037096875539792344 -0.0004289695500651613
decision_type=2 10 10 8 10 10 10 10 8 8 10 2 2 10 10 10 10 10 10 10 8 10 8 2 8 10 10 10 10 10
left_child=-1 3 8 4 -2 -6 -4 -8 -3 10 -10 -9 23 17 15 16 -15 -14 19 20 -19 28 -20 -13 25 -25 -23 -28 -16 -29
right_child=1 2 6 -5 5 -7 7 11 9 -11 -12 12 13 14 21 -17 -18 18 22 -21 -22 26 -24 24 -26 -27 27 29 -30 -31
leaf_value=-1.3293470115368239e-05 2.7961959071800837e-05 -0.0017101267997045502 0.0017471849690930726 0.00092847744774406972 -0.00046806496068081059 -0.0025793216244636387 0.0018188237430255734 0.0017290558626938779 -0.00037010838609960109 -0.00082788302117661218 0.0019708402674783621 0.00036704969320394026 0.0016023049413758728 -0.0021173200361641509 0.0028414178059021759 0.00085169271796213552 0.00022459002783683341 -0.00045068233455045433 0.0011694941234528362 0.00042095894209124478 -0.0023634855796248445 -0.00061213651469544229 -0.00022766732783755097 -0.00039996801407698459 0.0005787976649454207 -0.0026697458285121363 0.0016522337228373585 0.0015195408338093061 0.0010610372152313869 0.00035538746798896868
leaf_weight=255103 442 258 274 201 326 324 267 220 227 627 222 535 203 265 203 337 254 487 425 428 404 299 616 268 206 239 460 366 421 2559
leaf_count=255103 442 258 274 201 326 324 267 220 227 627 222 535 203 265 203 337 254 487 425 428 404 299 616 268 206 239 460 366 421 2559
internal_value=-4.99217e-06 0.0001663 0.000257026 -0.000610446 -0.000893709 -0.00152045 0.000354566 0.000314239 -0.00045486 -0.000153876 0.000787332 0.00027055 0.000234798 0.000328325 0.000551717 -0.000253532 -0.000971183 -0.000121771 -0.000270071 -0.000753723 -0.00131799 0.00071172 0.00034274 -0.000344276 -0.00087802 -0.00146994 0.000554448 0.000657494 0.00164023 0.000501056
internal_weight=267466 12363 11070 1293 1092 650 9736 9462 1334 1076 449 9195 8975 7727 5164 856 519 2563 2360 1319 891 4308 1041 1248 713 507 3684 3385 624 2925
internal_count=267466 12363 11070 1293 1092 650 9736 9462 1334 1076 449 9195 8975 7727 5164 856 519 2563 2360 1319 891 4308 1041 1248 713 507 3684 3385 624 2925
is_linear=0
shrinkage=0.03


Tree=299
num_leaves=31
num_cat=0
split_feature=12 11 11 11 5 4 11 4 11 4 11 0 8 8 7 3 8 11 5 9 3 0 0 13 11 5 3 3 4 11
split_gain=0.272988 0.736046 0.547965 0.653686 0.743545 0.653299 0.742871 0.59783 0.762465 0.96749 0.701677 0.762871 0.805032 0.576255 0.750761 0.695281 1.14416 0.740105 0.903235 0.749477 0.628357 0.610092 0.50323 0.450042 0.727192 0.932156 0.792968 1.21894 1.16561 0.829931
threshold=0.030811200461105141 0.00648197511525861 -0.0023325018854586928 -0.003558624374393859 0.03939727242309414 -0.034941502499352066 0.00094286851011637929 -0.013215398086345141 -0.00039079359790877838 -0.016974806907444569 -0.0018118333785899219 -0.0067244382129666982 0.025584558429249608 0.019000958752319826 0.2141473170438524 -0.0076487533755094086 0.02173131513414446 -0.00023630120400225382 0.050400063041797241 -0.047915485704429155 0.0070647209694876265 0.0070513294550320635 0.0042770459150095483 0.028546979608938098 0.00052471065793802129 0.01914487877588434 0.026173722462367491 0.043956062526263169 0.010176244210716947 0.00098079515359461599
decision_type=8 10 8 10 10 10 8 10 10 10 8 10 10 10 10 10 10 8 10 10 10 10 10 2 10 10 8 8 10 10
left_child=23 2 3 -2 -5 6 -4 8 -7 -10 -9 12 -12 21 15 -15 -17 19 20 -18 -19 -13 -16 -1 -25 -26 28 -28 -27 -29
right_child=1 -3 5 4 -6 7 -8 10 9 -11 11 13 -14 14 22 16 17 18 -20 -21 -22 -23 -24 24 25 26 27 29 -30 -31
leaf_value=3.6788356021642081e-07 0.00024711968966416282 -0.0015323973079232798 0.0027021046917550988 -3.2607458077934608e-05 -0.002009598883785347 -0.0016684990743230474 0.00059611165214862728 0.002021035428274324 0.00063261410775610144 -0.0017286899041466634 0.00085522969795015849 -0.0010237917947561893 -0.0013895984020159948 0.0025379702058934053 -0.0014471799851561041 0.0025141976606100798 -0.001864508684114991 0.0012755398539161635 0.0020940739770219383 0.00064670877338254026 -0.00041020228712888504 0.0010063704845422762 0.00051886164225704433 -8.719604823509634e-06 -0.0011481929369096472 -0.00021446555080264267 -0.0012679666779002233 -0.0016668072287707632 0.00058919223162583797 0.00014880219802712954
leaf_weight=214439 905 224 206 357 329 303 562 226 666 204 216 399 430 217 219 280 218 337 353 210 486 200 252 27677 995 11055 1452 264 1904 1599
leaf_count=214439 905 224 206 357 329 303 562 226 666 204 216 399 430 217 219 280 218 337 353 210 486 200 252 27677 995 11055 1452 264 1904 1599
internal_value=-1.24652e-05 0.000162415 0.000212532 -0.00028231 -0.000980756 0.000344099 0.001161 0.000223819 -0.000372453 7.8929e-05 0.000396816 0.000300648 -0.000639006 0.000492075 0.000687243 0.000929923 0.000744707 0.000435818 0.000824581 -0.000632369 0.000280071 -0.000345941 -0.000395285 -1.77234e-05 -0.000104037 -0.000256803 -0.000202303 -0.000616347 -9.63882e-05 -0.000108482
internal_weight=267184 7799 7575 1591 686 5984 768 5216 1173 870 4043 3817 646 3171 2572 2101 1884 1604 1176 428 823 599 471 259385 44946 17269 16274 3315 12959 1863
internal_count=267184 7799 7575 1591 686 5984 768 5216 1173 870 4043 3817 646 3171 2572 2101 1884 1604 1176 428 823 599 471 259385 44946 17269 16274 3315 12959 1863
is_linear=0
shrinkage=0.03


end of trees

feature_importances:
mkt_gap=1157
mkt_first_hr=1116
gap=703
first_hr_range=661
dist_20d_high=608
prev_range=593
vol_20d=578
first_hr_vol_ratio=570
ret_5d=560
ret_20d=558
prev_ret=513
first_hr_ret=504
rel_first_hr=461
prev_intraday=418

parameters:
[boosting: gbdt]
[objective: regression]
[metric: l2]
[tree_learner: serial]
[device_type: cpu]
[data_sample_strategy: bagging]
[data: ]
[valid: ]
[num_iterations: 300]
[learning_rate: 0.03]
[num_leaves: 31]
[num_threads: 8]
[seed: 42]
[deterministic: 0]
[force_col_wise: 0]
[force_row_wise: 0]
[histogram_pool_size: -1]
[max_depth: -1]
[min_data_in_leaf: 200]
[min_sum_hessian_in_leaf: 0.001]
[bagging_fraction: 0.8]
[pos_bagging_fraction: 1]
[neg_bagging_fraction: 1]
[bagging_freq: 1]
[bagging_seed: 400]
[bagging_by_query: 0]
[feature_fraction: 0.8]
[feature_fraction_bynode: 1]
[feature_fraction_seed: 30056]
[extra_trees: 0]
[extra_seed: 12879]
[early_stopping_round: 0]
[early_stopping_min_delta: 0]
[first_metric_only: 0]
[max_delta_step: 0]
[lambda_l1: 0]
[lambda_l2: 0]
[linear_lambda: 0]
[min_gain_to_split: 0]
[drop_rate: 0.1]
[max_drop: 50]
[skip_drop: 0.5]
[xgboost_dart_mode: 0]
[uniform_drop: 0]
[drop_seed: 17869]
[top_rate: 0.2]
[other_rate: 0.1]
[min_data_per_group: 100]
[max_cat_threshold: 32]
[cat_l2: 10]
[cat_smooth: 10]
[max_cat_to_onehot: 4]
[top_k: 20]
[monotone_constraints: ]
[monotone_constraints_method: basic]
[monotone_penalty: 0]
[feature_contri: ]
[forcedsplits_filename: ]
[refit_decay_rate: 0.9]
[cegb_tradeoff: 1]
[cegb_penalty_split: 0]
[cegb_penalty_feature_lazy: ]
[cegb_penalty_feature_coupled: ]
[path_smooth: 0]
[interaction_constraints: ]
[verbosity: -1]
[saved_feature_importance_type: 0]
[use_quantized_grad: 0]
[num_grad_quant_bins: 4]
[quant_train_renew_leaf: 0]
[stochastic_rounding: 1]
[linear_tree: 0]
[max_bin: 255]
[max_bin_by_feature: ]
[min_data_in_bin: 3]
[bin_construct_sample_cnt: 200000]
[data_random_seed: 175]
[is_enable_sparse: 1]
[enable_bundle: 1]
[use_missing: 1]
[zero_as_missing: 0]
[feature_pre_filter: 1]
[pre_partition: 0]
[two_round: 0]
[header: 0]
[label_column: ]
[weight_column: ]
[group_column: ]
[ignore_column: ]
[categorical_feature: ]
[forcedbins_filename: ]
[precise_float_parser: 0]
[parser_config_file: ]
[objective_seed: 16083]
[num_class: 1]
[is_unbalance: 0]
[scale_pos_weight: 1]
[sigmoid: 1]
[boost_from_average: 1]
[reg_sqrt: 0]
[alpha: 0.9]
[fair_c: 1]
[poisson_max_delta_step: 0.7]
[tweedie_variance_power: 1.5]
[lambdarank_truncation_level: 30]
[lambdarank_norm: 1]
[label_gain: ]
[lambdarank_position_bias_regularization: 0]
[eval_at: ]
[multi_error_top_k: 1]
[auc_mu_weights: ]
[num_machines: 1]
[local_listen_port: 12400]
[time_out: 120]
[machine_list_filename: ]
[machines: ]
[gpu_platform_id: -1]
[gpu_device_id: -1]
[gpu_device_id_list: ]
[gpu_use_dp: 0]
[num_gpu: 1]

end of parameters

pandas_categorical:[]
